nice_class,term,n_marks,class_marks,share,band
1,fertilizers,469,11079,0.04233,Recommended
1,adhesives for use in industry,446,11079,0.04026,Recommended
1,biological preparations for use in industry and science,402,11079,0.03628,Some use this
1,"compost, manures, fertilizers",389,11079,0.03511,Some use this
1,tempering and soldering preparations,378,11079,0.03412,Some use this
1,fertilisers,365,11079,0.03295,Some use this
1,industrial chemicals,356,11079,0.03213,Some use this
1,"unprocessed artificial resins, unprocessed plastics",345,11079,0.03114,Some use this
1,chemical substances for preserving foodstuffs,294,11079,0.02654,Some use this
1,unprocessed plastics,284,11079,0.02563,Some use this
1,manures,273,11079,0.02464,Some use this
1,plant growth regulating preparations,261,11079,0.02356,Some use this
1,compost,260,11079,0.02347,Some use this
1,fire extinguishing compositions,255,11079,0.02302,Some use this
1,plant nutrients,247,11079,0.02229,Some use this
1,adhesives used in industry,244,11079,0.02202,Some use this
1,putties and other paste fillers,237,11079,0.02139,Some use this
1,hydrogen,234,11079,0.02112,Some use this
1,biostimulants for plants,229,11079,0.02067,Some use this
1,tanning substances,209,11079,0.01886,Some use this
1,adhesives for industrial purposes,202,11079,0.01823,Some use this
1,chemicals for use in industry,202,11079,0.01823,Some use this
1,fire extinguishing and fire prevention compositions,195,11079,0.0176,Some use this
1,plant food,190,11079,0.01715,Some use this
1,fertilizers for soil,186,11079,0.01679,Some use this
1,chemical additives,185,11079,0.0167,Some use this
1,vitamins for use in the manufacture of food supplements,183,11079,0.01652,Some use this
1,plant fertilizers,181,11079,0.01634,Some use this
1,substances for tanning animal skins and hides,180,11079,0.01625,Some use this
1,soil conditioners,176,11079,0.01589,Some use this
1,chemicals for use in industry and science,174,11079,0.01571,Some use this
1,chemicals used in industry,170,11079,0.01534,Some use this
1,chemicals for use in agriculture,166,11079,0.01498,Some use this
1,proteins for use in the manufacture of food supplements,164,11079,0.0148,Some use this
1,organic fertilisers,162,11079,0.01462,Some use this
1,"synthetic resins, unprocessed",162,11079,0.01462,Some use this
1,unprocessed artificial resins,161,11079,0.01453,Some use this
1,soil additives [fertilising],158,11079,0.01426,Some use this
1,organic fertilizers,154,11079,0.0139,Some use this
1,"chemicals used in agriculture, horticulture and forestry",152,11079,0.01372,Some use this
1,antioxidants for use in the manufacture of food supplements,149,11079,0.01345,Some use this
1,soil additives,148,11079,0.01336,Some use this
1,nutrients for plants,146,11079,0.01318,Some use this
1,water treatment chemicals,146,11079,0.01318,Some use this
1,fertiliser for soil and potting soil,144,11079,0.013,Some use this
1,plant feeds,144,11079,0.013,Some use this
1,adhesives for waterproofing,141,11079,0.01273,Some use this
1,chemical additives for pesticides,141,11079,0.01273,Some use this
1,industrial adhesives,138,11079,0.01246,Some use this
1,chemical fertilizers,136,11079,0.01228,Some use this
1,liquid fertilisers,136,11079,0.01228,Some use this
1,agricultural chemicals,135,11079,0.01219,Some use this
1,antifreeze,135,11079,0.01219,Some use this
1,"fertilisers, and chemicals for use in agriculture, horticulture and forestry",135,11079,0.01219,Some use this
1,chemicals for use in pesticides,134,11079,0.01209,Some use this
1,epoxy resins,132,11079,0.01191,Some use this
1,fertilizing preparations,132,11079,0.01191,Some use this
1,soil conditioning preparations,131,11079,0.01182,Some use this
1,adhesives,129,11079,0.01164,Some use this
1,chemicals,126,11079,0.01137,Some use this
1,composts,125,11079,0.01128,Some use this
1,polyurethane adhesives,125,11079,0.01128,Some use this
1,fertilisers for soil and potting soil,124,11079,0.01119,Some use this
1,adhesive cements,123,11079,0.0111,Some use this
1,plant foods,123,11079,0.0111,Some use this
1,unprocessed artificial and synthetic resins,123,11079,0.0111,Some use this
1,biofertilizers for use in soil treatment,122,11079,0.01101,Some use this
1,biostimulants being plant growth stimulants,122,11079,0.01101,Some use this
1,plant growing substances,120,11079,0.01083,Some use this
1,fertilizers for agricultural use,118,11079,0.01065,Some use this
1,garden feeds [fertilizers],118,11079,0.01065,Some use this
1,"polymer resins, unprocessed",118,11079,0.01065,Some use this
1,tile adhesives,118,11079,0.01065,Some use this
1,"fertilizers, lawn fertilizers, grass fertilizers",117,11079,0.01056,Some use this
1,proteins for the food industry,117,11079,0.01056,Some use this
1,vitamins for the food industry,117,11079,0.01056,Some use this
1,soil for growing,116,11079,0.01047,Some use this
1,natural fertilizers,114,11079,0.01029,Some use this
1,plant nutrition preparations,114,11079,0.01029,Some use this
1,spray adhesives,113,11079,0.0102,Some use this
1,soil improvers,112,11079,0.01011,Some use this
1,potting soil,111,11079,0.01002,Some use this
1,chemical polymers,110,11079,0.00993,Some use this
1,compost [fertilizer],110,11079,0.00993,Some use this
1,vitamins for use in the manufacture of cosmetics,110,11079,0.00993,Some use this
1,fertilizers for household plants,109,11079,0.00984,Some use this
1,adhesives for wall tiles,108,11079,0.00975,Some use this
1,biofertilizers,108,11079,0.00975,Some use this
1,adhesives for use in construction,107,11079,0.00966,Some use this
1,carbon,107,11079,0.00966,Some use this
1,adhesive compounds with a base of epoxy resins,106,11079,0.00957,Some use this
1,"epoxy resins, unprocessed",105,11079,0.00948,Some use this
1,glue for industrial purposes,103,11079,0.0093,Some use this
1,biochemical catalysts,102,11079,0.00921,Some use this
1,mulch for soil enrichment [fertiliser],101,11079,0.00912,Some use this
1,silicones,100,11079,0.00903,Some use this
1,soil amendments,100,11079,0.00903,Some use this
1,topsoil,100,11079,0.00903,Some use this
1,growing media for plants,99,11079,0.00894,Some use this
1,seaweeds [fertilizers],99,11079,0.00894,Some use this
1,fertilizers and manures,98,11079,0.00885,Some use this
1,lithium,98,11079,0.00885,Some use this
1,chemical condensation preparations,97,11079,0.00876,Some use this
1,emulsifiers,97,11079,0.00876,Some use this
1,roofing adhesive,97,11079,0.00876,Some use this
1,nitrogenous fertilizers,96,11079,0.00867,Some use this
1,antioxidants for use in the manufacture of cosmetics,94,11079,0.00848,Some use this
1,catalysts,94,11079,0.00848,Some use this
1,detergents for industrial use,94,11079,0.00848,Some use this
1,multi-nutrient fertilizers,94,11079,0.00848,Some use this
1,seaweeds [fertilisers],94,11079,0.00848,Some use this
1,chemical additives for oils,93,11079,0.00839,Some use this
1,fireproofing preparations,93,11079,0.00839,Some use this
1,nitrogenous fertilisers,93,11079,0.00839,Some use this
1,potting compost,93,11079,0.00839,Some use this
1,seed preserving substances,92,11079,0.0083,Some use this
1,ammonia,91,11079,0.00821,Some use this
1,chemical additives for use in industry,91,11079,0.00821,Some use this
1,grass fertilizers,91,11079,0.00821,Some use this
1,horticultural growing media composts,91,11079,0.00821,Some use this
1,salts for industrial purposes,91,11079,0.00821,Some use this
1,chemical compositions for water treatment,90,11079,0.00812,Some use this
1,leather glues,90,11079,0.00812,Some use this
1,mineral fertilizers,90,11079,0.00812,Some use this
1,activated carbon,89,11079,0.00803,Some use this
1,adhesives for ceramic tiles,89,11079,0.00803,Some use this
1,plant growing media,89,11079,0.00803,Some use this
1,"acrylic resins, unprocessed",87,11079,0.00785,Some use this
1,chemical supplements for use in the manufacture of vitamins,86,11079,0.00776,Some use this
1,chemicals for use in the pharmaceutical industry,86,11079,0.00776,Some use this
1,distilled water,86,11079,0.00776,Some use this
1,protein [raw material],86,11079,0.00776,Some use this
1,brake fluids,85,11079,0.00767,Some use this
1,chemicals used in horticulture,85,11079,0.00767,Some use this
1,additives (chemical -) for fertilisers,84,11079,0.00758,Some use this
1,chemical substances for use as food ingredients,84,11079,0.00758,Some use this
1,nutritional substances [fertilizers] in liquid form for use in agriculture,84,11079,0.00758,Some use this
1,adhesives for use in building,83,11079,0.00749,Some use this
1,hydroponic fertilizers,83,11079,0.00749,Some use this
1,organic digestate [fertilizer],83,11079,0.00749,Some use this
1,raw chemicals,83,11079,0.00749,Some use this
1,food preservatives,82,11079,0.0074,Some use this
1,potting composts,82,11079,0.0074,Some use this
1,artificial sweeteners,81,11079,0.00731,Some use this
1,chemical substances for use in the manufacture of scented cosmetics,81,11079,0.00731,Some use this
1,industrial adhesives for use in coating and sealing,81,11079,0.00731,Some use this
1,adhesives for wallpaper,80,11079,0.00722,Some use this
1,chemical preparations for the treatment of seeds,80,11079,0.00722,Some use this
1,controlled-release fertilizers for gardening,80,11079,0.00722,Some use this
1,nitrogen biofertilizers,80,11079,0.00722,Some use this
1,acids,79,11079,0.00713,Some use this
1,brake fluid,79,11079,0.00713,Some use this
1,mixtures of chemicals and natural materials for use as agricultural fertilizers,79,11079,0.00713,Some use this
1,"plastics, unprocessed",79,11079,0.00713,Some use this
1,adhesives for floor coverings,78,11079,0.00704,Some use this
1,chemicals used in agriculture,78,11079,0.00704,Some use this
1,horticulture growing media,78,11079,0.00704,Some use this
1,oil dispersants,78,11079,0.00704,Some use this
1,plant substrates,78,11079,0.00704,Some use this
1,water treatment preparations,78,11079,0.00704,Some use this
1,adhesive materials for tiles,77,11079,0.00695,Some use this
1,adhesives for glass,77,11079,0.00695,Some use this
1,biochar,77,11079,0.00695,Some use this
1,compound fertilisers,77,11079,0.00695,Some use this
1,diagnostic reagents for scientific or research use,77,11079,0.00695,Some use this
1,growing media,77,11079,0.00695,Some use this
1,vitamins for use in the manufacture of pharmaceuticals,77,11079,0.00695,Some use this
1,biofertilizers for use in seed treatment,76,11079,0.00686,Some use this
1,methane,76,11079,0.00686,Some use this
1,plant growth regulators for agricultural use,76,11079,0.00686,Some use this
1,bio-fertilizer,75,11079,0.00677,Some use this
1,degreasing preparations for use in manufacturing processes,75,11079,0.00677,Some use this
1,enzymes for the food industry,75,11079,0.00677,Some use this
1,reagents for medical research,75,11079,0.00677,Some use this
1,substrates for soil-free growing [agriculture],75,11079,0.00677,Some use this
1,plant growth regulators,74,11079,0.00668,Some use this
1,soil conditioners for horticultural purposes,74,11079,0.00668,Some use this
1,chemical preparations for use in industry,73,11079,0.00659,Some use this
1,chemicals used in science,73,11079,0.00659,Some use this
1,enzymes for industrial purposes,73,11079,0.00659,Some use this
1,hardeners for epoxy resins,73,11079,0.00659,Some use this
1,micronutrients for application to crops,73,11079,0.00659,Some use this
1,polyurethane resins,73,11079,0.00659,Some use this
1,chemical products for the preparation of perfumes,72,11079,0.0065,Some use this
1,epoxy glue for general bonding and repair purposes,72,11079,0.0065,Some use this
1,horticultural potting mixtures,72,11079,0.0065,Some use this
1,soil conditioners for agricultural purposes,72,11079,0.0065,Some use this
1,water purifying chemicals,72,11079,0.0065,Some use this
1,water-purifying chemicals,72,11079,0.0065,Some use this
1,acrylic resins,71,11079,0.00641,Some use this
1,"artificial resins, unprocessed",71,11079,0.00641,Some use this
1,liquid coatings [chemical],71,11079,0.00641,Some use this
1,nitrogenous fertilizer,71,11079,0.00641,Some use this
1,organic potting soil,71,11079,0.00641,Some use this
1,"adhesives for floor, ceiling and wall tiles",70,11079,0.00632,Some use this
1,chemical additives for use in the manufacture of cosmetics,70,11079,0.00632,Some use this
1,chemical preparations for use in the manufacture of cosmetics,70,11079,0.00632,Some use this
1,chemicals for use in science,70,11079,0.00632,Some use this
1,plant nutrient preparations,70,11079,0.00632,Some use this
1,preparations for fortifying plants,70,11079,0.00632,Some use this
1,seaweeds for use as a fertilizer,70,11079,0.00632,Some use this
1,chemical absorbents,69,11079,0.00623,Some use this
1,chemical adjuvants for use in agriculture,69,11079,0.00623,Some use this
1,chemicals (industrial -),69,11079,0.00623,Some use this
1,chemicals for the manufacture of pigments,69,11079,0.00623,Some use this
1,coolants,69,11079,0.00623,Some use this
1,plant growth media,69,11079,0.00623,Some use this
1,chemical preparations to prevent mildew,68,11079,0.00614,Some use this
1,detergents for use in manufacture and industry,68,11079,0.00614,Some use this
1,peat pots for horticulture,68,11079,0.00614,Some use this
1,plant extracts for use in the manufacture of cosmetics,68,11079,0.00614,Some use this
1,proteins for use in science,68,11079,0.00614,Some use this
1,adhesives for affixing wall tiles,67,11079,0.00605,Some use this
1,chemical additives to motor fuel,67,11079,0.00605,Some use this
1,chemicals for use in the manufacture of cosmetics,67,11079,0.00605,Some use this
1,fertilizer compositions,67,11079,0.00605,Some use this
1,salts [fertilizers],67,11079,0.00605,Some use this
1,coolants for vehicle engines,66,11079,0.00596,Some use this
1,organic composts,66,11079,0.00596,Some use this
1,phosphates [fertilisers],66,11079,0.00596,Some use this
1,soil enrichment chemicals,66,11079,0.00596,Some use this
1,"substrates used in agriculture, horticulture and forestry",66,11079,0.00596,Some use this
1,welding chemicals,66,11079,0.00596,Some use this
1,adhesives for mortar,65,11079,0.00587,Some use this
1,biodegradable polymer compositions,65,11079,0.00587,Some use this
1,chemicals for use in the treatment of water,65,11079,0.00587,Some use this
1,diagnostic preparations for scientific or research use,65,11079,0.00587,Some use this
1,fertilizers for the land,65,11079,0.00587,Some use this
1,hydrocarbons,65,11079,0.00587,Some use this
1,sodium,65,11079,0.00587,Some use this
1,soil amendments for agricultural use,65,11079,0.00587,Some use this
1,"test paper, chemical",65,11079,0.00587,Some use this
1,adhesive substances for use in industry,64,11079,0.00578,Some use this
1,adhesives for applying floor tiles,64,11079,0.00578,Some use this
1,biological additives for converting crops into compost,64,11079,0.00578,Some use this
1,chemical additives for fuel,64,11079,0.00578,Some use this
1,chemical substances for use in the manufacture of perfumes,64,11079,0.00578,Some use this
1,compost mixtures enriched with organic substances,64,11079,0.00578,Some use this
1,plasticizers,64,11079,0.00578,Some use this
1,silicon,64,11079,0.00578,Some use this
1,adhesives for ceramic coating,63,11079,0.00569,Some use this
1,hot-melt adhesives,63,11079,0.00569,Some use this
1,mulch for soil enrichment in horticultural environments,63,11079,0.00569,Some use this
1,purification chemicals,63,11079,0.00569,Some use this
1,reagents for scientific or medical research use,63,11079,0.00569,Some use this
1,salts [fertilisers],63,11079,0.00569,Some use this
1,seaweed extracts for use as a fertilizer,63,11079,0.00569,Some use this
1,adhesives for plaster,62,11079,0.0056,Some use this
1,bacterial preparations for use in agriculture,62,11079,0.0056,Some use this
1,chemical additives for lubricants,62,11079,0.0056,Some use this
1,chemical compositions and materials for use in science,62,11079,0.0056,Some use this
1,"chemicals for use in agriculture, horticulture and forestry",62,11079,0.0056,Some use this
1,genes of seeds for agricultural production,62,11079,0.0056,Some use this
1,organic digestate [fertiliser],62,11079,0.0056,Some use this
1,peat [fertilizer],62,11079,0.0056,Some use this
1,silicates,62,11079,0.0056,Some use this
1,adhesive compositions with a base of epoxy resins for use in industry,61,11079,0.00551,Some use this
1,biological activators,61,11079,0.00551,Some use this
1,chemical additives for use in the manufacture of pharmaceuticals,61,11079,0.00551,Some use this
1,chemical additives to fungicides,61,11079,0.00551,Some use this
1,emollients for use in the manufacture of cosmetics,61,11079,0.00551,Some use this
1,non-chemical bio-fertilizers,61,11079,0.00551,Some use this
1,peat [fertiliser],61,11079,0.00551,Some use this
1,proteins for use in manufacture,61,11079,0.00551,Some use this
1,reagents for scientific purposes,61,11079,0.00551,Some use this
1,sealant mastics for use in industry,61,11079,0.00551,Some use this
1,silicone resins,61,11079,0.00551,Some use this
1,top soil,61,11079,0.00551,Some use this
1,chemical adjuvants for use in horticulture,60,11079,0.00542,Some use this
1,compost activators,60,11079,0.00542,Some use this
1,fertilising preparations,60,11079,0.00542,Some use this
1,mixtures of chemicals and natural materials for use as horticultural fertilizers,60,11079,0.00542,Some use this
1,chemical products for the manufacture of cosmetics,59,11079,0.00533,Some use this
1,phosphates [fertilizers],59,11079,0.00533,Some use this
1,plant extracts for the food industry,59,11079,0.00533,Some use this
1,reagents for use in scientific apparatus for chemical or biological analysis,59,11079,0.00533,Some use this
1,sealants [chemicals] for the sealing of surfaces,59,11079,0.00533,Some use this
1,unprocessed plastics in all forms,59,11079,0.00533,Some use this
1,water treatment chemicals for use in swimming pools and spas,59,11079,0.00533,Some use this
1,adhesives for industrial use,58,11079,0.00524,Some use this
1,chemical additives for food,58,11079,0.00524,Some use this
1,chemicals for the manufacture of paints,58,11079,0.00524,Some use this
1,compositions for fire extinguishing and prevention,58,11079,0.00524,Some use this
1,fertilisers consisting of compounds of nitrogen,58,11079,0.00524,Some use this
1,mulch for soil enrichment in agricultural environments,58,11079,0.00524,Some use this
1,radiator flushing chemicals,58,11079,0.00524,Some use this
1,reagents for research purposes,58,11079,0.00524,Some use this
1,soldering chemicals,58,11079,0.00524,Some use this
1,synthetic fragrance ingredients,58,11079,0.00524,Some use this
1,"additives, chemical, to motor fuel",57,11079,0.00514,Some use this
1,alcohol for use in the manufacture of perfumes,57,11079,0.00514,Some use this
1,biochemical preparations for scientific purposes,57,11079,0.00514,Some use this
1,chemical adsorbents,57,11079,0.00514,Some use this
1,chemicals for use in manufacturing pharmaceuticals,57,11079,0.00514,Some use this
2,paints,922,3971,0.23218,Most use this
2,colorants,596,3971,0.15009,Most use this
2,raw natural resins,490,3971,0.12339,Most use this
2,varnishes,475,3971,0.11962,Recommended
2,pigments,418,3971,0.10526,Recommended
2,lacquers,400,3971,0.10073,Recommended
2,mordants,394,3971,0.09922,Recommended
2,paint,372,3971,0.09368,Recommended
2,preservatives against rust and against deterioration of wood,369,3971,0.09292,Recommended
2,dyes,368,3971,0.09267,Recommended
2,coatings [paints],358,3971,0.09015,Recommended
2,printing ink,346,3971,0.08713,Recommended
2,coatings,328,3971,0.0826,Recommended
2,acrylic paints,300,3971,0.07555,Recommended
2,"paints, varnishes, lacquers",299,3971,0.0753,Recommended
2,"toner cartridges, filled, for printers and photocopiers",265,3971,0.06673,Recommended
2,spray paint,228,3971,0.05742,Recommended
2,filled ink cartridges for printers,214,3971,0.05389,Recommended
2,"ink cartridges, filled, for printers",214,3971,0.05389,Recommended
2,"ink cartridges, filled, for printers and photocopiers",214,3971,0.05389,Recommended
2,primers,214,3971,0.05389,Recommended
2,wood coatings [paints],207,3971,0.05213,Recommended
2,interior paint,199,3971,0.05011,Recommended
2,exterior paint,198,3971,0.04986,Recommended
2,ink for printers and photocopiers,198,3971,0.04986,Recommended
2,"metals in foil and powder form for painters, decorators, printers and artists",198,3971,0.04986,Recommended
2,paint primers,196,3971,0.04936,Recommended
2,varnish paints,193,3971,0.0486,Recommended
2,wood preservatives,190,3971,0.04785,Recommended
2,"toner cartridges, filled, for inkjet printers",188,3971,0.04734,Recommended
2,dyestuffs,184,3971,0.04634,Recommended
2,ceramic paints,182,3971,0.04583,Recommended
2,"toner cartridges, filled, for laser printers",182,3971,0.04583,Recommended
2,watercolor paints,182,3971,0.04583,Recommended
2,paint sealers,180,3971,0.04533,Recommended
2,toner for printers and photocopiers,179,3971,0.04508,Recommended
2,spray coatings [paints],176,3971,0.04432,Recommended
2,anti-rust preparations,173,3971,0.04357,Recommended
2,wall coatings [paint],172,3971,0.04331,Recommended
2,exterior paints,168,3971,0.04231,Recommended
2,"edible ink cartridges, filled, for printers",167,3971,0.04205,Recommended
2,decorating paints,164,3971,0.0413,Recommended
2,oil paints for use in art,164,3971,0.0413,Recommended
2,house paint,163,3971,0.04105,Recommended
2,acrylic coatings [paints],162,3971,0.0408,Recommended
2,thinners for paints,162,3971,0.0408,Recommended
2,paint thinners,160,3971,0.04029,Recommended
2,anti-corrosive preparations,158,3971,0.03979,Some use this
2,oil paints,157,3971,0.03954,Some use this
2,filled toner cartridges,156,3971,0.03928,Some use this
2,"inks for printing, marking and engraving",155,3971,0.03903,Some use this
2,interior paints,154,3971,0.03878,Some use this
2,ink for inkjet printers,153,3971,0.03853,Some use this
2,enamel paints,151,3971,0.03803,Some use this
2,"dyes, colorants, pigments and inks",149,3971,0.03752,Some use this
2,ink jet printer ink,146,3971,0.03677,Some use this
2,paint preparations,146,3971,0.03677,Some use this
2,ink for printers,142,3971,0.03576,Some use this
2,paint powders,138,3971,0.03475,Some use this
2,watercolour paints for use in art,138,3971,0.03475,Some use this
2,waterproof paints,136,3971,0.03425,Some use this
2,filled ink jet cartridges,133,3971,0.03349,Some use this
2,wood stains,132,3971,0.03324,Some use this
2,floor paints,131,3971,0.03299,Some use this
2,automotive paints,130,3971,0.03274,Some use this
2,powder paints,130,3971,0.03274,Some use this
2,sealants [paints],130,3971,0.03274,Some use this
2,watercolour paints,130,3971,0.03274,Some use this
2,ink jet cartridges [filled],129,3971,0.03249,Some use this
2,metallic paints,128,3971,0.03223,Some use this
2,paint thinner,128,3971,0.03223,Some use this
2,engraving ink,127,3971,0.03198,Some use this
2,printing inks,125,3971,0.03148,Some use this
2,pigments for paints,122,3971,0.03072,Some use this
2,spray-on paints,122,3971,0.03072,Some use this
2,watercolor paints for use in art,121,3971,0.03047,Some use this
2,printing toner,120,3971,0.03022,Some use this
2,filled toner cartridges for printers and photocopiers,119,3971,0.02997,Some use this
2,inks contained in cartridges,119,3971,0.02997,Some use this
2,coatings for wood as paints,118,3971,0.02972,Some use this
2,epoxy resin coatings,118,3971,0.02972,Some use this
2,paints for arts and crafts,116,3971,0.02921,Some use this
2,toner cartridges [filled] for laser printers,115,3971,0.02896,Some use this
2,paint for artists,112,3971,0.0282,Some use this
2,paint thickeners,112,3971,0.0282,Some use this
2,tattooing ink,112,3971,0.0282,Some use this
2,filled inkjet cartridges,111,3971,0.02795,Some use this
2,distempers,110,3971,0.0277,Some use this
2,fireproof paints,110,3971,0.0277,Some use this
2,color pigments,109,3971,0.02745,Some use this
2,"colorants, dyes",109,3971,0.02745,Some use this
2,"metals in foil and powder form for use in painting, decorating, printing and art",109,3971,0.02745,Some use this
2,paints and washes,109,3971,0.02745,Some use this
2,"toner cartridges, filled, for printing machines",109,3971,0.02745,Some use this
2,car paints,108,3971,0.0272,Some use this
2,ink [toner] for photocopiers,107,3971,0.02695,Some use this
2,"metals in powder form for use in painting, decorating, printing and art",104,3971,0.02619,Some use this
2,edible inks,103,3971,0.02594,Some use this
2,fabric paints,103,3971,0.02594,Some use this
2,enamels for painting,101,3971,0.02543,Some use this
2,tempera paints,101,3971,0.02543,Some use this
2,aluminium paints,99,3971,0.02493,Some use this
2,paints (enamel -),99,3971,0.02493,Some use this
2,solvent free paint,99,3971,0.02493,Some use this
2,thickeners for paints,99,3971,0.02493,Some use this
2,waterproof coatings [paints],99,3971,0.02493,Some use this
2,interior decorative finish coatings [paints],98,3971,0.02468,Some use this
2,printers' pastes [ink],97,3971,0.02443,Some use this
2,anti-fouling paints,96,3971,0.02418,Some use this
2,bactericidal paints,96,3971,0.02418,Some use this
2,decorative coatings in the nature of paint,95,3971,0.02392,Some use this
2,protective preparations for metals,95,3971,0.02392,Some use this
2,sealant primers,95,3971,0.02392,Some use this
2,waterproofing compounds [paint],95,3971,0.02392,Some use this
2,acrylic decorative coatings [in the nature of paint],94,3971,0.02367,Some use this
2,cartridges filled with toner,94,3971,0.02367,Some use this
2,paint blocks,94,3971,0.02367,Some use this
2,pigments for use in paints,94,3971,0.02367,Some use this
2,mixed paints,93,3971,0.02342,Some use this
2,lacquers [paints],92,3971,0.02317,Some use this
2,epoxy coatings,90,3971,0.02266,Some use this
2,fireproof paint,90,3971,0.02266,Some use this
2,stains as paint,90,3971,0.02266,Some use this
2,food dyes,89,3971,0.02241,Some use this
2,inks for printing,89,3971,0.02241,Some use this
2,textured paints,89,3971,0.02241,Some use this
2,toners,89,3971,0.02241,Some use this
2,artists' paints,88,3971,0.02216,Some use this
2,"metal foil for use in painting, decorating, printing and art",87,3971,0.02191,Some use this
2,powdered paints,87,3971,0.02191,Some use this
2,"thinners and thickeners for coatings, dyes and inks",87,3971,0.02191,Some use this
2,anti-rust greases,86,3971,0.02166,Some use this
2,architectural paints,86,3971,0.02166,Some use this
2,colourants,84,3971,0.02115,Some use this
2,"glazes [paints, lacquers]",84,3971,0.02115,Some use this
2,solid ink cartridges [filled] for ink-jet printers,84,3971,0.02115,Some use this
2,paint additives in the nature of tinting colours,83,3971,0.0209,Some use this
2,thinners for paint,83,3971,0.0209,Some use this
2,weatherproofing coatings [paints],83,3971,0.0209,Some use this
2,anti-graffiti coatings [paint],82,3971,0.02065,Some use this
2,gum resins,82,3971,0.02065,Some use this
2,spray coatings [varnishes],82,3971,0.02065,Some use this
2,fluorescent paints,81,3971,0.0204,Some use this
2,polyurethane coatings [paints],81,3971,0.0204,Some use this
2,vehicle refinishes [paints],81,3971,0.0204,Some use this
2,protective surface coatings [paints],80,3971,0.02015,Some use this
2,food colorants,79,3971,0.01989,Some use this
2,glitter for use in paint,79,3971,0.01989,Some use this
2,water based acrylic paints for use in house painting,79,3971,0.01989,Some use this
2,luminous paints,78,3971,0.01964,Some use this
2,anti-rust oils,77,3971,0.01939,Some use this
2,primer fillers in the nature of paint,77,3971,0.01939,Some use this
2,natural dyes,76,3971,0.01914,Some use this
2,primers in the nature of paint,76,3971,0.01914,Some use this
2,toner,76,3971,0.01914,Some use this
2,lime wash paint,75,3971,0.01889,Some use this
2,repositionable paint patches,75,3971,0.01889,Some use this
2,water-colors [paints],75,3971,0.01889,Some use this
2,ink (printing -),74,3971,0.01864,Some use this
2,paint drying compositions,74,3971,0.01864,Some use this
2,paint for concrete floors,74,3971,0.01864,Some use this
2,paints for artists,74,3971,0.01864,Some use this
2,preservatives against rust,74,3971,0.01864,Some use this
2,resinous coatings,74,3971,0.01864,Some use this
2,spray coatings [lacquers],74,3971,0.01864,Some use this
2,acrylic paints for artists,73,3971,0.01838,Some use this
2,coatings for use as primers,73,3971,0.01838,Some use this
2,paint for use in the manufacture of furniture,73,3971,0.01838,Some use this
2,tattoo inks,73,3971,0.01838,Some use this
2,thinners for lacquers,73,3971,0.01838,Some use this
2,natural resins,72,3971,0.01813,Some use this
2,anticorrosive paints,71,3971,0.01788,Some use this
2,copying inks,71,3971,0.01788,Some use this
2,paint drying substances,71,3971,0.01788,Some use this
2,reflective spray paints,71,3971,0.01788,Some use this
2,carbon black [pigment],70,3971,0.01763,Some use this
2,coating compositions in the nature of paint,70,3971,0.01763,Some use this
2,synthetic resin paints,70,3971,0.01763,Some use this
2,"ink cartridges, filled, for facsimile machines",69,3971,0.01738,Some use this
2,decorative spray coating,68,3971,0.01712,Some use this
2,toner cartridges [filled] for use with photocopying machines,68,3971,0.01712,Some use this
2,aluminium powder for painting,66,3971,0.01662,Some use this
2,ink [toners] for photocopiers,66,3971,0.01662,Some use this
2,"printers and photocopiers (toner cartridges, filled, for -)",66,3971,0.01662,Some use this
2,rubber paints,66,3971,0.01662,Some use this
2,toner contained in cartridges,65,3971,0.01637,Some use this
2,anti-tarnishing preparations for metals,64,3971,0.01612,Some use this
2,paints (thinners for -),64,3971,0.01612,Some use this
2,plastics coatings [paint] for use in construction,64,3971,0.01612,Some use this
2,coatings for roofing felt [paints],63,3971,0.01587,Some use this
2,fixatives [varnishes],63,3971,0.01587,Some use this
2,oils for the preservation of wood,63,3971,0.01587,Some use this
2,protective coatings for waterproofing surfaces of buildings [paints],63,3971,0.01587,Some use this
2,rubber coatings in the nature of paint,63,3971,0.01587,Some use this
2,corrosion resistant coatings,62,3971,0.01561,Some use this
2,mastic [natural resin],62,3971,0.01561,Some use this
2,preservatives,62,3971,0.01561,Some use this
2,binding preparations for paints,61,3971,0.01536,Some use this
2,cartridges filled with toner for computer print-out apparatus,61,3971,0.01536,Some use this
2,colorants for use in the manufacture of paint,61,3971,0.01536,Some use this
2,"natural resins, raw",61,3971,0.01536,Some use this
2,ornamental paints,61,3971,0.01536,Some use this
2,tinters for paints,61,3971,0.01536,Some use this
2,distempers [water paint],60,3971,0.01511,Some use this
2,inks for use in printing,60,3971,0.01511,Some use this
2,paints (ceramic -),60,3971,0.01511,Some use this
2,powder coatings,60,3971,0.01511,Some use this
2,resins for coating purposes,60,3971,0.01511,Some use this
2,acrylic protective coatings [in the nature of paint],59,3971,0.01486,Some use this
2,anti-graffiti coatings [paints],59,3971,0.01486,Some use this
2,"photocopiers (toner cartridges, filled, for printers and -)",59,3971,0.01486,Some use this
2,protective surface coatings for metals,59,3971,0.01486,Some use this
2,toner for copiers,59,3971,0.01486,Some use this
2,turpentine [thinner for paints],59,3971,0.01486,Some use this
2,epoxy primers,58,3971,0.01461,Some use this
2,inks,58,3971,0.01461,Some use this
2,photocopier toner,58,3971,0.01461,Some use this
2,shoe dyes,58,3971,0.01461,Some use this
2,titanium dioxide [pigment],58,3971,0.01461,Some use this
2,conductive paints,57,3971,0.01435,Some use this
2,printers' ink,57,3971,0.01435,Some use this
2,tints for paints,57,3971,0.01435,Some use this
2,varnish,57,3971,0.01435,Some use this
2,anti-corrosive paints,56,3971,0.0141,Some use this
2,cartridges of toner for use with computers,56,3971,0.0141,Some use this
2,ink for leather,56,3971,0.0141,Some use this
2,powders in the nature of paint for use as coatings,56,3971,0.0141,Some use this
2,toners [ink] for photocopiers,56,3971,0.0141,Some use this
2,bactericidal coatings [paints],55,3971,0.01385,Some use this
2,bronze powder for painting,55,3971,0.01385,Some use this
2,bronzing lacquers,55,3971,0.01385,Some use this
2,food and beverage colorings,55,3971,0.01385,Some use this
2,tattoo colors,55,3971,0.01385,Some use this
2,wood lacquers,55,3971,0.01385,Some use this
2,asbestos paints,54,3971,0.0136,Some use this
2,enamels [varnishes],54,3971,0.0136,Some use this
2,epoxy resins for use in covering floors [coatings],54,3971,0.0136,Some use this
2,reflective paints,54,3971,0.0136,Some use this
2,toner cartridges [filled] for dot matrix printers,54,3971,0.0136,Some use this
2,undercoats [paints] for use on wood,54,3971,0.0136,Some use this
2,food colouring,52,3971,0.01309,Some use this
2,gold paint for ceramics,52,3971,0.01309,Some use this
2,"metal in foil and powder form for use in painting, decorating, printing and art",52,3971,0.01309,Some use this
2,paints (fireproof -),52,3971,0.01309,Some use this
2,thermochromic printing inks,52,3971,0.01309,Some use this
2,bitumen varnish,51,3971,0.01284,Some use this
2,electrodeposition paints,51,3971,0.01284,Some use this
2,lacquers and varnishes,51,3971,0.01284,Some use this
2,siccatives [drying agents] for paints,51,3971,0.01284,Some use this
2,tattoo dyes,51,3971,0.01284,Some use this
2,dyes for wood,50,3971,0.01259,Some use this
2,enamels in the nature of house paint,50,3971,0.01259,Some use this
2,organic pigments,50,3971,0.01259,Some use this
2,paints (anti-fouling -),50,3971,0.01259,Some use this
2,sealants in the nature of paints,50,3971,0.01259,Some use this
2,agglutinants for paint,49,3971,0.01234,Some use this
2,anti-corrosive coatings [paints],49,3971,0.01234,Some use this
2,enamels,49,3971,0.01234,Some use this
2,food dyes [food colorants],49,3971,0.01234,Some use this
2,powder (bronze -) [paint],49,3971,0.01234,Some use this
2,silver paint for ceramics,49,3971,0.01234,Some use this
2,toner [ink] for photocopiers,49,3971,0.01234,Some use this
2,toner cartridges [filled] for electronically operated printing apparatus,49,3971,0.01234,Some use this
2,undercoating for vehicle chassis,49,3971,0.01234,Some use this
2,wood oils,49,3971,0.01234,Some use this
2,paint drying preparations,48,3971,0.01209,Some use this
2,wood mordants,48,3971,0.01209,Some use this
2,clear coatings used as paints,47,3971,0.01184,Some use this
2,coatings in the nature of paint for use on wood,47,3971,0.01184,Some use this
2,paint patches (repositionable -),47,3971,0.01184,Some use this
2,textured coatings [paints],47,3971,0.01184,Some use this
2,colorants for beverages,46,3971,0.01158,Some use this
2,epoxy resins for use in covering walls [coatings],46,3971,0.01158,Some use this
2,oil colors,46,3971,0.01158,Some use this
2,phosphorescent paints,46,3971,0.01158,Some use this
2,"waterproof coatings [chemical, paints]",46,3971,0.01158,Some use this
2,corrosion inhibitors,45,3971,0.01133,Some use this
2,epoxy resins for use in covering surfaces of buildings [coatings],45,3971,0.01133,Some use this
2,interior protective finish coatings [paints],45,3971,0.01133,Some use this
2,marking ink for animals,45,3971,0.01133,Some use this
2,primer thinners,45,3971,0.01133,Some use this
2,printing compositions [ink],45,3971,0.01133,Some use this
2,stains for leather,45,3971,0.01133,Some use this
2,wood floor finishes,45,3971,0.01133,Some use this
2,coatings in the nature of sprays [paints],44,3971,0.01108,Some use this
2,food coloring,44,3971,0.01108,Some use this
2,moisture repellant coatings [paints],44,3971,0.01108,Some use this
2,protective surface coatings for wood,44,3971,0.01108,Some use this
2,toner cartridges [filled] for use with photographic photocopiers,44,3971,0.01108,Some use this
2,"toner cartridges, filled, for facsimile machines",44,3971,0.01108,Some use this
2,chemicalproof paints,43,3971,0.01083,Some use this
2,creosote for wood preservation,43,3971,0.01083,Some use this
2,engine paints,43,3971,0.01083,Some use this
2,pigments in powder form,43,3971,0.01083,Some use this
3,cosmetics,14578,45358,0.3214,Essential
3,perfumes,6701,45358,0.14774,Most use this
3,essential oils,6538,45358,0.14414,Most use this
3,skincare cosmetics,5422,45358,0.11954,Recommended
3,beauty masks,5024,45358,0.11076,Recommended
3,perfumery,5023,45358,0.11074,Recommended
3,soaps,4872,45358,0.10741,Recommended
3,beauty care cosmetics,4832,45358,0.10653,Recommended
3,shampoos,4666,45358,0.10287,Recommended
3,cosmetic creams,4465,45358,0.09844,Recommended
3,hair cosmetics,4465,45358,0.09844,Recommended
3,hair lotions,4377,45358,0.0965,Recommended
3,skin care cosmetics,4035,45358,0.08896,Recommended
3,hair conditioners,3973,45358,0.08759,Recommended
3,fragrances,3958,45358,0.08726,Recommended
3,make-up,3869,45358,0.0853,Recommended
3,moisturisers [cosmetics],3727,45358,0.08217,Recommended
3,eyebrow cosmetics,3582,45358,0.07897,Recommended
3,cosmetics and cosmetic preparations,3440,45358,0.07584,Recommended
3,beauty lotions,3422,45358,0.07544,Recommended
3,facial creams [cosmetics],3331,45358,0.07344,Recommended
3,beauty serums,3279,45358,0.07229,Recommended
3,perfume,3226,45358,0.07112,Recommended
3,cosmetic moisturisers,3223,45358,0.07106,Recommended
3,mascara,3175,45358,0.07,Recommended
3,lipsticks,3172,45358,0.06993,Recommended
3,natural cosmetics,3162,45358,0.06971,Recommended
3,body creams [cosmetics],3142,45358,0.06927,Recommended
3,non-medicated cosmetics and toiletry preparations,3131,45358,0.06903,Recommended
3,organic cosmetics,3063,45358,0.06753,Recommended
3,toiletries,3054,45358,0.06733,Recommended
3,body care cosmetics,3048,45358,0.0672,Recommended
3,perfumery and fragrances,3047,45358,0.06718,Recommended
3,cosmetic preparations for skin care,3033,45358,0.06687,Recommended
3,skin creams [cosmetic],3026,45358,0.06671,Recommended
3,skin cleansers [cosmetic],3020,45358,0.06658,Recommended
3,oils for perfumes and scents,2998,45358,0.0661,Recommended
3,skin fresheners [cosmetics],2959,45358,0.06524,Recommended
3,nail polish,2955,45358,0.06515,Recommended
3,lip cosmetics,2937,45358,0.06475,Recommended
3,skin masks [cosmetics],2932,45358,0.06464,Recommended
3,false eyelashes,2930,45358,0.0646,Recommended
3,soap,2876,45358,0.06341,Recommended
3,cosmetic facial lotions,2857,45358,0.06299,Recommended
3,cosmetic soaps,2839,45358,0.06259,Recommended
3,nail cosmetics,2834,45358,0.06248,Recommended
3,eye cosmetics,2825,45358,0.06228,Recommended
3,facial lotions [cosmetic],2825,45358,0.06228,Recommended
3,hair conditioner,2813,45358,0.06202,Recommended
3,cosmetic hair lotions,2809,45358,0.06193,Recommended
3,dentifrices,2806,45358,0.06186,Recommended
3,hair oils,2772,45358,0.06111,Recommended
3,creams (cosmetic -),2769,45358,0.06105,Recommended
3,skin care preparations,2752,45358,0.06067,Recommended
3,perfume oils,2731,45358,0.06021,Recommended
3,skin care lotions [cosmetic],2723,45358,0.06003,Recommended
3,cleaning preparations,2688,45358,0.05926,Recommended
3,cosmetic kits,2661,45358,0.05867,Recommended
3,cosmetic creams and lotions,2659,45358,0.05862,Recommended
3,body and facial creams [cosmetics],2652,45358,0.05847,Recommended
3,hair spray,2631,45358,0.05801,Recommended
3,nail care preparations,2625,45358,0.05787,Recommended
3,beauty creams,2624,45358,0.05785,Recommended
3,skin balms [cosmetic],2624,45358,0.05785,Recommended
3,room fragrances,2613,45358,0.05761,Recommended
3,hair shampoos,2572,45358,0.0567,Recommended
3,air fragrance reed diffusers,2571,45358,0.05668,Recommended
3,incense,2570,45358,0.05666,Recommended
3,shampoo,2567,45358,0.05659,Recommended
3,skin moisturizers used as cosmetics,2566,45358,0.05657,Recommended
3,hair care lotions [for cosmetic use],2535,45358,0.05589,Recommended
3,hair shampoo,2532,45358,0.05582,Recommended
3,hair care preparations,2528,45358,0.05573,Recommended
3,colour cosmetics,2519,45358,0.05554,Recommended
3,body cleaning and beauty care preparations,2482,45358,0.05472,Recommended
3,scented oils,2478,45358,0.05463,Recommended
3,false nails,2476,45358,0.05459,Recommended
3,non-medicated cosmetics,2470,45358,0.05446,Recommended
3,facial gels [cosmetics],2465,45358,0.05435,Recommended
3,moisturisers,2445,45358,0.0539,Recommended
3,moisturising skin lotions [cosmetic],2425,45358,0.05346,Recommended
3,skin cleansers,2403,45358,0.05298,Recommended
3,hair moisturisers,2349,45358,0.05179,Recommended
3,cosmetic pencils,2346,45358,0.05172,Recommended
3,night creams [cosmetics],2343,45358,0.05166,Recommended
3,cosmetic creams for the skin,2336,45358,0.0515,Recommended
3,beauty creams for body care,2314,45358,0.05102,Recommended
3,after-sun oils [cosmetics],2311,45358,0.05095,Recommended
3,eyebrow pencils,2311,45358,0.05095,Recommended
3,anti-aging moisturizers used as cosmetics,2309,45358,0.05091,Recommended
3,suntan lotion [cosmetics],2305,45358,0.05082,Recommended
3,tanning oils [cosmetics],2300,45358,0.05071,Recommended
3,toothpaste,2298,45358,0.05066,Recommended
3,hair dyes,2272,45358,0.05009,Recommended
3,hair serums,2263,45358,0.04989,Recommended
3,cosmetics for animals,2257,45358,0.04976,Recommended
3,beauty care preparations,2240,45358,0.04938,Recommended
3,skincare preparations,2234,45358,0.04925,Recommended
3,facial cleansers [cosmetic],2227,45358,0.0491,Recommended
3,facial cleansers,2219,45358,0.04892,Recommended
3,cosmetic oils,2216,45358,0.04886,Recommended
3,skin creams,2203,45358,0.04857,Recommended
3,beauty balm creams,2201,45358,0.04853,Recommended
3,cosmetic preparations,2192,45358,0.04833,Recommended
3,facial moisturisers [cosmetic],2185,45358,0.04817,Recommended
3,hair masks,2182,45358,0.04811,Recommended
3,eau de cologne,2175,45358,0.04795,Recommended
3,"perfumery, essential oils",2173,45358,0.04791,Recommended
3,perfumed soaps,2164,45358,0.04771,Recommended
3,skin moisturisers,2129,45358,0.04694,Recommended
3,air fragrancing preparations,2120,45358,0.04674,Recommended
3,skin lotions,2119,45358,0.04672,Recommended
3,hair moisturizers,2101,45358,0.04632,Recommended
3,hair creams,2084,45358,0.04595,Recommended
3,room perfume sprays,2083,45358,0.04592,Recommended
3,body lotions,2067,45358,0.04557,Recommended
3,cosmetics preparations,2062,45358,0.04546,Recommended
3,skin creams [for cosmetic use],2054,45358,0.04528,Recommended
3,nail varnish,2044,45358,0.04506,Recommended
3,skin care creams [cosmetic],2028,45358,0.04471,Recommended
3,skin recovery creams [cosmetics],2019,45358,0.04451,Recommended
3,cosmetic creams for skin care,2014,45358,0.0444,Recommended
3,cosmetics for suntanning,2014,45358,0.0444,Recommended
3,make-up removing preparations,2009,45358,0.04429,Recommended
3,hair lotion,2008,45358,0.04427,Recommended
3,body fragrances,1998,45358,0.04405,Recommended
3,perfumed soap,1998,45358,0.04405,Recommended
3,cleansing creams [cosmetic],1997,45358,0.04403,Recommended
3,bleaching preparations and other substances for laundry use,1975,45358,0.04354,Recommended
3,shaving preparations,1962,45358,0.04326,Recommended
3,bath salts,1940,45358,0.04277,Recommended
3,facial beauty masks,1939,45358,0.04275,Recommended
3,make-up preparations,1936,45358,0.04268,Recommended
3,scented soaps,1933,45358,0.04262,Recommended
3,suncare lotions [for cosmetic use],1932,45358,0.04259,Recommended
3,cosmetic skin fresheners,1929,45358,0.04253,Recommended
3,skin lotion,1929,45358,0.04253,Recommended
3,body wash,1927,45358,0.04248,Recommended
3,multifunctional cosmetics,1918,45358,0.04229,Recommended
3,after-shave lotions,1914,45358,0.0422,Recommended
3,colour cosmetics for the skin,1912,45358,0.04215,Recommended
3,cosmetic products for the shower,1911,45358,0.04213,Recommended
3,suntan oils [cosmetics],1911,45358,0.04213,Recommended
3,beauty soap,1906,45358,0.04202,Recommended
3,household fragrances,1900,45358,0.04189,Recommended
3,lip balm,1898,45358,0.04184,Recommended
3,cosmetic products in the form of aerosols for skincare,1890,45358,0.04167,Recommended
3,perfume oils for the manufacture of cosmetic preparations,1885,45358,0.04156,Recommended
3,facial creams [cosmetic],1879,45358,0.04143,Recommended
3,hair gel,1879,45358,0.04143,Recommended
3,hair oil,1875,45358,0.04134,Recommended
3,beauty serums with anti-ageing properties,1872,45358,0.04127,Recommended
3,anti-ageing creams [for cosmetic use],1871,45358,0.04125,Recommended
3,scented room sprays,1865,45358,0.04112,Recommended
3,cologne,1858,45358,0.04096,Recommended
3,liquid perfumes,1856,45358,0.04092,Recommended
3,lotions for cosmetic purposes,1853,45358,0.04085,Recommended
3,skin whitening creams,1845,45358,0.04068,Recommended
3,decorative cosmetics,1841,45358,0.04059,Recommended
3,cosmetic massage creams,1838,45358,0.04052,Recommended
3,cosmetic masks,1831,45358,0.04037,Recommended
3,cosmetics for eye-lashes,1829,45358,0.04032,Recommended
3,scented body lotions and creams,1828,45358,0.0403,Recommended
3,"acne cleansers, cosmetic",1825,45358,0.04024,Recommended
3,scents,1823,45358,0.04019,Recommended
3,anti-aging creams [for cosmetic use],1821,45358,0.04015,Recommended
3,lipstick,1820,45358,0.04013,Recommended
3,cosmetic dyes,1805,45358,0.03979,Some use this
3,hair care creams [for cosmetic use],1803,45358,0.03975,Some use this
3,cosmetic nourishing creams,1795,45358,0.03957,Some use this
3,natural oils for perfumes,1779,45358,0.03922,Some use this
3,cosmetics for use on the skin,1763,45358,0.03887,Some use this
3,skin toners [cosmetic],1759,45358,0.03878,Some use this
3,body oils,1757,45358,0.03874,Some use this
3,aromatherapy lotions,1753,45358,0.03865,Some use this
3,colognes,1741,45358,0.03838,Some use this
3,perfumery products,1739,45358,0.03834,Some use this
3,lip stains [cosmetics],1736,45358,0.03827,Some use this
3,nail primer [cosmetics],1736,45358,0.03827,Some use this
3,nail art stickers,1734,45358,0.03823,Some use this
3,after-sun lotions [for cosmetic use],1732,45358,0.03819,Some use this
3,skin cleansing lotion,1731,45358,0.03816,Some use this
3,cosmetic facial masks,1729,45358,0.03812,Some use this
3,scented body lotions,1727,45358,0.03807,Some use this
3,scented body spray,1717,45358,0.03785,Some use this
3,moisturising gels [cosmetic],1716,45358,0.03783,Some use this
3,bath powder [cosmetics],1713,45358,0.03777,Some use this
3,nail paint [cosmetics],1707,45358,0.03763,Some use this
3,perfumed creams,1706,45358,0.03761,Some use this
3,mousses [cosmetics],1695,45358,0.03737,Some use this
3,cosmetics in the form of lotions,1694,45358,0.03735,Some use this
3,skin moisturizers,1688,45358,0.03722,Some use this
3,skin moisturiser,1687,45358,0.03719,Some use this
3,deodorant soap,1683,45358,0.0371,Some use this
3,"cleaning, polishing, scouring and abrasive preparations",1681,45358,0.03706,Some use this
3,skin cream,1680,45358,0.03704,Some use this
3,functional cosmetics,1678,45358,0.03699,Some use this
3,bath oils,1673,45358,0.03688,Some use this
3,lip glosses,1671,45358,0.03684,Some use this
3,cosmetic suntan lotions,1668,45358,0.03677,Some use this
3,hair care serums,1664,45358,0.03669,Some use this
3,cosmetic soap,1660,45358,0.0366,Some use this
3,skin moisturizer,1655,45358,0.03649,Some use this
3,cosmetic preparations for eyelashes,1638,45358,0.03611,Some use this
3,sunscreen [for cosmetic use],1638,45358,0.03611,Some use this
3,sunscreen creams [for cosmetic use],1637,45358,0.03609,Some use this
3,skin care oils [cosmetic],1636,45358,0.03607,Some use this
3,hair care lotions,1634,45358,0.03602,Some use this
3,hair balm,1631,45358,0.03596,Some use this
3,tanning gels [cosmetics],1631,45358,0.03596,Some use this
3,body lotion,1623,45358,0.03578,Some use this
3,hair sprays,1621,45358,0.03574,Some use this
3,non-medicated skin serums,1621,45358,0.03574,Some use this
3,room perfumes in spray form,1621,45358,0.03574,Some use this
3,non-medicated dentifrices,1619,45358,0.03569,Some use this
3,facial masks [cosmetic],1617,45358,0.03565,Some use this
3,non-medicated skin care preparations,1616,45358,0.03563,Some use this
3,self-tanning preparations [cosmetics],1614,45358,0.03558,Some use this
3,moisturising skin creams [cosmetic],1604,45358,0.03536,Some use this
3,potpourris [fragrances],1602,45358,0.03532,Some use this
3,lip gloss,1596,45358,0.03519,Some use this
3,cosmetic hand creams,1595,45358,0.03516,Some use this
3,perfumed powders [for cosmetic use],1587,45358,0.03499,Some use this
3,air fragrance preparations,1576,45358,0.03475,Some use this
3,body deodorants [perfumery],1575,45358,0.03472,Some use this
3,eye cream,1573,45358,0.03468,Some use this
3,make-up powder,1568,45358,0.03457,Some use this
3,fragrance emitting wicks for room fragrance,1567,45358,0.03455,Some use this
3,nail tips [cosmetics],1566,45358,0.03453,Some use this
3,skin make-up,1563,45358,0.03446,Some use this
3,body creams,1562,45358,0.03444,Some use this
3,skin moisturizer masks,1558,45358,0.03435,Some use this
3,extracts of flowers [perfumes],1556,45358,0.0343,Some use this
3,serums for cosmetic purposes,1554,45358,0.03426,Some use this
3,hair balms,1549,45358,0.03415,Some use this
3,eau de parfum,1548,45358,0.03413,Some use this
3,milks [cosmetics],1546,45358,0.03408,Some use this
3,moisturising body lotion [cosmetic],1546,45358,0.03408,Some use this
3,hair gels,1542,45358,0.034,Some use this
3,beauty gels,1541,45358,0.03397,Some use this
3,sunscreen preparations,1537,45358,0.03389,Some use this
3,massage oils,1531,45358,0.03375,Some use this
3,sunscreens [for cosmetic use],1528,45358,0.03369,Some use this
3,aftershave lotions,1526,45358,0.03364,Some use this
3,fragrance sachets,1526,45358,0.03364,Some use this
3,cosmetics for children,1525,45358,0.03362,Some use this
3,hair styling lotions,1524,45358,0.0336,Some use this
3,perfume water,1520,45358,0.03351,Some use this
3,aromatics for perfumes,1518,45358,0.03347,Some use this
3,moisturising creams,1513,45358,0.03336,Some use this
3,reed diffusers,1509,45358,0.03327,Some use this
3,bath bombs,1506,45358,0.0332,Some use this
3,hair mousse,1506,45358,0.0332,Some use this
3,anti-aging skincare preparations,1504,45358,0.03316,Some use this
3,nail hardeners [cosmetics],1502,45358,0.03311,Some use this
3,aromatics for fragrances,1500,45358,0.03307,Some use this
3,hair wax,1494,45358,0.03294,Some use this
3,lotions for the skin,1494,45358,0.03294,Some use this
3,facial washes [cosmetic],1492,45358,0.03289,Some use this
3,hair cream,1492,45358,0.03289,Some use this
3,body cream,1491,45358,0.03287,Some use this
3,bath soaps,1488,45358,0.03281,Some use this
3,cosmetics for the use on the hair,1486,45358,0.03276,Some use this
3,hair colorants,1486,45358,0.03276,Some use this
3,body scrubs,1467,45358,0.03234,Some use this
3,face creams,1467,45358,0.03234,Some use this
3,beauty preparations for the hair,1461,45358,0.03221,Some use this
3,exfoliants for the care of the skin,1461,45358,0.03221,Some use this
3,soaps and gels,1457,45358,0.03212,Some use this
3,facial masks,1456,45358,0.0321,Some use this
3,natural perfumery,1455,45358,0.03208,Some use this
3,dyes (cosmetic -),1453,45358,0.03203,Some use this
3,extracts of perfumes,1449,45358,0.03195,Some use this
3,powder compacts [cosmetics],1444,45358,0.03184,Some use this
3,"skin, eye and nail care preparations",1440,45358,0.03175,Some use this
3,bath soap,1431,45358,0.03155,Some use this
3,body oil,1425,45358,0.03142,Some use this
3,depilatory preparations,1415,45358,0.0312,Some use this
3,fragrance preparations,1413,45358,0.03115,Some use this
3,facial moisturizers,1407,45358,0.03102,Some use this
3,fragrance refills for non-electric room fragrance dispensers,1406,45358,0.031,Some use this
3,aftershave,1404,45358,0.03095,Some use this
3,tanning preparations [cosmetics],1404,45358,0.03095,Some use this
3,scented linen sprays,1397,45358,0.0308,Some use this
3,skin toners,1391,45358,0.03067,Some use this
3,after-sun milk [cosmetics],1385,45358,0.03053,Some use this
3,scented body creams,1383,45358,0.03049,Some use this
3,amber [perfume],1379,45358,0.0304,Some use this
3,body scrub,1374,45358,0.03029,Some use this
3,body gels [cosmetics],1373,45358,0.03027,Some use this
3,solid perfumes,1373,45358,0.03027,Some use this
3,bath lotion,1370,45358,0.0302,Some use this
3,shaving soap,1370,45358,0.0302,Some use this
3,masks (beauty -),1369,45358,0.03018,Some use this
3,perfumed lotions [toilet preparations],1369,45358,0.03018,Some use this
3,body and facial gels [cosmetics],1367,45358,0.03014,Some use this
3,facial toners [cosmetic],1367,45358,0.03014,Some use this
3,lip balms,1367,45358,0.03014,Some use this
3,cleansing lotions,1365,45358,0.03009,Some use this
3,skin hydrators,1365,45358,0.03009,Some use this
4,candles,4836,9362,0.51656,Essential
4,scented candles,3922,9362,0.41893,Essential
4,perfumed candles,3258,9362,0.348,Essential
4,fragranced candles,2908,9362,0.31062,Essential
4,aromatherapy fragrance candles,2326,9362,0.24845,Most use this
4,tealight candles,1857,9362,0.19836,Most use this
4,candles (perfumed -),1799,9362,0.19216,Most use this
4,candles and wicks for lighting,1780,9362,0.19013,Most use this
4,candles in tins,1778,9362,0.18992,Most use this
4,soy candles,1642,9362,0.17539,Most use this
4,table candles,1578,9362,0.16855,Most use this
4,candles for lighting,1540,9362,0.16449,Most use this
4,tea light candles,1504,9362,0.16065,Most use this
4,votive candles,1456,9362,0.15552,Most use this
4,musk scented candles,1431,9362,0.15285,Most use this
4,wicks for candles,1393,9362,0.14879,Most use this
4,candle wax,1383,9362,0.14772,Most use this
4,special occasion candles,1340,9362,0.14313,Most use this
4,candles and wicks for candles for lighting,1234,9362,0.13181,Most use this
4,wax for making candles,1183,9362,0.12636,Most use this
4,nightlights [candles],1181,9362,0.12615,Most use this
4,floating candles,1139,9362,0.12166,Most use this
4,christmas tree candles,1115,9362,0.1191,Recommended
4,lubricants,1086,9362,0.116,Recommended
4,fruit candles,997,9362,0.10649,Recommended
4,candles containing insect repellent,959,9362,0.10244,Recommended
4,candles for night lights,953,9362,0.10179,Recommended
4,christmas lights [candles],939,9362,0.1003,Recommended
4,candles for use as nightlights,937,9362,0.10009,Recommended
4,church candles,886,9362,0.09464,Recommended
4,candle assemblies,869,9362,0.09282,Recommended
4,tallow candles,864,9362,0.09229,Recommended
4,tealights,863,9362,0.09218,Recommended
4,beeswax for use in the manufacture of candles,848,9362,0.09058,Recommended
4,wicks for candles for lighting,833,9362,0.08898,Recommended
4,candle torches,817,9362,0.08727,Recommended
4,candles for use in the decoration of cakes,802,9362,0.08567,Recommended
4,candles (christmas tree -),777,9362,0.083,Recommended
4,bougies in the nature of wax candles,700,9362,0.07477,Recommended
4,electrical energy,697,9362,0.07445,Recommended
4,candles for absorbing smoke,674,9362,0.07199,Recommended
4,tea lights,665,9362,0.07103,Recommended
4,christmas tree decorations for illumination [candles],645,9362,0.0689,Recommended
4,christmas tree ornaments for illumination [candles],637,9362,0.06804,Recommended
4,"grave candles, non-electric",602,9362,0.0643,Recommended
4,electrical energy from renewable sources,567,9362,0.06056,Recommended
4,fuels,565,9362,0.06035,Recommended
4,wax for lighting,485,9362,0.05181,Recommended
4,industrial oils and greases,480,9362,0.05127,Recommended
4,lamp wicks,457,9362,0.04881,Recommended
4,electricity,456,9362,0.04871,Recommended
4,fuels and illuminants,446,9362,0.04764,Recommended
4,"dust absorbing, wetting and binding compositions",431,9362,0.04604,Recommended
4,wicks for lighting,431,9362,0.04604,Recommended
4,wax lights,430,9362,0.04593,Recommended
4,beeswax,378,9362,0.04038,Recommended
4,fuel,342,9362,0.03653,Some use this
4,tapers for lighting,334,9362,0.03568,Some use this
4,wicks for oil lamps,319,9362,0.03407,Some use this
4,wicks (lamp -),312,9362,0.03333,Some use this
4,fuel oil,302,9362,0.03226,Some use this
4,fuel gas,291,9362,0.03108,Some use this
4,electrical energy from solar power,285,9362,0.03044,Some use this
4,lubricating oil,283,9362,0.03023,Some use this
4,wicks,282,9362,0.03012,Some use this
4,paraffin wax,279,9362,0.0298,Some use this
4,biofuels,270,9362,0.02884,Some use this
4,natural gas,267,9362,0.02852,Some use this
4,tapers,245,9362,0.02617,Some use this
4,paraffin,221,9362,0.02361,Some use this
4,wax [raw material],221,9362,0.02361,Some use this
4,"industrial oils and greases, wax",219,9362,0.02339,Some use this
4,electrical energy from wind power,214,9362,0.02286,Some use this
4,diesel oil,210,9362,0.02243,Some use this
4,lighting fuel,210,9362,0.02243,Some use this
4,motor oil,210,9362,0.02243,Some use this
4,lubricating oils and greases,209,9362,0.02232,Some use this
4,electrical energy from non-renewable sources,206,9362,0.022,Some use this
4,firewood,201,9362,0.02147,Some use this
4,oils for fragrancing,200,9362,0.02136,Some use this
4,lamp oils,197,9362,0.02104,Some use this
4,firelighters,192,9362,0.02051,Some use this
4,lubricating grease,184,9362,0.01965,Some use this
4,lamp oil,182,9362,0.01944,Some use this
4,vegetable wax,175,9362,0.01869,Some use this
4,wood briquettes,172,9362,0.01837,Some use this
4,industrial oil,170,9362,0.01816,Some use this
4,charcoal [fuel],166,9362,0.01773,Some use this
4,industrial wax,164,9362,0.01752,Some use this
4,carnauba wax,162,9362,0.0173,Some use this
4,gas oil,158,9362,0.01688,Some use this
4,"lubricants and industrial greases, waxes and fluids",158,9362,0.01688,Some use this
4,lubricating oils,155,9362,0.01656,Some use this
4,beeswax for use in the manufacture of cosmetics,149,9362,0.01592,Some use this
4,diesel fuel,146,9362,0.01559,Some use this
4,industrial oils,146,9362,0.01559,Some use this
4,energy (electrical -),145,9362,0.01549,Some use this
4,motor fuel,144,9362,0.01538,Some use this
4,gas fuels,143,9362,0.01527,Some use this
4,illuminating wax,140,9362,0.01495,Some use this
4,industrial lubricants,140,9362,0.01495,Some use this
4,gasoline,139,9362,0.01485,Some use this
4,illuminants,138,9362,0.01474,Some use this
4,automotive lubricants,134,9362,0.01431,Some use this
4,wood for use as fuel,132,9362,0.0141,Some use this
4,biomass fuel,131,9362,0.01399,Some use this
4,engine oils,127,9362,0.01357,Some use this
4,"industrial oils and greases, lubricants",126,9362,0.01346,Some use this
4,engine oil,125,9362,0.01335,Some use this
4,liquefied petroleum gas,124,9362,0.01325,Some use this
4,kerosene,123,9362,0.01314,Some use this
4,lamp fuel,123,9362,0.01314,Some use this
4,coal,122,9362,0.01303,Some use this
4,automotive engine oils,118,9362,0.0126,Some use this
4,butane for lighting,118,9362,0.0126,Some use this
4,charcoal briquettes,115,9362,0.01228,Some use this
4,fuels (including motor spirit) and illuminants,115,9362,0.01228,Some use this
4,industrial grease,113,9362,0.01207,Some use this
4,aromatherapy candles,111,9362,0.01186,Some use this
4,petrol,110,9362,0.01175,Some use this
4,liquid fuels,109,9362,0.01164,Some use this
4,dust removing preparations,106,9362,0.01132,Some use this
4,lubricating oils being hydraulic oils,106,9362,0.01132,Some use this
4,wood pellet fuel,105,9362,0.01122,Some use this
4,hydrocarbon fuels,104,9362,0.01111,Some use this
4,greases,102,9362,0.0109,Some use this
4,synthetic lubricants,101,9362,0.01079,Some use this
4,kindling,100,9362,0.01068,Some use this
4,crude oil,99,9362,0.01057,Some use this
4,fossil fuels,99,9362,0.01057,Some use this
4,gas [fuel],98,9362,0.01047,Some use this
4,fuel briquettes,97,9362,0.01036,Some use this
4,lubricating oils for automotive apparatus,97,9362,0.01036,Some use this
4,solid fuels,97,9362,0.01036,Some use this
4,wood chips for use as fuel,97,9362,0.01036,Some use this
4,barbecue briquettes,96,9362,0.01025,Some use this
4,lubricating oils for petrol engines,96,9362,0.01025,Some use this
4,moistening oil,96,9362,0.01025,Some use this
4,charcoal for use as fuel,95,9362,0.01015,Some use this
4,wood heating pellets [fuel],94,9362,0.01004,Some use this
4,belting wax,93,9362,0.00993,Some use this
4,industrial fuel oil,93,9362,0.00993,Some use this
4,lubricating oil for motor vehicle engines,93,9362,0.00993,Some use this
4,oil based lubricants,93,9362,0.00993,Some use this
4,automobile lubricants,92,9362,0.00983,Some use this
4,gear oils,90,9362,0.00961,Some use this
4,synthetic oils,89,9362,0.00951,Some use this
4,lubricating oils [industrial lubricants],88,9362,0.0094,Some use this
4,mineral lubricating oils,88,9362,0.0094,Some use this
4,motor oils,88,9362,0.0094,Some use this
4,briquettes (wood -),87,9362,0.00929,Some use this
4,fireplace logs,87,9362,0.00929,Some use this
4,heating oil,87,9362,0.00929,Some use this
4,motor vehicle lubricants,87,9362,0.00929,Some use this
4,firelighters for grills,86,9362,0.00919,Some use this
4,oils for lighting,86,9362,0.00919,Some use this
4,base oils,85,9362,0.00908,Some use this
4,briquettes,85,9362,0.00908,Some use this
4,briquettes of wood,85,9362,0.00908,Some use this
4,gear oil,85,9362,0.00908,Some use this
4,lubricants for machines,85,9362,0.00908,Some use this
4,wax melts,85,9362,0.00908,Some use this
4,combustible waxes,84,9362,0.00897,Some use this
4,"petroleum, raw or refined",84,9362,0.00897,Some use this
4,combustible oil,83,9362,0.00887,Some use this
4,fire lighters,83,9362,0.00887,Some use this
4,gas for lighting,83,9362,0.00887,Some use this
4,charcoal [for fuel],82,9362,0.00876,Some use this
4,mineral oils,82,9362,0.00876,Some use this
4,firelighters [kindling woods],81,9362,0.00865,Some use this
4,fuel mixtures,81,9362,0.00865,Some use this
4,lubricating fluids,81,9362,0.00865,Some use this
4,oil-gas,81,9362,0.00865,Some use this
4,biodiesel fuel,80,9362,0.00855,Some use this
4,coal briquettes,80,9362,0.00855,Some use this
4,lubricating graphite,80,9362,0.00855,Some use this
4,tallow,80,9362,0.00855,Some use this
4,hydrogen fuel,79,9362,0.00844,Some use this
4,biofuel,78,9362,0.00833,Some use this
4,synthetic lubricating oils,78,9362,0.00833,Some use this
4,wax for use in manufacture,77,9362,0.00822,Some use this
4,waxes,77,9362,0.00822,Some use this
4,wood coal for grilling,77,9362,0.00822,Some use this
4,combustible briquettes,76,9362,0.00812,Some use this
4,lubricants being gear oils,76,9362,0.00812,Some use this
4,petroleum,76,9362,0.00812,Some use this
4,automotive lubricants for car engines,75,9362,0.00801,Some use this
4,liquid gases,75,9362,0.00801,Some use this
4,oils for paints,75,9362,0.00801,Some use this
4,wax for skis,75,9362,0.00801,Some use this
4,dust controlling compositions,74,9362,0.0079,Some use this
4,spray-on lubricants,74,9362,0.0079,Some use this
4,automotive greases,73,9362,0.0078,Some use this
4,lubricating oils for wheels,73,9362,0.0078,Some use this
4,lubrication grease for vehicles,73,9362,0.0078,Some use this
4,cutting oils for industrial use,72,9362,0.00769,Some use this
4,"engine oils and fuels including petrol, gasoline, diesel oil, gas and bio fuels",72,9362,0.00769,Some use this
4,fuel for motor vehicles,72,9362,0.00769,Some use this
4,"lubricants, oils and greases and lubricating preparations for industrial use",72,9362,0.00769,Some use this
4,milling oils,72,9362,0.00769,Some use this
4,"non chemical additives for motor fuel, for lubricants and for greases",72,9362,0.00769,Some use this
4,lubricants in the nature of oils,71,9362,0.00758,Some use this
4,textile oil,71,9362,0.00758,Some use this
4,barbecue fuel made from woodchips,70,9362,0.00748,Some use this
4,carburants,70,9362,0.00748,Some use this
4,fuels for cooking,70,9362,0.00748,Some use this
4,gas oil for industrial heating,70,9362,0.00748,Some use this
4,liquefied natural gas,70,9362,0.00748,Some use this
4,cutting and milling fluids,69,9362,0.00737,Some use this
4,"dust absorbing, wetting and binding products",69,9362,0.00737,Some use this
4,fuel pellets,69,9362,0.00737,Some use this
4,lubricants for motor vehicles,69,9362,0.00737,Some use this
4,oils for engines,68,9362,0.00726,Some use this
4,barbecue liquid lighters,67,9362,0.00716,Some use this
4,benzene fuel,67,9362,0.00716,Some use this
4,chain oil,67,9362,0.00716,Some use this
4,beeswax for use in the manufacture of ointments,66,9362,0.00705,Some use this
4,combustible briquettes [charcoal briquettes],66,9362,0.00705,Some use this
4,cutting fluids,66,9362,0.00705,Some use this
4,household fuel briquettes,66,9362,0.00705,Some use this
4,lubricants for industrial apparatus,66,9362,0.00705,Some use this
4,aviation fuel,65,9362,0.00694,Some use this
4,mineral fuel,65,9362,0.00694,Some use this
4,alcohol [fuel],64,9362,0.00684,Some use this
4,non- chemical fuel additives,64,9362,0.00684,Some use this
4,all purpose lubricants,63,9362,0.00673,Some use this
4,coke,63,9362,0.00673,Some use this
4,gas oil for domestic heating,63,9362,0.00673,Some use this
4,penetrating oils,63,9362,0.00673,Some use this
4,butane fuel,62,9362,0.00662,Some use this
4,ethanol [fuel],62,9362,0.00662,Some use this
4,liquid petroleum gas,62,9362,0.00662,Some use this
4,light oils,61,9362,0.00652,Some use this
4,non-chemical additives for lubricants,61,9362,0.00652,Some use this
4,firelighters in the nature of kindling woods,60,9362,0.00641,Some use this
4,fuel for use in barbecues,60,9362,0.00641,Some use this
4,gaseous fuels,60,9362,0.00641,Some use this
4,gasoline (fuel),60,9362,0.00641,Some use this
4,lanolin for use in the manufacture of cosmetics and ointments,60,9362,0.00641,Some use this
4,linseed oil for use as a lubricant,60,9362,0.00641,Some use this
4,naphtha,60,9362,0.00641,Some use this
4,metalworking oils,59,9362,0.0063,Some use this
4,wood shavings for lighting fires,59,9362,0.0063,Some use this
4,industrial oils being quenching oils,58,9362,0.0062,Some use this
4,waxes [raw material],58,9362,0.0062,Some use this
4,drilling lubricants,57,9362,0.00609,Some use this
4,fuels derived from oil,57,9362,0.00609,Some use this
4,greases for the lubrication of joints,57,9362,0.00609,Some use this
4,lubricating oils for use as a cutting fluid,57,9362,0.00609,Some use this
4,lump charcoal,57,9362,0.00609,Some use this
4,sumac wax [sumach wax],57,9362,0.00609,Some use this
4,fuel from crude oil,56,9362,0.00598,Some use this
4,industrial greases,56,9362,0.00598,Some use this
4,barbecue lighting fuel,55,9362,0.00587,Some use this
4,fuels (including motor spirit),55,9362,0.00587,Some use this
4,lubricants having cleaning properties,55,9362,0.00587,Some use this
4,petroleum jelly for industrial purposes,55,9362,0.00587,Some use this
4,solid lubricants,55,9362,0.00587,Some use this
4,graphite lubricants,54,9362,0.00577,Some use this
4,industrial oils for the lubrication of surfaces,54,9362,0.00577,Some use this
4,metalworking lubricants,54,9362,0.00577,Some use this
4,peat briquettes [fuel],54,9362,0.00577,Some use this
4,synthetic gas [fuel],54,9362,0.00577,Some use this
4,wax for surfboards,54,9362,0.00577,Some use this
4,wood spills for lighting,54,9362,0.00577,Some use this
4,oil well drilling lubricants,53,9362,0.00566,Some use this
4,tinder,53,9362,0.00566,Some use this
4,vaporized fuel mixtures,53,9362,0.00566,Some use this
4,automotive final drive oils,52,9362,0.00555,Some use this
4,cable lubricants,52,9362,0.00555,Some use this
4,greases for the lubrication of cables,52,9362,0.00555,Some use this
5,nutritional supplements,9928,39785,0.24954,Most use this
5,food supplements,7793,39785,0.19588,Most use this
5,dietary supplements,6881,39785,0.17295,Most use this
5,vitamin supplements,5827,39785,0.14646,Most use this
5,dietary and nutritional supplements,5451,39785,0.13701,Most use this
5,herbal supplements,4888,39785,0.12286,Most use this
5,vitamin and mineral supplements,4879,39785,0.12263,Most use this
5,dietary food supplements,4559,39785,0.11459,Recommended
5,protein dietary supplements,4410,39785,0.11085,Recommended
5,vitamin and mineral food supplements,4188,39785,0.10527,Recommended
5,protein supplements,4143,39785,0.10413,Recommended
5,probiotic supplements,3899,39785,0.098,Recommended
5,dietary supplements consisting of vitamins,3495,39785,0.08785,Recommended
5,mineral nutritional supplements,3493,39785,0.0878,Recommended
5,dietary supplements for humans,3309,39785,0.08317,Recommended
5,health food supplements made principally of vitamins,3267,39785,0.08212,Recommended
5,mineral dietary supplements,3171,39785,0.0797,Recommended
5,dietary supplements for animals,3066,39785,0.07706,Recommended
5,liquid nutritional supplements,3000,39785,0.07541,Recommended
5,dietary supplement drinks,2980,39785,0.0749,Recommended
5,nutraceuticals for use as a dietary supplement,2927,39785,0.07357,Recommended
5,disinfectants,2856,39785,0.07179,Recommended
5,liquid vitamin supplements,2834,39785,0.07123,Recommended
5,dietary supplements and dietetic preparations,2813,39785,0.07071,Recommended
5,protein powder dietary supplements,2772,39785,0.06967,Recommended
5,powdered nutritional supplement drink mix,2764,39785,0.06947,Recommended
5,dietary supplements in powder form,2695,39785,0.06774,Recommended
5,prebiotic supplements,2667,39785,0.06704,Recommended
5,food supplements for sportsmen,2610,39785,0.0656,Recommended
5,nutritional supplement energy bars,2559,39785,0.06432,Recommended
5,vitamin preparations in the nature of food supplements,2545,39785,0.06397,Recommended
5,vitamin preparations,2525,39785,0.06347,Recommended
5,enzyme dietary supplements,2520,39785,0.06334,Recommended
5,anti-oxidant food supplements,2516,39785,0.06324,Recommended
5,dietary supplement drink mixes,2496,39785,0.06274,Recommended
5,health food supplements made principally of minerals,2438,39785,0.06128,Recommended
5,pharmaceutical preparations,2434,39785,0.06118,Recommended
5,liquid dietary supplements,2417,39785,0.06075,Recommended
5,anti-oxidant supplements,2358,39785,0.05927,Recommended
5,vitamins and vitamin preparations,2352,39785,0.05912,Recommended
5,vitamin supplement patches,2308,39785,0.05801,Recommended
5,liquid herbal supplements,2302,39785,0.05786,Recommended
5,protein supplement shakes,2256,39785,0.0567,Recommended
5,mineral dietary supplements for humans,2249,39785,0.05653,Recommended
5,food supplements for non-medical purposes,2238,39785,0.05625,Recommended
5,dietary supplemental drinks,2221,39785,0.05583,Recommended
5,powdered nutritional supplement energy drink mix,2153,39785,0.05412,Recommended
5,sanitary preparations for medical purposes,2150,39785,0.05404,Recommended
5,glucose dietary supplements,2117,39785,0.05321,Recommended
5,calcium supplements,2104,39785,0.05288,Recommended
5,whey protein dietary supplements,2090,39785,0.05253,Recommended
5,yeast dietary supplements,2085,39785,0.05241,Recommended
5,nutritional supplement meal replacement bars for boosting energy,2075,39785,0.05216,Recommended
5,food supplements for dietetic use,2067,39785,0.05195,Recommended
5,food supplements in liquid form,2052,39785,0.05158,Recommended
5,zinc dietary supplements,2048,39785,0.05148,Recommended
5,dietary supplements for pets,2040,39785,0.05128,Recommended
5,fitness and endurance supplements,2033,39785,0.0511,Recommended
5,propolis dietary supplements,2016,39785,0.05067,Recommended
5,health food supplements for persons with special dietary requirements,1981,39785,0.04979,Recommended
5,dietary supplements with a cosmetic effect,1961,39785,0.04929,Recommended
5,flaxseed dietary supplements,1960,39785,0.04926,Recommended
5,multivitamins,1955,39785,0.04914,Recommended
5,medicated food supplements,1947,39785,0.04894,Recommended
5,food supplements consisting of amino acids,1943,39785,0.04884,Recommended
5,casein dietary supplements,1941,39785,0.04879,Recommended
5,homeopathic supplements,1919,39785,0.04823,Recommended
5,acai powder dietary supplements,1906,39785,0.04791,Recommended
5,lecithin dietary supplements,1868,39785,0.04695,Recommended
5,vitamin supplements for animals,1849,39785,0.04647,Recommended
5,dietary supplements promoting fitness and endurance,1830,39785,0.046,Recommended
5,vitamin and mineral supplements for pets,1830,39785,0.046,Recommended
5,protein supplements for animals,1827,39785,0.04592,Recommended
5,dietary supplements for human beings,1824,39785,0.04585,Recommended
5,albumin dietary supplements,1813,39785,0.04557,Recommended
5,soy protein dietary supplements,1808,39785,0.04544,Recommended
5,vitamin drinks,1785,39785,0.04487,Recommended
5,flaxseed oil dietary supplements,1750,39785,0.04399,Recommended
5,pollen dietary supplements,1742,39785,0.04379,Recommended
5,linseed dietary supplements,1722,39785,0.04328,Recommended
5,vitamin tablets,1716,39785,0.04313,Recommended
5,food supplements for medical purposes,1703,39785,0.04281,Recommended
5,health-aid foods supplements containing ginseng,1700,39785,0.04273,Recommended
5,nutritional supplements consisting primarily of magnesium,1662,39785,0.04177,Recommended
5,pharmaceuticals,1646,39785,0.04137,Recommended
5,alginate dietary supplements,1643,39785,0.0413,Recommended
5,food for babies,1617,39785,0.04064,Recommended
5,dietary supplements for infants,1606,39785,0.04037,Recommended
5,powdered fruit-flavored dietary supplement drink mix,1594,39785,0.04007,Recommended
5,calcium tablets as a food supplement,1588,39785,0.03991,Some use this
5,dietary supplements for medical use,1573,39785,0.03954,Some use this
5,dietary supplements and dietetic preparations containing cbd oil,1566,39785,0.03936,Some use this
5,linseed oil dietary supplements,1562,39785,0.03926,Some use this
5,wheat dietary supplements,1549,39785,0.03893,Some use this
5,mineral dietary supplements for animals,1546,39785,0.03886,Some use this
5,royal jelly dietary supplements,1546,39785,0.03886,Some use this
5,folic acid dietary supplements,1516,39785,0.0381,Some use this
5,preparations for destroying vermin,1509,39785,0.03793,Some use this
5,chlorella dietary supplements,1499,39785,0.03768,Some use this
5,gummy vitamins,1492,39785,0.0375,Some use this
5,diet capsules,1488,39785,0.0374,Some use this
5,multi-vitamin preparations,1482,39785,0.03725,Some use this
5,dietary supplements for humans not for medical purposes,1480,39785,0.0372,Some use this
5,nutritional supplements for veterinary use,1466,39785,0.03685,Some use this
5,wheat germ dietary supplements,1440,39785,0.03619,Some use this
5,nutritional supplements consisting of fungal extracts,1434,39785,0.03604,Some use this
5,dietary pet supplements in the form of pet treats,1425,39785,0.03582,Some use this
5,nutritional supplements consisting primarily of zinc,1414,39785,0.03554,Some use this
5,nutritional supplements consisting primarily of calcium,1407,39785,0.03537,Some use this
5,dietary supplements consisting primarily of magnesium,1405,39785,0.03531,Some use this
5,dietary supplements for controlling cholesterol,1393,39785,0.03501,Some use this
5,colostrum supplements,1385,39785,0.03481,Some use this
5,dietetic substances adapted for medical use,1374,39785,0.03454,Some use this
5,food supplements for veterinary use,1366,39785,0.03433,Some use this
5,"plasters, materials for dressings",1337,39785,0.03361,Some use this
5,dietary food supplements used for modified fasting,1332,39785,0.03348,Some use this
5,soy isoflavone dietary supplements,1326,39785,0.03333,Some use this
5,herbal dietary supplements for persons special dietary requirements,1306,39785,0.03283,Some use this
5,nutritional supplements consisting primarily of iron,1266,39785,0.03182,Some use this
5,dietary supplements consisting primarily of calcium,1254,39785,0.03152,Some use this
5,preparations of vitamins,1248,39785,0.03137,Some use this
5,dietary supplements for pets in the nature of a powdered drink mix,1239,39785,0.03114,Some use this
5,fungicides,1237,39785,0.03109,Some use this
5,health-aid foods supplement containing red ginseng,1233,39785,0.03099,Some use this
5,mineral food supplements,1233,39785,0.03099,Some use this
5,dietary supplements for human beings and animals,1225,39785,0.03079,Some use this
5,vitamin and mineral preparations,1218,39785,0.03061,Some use this
5,food supplements consisting of trace elements,1215,39785,0.03054,Some use this
5,dietetic foods adapted for medical purposes,1204,39785,0.03026,Some use this
5,zinc supplement lozenges,1166,39785,0.02931,Some use this
5,nutritional supplements for livestock feed,1157,39785,0.02908,Some use this
5,ground flaxseed fiber for use as a dietary supplement,1142,39785,0.0287,Some use this
5,antioxidant pills,1139,39785,0.02863,Some use this
5,ganoderma lucidum spore powder dietary supplements,1121,39785,0.02818,Some use this
5,dietary supplements consisting primarily of iron,1111,39785,0.02793,Some use this
5,antibiotic food supplements for animals,1097,39785,0.02757,Some use this
5,capsules for medicines,1093,39785,0.02747,Some use this
5,activated charcoal dietary supplements,1077,39785,0.02707,Some use this
5,dietetic beverages adapted for medical purposes,1076,39785,0.02705,Some use this
5,brewer's yeast dietary supplements,1070,39785,0.02689,Some use this
5,medicinal herbs,1069,39785,0.02687,Some use this
5,mineral supplements,1069,39785,0.02687,Some use this
5,multivitamin preparations,1060,39785,0.02664,Some use this
5,vitamin supplements for use in renal dialysis,1046,39785,0.02629,Some use this
5,pine pollen dietary supplements,1040,39785,0.02614,Some use this
5,mineral supplements for feeding livestock,1027,39785,0.02581,Some use this
5,feed supplements for veterinary use,1021,39785,0.02566,Some use this
5,medicines for human purposes,981,39785,0.02466,Some use this
5,"pharmaceuticals, medical and veterinary preparations",968,39785,0.02433,Some use this
5,veterinary preparations,964,39785,0.02423,Some use this
5,vitamins for pets,961,39785,0.02415,Some use this
5,cod liver oil,946,39785,0.02378,Some use this
5,herbicides,926,39785,0.02328,Some use this
5,dietary fibre,925,39785,0.02325,Some use this
5,vaccines,916,39785,0.02302,Some use this
5,"material for stopping teeth, dental wax",913,39785,0.02295,Some use this
5,medicinal drinks,910,39785,0.02287,Some use this
5,pharmaceutical preparations for skin care,905,39785,0.02275,Some use this
5,vitamin drops,900,39785,0.02262,Some use this
5,mixed vitamin preparations,893,39785,0.02245,Some use this
5,insecticides,890,39785,0.02237,Some use this
5,medicated supplements for foodstuffs for animals,890,39785,0.02237,Some use this
5,diapers for pets,878,39785,0.02207,Some use this
5,pesticides,877,39785,0.02204,Some use this
5,medicated supplements for animal feedstuffs,866,39785,0.02177,Some use this
5,vitamins,836,39785,0.02101,Some use this
5,nutritional supplements made of starch adapted for medical use,825,39785,0.02074,Some use this
5,herbal teas for medicinal purposes,815,39785,0.02049,Some use this
5,natural dietary supplements for treating claustrophobia,810,39785,0.02036,Some use this
5,medicinal tea,809,39785,0.02033,Some use this
5,pharmaceutical and medicinal preparations and substances,791,39785,0.01988,Some use this
5,medicinal oils,790,39785,0.01986,Some use this
5,dietary fiber,789,39785,0.01983,Some use this
5,vitamins for animals,784,39785,0.01971,Some use this
5,nutritional drink mix for use as a meal replacement,781,39785,0.01963,Some use this
5,air purifying preparations,777,39785,0.01953,Some use this
5,herbal medicine,773,39785,0.01943,Some use this
5,effervescent vitamin tablets,772,39785,0.0194,Some use this
5,tonics [medicines],771,39785,0.01938,Some use this
5,dietary and nutritional preparations,749,39785,0.01883,Some use this
5,bee pollen for use as a dietary food supplement,734,39785,0.01845,Some use this
5,sanitary towels,734,39785,0.01845,Some use this
5,slimming pills,733,39785,0.01842,Some use this
5,insect repellents,726,39785,0.01825,Some use this
5,personal sexual lubricants,719,39785,0.01807,Some use this
5,pharmaceuticals and natural remedies,718,39785,0.01805,Some use this
5,vitamin c preparations,708,39785,0.0178,Some use this
5,fodder supplements for veterinary purposes,707,39785,0.01777,Some use this
5,vitamin d preparations,707,39785,0.01777,Some use this
5,medicines for veterinary purposes,688,39785,0.01729,Some use this
5,"fungicides, herbicides",681,39785,0.01712,Some use this
5,anti-oxidants obtained from herbal sources,675,39785,0.01697,Some use this
5,sanitizing wipes,669,39785,0.01682,Some use this
5,bandages for dressings,667,39785,0.01677,Some use this
5,vitamin b preparations,665,39785,0.01671,Some use this
5,prenatal vitamins,660,39785,0.01659,Some use this
5,anti-oxidants for dietary use,658,39785,0.01654,Some use this
5,pharmaceutical drugs,653,39785,0.01641,Some use this
5,infant formula,650,39785,0.01634,Some use this
5,disinfectant soap,639,39785,0.01606,Some use this
5,medicated shampoos for pets,637,39785,0.01601,Some use this
5,sanitary pads,631,39785,0.01586,Some use this
5,antibacterial soap,630,39785,0.01584,Some use this
5,vitamin a preparations,624,39785,0.01568,Some use this
5,disinfectants for hygiene purposes,621,39785,0.01561,Some use this
5,meal replacement powders,621,39785,0.01561,Some use this
5,vitamin fortified beverages for medical purposes,615,39785,0.01546,Some use this
5,antibacterial handwashes,611,39785,0.01536,Some use this
5,medical preparations,610,39785,0.01533,Some use this
5,medicinal herb extracts,608,39785,0.01528,Some use this
5,medicated soap,607,39785,0.01526,Some use this
5,medicated shampoos,586,39785,0.01473,Some use this
5,diagnostic preparations for medical purposes,585,39785,0.0147,Some use this
5,antioxidants,580,39785,0.01458,Some use this
5,herbal extracts for medical purposes,577,39785,0.0145,Some use this
5,collagen for medical purposes,574,39785,0.01443,Some use this
5,nutraceutical preparations for therapeutic or medical purposes,568,39785,0.01428,Some use this
5,powdered milk for babies,566,39785,0.01423,Some use this
5,pharmaceutical preparations and substances,564,39785,0.01418,Some use this
5,sexual stimulant gels,563,39785,0.01415,Some use this
5,antiseptics,561,39785,0.0141,Some use this
5,sanitary napkins,561,39785,0.0141,Some use this
5,sanitary panties,559,39785,0.01405,Some use this
5,antibacterial wipes,556,39785,0.01398,Some use this
5,babies' diapers,549,39785,0.0138,Some use this
5,dermatological pharmaceutical products,545,39785,0.0137,Some use this
5,medicated skin care preparations,543,39785,0.01365,Some use this
5,sanitary tampons,537,39785,0.0135,Some use this
5,drugs for medical purposes,526,39785,0.01322,Some use this
5,"dressings, medical",519,39785,0.01305,Some use this
5,herbal beverages for medicinal use,517,39785,0.01299,Some use this
5,medicated skin creams,514,39785,0.01292,Some use this
5,babies' diaper-pants,507,39785,0.01274,Some use this
5,dietetic and nutritional preparations,505,39785,0.01269,Some use this
5,medicated hair lotions,495,39785,0.01244,Some use this
5,pharmaceutical skin lotions,495,39785,0.01244,Some use this
5,medicinal herbal extracts for medical purposes,491,39785,0.01234,Some use this
5,medicinal creams for skin care,488,39785,0.01227,Some use this
5,medical preparations for slimming purposes,484,39785,0.01217,Some use this
5,first aid kits,478,39785,0.01201,Some use this
5,acne treatment preparations,476,39785,0.01196,Some use this
5,dietary fiber to aid digestion,475,39785,0.01194,Some use this
5,herbal tea for medicinal use,473,39785,0.01189,Some use this
5,medicated creams,470,39785,0.01181,Some use this
5,adhesive tapes for medical purposes,468,39785,0.01176,Some use this
5,baby food,468,39785,0.01176,Some use this
5,biocides,464,39785,0.01166,Some use this
5,extracts of medicinal herbs,464,39785,0.01166,Some use this
5,germicides,460,39785,0.01156,Some use this
5,breast-nursing pads,458,39785,0.01151,Some use this
5,medicinal alcohol,448,39785,0.01126,Some use this
5,plant and herb extracts for medicinal use,448,39785,0.01126,Some use this
5,skin care lotions [medicated],445,39785,0.01119,Some use this
5,medicated skin lotions,439,39785,0.01103,Some use this
5,sanitary preparations and articles,438,39785,0.01101,Some use this
5,adhesive bandages,437,39785,0.01098,Some use this
5,ointments for pharmaceutical purposes,437,39785,0.01098,Some use this
5,air deodorising and air purifying preparations,435,39785,0.01093,Some use this
5,sanitising wipes,433,39785,0.01088,Some use this
5,medical dressings,431,39785,0.01083,Some use this
5,medicated hair care preparations,429,39785,0.01078,Some use this
5,parasiticides,429,39785,0.01078,Some use this
5,herbal male enhancement capsules,428,39785,0.01076,Some use this
5,dietary supplements for humans and animals,426,39785,0.01071,Some use this
5,energy gels (dietary supplements),424,39785,0.01066,Some use this
5,pharmaceutical and veterinary preparations,418,39785,0.01051,Some use this
5,feminine hygiene products,417,39785,0.01048,Some use this
5,medicated lotions,417,39785,0.01048,Some use this
5,pest control preparations and articles,415,39785,0.01043,Some use this
5,medicine,413,39785,0.01038,Some use this
5,pharmaceutical creams,410,39785,0.01031,Some use this
5,disinfectants and antiseptics,408,39785,0.01026,Some use this
5,insect repellent incense,408,39785,0.01026,Some use this
5,herb teas for medicinal purposes,407,39785,0.01023,Some use this
5,plasters,405,39785,0.01018,Some use this
5,repellents for dogs,405,39785,0.01018,Some use this
5,surgical dressings,402,39785,0.0101,Some use this
5,medicinal herb infusions,397,39785,0.00998,Some use this
5,herbal compounds for medical use,394,39785,0.0099,Some use this
5,antiparasitic collars for animals,393,39785,0.00988,Some use this
5,herbal preparations for medical use,392,39785,0.00985,Some use this
5,chinese traditional medicinal herbs,389,39785,0.00978,Some use this
5,homeopathic pharmaceuticals,389,39785,0.00978,Some use this
5,biological preparations for medical purposes,387,39785,0.00973,Some use this
5,depuratives,387,39785,0.00973,Some use this
5,homeopathic medicines,387,39785,0.00973,Some use this
5,herbal creams for medical use,386,39785,0.0097,Some use this
5,hair growth stimulants,384,39785,0.00965,Some use this
5,vaginal washes for medical purposes,384,39785,0.00965,Some use this
5,food for infants,383,39785,0.00963,Some use this
5,medicated dentifrices,383,39785,0.00963,Some use this
5,personal lubricants,381,39785,0.00958,Some use this
5,eye drops,380,39785,0.00955,Some use this
5,medical plasters,379,39785,0.00953,Some use this
5,lacteal flour for babies,377,39785,0.00948,Some use this
6,metal hardware,1087,14158,0.07678,Recommended
6,screws of metal,1014,14158,0.07162,Recommended
6,small items of metal hardware,1003,14158,0.07084,Recommended
6,ironmongery,970,14158,0.06851,Recommended
6,fittings of metal for furniture,842,14158,0.05947,Recommended
6,common metals and their alloys,800,14158,0.05651,Recommended
6,metal building materials,759,14158,0.05361,Recommended
6,door handles of metal,755,14158,0.05333,Recommended
6,non-electric cables and wires of common metal,737,14158,0.05206,Recommended
6,safes,710,14158,0.05015,Recommended
6,bolts of metal,708,14158,0.05001,Recommended
6,transportable buildings of metal,688,14158,0.04859,Recommended
6,door fittings of metal,641,14158,0.04527,Recommended
6,metal materials for building and construction,639,14158,0.04513,Recommended
6,hooks [metal hardware],634,14158,0.04478,Recommended
6,pipes and tubes of metal,576,14158,0.04068,Recommended
6,metal brackets,574,14158,0.04054,Recommended
6,hinges of metal,544,14158,0.03842,Some use this
6,metal hooks,540,14158,0.03814,Some use this
6,nails,533,14158,0.03765,Some use this
6,padlocks,518,14158,0.03659,Some use this
6,chains of metal,502,14158,0.03546,Some use this
6,building materials of metal,495,14158,0.03496,Some use this
6,"hardware of metal, small",486,14158,0.03433,Some use this
6,clothes hooks of metal,483,14158,0.03411,Some use this
6,"nuts, bolts and fasteners, of metal",460,14158,0.03249,Some use this
6,locks of metal,451,14158,0.03185,Some use this
6,nuts of metal,449,14158,0.03171,Some use this
6,metal doors,445,14158,0.03143,Some use this
6,fences of metal,433,14158,0.03058,Some use this
6,metal containers for storage or transport,419,14158,0.02959,Some use this
6,hooks of metal,418,14158,0.02952,Some use this
6,doors of metal,414,14158,0.02924,Some use this
6,fittings of metal for windows,412,14158,0.0291,Some use this
6,door stops of metal,404,14158,0.02854,Some use this
6,building and construction materials and elements of metal,389,14158,0.02748,Some use this
6,brackets of metal for furniture,387,14158,0.02733,Some use this
6,"ironmongery, small items of metal hardware",387,14158,0.02733,Some use this
6,works of art of common metal,381,14158,0.02691,Some use this
6,metal hinges,373,14158,0.02635,Some use this
6,screw bolts of metal,372,14158,0.02627,Some use this
6,door bolts of metal,365,14158,0.02578,Some use this
6,washers of metal,363,14158,0.02564,Some use this
6,metal fencing,361,14158,0.0255,Some use this
6,hooks of metal for clothes rails,343,14158,0.02423,Some use this
6,buckles of common metal [hardware],340,14158,0.02401,Some use this
6,ladders of metal,335,14158,0.02366,Some use this
6,rivets of metal,335,14158,0.02366,Some use this
6,"doors, gates, windows and window coverings of metal",334,14158,0.02359,Some use this
6,lock bolts,333,14158,0.02352,Some use this
6,signboards of metal,330,14158,0.02331,Some use this
6,metal door handles,326,14158,0.02303,Some use this
6,latches of metal,325,14158,0.02296,Some use this
6,rings of metal,325,14158,0.02296,Some use this
6,keys,324,14158,0.02288,Some use this
6,stainless steel,321,14158,0.02267,Some use this
6,pipes of metal,315,14158,0.02225,Some use this
6,fittings of metal for building,314,14158,0.02218,Some use this
6,aluminium,313,14158,0.02211,Some use this
6,"locks and keys, of metal",310,14158,0.0219,Some use this
6,metal door latches,310,14158,0.0219,Some use this
6,gates of metal,307,14158,0.02168,Some use this
6,keys of metal,306,14158,0.02161,Some use this
6,spring locks,303,14158,0.0214,Some use this
6,pegs of metal,302,14158,0.02133,Some use this
6,door fasteners of metal,301,14158,0.02126,Some use this
6,"common metals and their alloys, ores",299,14158,0.02112,Some use this
6,locks of metal for vehicles,298,14158,0.02105,Some use this
6,metal locks for doors,297,14158,0.02098,Some use this
6,door hinges of metal,296,14158,0.02091,Some use this
6,door hardware (metal -),295,14158,0.02084,Some use this
6,metal clamps,293,14158,0.0207,Some use this
6,steel wire,292,14158,0.02062,Some use this
6,buildings of metal,291,14158,0.02055,Some use this
6,alloys of common metal,290,14158,0.02048,Some use this
6,props of metal,290,14158,0.02048,Some use this
6,metal padlocks,287,14158,0.02027,Some use this
6,knobs of metal,285,14158,0.02013,Some use this
6,metal handles,285,14158,0.02013,Some use this
6,ores,282,14158,0.01992,Some use this
6,brackets of metal for building,280,14158,0.01978,Some use this
6,springs [metal hardware],279,14158,0.01971,Some use this
6,"buildings, transportable, of metal",277,14158,0.01956,Some use this
6,hasps of metal,274,14158,0.01935,Some use this
6,ironwork for doors,273,14158,0.01928,Some use this
6,boxes of common metal,271,14158,0.01914,Some use this
6,safes [metal or non-metal],269,14158,0.019,Some use this
6,metal bolts [fasteners],267,14158,0.01886,Some use this
6,junctions of metal for pipes,265,14158,0.01872,Some use this
6,aluminium doors,263,14158,0.01858,Some use this
6,latch bars of metal,259,14158,0.01829,Some use this
6,windows of metal,258,14158,0.01822,Some use this
6,"containers of metal [storage, transport]",257,14158,0.01815,Some use this
6,metal door bolts,256,14158,0.01808,Some use this
6,metal ladders,256,14158,0.01808,Some use this
6,metal clothes hooks,255,14158,0.01801,Some use this
6,steel alloys,255,14158,0.01801,Some use this
6,clips of metal for cables and pipes,254,14158,0.01794,Some use this
6,furniture casters of metal,254,14158,0.01794,Some use this
6,nails of metal,253,14158,0.01787,Some use this
6,bicycle locks,252,14158,0.0178,Some use this
6,door knockers of metal,252,14158,0.0178,Some use this
6,bolts,250,14158,0.01766,Some use this
6,"door fittings, of metal",246,14158,0.01738,Some use this
6,binding screws of metal for cables,243,14158,0.01716,Some use this
6,water-pipe valves of metal,243,14158,0.01716,Some use this
6,nuts [metal hardware],242,14158,0.01709,Some use this
6,steel pipes,242,14158,0.01709,Some use this
6,barbed wire,241,14158,0.01702,Some use this
6,self-tapping metal screws,240,14158,0.01695,Some use this
6,sheets and plates of metal,240,14158,0.01695,Some use this
6,washers [metal hardware],240,14158,0.01695,Some use this
6,baskets of metal,237,14158,0.01674,Some use this
6,door panels of metal,237,14158,0.01674,Some use this
6,metal nuts,236,14158,0.01667,Some use this
6,metal shelf brackets,234,14158,0.01653,Some use this
6,wall plugs of metal,234,14158,0.01653,Some use this
6,wire rope,234,14158,0.01653,Some use this
6,eye bolts,232,14158,0.01639,Some use this
6,structures and transportable buildings of metal,232,14158,0.01639,Some use this
6,hat-hanging hooks of metal,231,14158,0.01632,Some use this
6,metal lock boxes,231,14158,0.01632,Some use this
6,metal clips,230,14158,0.01625,Some use this
6,metal security lock cylinders,229,14158,0.01617,Some use this
6,door frames of metal,227,14158,0.01603,Some use this
6,fittings of metal for beds,227,14158,0.01603,Some use this
6,steel,227,14158,0.01603,Some use this
6,wire mesh,225,14158,0.01589,Some use this
6,badges of metal for vehicles,223,14158,0.01575,Some use this
6,metal pipes,223,14158,0.01575,Some use this
6,metal railings,223,14158,0.01575,Some use this
6,doors and windows of metal,221,14158,0.01561,Some use this
6,metal pipe fittings,221,14158,0.01561,Some use this
6,poles of metal,221,14158,0.01561,Some use this
6,ropes of metal,221,14158,0.01561,Some use this
6,shims,221,14158,0.01561,Some use this
6,elbows of metal for pipes,220,14158,0.01554,Some use this
6,pipework of metal,220,14158,0.01554,Some use this
6,tubes of metal,220,14158,0.01554,Some use this
6,bins of metal,219,14158,0.01547,Some use this
6,railings of metal,219,14158,0.01547,Some use this
6,fasteners of common metal,218,14158,0.0154,Some use this
6,locks of metal for bags,218,14158,0.0154,Some use this
6,door knockers,217,14158,0.01533,Some use this
6,metal door trim,217,14158,0.01533,Some use this
6,towel hooks of metal,217,14158,0.01533,Some use this
6,materials of metal for railway tracks,216,14158,0.01526,Some use this
6,metal threaded fasteners,216,14158,0.01526,Some use this
6,metal rails,212,14158,0.01497,Some use this
6,runners of metal for sliding doors,212,14158,0.01497,Some use this
6,fencing materials of metal,211,14158,0.0149,Some use this
6,rails of metal,211,14158,0.0149,Some use this
6,metal door frames,209,14158,0.01476,Some use this
6,metal fence panels,209,14158,0.01476,Some use this
6,nozzles of metal,209,14158,0.01476,Some use this
6,wire fences,209,14158,0.01476,Some use this
6,hinges for doors and windows (metal -),207,14158,0.01462,Some use this
6,packaging containers of metal,207,14158,0.01462,Some use this
6,"tool boxes of metal, empty",207,14158,0.01462,Some use this
6,metal fencing panels,205,14158,0.01448,Some use this
6,"pipes, tubes and hoses, and fittings therefor, including valves, of metal",205,14158,0.01448,Some use this
6,box fasteners of metal,204,14158,0.01441,Some use this
6,caps (metal -) for screws,204,14158,0.01441,Some use this
6,wire of common metal,204,14158,0.01441,Some use this
6,metal ironmongery,202,14158,0.01427,Some use this
6,screw threaded fasteners of metal,202,14158,0.01427,Some use this
6,pot hooks of metal,201,14158,0.0142,Some use this
6,metal karabiners,200,14158,0.01413,Some use this
6,"tool chests of metal, empty",200,14158,0.01413,Some use this
6,metal gates,199,14158,0.01406,Some use this
6,anchors,198,14158,0.01399,Some use this
6,metal keys for locks,198,14158,0.01399,Some use this
6,steel sheets,198,14158,0.01399,Some use this
6,window fasteners of metal,198,14158,0.01399,Some use this
6,metal locksets,197,14158,0.01391,Some use this
6,metal tool boxes,197,14158,0.01391,Some use this
6,tent pegs of metal,197,14158,0.01391,Some use this
6,scaffolding of metal,195,14158,0.01377,Some use this
6,screw rivets of metal,194,14158,0.0137,Some use this
6,trays of metal,194,14158,0.0137,Some use this
6,alloys of metal,193,14158,0.01363,Some use this
6,collars of metal for fastening pipes,193,14158,0.01363,Some use this
6,letter boxes of metal,193,14158,0.01363,Some use this
6,metal bolts for locking doors,193,14158,0.01363,Some use this
6,metal fence posts,191,14158,0.01349,Some use this
6,metal wire fencing,191,14158,0.01349,Some use this
6,metal ropes,190,14158,0.01342,Some use this
6,metal locks for windows,189,14158,0.01335,Some use this
6,towel dispensers of metal,189,14158,0.01335,Some use this
6,hooks (door -) of metal,188,14158,0.01328,Some use this
6,metal cladding,188,14158,0.01328,Some use this
6,metallic fences,188,14158,0.01328,Some use this
6,metal roofing,187,14158,0.01321,Some use this
6,sleeves [metal hardware],187,14158,0.01321,Some use this
6,"towel dispensers, fixed, of metal",187,14158,0.01321,Some use this
6,statues of common metal,186,14158,0.01314,Some use this
6,"common metals, unwrought or semi-wrought",185,14158,0.01307,Some use this
6,handrails of metal,185,14158,0.01307,Some use this
6,lock bolts of metal,185,14158,0.01307,Some use this
6,ores of metal,185,14158,0.01307,Some use this
6,steel buildings,185,14158,0.01307,Some use this
6,balustrades of metal,184,14158,0.013,Some use this
6,fixing bolts of metal,184,14158,0.013,Some use this
6,metal dog tags,184,14158,0.013,Some use this
6,chests of metal,183,14158,0.01293,Some use this
6,frames of metal for building,183,14158,0.01293,Some use this
6,ironwork for windows,183,14158,0.01293,Some use this
6,window stops of metal,183,14158,0.01293,Some use this
6,door furniture of metal,182,14158,0.01285,Some use this
6,fittings of metal for pipes,182,14158,0.01285,Some use this
6,metal castings,182,14158,0.01285,Some use this
6,metal sliding doors,182,14158,0.01285,Some use this
6,partitions of metal,182,14158,0.01285,Some use this
6,reinforcing materials of metal for building,182,14158,0.01285,Some use this
6,split rings of common metal for keys,182,14158,0.01285,Some use this
6,water-pipes of metal,182,14158,0.01285,Some use this
6,bolts (lock -),181,14158,0.01278,Some use this
6,metal components for doors,181,14158,0.01278,Some use this
6,metal wire fences,181,14158,0.01278,Some use this
6,safety chains of metal,181,14158,0.01278,Some use this
6,bag hangers of metal,180,14158,0.01271,Some use this
6,bells for animals,180,14158,0.01271,Some use this
6,metal hardware for buildings,180,14158,0.01271,Some use this
6,"signs, and information and advertising displays, of metal",179,14158,0.01264,Some use this
6,aluminium foil,177,14158,0.0125,Some use this
6,window frames of metal,177,14158,0.0125,Some use this
6,"bolts, flat",176,14158,0.01243,Some use this
6,fasteners,176,14158,0.01243,Some use this
6,fence panels of metal,176,14158,0.01243,Some use this
6,statues and works of art of common metals,175,14158,0.01236,Some use this
6,door pulls of metal,174,14158,0.01229,Some use this
6,outdoor blinds of metal,174,14158,0.01229,Some use this
6,soldering wire of metal,174,14158,0.01229,Some use this
6,aluminium wire,173,14158,0.01222,Some use this
6,fittings of metal for doors,173,14158,0.01222,Some use this
6,lock boxes of metal,173,14158,0.01222,Some use this
6,screw nuts of metal,172,14158,0.01215,Some use this
6,shutters of metal,172,14158,0.01215,Some use this
6,staircases of metal,172,14158,0.01215,Some use this
6,metal fence stays,171,14158,0.01208,Some use this
6,metal pegs,171,14158,0.01208,Some use this
6,metal washers,171,14158,0.01208,Some use this
6,anchor bolts of metal,170,14158,0.01201,Some use this
6,metal garden stakes,170,14158,0.01201,Some use this
6,metal knobs,170,14158,0.01201,Some use this
6,bicycle locks of metal,169,14158,0.01194,Some use this
6,furniture (fittings of metal for -),169,14158,0.01194,Some use this
6,metal bins,169,14158,0.01194,Some use this
6,bicycle parking installations of metal,168,14158,0.01187,Some use this
6,sash fasteners of metal for windows,168,14158,0.01187,Some use this
6,sculptures of metal,168,14158,0.01187,Some use this
6,building panels of metal,167,14158,0.0118,Some use this
6,"door closers, non-electric",167,14158,0.0118,Some use this
6,metal windows,167,14158,0.0118,Some use this
6,steps [ladders] of metal,167,14158,0.0118,Some use this
6,bells,166,14158,0.01172,Some use this
6,set screws of metal,166,14158,0.01172,Some use this
6,metal structures,165,14158,0.01165,Some use this
6,boxes for storage purposes [metal],164,14158,0.01158,Some use this
6,metal hose fittings,164,14158,0.01158,Some use this
6,bathtub grab bars of metal,163,14158,0.01151,Some use this
6,cable clips of metal,163,14158,0.01151,Some use this
6,door knobs of common metal,163,14158,0.01151,Some use this
6,fixing devices of metal,163,14158,0.01151,Some use this
6,iron wire,163,14158,0.01151,Some use this
6,screw rings,163,14158,0.01151,Some use this
6,window casement bolts,163,14158,0.01151,Some use this
6,wire fencing,162,14158,0.01144,Some use this
6,roofing of metal,161,14158,0.01137,Some use this
6,roof coverings of metal,160,14158,0.0113,Some use this
6,storage containers of metal,160,14158,0.0113,Some use this
6,metal garage doors,159,14158,0.01123,Some use this
6,cladding of metal for construction and building,158,14158,0.01116,Some use this
6,grilles of metal,158,14158,0.01116,Some use this
6,metal decking,158,14158,0.01116,Some use this
6,metal safes,158,14158,0.01116,Some use this
6,steel tubes,158,14158,0.01116,Some use this
6,tanks of metal,158,14158,0.01116,Some use this
6,metals,157,14158,0.01109,Some use this
6,aluminium windows,156,14158,0.01102,Some use this
6,"cable joints of metal, non-electric",156,14158,0.01102,Some use this
6,metal hose clamps,156,14158,0.01102,Some use this
6,metal joinery fittings,156,14158,0.01102,Some use this
6,metal materials for construction,156,14158,0.01102,Some use this
6,metal springs,156,14158,0.01102,Some use this
6,pins [hardware],156,14158,0.01102,Some use this
6,"cables, wires and chains, of metal",155,14158,0.01095,Some use this
6,lock nuts of metal,154,14158,0.01088,Some use this
6,metal cup hooks,154,14158,0.01088,Some use this
6,metal garment hooks,154,14158,0.01088,Some use this
6,metal panels,154,14158,0.01088,Some use this
6,cable clamps of metal,153,14158,0.01081,Some use this
6,self-tapping metal bolts,153,14158,0.01081,Some use this
6,handles of metal for doors,152,14158,0.01074,Some use this
6,metal flooring,152,14158,0.01074,Some use this
7,vacuum cleaners,2008,19047,0.10542,Recommended
7,electric vacuum cleaners,1055,19047,0.05539,Recommended
7,machine tools,910,19047,0.04778,Recommended
7,industrial robots,906,19047,0.04757,Recommended
7,dishwashers,862,19047,0.04526,Recommended
7,robotic vacuum cleaners,855,19047,0.04489,Recommended
7,3d printers,844,19047,0.04431,Recommended
7,hand-held vacuum cleaners,826,19047,0.04337,Recommended
7,"kitchen machines, electric",808,19047,0.04242,Recommended
7,cordless vacuum cleaners,792,19047,0.04158,Recommended
7,"machines and apparatus for cleaning, electric",768,19047,0.04032,Recommended
7,brushes for vacuum cleaners,764,19047,0.04011,Recommended
7,vacuum cleaner bags,691,19047,0.03628,Some use this
7,cutting machines,680,19047,0.0357,Some use this
7,mixing machines,658,19047,0.03455,Some use this
7,high pressure washers,615,19047,0.03229,Some use this
7,lawnmowers [machines],604,19047,0.03171,Some use this
7,power tools,583,19047,0.03061,Some use this
7,agricultural machines,580,19047,0.03045,Some use this
7,electric coffee grinders,571,19047,0.02998,Some use this
7,vacuum cleaner hoses,571,19047,0.02998,Some use this
7,dust exhausting installations for cleaning purposes,553,19047,0.02903,Some use this
7,"juice extractors, electric",536,19047,0.02814,Some use this
7,washing apparatus,536,19047,0.02814,Some use this
7,"kitchen grinders, electric",533,19047,0.02798,Some use this
7,dust removing installations for cleaning purposes,529,19047,0.02777,Some use this
7,electric juicers,517,19047,0.02714,Some use this
7,"blenders, electric, for household purposes",515,19047,0.02704,Some use this
7,suction nozzles for vacuum cleaners,509,19047,0.02672,Some use this
7,chain saws,504,19047,0.02646,Some use this
7,compressed air pumps,495,19047,0.02599,Some use this
7,engraving machines,494,19047,0.02594,Some use this
7,electric vacuum cleaners and their components,491,19047,0.02578,Some use this
7,pumps,480,19047,0.0252,Some use this
7,"whisks, electric, for household purposes",480,19047,0.0252,Some use this
7,electric hand drills,478,19047,0.0251,Some use this
7,"screwdrivers, electric",472,19047,0.02478,Some use this
7,vacuum cleaners for household purposes,470,19047,0.02468,Some use this
7,pumps [machines],465,19047,0.02441,Some use this
7,electric hammers,461,19047,0.0242,Some use this
7,incubators for eggs,457,19047,0.02399,Some use this
7,cleaning appliances utilizing steam,452,19047,0.02373,Some use this
7,car vacuum cleaners,441,19047,0.02315,Some use this
7,electric food processors,441,19047,0.02315,Some use this
7,electric food blenders,433,19047,0.02273,Some use this
7,electric screwdrivers,430,19047,0.02258,Some use this
7,washing machines [laundry],429,19047,0.02252,Some use this
7,electric mixers for household purposes,428,19047,0.02247,Some use this
7,electricity generators,422,19047,0.02216,Some use this
7,sewing machines,421,19047,0.0221,Some use this
7,dust filters and bags for vacuum cleaners,412,19047,0.02163,Some use this
7,weeding machines,409,19047,0.02147,Some use this
7,automatic vending machines,407,19047,0.02137,Some use this
7,generators,403,19047,0.02116,Some use this
7,steam mops,403,19047,0.02116,Some use this
7,lawn mowers,397,19047,0.02084,Some use this
7,"scissors, electric",397,19047,0.02084,Some use this
7,household vacuum cleaners,393,19047,0.02063,Some use this
7,3d printing pens,391,19047,0.02053,Some use this
7,"fruit presses, electric, for household purposes",391,19047,0.02053,Some use this
7,air compressors,388,19047,0.02037,Some use this
7,water pumps,386,19047,0.02027,Some use this
7,ironing machines,374,19047,0.01964,Some use this
7,drilling machines,373,19047,0.01958,Some use this
7,packaging machines,372,19047,0.01953,Some use this
7,"food processors, electric",370,19047,0.01943,Some use this
7,vending machines,363,19047,0.01906,Some use this
7,electric blenders,362,19047,0.01901,Some use this
7,electric kitchen tools,353,19047,0.01853,Some use this
7,filtering machines,352,19047,0.01848,Some use this
7,"machines and apparatus for carpet shampooing, electric",349,19047,0.01832,Some use this
7,valves [parts of machines],348,19047,0.01827,Some use this
7,electric pumps,346,19047,0.01817,Some use this
7,electric vacuum food sealers for household purposes,346,19047,0.01817,Some use this
7,steam cleaning machines,346,19047,0.01817,Some use this
7,tools [parts of machines],344,19047,0.01806,Some use this
7,vacuum cleaner attachments for disseminating perfumes and disinfectants,344,19047,0.01806,Some use this
7,"crushers for kitchen use, electric",342,19047,0.01796,Some use this
7,valves,342,19047,0.01796,Some use this
7,printing machines,340,19047,0.01785,Some use this
7,dynamos,339,19047,0.0178,Some use this
7,electric kitchen mixers,338,19047,0.01775,Some use this
7,electric saws,338,19047,0.01775,Some use this
7,electric kitchen machines,335,19047,0.01759,Some use this
7,hoses for vacuum cleaners,333,19047,0.01748,Some use this
7,carpet cleaning machines,330,19047,0.01733,Some use this
7,metalworking machines,330,19047,0.01733,Some use this
7,machine coupling and transmission components (except for land vehicles),328,19047,0.01722,Some use this
7,electric scissors,327,19047,0.01717,Some use this
7,vacuum pumps,324,19047,0.01701,Some use this
7,dust filters for vacuum cleaners,323,19047,0.01696,Some use this
7,electric grass trimmers,319,19047,0.01675,Some use this
7,"beaters, electric",318,19047,0.0167,Some use this
7,electric drills,317,19047,0.01664,Some use this
7,electric milk frothers,311,19047,0.01633,Some use this
7,compressed air machines,308,19047,0.01617,Some use this
7,floor cleaning machines,308,19047,0.01617,Some use this
7,bags for electric vacuum cleaners,306,19047,0.01607,Some use this
7,steam cleaners,303,19047,0.01591,Some use this
7,bearings [parts of machines],302,19047,0.01586,Some use this
7,"glue guns, electric",302,19047,0.01586,Some use this
7,vacuum pumps [machines],301,19047,0.0158,Some use this
7,power-driven wrenches,299,19047,0.0157,Some use this
7,electric power tools,296,19047,0.01554,Some use this
7,air pumps,295,19047,0.01549,Some use this
7,alternators,293,19047,0.01538,Some use this
7,steam cleaners for household purposes,293,19047,0.01538,Some use this
7,wind turbines,293,19047,0.01538,Some use this
7,electric can openers,291,19047,0.01528,Some use this
7,grinding machines,289,19047,0.01517,Some use this
7,wet and dry vacuum cleaners,288,19047,0.01512,Some use this
7,saws [machines],286,19047,0.01502,Some use this
7,"pumps [parts of machines, engines or motors]",285,19047,0.01496,Some use this
7,"control mechanisms for machines, engines or motors",284,19047,0.01491,Some use this
7,"knives, electric",284,19047,0.01491,Some use this
7,saw blades [parts of machines],284,19047,0.01491,Some use this
7,spray guns for paint,283,19047,0.01486,Some use this
7,electric carpet vacuum cleaners,282,19047,0.01481,Some use this
7,hoses for electric vacuum cleaners,282,19047,0.01481,Some use this
7,knives for mowing machines,282,19047,0.01481,Some use this
7,electric egg beaters,281,19047,0.01475,Some use this
7,hoists,281,19047,0.01475,Some use this
7,central vacuum cleaning installations,278,19047,0.0146,Some use this
7,electric chain saws,278,19047,0.0146,Some use this
7,electric domestic vacuum cleaners,278,19047,0.0146,Some use this
7,electric food grinders,277,19047,0.01454,Some use this
7,machines and machine tools for treatment of materials and for manufacturing,277,19047,0.01454,Some use this
7,lifting apparatus,275,19047,0.01444,Some use this
7,"motors and engines, except for land vehicles",275,19047,0.01444,Some use this
7,hand held vacuum cleaners (electric -),273,19047,0.01433,Some use this
7,kitchen tools [electric utensils],273,19047,0.01433,Some use this
7,machines and apparatus for polishing [electric],273,19047,0.01433,Some use this
7,"machine coupling and transmission components, except for land vehicles",271,19047,0.01423,Some use this
7,bread cutting machines,270,19047,0.01418,Some use this
7,angle grinders,269,19047,0.01412,Some use this
7,gardening tools (electric -),268,19047,0.01407,Some use this
7,electric generators,267,19047,0.01402,Some use this
7,vacuum cleaners for cars,267,19047,0.01402,Some use this
7,"welding machines, electric",264,19047,0.01386,Some use this
7,domestic vacuum cleaners,263,19047,0.01381,Some use this
7,solar power generators,263,19047,0.01381,Some use this
7,woodworking machines,263,19047,0.01381,Some use this
7,agitators,262,19047,0.01376,Some use this
7,electric lawn trimmers,261,19047,0.0137,Some use this
7,electric meat grinders,261,19047,0.0137,Some use this
7,hydraulic tools,261,19047,0.0137,Some use this
7,lawnmowers,261,19047,0.0137,Some use this
7,air suction machines,260,19047,0.01365,Some use this
7,electric lawnmowers,260,19047,0.01365,Some use this
7,"filters for cleaning cooling air, for engines",259,19047,0.0136,Some use this
7,laser engraving machines,259,19047,0.0136,Some use this
7,power operated tools,259,19047,0.0136,Some use this
7,tools for machine tools,258,19047,0.01355,Some use this
7,electric vacuum cleaners for domestic use,255,19047,0.01339,Some use this
7,circular saws,253,19047,0.01328,Some use this
7,motors and engines (except for land vehicles),252,19047,0.01323,Some use this
7,wet vacuum cleaners,251,19047,0.01318,Some use this
7,electric steam mops,250,19047,0.01313,Some use this
7,drills [power tools],249,19047,0.01307,Some use this
7,air-powered tools,247,19047,0.01297,Some use this
7,bits for power drills,247,19047,0.01297,Some use this
7,electric blenders for household purposes,247,19047,0.01297,Some use this
7,painting machines,246,19047,0.01292,Some use this
7,compressors,245,19047,0.01286,Some use this
7,electric welding apparatus,245,19047,0.01286,Some use this
7,"food preparation machines, electromechanical",245,19047,0.01286,Some use this
7,wrapping machines,245,19047,0.01286,Some use this
7,electric power generators,243,19047,0.01276,Some use this
7,mechanical tools,242,19047,0.01271,Some use this
7,aerating pumps for aquaria,239,19047,0.01255,Some use this
7,electrical coffee grinders,239,19047,0.01255,Some use this
7,"can openers, electric",238,19047,0.0125,Some use this
7,centrifugal pumps,238,19047,0.0125,Some use this
7,electric lawn mowers,238,19047,0.0125,Some use this
7,electric vacuum cleaners for bedding,238,19047,0.0125,Some use this
7,spraying machines,237,19047,0.01244,Some use this
7,suction cleaning machines [vacuum cleaners],237,19047,0.01244,Some use this
7,impact wrenches,236,19047,0.01239,Some use this
7,oil filters,236,19047,0.01239,Some use this
7,"handling machines, automatic [manipulators]",235,19047,0.01234,Some use this
7,vacuum cleaners for the cleaning of surfaces,235,19047,0.01234,Some use this
7,blowing machines,232,19047,0.01218,Some use this
7,cordless electric drills,232,19047,0.01218,Some use this
7,compressors for refrigerators,231,19047,0.01213,Some use this
7,starters for motors and engines,231,19047,0.01213,Some use this
7,bags (vacuum cleaner -),230,19047,0.01208,Some use this
7,electric knives,230,19047,0.01208,Some use this
7,drilling bits [parts of machines],229,19047,0.01202,Some use this
7,printing presses,229,19047,0.01202,Some use this
7,chainsaws,228,19047,0.01197,Some use this
7,electric food choppers,227,19047,0.01192,Some use this
7,lathes [machine tools],225,19047,0.01181,Some use this
7,dispensing machines,223,19047,0.01171,Some use this
7,electric washing machines,222,19047,0.01166,Some use this
7,food processors,222,19047,0.01166,Some use this
7,fuel filters,222,19047,0.01166,Some use this
7,blades for power tools,220,19047,0.01155,Some use this
7,electrical hand tools,220,19047,0.01155,Some use this
7,generators of electricity,220,19047,0.01155,Some use this
7,harvesting machines,220,19047,0.01155,Some use this
7,electric glue guns,218,19047,0.01145,Some use this
7,"beverage preparation machines, electromechanical",217,19047,0.01139,Some use this
7,car washing machines,215,19047,0.01129,Some use this
7,electric cordless sweepers,214,19047,0.01124,Some use this
7,air blowers,213,19047,0.01118,Some use this
7,filters being parts of machines or engines,213,19047,0.01118,Some use this
7,electric juice extractors,212,19047,0.01113,Some use this
7,saws,210,19047,0.01103,Some use this
7,mixers [machines],209,19047,0.01097,Some use this
7,rechargeable sweepers,209,19047,0.01097,Some use this
7,robotic cleaning machines,209,19047,0.01097,Some use this
7,electric coffee frothers,208,19047,0.01092,Some use this
7,shearing machines for animals,207,19047,0.01087,Some use this
7,electric hedge trimmers,205,19047,0.01076,Some use this
7,vacuum cleaners powered by rechargeable batteries,205,19047,0.01076,Some use this
7,current generators,204,19047,0.01071,Some use this
7,disintegrators,204,19047,0.01071,Some use this
7,kneading machines,204,19047,0.01071,Some use this
7,aerating pumps,203,19047,0.01066,Some use this
7,electric fan units for vacuum cleaners,203,19047,0.01066,Some use this
7,power-operated coffee grinders,203,19047,0.01066,Some use this
7,electric drills [hand-held],201,19047,0.01055,Some use this
7,electric window cleaning machines,201,19047,0.01055,Some use this
7,emergency power generators,201,19047,0.01055,Some use this
7,pressure valves [parts of machines],201,19047,0.01055,Some use this
7,pressure washers,201,19047,0.01055,Some use this
7,robotic lawnmowers,201,19047,0.01055,Some use this
7,ball-bearings,200,19047,0.0105,Some use this
7,electric sweepers,200,19047,0.0105,Some use this
7,jacks [machines],200,19047,0.0105,Some use this
7,power saws,200,19047,0.0105,Some use this
7,clothes washing machines,198,19047,0.0104,Some use this
7,tools for use with machine tools,198,19047,0.0104,Some use this
7,drilling heads [parts of machines],197,19047,0.01034,Some use this
7,elevating apparatus,197,19047,0.01034,Some use this
7,powered tools,197,19047,0.01034,Some use this
7,robots for cleaning,197,19047,0.01034,Some use this
7,stick-type vacuum cleaners,197,19047,0.01034,Some use this
7,blades [parts of machines],196,19047,0.01029,Some use this
7,electric fruit juice extractors,196,19047,0.01029,Some use this
7,hammer drills,196,19047,0.01029,Some use this
7,packing machines,196,19047,0.01029,Some use this
7,paint spray guns,196,19047,0.01029,Some use this
7,vacuum cleaners for industrial purposes,196,19047,0.01029,Some use this
7,industrial inkjet printing machines,195,19047,0.01024,Some use this
7,"shears, electric",195,19047,0.01024,Some use this
7,vacuum bags,195,19047,0.01024,Some use this
7,"agricultural, gardening and forestry machines and apparatus",193,19047,0.01013,Some use this
7,bags of plastics for vacuum cleaners,193,19047,0.01013,Some use this
7,portable electric power generators,193,19047,0.01013,Some use this
7,vacuum filters,192,19047,0.01008,Some use this
7,electric hand-held drills,191,19047,0.01003,Some use this
7,bags of paper for vacuum cleaners,190,19047,0.00998,Some use this
7,labellers [machines],189,19047,0.00992,Some use this
7,power drill bits,189,19047,0.00992,Some use this
7,electric water pumps,188,19047,0.00987,Some use this
7,industrial cleaning machines [vacuum cleaners],188,19047,0.00987,Some use this
7,laundry washing machines,188,19047,0.00987,Some use this
7,snow ploughs,188,19047,0.00987,Some use this
7,tools for machines,188,19047,0.00987,Some use this
7,vacuum packaging machines,188,19047,0.00987,Some use this
7,electric fruit squeezers,186,19047,0.00977,Some use this
7,electrical vacuum cleaners for domestic use,185,19047,0.00971,Some use this
7,floor washing machines,185,19047,0.00971,Some use this
7,belt conveyors,183,19047,0.00961,Some use this
7,compressors [machines],183,19047,0.00961,Some use this
7,crushing machines,183,19047,0.00961,Some use this
7,electric steam cleaning machines,183,19047,0.00961,Some use this
7,hydraulic valves,183,19047,0.00961,Some use this
7,"pumps, compressors and blowers",183,19047,0.00961,Some use this
7,"sweeping, cleaning, washing and laundering machines",183,19047,0.00961,Some use this
7,"electric kitchen appliances for chopping, mixing, pressing",182,19047,0.00956,Some use this
7,milling machines,182,19047,0.00956,Some use this
7,tools for use in machine tools,182,19047,0.00956,Some use this
7,robots for industrial use,181,19047,0.0095,Some use this
7,winches,181,19047,0.0095,Some use this
7,multi-purpose steam cleaners,180,19047,0.00945,Some use this
7,pumps for heating installations,179,19047,0.0094,Some use this
7,bearings,178,19047,0.00935,Some use this
7,electric cleaning apparatus for household use,178,19047,0.00935,Some use this
7,coffee extracting machines,177,19047,0.00929,Some use this
7,electric food slicers,177,19047,0.00929,Some use this
7,high pressure cleaners,177,19047,0.00929,Some use this
7,carpet cleaning machines [electric],176,19047,0.00924,Some use this
7,commercial and industrial vacuum cleaners,176,19047,0.00924,Some use this
7,dishwashing machines,176,19047,0.00924,Some use this
7,electric fruit squeezers for household purposes,176,19047,0.00924,Some use this
7,fans for motors and engines,176,19047,0.00924,Some use this
7,"tin openers, electric",176,19047,0.00924,Some use this
7,juice machines,175,19047,0.00919,Some use this
7,filter presses,174,19047,0.00914,Some use this
7,igniting devices for internal combustion engines,174,19047,0.00914,Some use this
8,scissors,2217,13438,0.16498,Most use this
8,cutlery,2073,13438,0.15426,Most use this
8,"hand tools, hand-operated",1647,13438,0.12256,Most use this
8,knives,1442,13438,0.10731,Recommended
8,"garden tools, hand-operated",1331,13438,0.09905,Recommended
8,manicure sets,1286,13438,0.0957,Recommended
8,razors,1250,13438,0.09302,Recommended
8,beard clippers,1183,13438,0.08803,Recommended
8,nail files,1174,13438,0.08736,Recommended
8,"table cutlery [knives, forks and spoons]",1174,13438,0.08736,Recommended
8,tweezers,1169,13438,0.08699,Recommended
8,"depilation appliances, electric and non-electric",1073,13438,0.07985,Recommended
8,"hair clippers for personal use, electric and non-electric",1046,13438,0.07784,Recommended
8,cutting tools [hand tools],1014,13438,0.07546,Recommended
8,nail clippers,1013,13438,0.07538,Recommended
8,graving tools [hand tools],1006,13438,0.07486,Recommended
8,eyelash curlers,1003,13438,0.07464,Recommended
8,kitchen knives,950,13438,0.0707,Recommended
8,pliers,901,13438,0.06705,Recommended
8,"nail clippers, electric or non-electric",895,13438,0.0666,Recommended
8,"razors, electric or non-electric",891,13438,0.0663,Recommended
8,electric hair clippers,869,13438,0.06467,Recommended
8,hair clippers,860,13438,0.064,Recommended
8,razor blades,850,13438,0.06325,Recommended
8,electric hair straighteners,823,13438,0.06124,Recommended
8,"tableware [knives, forks and spoons]",814,13438,0.06057,Recommended
8,pedicure sets,806,13438,0.05998,Recommended
8,spanners [hand tools],784,13438,0.05834,Recommended
8,spoons,771,13438,0.05737,Recommended
8,hammers [hand tools],770,13438,0.0573,Recommended
8,nail scissors,761,13438,0.05663,Recommended
8,saws [hand tools],758,13438,0.05641,Recommended
8,electric shavers,742,13438,0.05522,Recommended
8,hand implements for hair curling,734,13438,0.05462,Recommended
8,"cutlery, kitchen knives, and cutting implements for kitchen use",732,13438,0.05447,Recommended
8,electric hair curling irons,720,13438,0.05358,Recommended
8,curling tongs,718,13438,0.05343,Recommended
8,"hand tools and implements, hand-operated",702,13438,0.05224,Recommended
8,blades [hand tools],700,13438,0.05209,Recommended
8,scraping tools [hand tools],697,13438,0.05187,Recommended
8,shovels [hand tools],689,13438,0.05127,Recommended
8,electric nasal hair trimmers,679,13438,0.05053,Recommended
8,bits [hand tools],676,13438,0.05031,Recommended
8,wrenches [hand tools],675,13438,0.05023,Recommended
8,electric razors,665,13438,0.04949,Recommended
8,nail nippers,655,13438,0.04874,Recommended
8,electric hair trimmers,641,13438,0.0477,Recommended
8,"nail files, electric",640,13438,0.04763,Recommended
8,"manicure sets, electric",634,13438,0.04718,Recommended
8,hair-removing tweezers,626,13438,0.04658,Recommended
8,screwdrivers,624,13438,0.04644,Recommended
8,knife sharpeners,622,13438,0.04629,Recommended
8,gardening tools (hand operated -),615,13438,0.04577,Recommended
8,carving knives,611,13438,0.04547,Recommended
8,"agricultural, gardening and landscaping tools",606,13438,0.0451,Recommended
8,perforating tools [hand tools],599,13438,0.04458,Recommended
8,hair cutting scissors,593,13438,0.04413,Recommended
8,"fingernail polishers, electric or non-electric",591,13438,0.04398,Recommended
8,screwdrivers [hand tools],586,13438,0.04361,Recommended
8,scrapers [hand tools],584,13438,0.04346,Recommended
8,abrading instruments [hand instruments],583,13438,0.04338,Recommended
8,hair clippers for animals [hand instruments],579,13438,0.04309,Recommended
8,cutters,569,13438,0.04234,Recommended
8,gardening scissors,567,13438,0.04219,Recommended
8,hand tools and implements (hand-operated),563,13438,0.0419,Recommended
8,manicure and pedicure tools,562,13438,0.04182,Recommended
8,knives [hand tools],560,13438,0.04167,Recommended
8,"screwdrivers, non-electric",555,13438,0.0413,Recommended
8,grafting tools [hand tools],543,13438,0.04041,Recommended
8,shears,542,13438,0.04033,Recommended
8,chef knives,536,13438,0.03989,Some use this
8,cuticle tweezers,532,13438,0.03959,Some use this
8,"knives, forks and spoons",530,13438,0.03944,Some use this
8,edge tools [hand tools],529,13438,0.03937,Some use this
8,spatulas [hand tools],529,13438,0.03937,Some use this
8,paring knives,523,13438,0.03892,Some use this
8,clamps [hand tools],522,13438,0.03885,Some use this
8,forks,522,13438,0.03885,Some use this
8,electric and battery-powered hair clippers,516,13438,0.0384,Some use this
8,electric beard trimmers,515,13438,0.03832,Some use this
8,electric hair crimper,515,13438,0.03832,Some use this
8,pruning scissors,515,13438,0.03832,Some use this
8,biodegradable cutlery,514,13438,0.03825,Some use this
8,handles for hand-operated hand tools,510,13438,0.03795,Some use this
8,files [tools],508,13438,0.0378,Some use this
8,hair styling appliances,506,13438,0.03765,Some use this
8,beard trimmers,502,13438,0.03736,Some use this
8,chisels [hand tools],501,13438,0.03728,Some use this
8,vegetable knives,498,13438,0.03706,Some use this
8,gardening shears,496,13438,0.03691,Some use this
8,razor cases,496,13438,0.03691,Some use this
8,scissors for kitchen use,496,13438,0.03691,Some use this
8,fingernail clippers,495,13438,0.03684,Some use this
8,"table knives, forks and spoons of plastic",495,13438,0.03684,Some use this
8,electric hair straightening irons,493,13438,0.03669,Some use this
8,hammers,493,13438,0.03669,Some use this
8,agricultural hand tools,492,13438,0.03661,Some use this
8,augers [hand tools],491,13438,0.03654,Some use this
8,rakes [hand tools],489,13438,0.03639,Some use this
8,razor knives,487,13438,0.03624,Some use this
8,ratchets [hand tools],478,13438,0.03557,Some use this
8,hand tools and implements [hand-operated],474,13438,0.03527,Some use this
8,hand-operated cutting tools,472,13438,0.03512,Some use this
8,blades for electric razors,470,13438,0.03498,Some use this
8,electric nail files,470,13438,0.03498,Some use this
8,cuticle scissors,469,13438,0.0349,Some use this
8,hand tools and implements (hand operated),469,13438,0.0349,Some use this
8,manicure implements,469,13438,0.0349,Some use this
8,hand-operated tools for gardening,465,13438,0.0346,Some use this
8,cuticle nippers,461,13438,0.03431,Some use this
8,ceramic knives,458,13438,0.03408,Some use this
8,grindstones [hand tools],458,13438,0.03408,Some use this
8,electric ear hair trimmers,456,13438,0.03393,Some use this
8,punches [hand tools],456,13438,0.03393,Some use this
8,"table knives, forks and spoons for babies",450,13438,0.03349,Some use this
8,fulling tools [hand tools],449,13438,0.03341,Some use this
8,nippers [hand tools],449,13438,0.03341,Some use this
8,household knives,446,13438,0.03319,Some use this
8,hairdressing scissors,445,13438,0.03312,Some use this
8,chisels,442,13438,0.03289,Some use this
8,taps [hand tools],442,13438,0.03289,Some use this
8,bread knives,437,13438,0.03252,Some use this
8,kitchen knives (non-electric -),436,13438,0.03245,Some use this
8,bits [parts of hand tools],432,13438,0.03215,Some use this
8,nasal hair trimmers,431,13438,0.03207,Some use this
8,fruit knives,427,13438,0.03178,Some use this
8,sharpening stones,427,13438,0.03178,Some use this
8,electric hair cutters,424,13438,0.03155,Some use this
8,disposable razors,422,13438,0.0314,Some use this
8,electric irons for styling hair,422,13438,0.0314,Some use this
8,nail buffers,421,13438,0.03133,Some use this
8,boring tools [hand-operated tools],419,13438,0.03118,Some use this
8,"agricultural implements, hand-operated",415,13438,0.03088,Some use this
8,riveters [hand tools],415,13438,0.03088,Some use this
8,rotary tools [hand-operated tools],415,13438,0.03088,Some use this
8,shovels,413,13438,0.03073,Some use this
8,tool holders,412,13438,0.03066,Some use this
8,kitchen mandolines,411,13438,0.03058,Some use this
8,embossers [hand tools],410,13438,0.03051,Some use this
8,lifting tools,410,13438,0.03051,Some use this
8,drills [hand tools],409,13438,0.03044,Some use this
8,stamping-out tools [hand tools],409,13438,0.03044,Some use this
8,files [hand tools],408,13438,0.03036,Some use this
8,knife sharpeners [hand tools],408,13438,0.03036,Some use this
8,"hair braiders, electric",407,13438,0.03029,Some use this
8,pruning knives,406,13438,0.03021,Some use this
8,trowels [gardening],406,13438,0.03021,Some use this
8,pruners [hand tools],405,13438,0.03014,Some use this
8,blade sharpening instruments,403,13438,0.02999,Some use this
8,forks [cutlery],403,13438,0.02999,Some use this
8,utility knives,401,13438,0.02984,Some use this
8,thin-bladed kitchen knives,399,13438,0.02969,Some use this
8,crimping irons,398,13438,0.02962,Some use this
8,table forks,398,13438,0.02962,Some use this
8,gouges [hand tools],396,13438,0.02947,Some use this
8,table knives,393,13438,0.02925,Some use this
8,forks and spoons,391,13438,0.0291,Some use this
8,hand pumps,390,13438,0.02902,Some use this
8,trowels,389,13438,0.02895,Some use this
8,hand tools for use in beauty care,388,13438,0.02887,Some use this
8,"silver plate [knives, forks and spoons]",388,13438,0.02887,Some use this
8,folding knives,387,13438,0.0288,Some use this
8,tongs,387,13438,0.0288,Some use this
8,"baby spoons, table forks and table knives",386,13438,0.02872,Some use this
8,electric and non-electric depilatory appliances,385,13438,0.02865,Some use this
8,hair cutting and removal implements,384,13438,0.02858,Some use this
8,rotary tool bits [hand-operated tools],383,13438,0.0285,Some use this
8,blades for knives,382,13438,0.02843,Some use this
8,loppers [hand tools],382,13438,0.02843,Some use this
8,disposable tableware [cutlery] made of plastics,380,13438,0.02828,Some use this
8,countersinking tools for hand operated tools,379,13438,0.0282,Some use this
8,multi-tool knives,379,13438,0.0282,Some use this
8,razor strops,379,13438,0.0282,Some use this
8,shaving cases,379,13438,0.0282,Some use this
8,"silverware [cutlery, forks and spoons]",379,13438,0.0282,Some use this
8,tool belts,379,13438,0.0282,Some use this
8,garden forks,373,13438,0.02776,Some use this
8,ladles [hand tools],373,13438,0.02776,Some use this
8,hobby knives [scalpels],369,13438,0.02746,Some use this
8,spanners,369,13438,0.02746,Some use this
8,depilation appliances,368,13438,0.02739,Some use this
8,dies [hand tools],368,13438,0.02739,Some use this
8,secateurs,368,13438,0.02739,Some use this
8,"air pumps, hand-operated",367,13438,0.02731,Some use this
8,drywall finishing tools [hand tool],367,13438,0.02731,Some use this
8,tongs [hand tools],367,13438,0.02731,Some use this
8,ratchet wrenches [hand tools],366,13438,0.02724,Some use this
8,engravers [hand tools],365,13438,0.02716,Some use this
8,weeding forks [hand tools],365,13438,0.02716,Some use this
8,emergency cutting tools [hand tools],364,13438,0.02709,Some use this
8,extensions for hand tools,364,13438,0.02709,Some use this
8,gimlets [hand tools],364,13438,0.02709,Some use this
8,pincers,363,13438,0.02701,Some use this
8,planers [hand tools],363,13438,0.02701,Some use this
8,electric animal nail grinders,362,13438,0.02694,Some use this
8,rasps [hand tools],362,13438,0.02694,Some use this
8,japanese chopping kitchen knives,361,13438,0.02686,Some use this
8,electric hair crimpers,360,13438,0.02679,Some use this
8,hand-operated hair clippers,360,13438,0.02679,Some use this
8,spades [hand tools],360,13438,0.02679,Some use this
8,vegetable choppers,360,13438,0.02679,Some use this
8,electric irons,358,13438,0.02664,Some use this
8,nail buffers for use in manicure,358,13438,0.02664,Some use this
8,electric manicure sets,357,13438,0.02657,Some use this
8,knives being tableware,356,13438,0.02649,Some use this
8,nail nippers [hand tools],356,13438,0.02649,Some use this
8,hoes [hand tools],353,13438,0.02627,Some use this
8,palette knives,353,13438,0.02627,Some use this
8,pizza cutters,352,13438,0.02619,Some use this
8,apparatus for tattooing,350,13438,0.02605,Some use this
8,non-electric hair clippers,350,13438,0.02605,Some use this
8,nail skin treatment trimmers,349,13438,0.02597,Some use this
8,electric crimping irons for the hair,348,13438,0.0259,Some use this
8,gardening trowels,346,13438,0.02575,Some use this
8,knife handles,346,13438,0.02575,Some use this
8,nippers,346,13438,0.02575,Some use this
8,reamers [hand tools],346,13438,0.02575,Some use this
8,cutlery for use by children,345,13438,0.02567,Some use this
8,hand drills [hand tools],344,13438,0.0256,Some use this
8,non-electric razors,344,13438,0.0256,Some use this
8,guns [hand tools],342,13438,0.02545,Some use this
8,vegetable slicers,342,13438,0.02545,Some use this
8,cutlery for use by babies,340,13438,0.0253,Some use this
8,fruit pickers [hand tools],340,13438,0.0253,Some use this
8,scissors for household use,340,13438,0.0253,Some use this
8,diggers [hand tools],339,13438,0.02523,Some use this
8,emergency multi-tools [hand tools],337,13438,0.02508,Some use this
8,shaving blades,336,13438,0.025,Some use this
8,diamond cutting tools for hand-operated tools,335,13438,0.02493,Some use this
8,mustache and beard trimmers,331,13438,0.02463,Some use this
8,"pizza cutters, non-electric",331,13438,0.02463,Some use this
8,butter knives,330,13438,0.02456,Some use this
8,"hand drills, hand-operated",330,13438,0.02456,Some use this
8,knife holders,330,13438,0.02456,Some use this
8,sharpening instruments,329,13438,0.02448,Some use this
8,weeding tools [hand operated],329,13438,0.02448,Some use this
8,cleavers,328,13438,0.02441,Some use this
8,penknives,328,13438,0.02441,Some use this
8,rotary metal cutting tools [hand-operated tools],327,13438,0.02433,Some use this
8,"can openers, non-electric",326,13438,0.02426,Some use this
8,flat irons,326,13438,0.02426,Some use this
8,hand saws,326,13438,0.02426,Some use this
8,hand-operated cutlery,326,13438,0.02426,Some use this
8,axes,325,13438,0.02419,Some use this
8,drills,325,13438,0.02419,Some use this
8,fish slicing kitchen knives,325,13438,0.02419,Some use this
8,nail drawers [hand tools],325,13438,0.02419,Some use this
8,knife sharpeners [hand operated tools],323,13438,0.02404,Some use this
8,scribers [hand tools],323,13438,0.02404,Some use this
8,boxes adapted for cutlery,322,13438,0.02396,Some use this
8,braiders [hand tools],322,13438,0.02396,Some use this
8,drill holders [hand tools],322,13438,0.02396,Some use this
8,emery boards,322,13438,0.02396,Some use this
8,pruning shears,321,13438,0.02389,Some use this
8,disposable knives,320,13438,0.02381,Some use this
8,ditchers [hand tools],320,13438,0.02381,Some use this
8,"nail buffers, electric or non-electric",320,13438,0.02381,Some use this
8,butcher knives,319,13438,0.02374,Some use this
8,electric pedicure sets,319,13438,0.02374,Some use this
8,wire strippers [hand tools],319,13438,0.02374,Some use this
8,"tin openers, non-electric",318,13438,0.02366,Some use this
8,adjustable spanners,317,13438,0.02359,Some use this
8,electric hair clippers for animals [hand instruments],317,13438,0.02359,Some use this
8,cheese knives,316,13438,0.02352,Some use this
8,punch pliers [hand tools],316,13438,0.02352,Some use this
8,beard shaping tool,315,13438,0.02344,Some use this
8,drill bits for hand drills,315,13438,0.02344,Some use this
8,emergency spreading tools [hand tools],314,13438,0.02337,Some use this
8,picks [hand tools],314,13438,0.02337,Some use this
8,artificial eyelash tweezers,313,13438,0.02329,Some use this
8,scaling knives,313,13438,0.02329,Some use this
8,scissor blades,313,13438,0.02329,Some use this
8,coffee spoons,312,13438,0.02322,Some use this
8,hex tools,312,13438,0.02322,Some use this
8,pincers [hand tools],312,13438,0.02322,Some use this
8,milling cutters [hand tools],311,13438,0.02314,Some use this
8,tool aprons,311,13438,0.02314,Some use this
8,scrapers,310,13438,0.02307,Some use this
8,hair clippers for babies,309,13438,0.02299,Some use this
8,pruning saws [hand tools],309,13438,0.02299,Some use this
8,tube cutters [hand tools],308,13438,0.02292,Some use this
8,hair clippers for personal use,307,13438,0.02285,Some use this
8,mincing knives [hand tools],307,13438,0.02285,Some use this
8,"plastic spoons, table forks and table knives",307,13438,0.02285,Some use this
8,electric hand-held hair styling irons,306,13438,0.02277,Some use this
8,hand-operated sharpening tools and instruments,306,13438,0.02277,Some use this
8,safety razors,305,13438,0.0227,Some use this
8,pedicure implements,303,13438,0.02255,Some use this
8,rammers [hand tools],303,13438,0.02255,Some use this
8,"side arms, except firearms",303,13438,0.02255,Some use this
8,tree pruners,303,13438,0.02255,Some use this
8,cake cutters,302,13438,0.02247,Some use this
8,canteens of cutlery,301,13438,0.0224,Some use this
8,"nail files, non-electric",301,13438,0.0224,Some use this
8,nail punches,301,13438,0.0224,Some use this
8,adzes [hand tools],299,13438,0.02225,Some use this
8,box cutters,299,13438,0.02225,Some use this
8,electric hair braiders,299,13438,0.02225,Some use this
9,computer software,19301,145990,0.13221,Most use this
9,software,11714,145990,0.08024,Recommended
9,headphones,9721,145990,0.06659,Recommended
9,application software,9611,145990,0.06583,Recommended
9,battery chargers,6895,145990,0.04723,Recommended
9,downloadable electronic publications,6879,145990,0.04712,Recommended
9,computer hardware,6496,145990,0.0445,Recommended
9,mobile apps,6113,145990,0.04187,Recommended
9,electronic publications,5839,145990,0.04,Some use this
9,sunglasses,5672,145990,0.03885,Some use this
9,"computer software applications, downloadable",5568,145990,0.03814,Some use this
9,podcasts,5529,145990,0.03787,Some use this
9,software applications,5415,145990,0.03709,Some use this
9,downloadable mobile applications,5343,145990,0.0366,Some use this
9,downloadable software,5251,145990,0.03597,Some use this
9,mobile application software,5211,145990,0.03569,Some use this
9,downloadable publications,5141,145990,0.03521,Some use this
9,downloadable computer software,4901,145990,0.03357,Some use this
9,batteries,4859,145990,0.03328,Some use this
9,computers,4751,145990,0.03254,Some use this
9,microphones,4550,145990,0.03117,Some use this
9,computer peripheral devices,4233,145990,0.029,Some use this
9,cameras,4224,145990,0.02893,Some use this
9,computer application software,4137,145990,0.02834,Some use this
9,mobile software,4116,145990,0.02819,Some use this
9,computer software platforms,3996,145990,0.02737,Some use this
9,downloadable music files,3976,145990,0.02723,Some use this
9,computer software applications,3939,145990,0.02698,Some use this
9,media content,3820,145990,0.02617,Some use this
9,tablet computers,3733,145990,0.02557,Some use this
9,downloadable podcasts,3682,145990,0.02522,Some use this
9,earphones,3670,145990,0.02514,Some use this
9,smartwatches,3593,145990,0.02461,Some use this
9,computer games,3477,145990,0.02382,Some use this
9,mouse pads,3427,145990,0.02347,Some use this
9,downloadable image files,3360,145990,0.02302,Some use this
9,computer keyboards,3357,145990,0.02299,Some use this
9,platform software,3339,145990,0.02287,Some use this
9,computer game software,3333,145990,0.02283,Some use this
9,wireless chargers,3318,145990,0.02273,Some use this
9,application software for mobile phones,3239,145990,0.02219,Some use this
9,cases for smartphones,3232,145990,0.02214,Some use this
9,"batteries, electric",3222,145990,0.02207,Some use this
9,artificial intelligence software,3220,145990,0.02206,Some use this
9,downloadable computer software applications,3198,145990,0.02191,Some use this
9,usb cables,3138,145990,0.02149,Some use this
9,headsets,3095,145990,0.0212,Some use this
9,computer programs,3090,145990,0.02117,Some use this
9,business software,3024,145990,0.02071,Some use this
9,loudspeakers,3019,145990,0.02068,Some use this
9,downloadable software applications,3007,145990,0.0206,Some use this
9,audio books,2960,145990,0.02028,Some use this
9,video recordings,2948,145990,0.02019,Some use this
9,audio recordings,2939,145990,0.02013,Some use this
9,"apparatus for recording, transmission or reproduction of sound or images",2887,145990,0.01978,Some use this
9,data processing apparatus,2856,145990,0.01956,Some use this
9,"electronic publications, downloadable",2847,145990,0.0195,Some use this
9,games software,2832,145990,0.0194,Some use this
9,smartphones,2773,145990,0.01899,Some use this
9,e-books,2745,145990,0.0188,Some use this
9,databases,2679,145990,0.01835,Some use this
9,downloadable software applications for mobile phones,2645,145990,0.01812,Some use this
9,enterprise software,2619,145990,0.01794,Some use this
9,music recordings,2601,145990,0.01782,Some use this
9,mobile phone cases,2578,145990,0.01766,Some use this
9,chargers,2574,145990,0.01763,Some use this
9,"computer software, recorded",2534,145990,0.01736,Some use this
9,mobile phone chargers,2519,145990,0.01725,Some use this
9,mechanisms for coin-operated apparatus,2517,145990,0.01724,Some use this
9,smart watches,2507,145990,0.01717,Some use this
9,application software for mobile devices,2461,145990,0.01686,Some use this
9,portable media players,2455,145990,0.01682,Some use this
9,smartphone software,2431,145990,0.01665,Some use this
9,software and applications for mobile devices,2431,145990,0.01665,Some use this
9,"computer software platforms, recorded or downloadable",2414,145990,0.01654,Some use this
9,wireless headphones,2399,145990,0.01643,Some use this
9,downloadable application software,2372,145990,0.01625,Some use this
9,radios,2361,145990,0.01617,Some use this
9,usb chargers,2360,145990,0.01617,Some use this
9,downloadable educational media,2329,145990,0.01595,Some use this
9,solar batteries,2329,145990,0.01595,Some use this
9,wearable activity trackers,2324,145990,0.01592,Some use this
9,downloadable digital music,2322,145990,0.01591,Some use this
9,cabinets for loudspeakers,2315,145990,0.01586,Some use this
9,artificial intelligence and machine learning software,2310,145990,0.01582,Some use this
9,downloadable videos,2305,145990,0.01579,Some use this
9,downloadable electronic books,2299,145990,0.01575,Some use this
9,protective films adapted for smartphones,2295,145990,0.01572,Some use this
9,camcorders,2284,145990,0.01564,Some use this
9,cases for mobile phones,2284,145990,0.01564,Some use this
9,"magnetic data carriers, recording discs",2280,145990,0.01562,Some use this
9,video game software,2228,145990,0.01526,Some use this
9,dvds,2226,145990,0.01525,Some use this
9,eyeglasses,2222,145990,0.01522,Some use this
9,binoculars,2211,145990,0.01514,Some use this
9,computers and computer peripheral devices,2208,145990,0.01512,Some use this
9,spectacles,2194,145990,0.01503,Some use this
9,computer software programs,2193,145990,0.01502,Some use this
9,data cables,2188,145990,0.01499,Some use this
9,mobile phones,2187,145990,0.01498,Some use this
9,rechargeable batteries,2183,145990,0.01495,Some use this
9,cameras [photography],2179,145990,0.01493,Some use this
9,stands adapted for mobile phones,2173,145990,0.01488,Some use this
9,computer application software for mobile phones,2170,145990,0.01486,Some use this
9,collaboration software platforms [software],2169,145990,0.01486,Some use this
9,phone cases,2168,145990,0.01485,Some use this
9,web application software,2167,145990,0.01484,Some use this
9,ai software,2165,145990,0.01483,Some use this
9,recorded content,2152,145990,0.01474,Some use this
9,computer software packages,2147,145990,0.01471,Some use this
9,computer programs [downloadable software],2139,145990,0.01465,Some use this
9,mobile phone covers,2132,145990,0.0146,Some use this
9,educational software,2125,145990,0.01456,Some use this
9,"computer programs, downloadable",2115,145990,0.01449,Some use this
9,laptop computers,2115,145990,0.01449,Some use this
9,data processing equipment,2106,145990,0.01443,Some use this
9,virtual reality headsets,2070,145990,0.01418,Some use this
9,downloadable applications for use with mobile devices,2067,145990,0.01416,Some use this
9,eyewear,2062,145990,0.01412,Some use this
9,protective helmets,2061,145990,0.01412,Some use this
9,software applications for mobile devices,2057,145990,0.01409,Some use this
9,audio speakers,2054,145990,0.01407,Some use this
9,covers for smartphones,2052,145990,0.01406,Some use this
9,mobile telephones,2036,145990,0.01395,Some use this
9,software for mobile phones,2029,145990,0.0139,Some use this
9,downloadable applications for mobile devices,2021,145990,0.01384,Some use this
9,workflow software,2014,145990,0.0138,Some use this
9,musical sound recordings,2006,145990,0.01374,Some use this
9,fire-extinguishing apparatus,1998,145990,0.01369,Some use this
9,usb flash drives,1995,145990,0.01367,Some use this
9,data processing software,1987,145990,0.01361,Some use this
9,gaming software,1984,145990,0.01359,Some use this
9,decorative magnets,1981,145990,0.01357,Some use this
9,electrical adapters,1973,145990,0.01351,Some use this
9,software for computers,1968,145990,0.01348,Some use this
9,downloadable video recordings,1958,145990,0.01341,Some use this
9,animated cartoons,1951,145990,0.01336,Some use this
9,cell phone cases,1941,145990,0.0133,Some use this
9,software applications for use with mobile devices,1941,145990,0.0133,Some use this
9,computer peripherals,1940,145990,0.01329,Some use this
9,computer games software,1929,145990,0.01321,Some use this
9,educational mobile applications,1926,145990,0.01319,Some use this
9,smartglasses,1911,145990,0.01309,Some use this
9,covers for tablet computers,1898,145990,0.013,Some use this
9,mouse mats,1887,145990,0.01293,Some use this
9,digital cameras,1880,145990,0.01288,Some use this
9,musical recordings,1876,145990,0.01285,Some use this
9,power banks,1863,145990,0.01276,Some use this
9,education software,1861,145990,0.01275,Some use this
9,downloadable software in the nature of a mobile application,1860,145990,0.01274,Some use this
9,baby monitors,1857,145990,0.01272,Some use this
9,downloadable video game software,1852,145990,0.01269,Some use this
9,speakers,1835,145990,0.01257,Some use this
9,downloadable computer game software,1829,145990,0.01253,Some use this
9,e-commerce software,1826,145990,0.01251,Some use this
9,game software,1824,145990,0.01249,Some use this
9,mobile phone screen protectors,1807,145990,0.01238,Some use this
9,alarms,1802,145990,0.01234,Some use this
9,computer software for use as an application programming interface (api),1794,145990,0.01229,Some use this
9,computer software for database management,1787,145990,0.01224,Some use this
9,"smartphone software applications, downloadable",1786,145990,0.01223,Some use this
9,downloadable e-books,1784,145990,0.01222,Some use this
9,chargers for mobile phones,1782,145990,0.01221,Some use this
9,bags adapted for laptops,1776,145990,0.01217,Some use this
9,cloud computing software,1770,145990,0.01212,Some use this
9,musical video recordings,1758,145990,0.01204,Some use this
9,notebook computers,1758,145990,0.01204,Some use this
9,downloadable media,1736,145990,0.01189,Some use this
9,business technology software,1733,145990,0.01187,Some use this
9,magnets,1726,145990,0.01182,Some use this
9,downloadable educational course materials,1723,145990,0.0118,Some use this
9,interface software,1721,145990,0.01179,Some use this
9,charging stations for electric vehicles,1717,145990,0.01176,Some use this
9,downloadable smart phone application software,1712,145990,0.01173,Some use this
9,security software,1703,145990,0.01167,Some use this
9,sensors,1695,145990,0.01161,Some use this
9,software for smartphones,1694,145990,0.0116,Some use this
9,compact discs,1688,145990,0.01156,Some use this
9,stands adapted for laptops,1682,145990,0.01152,Some use this
9,portable power chargers,1678,145990,0.01149,Some use this
9,application software for smart phones,1666,145990,0.01141,Some use this
9,battery chargers for mobile phones,1666,145990,0.01141,Some use this
9,in-ear headphones,1665,145990,0.0114,Some use this
9,digital photo frames,1661,145990,0.01138,Some use this
9,electronic publications (downloadable),1659,145990,0.01136,Some use this
9,mouse [computer peripheral],1656,145990,0.01134,Some use this
9,sound recordings,1646,145990,0.01127,Some use this
9,digital music downloadable from the internet,1643,145990,0.01125,Some use this
9,power adapters,1640,145990,0.01123,Some use this
9,educational computer software,1638,145990,0.01122,Some use this
9,downloadable application software for smart phones,1627,145990,0.01114,Some use this
9,computer databases,1622,145990,0.01111,Some use this
9,data management software,1621,145990,0.0111,Some use this
9,smart speakers,1619,145990,0.01109,Some use this
9,computer software development tools,1614,145990,0.01106,Some use this
9,electronic databases,1610,145990,0.01103,Some use this
9,interactive software,1610,145990,0.01103,Some use this
9,downloadable smart phone applications (software),1609,145990,0.01102,Some use this
9,multimedia software,1602,145990,0.01097,Some use this
9,cell phone straps,1598,145990,0.01095,Some use this
9,downloadable applications,1578,145990,0.01081,Some use this
9,remote control apparatus,1565,145990,0.01072,Some use this
9,recorded media,1558,145990,0.01067,Some use this
9,video games software,1551,145990,0.01062,Some use this
9,goggles for sports,1550,145990,0.01062,Some use this
9,communications software,1543,145990,0.01057,Some use this
9,mobile phone battery chargers,1539,145990,0.01054,Some use this
9,car charger,1537,145990,0.01053,Some use this
9,computer memory devices,1537,145990,0.01053,Some use this
9,system software,1537,145990,0.01053,Some use this
9,downloadable video files,1533,145990,0.0105,Some use this
9,"cables, electric",1527,145990,0.01046,Some use this
9,video screens,1526,145990,0.01045,Some use this
9,usb cables for cellphones,1523,145990,0.01043,Some use this
9,mobile telephone cases,1518,145990,0.0104,Some use this
9,chargers for electric batteries,1514,145990,0.01037,Some use this
9,interactive computer software,1513,145990,0.01036,Some use this
9,video recorders,1502,145990,0.01029,Some use this
9,"computer game software, downloadable",1496,145990,0.01025,Some use this
9,magnetic data carriers,1488,145990,0.01019,Some use this
9,cell phone battery chargers,1486,145990,0.01018,Some use this
9,holders adapted for mobile phones,1484,145990,0.01017,Some use this
9,virtual reality software,1480,145990,0.01014,Some use this
9,downloadable music sound recordings,1478,145990,0.01012,Some use this
9,mobile phone straps,1474,145990,0.0101,Some use this
9,downloadable video recordings featuring music,1471,145990,0.01008,Some use this
9,computer game programs,1470,145990,0.01007,Some use this
9,smart glasses,1468,145990,0.01006,Some use this
9,battery boxes,1463,145990,0.01002,Some use this
9,music headphones,1459,145990,0.00999,Some use this
9,smart rings,1456,145990,0.00997,Some use this
9,interactive entertainment software,1453,145990,0.00995,Some use this
9,pre-recorded videos,1453,145990,0.00995,Some use this
9,scales,1446,145990,0.0099,Some use this
9,cell phone covers,1441,145990,0.00987,Some use this
9,computer software for mobile phones,1440,145990,0.00986,Some use this
9,communication software,1437,145990,0.00984,Some use this
9,wireless headsets,1435,145990,0.00983,Some use this
9,stands adapted for tablet computers,1434,145990,0.00982,Some use this
9,payment software,1419,145990,0.00972,Some use this
9,electric sockets,1416,145990,0.0097,Some use this
9,adapter cables for headphones,1414,145990,0.00969,Some use this
9,networking software,1403,145990,0.00961,Some use this
9,ear phones,1401,145990,0.0096,Some use this
9,application software for cloud computing services,1393,145990,0.00954,Some use this
9,interactive video game programs,1389,145990,0.00951,Some use this
9,computer gaming software,1385,145990,0.00949,Some use this
9,web application and server software,1385,145990,0.00949,Some use this
9,music software,1384,145990,0.00948,Some use this
9,cases for headphones,1381,145990,0.00946,Some use this
9,earbuds,1379,145990,0.00945,Some use this
9,downloadable computer software for blockchain technology,1370,145990,0.00938,Some use this
9,holders for cell phones,1369,145990,0.00938,Some use this
9,"cash registers, calculating devices",1368,145990,0.00937,Some use this
9,plugin software,1367,145990,0.00936,Some use this
9,mobile applications,1366,145990,0.00936,Some use this
9,headsets for mobile telephones,1365,145990,0.00935,Some use this
9,downloadable graphics for mobile phones,1357,145990,0.0093,Some use this
9,video cameras,1357,145990,0.0093,Some use this
9,downloadable musical sound recordings,1351,145990,0.00925,Some use this
9,computer game software for use on mobile and cellular phones,1350,145990,0.00925,Some use this
9,integrated circuits,1345,145990,0.00921,Some use this
9,business management software,1344,145990,0.00921,Some use this
9,financial management software,1339,145990,0.00917,Some use this
9,security cameras,1339,145990,0.00917,Some use this
9,downloadable computer games,1335,145990,0.00914,Some use this
9,computer mouse,1329,145990,0.0091,Some use this
9,computer e-commerce software,1328,145990,0.0091,Some use this
9,memory cards,1328,145990,0.0091,Some use this
9,telescopes,1323,145990,0.00906,Some use this
9,laptop cases,1322,145990,0.00906,Some use this
9,wireless speakers,1322,145990,0.00906,Some use this
9,computer software [programmes],1321,145990,0.00905,Some use this
9,leather cases for mobile phones,1320,145990,0.00904,Some use this
9,battery chargers for tablet computers,1317,145990,0.00902,Some use this
9,"computer programs, recorded",1314,145990,0.009,Some use this
9,pedometers,1311,145990,0.00898,Some use this
9,"compact discs, dvds and other digital recording media",1309,145990,0.00897,Some use this
9,cases adapted for mobile phones,1307,145990,0.00895,Some use this
9,usb adapters,1306,145990,0.00895,Some use this
9,virtual reality game software,1301,145990,0.00891,Some use this
9,computers and computer hardware,1299,145990,0.0089,Some use this
9,portable speakers,1295,145990,0.00887,Some use this
9,protective cases for mobile phones,1294,145990,0.00886,Some use this
9,electric charging cables,1288,145990,0.00882,Some use this
9,downloadable game software,1287,145990,0.00882,Some use this
9,artificial intelligence software for analysis,1286,145990,0.00881,Some use this
9,in-car telephone handset cradles,1286,145990,0.00881,Some use this
9,calculators,1281,145990,0.00877,Some use this
9,server software,1280,145990,0.00877,Some use this
9,computer software for application and database integration,1276,145990,0.00874,Some use this
9,simulation software,1274,145990,0.00873,Some use this
9,wearable computers,1274,145990,0.00873,Some use this
9,mobile phone speakers,1270,145990,0.0087,Some use this
9,selfie sticks [hand-held monopods],1264,145990,0.00866,Some use this
9,"communication, networking and social networking software",1263,145990,0.00865,Some use this
9,application software for wireless devices,1262,145990,0.00864,Some use this
9,telecommunications software,1256,145990,0.0086,Some use this
10,massage apparatus,2688,20834,0.12902,Most use this
10,sex toys,2099,20834,0.10075,Recommended
10,medical apparatus and instruments,1936,20834,0.09293,Recommended
10,esthetic massage apparatus,1404,20834,0.06739,Recommended
10,condoms,1335,20834,0.06408,Recommended
10,medical devices,1308,20834,0.06278,Recommended
10,love dolls [sex dolls],1209,20834,0.05803,Recommended
10,vibromassage apparatus,1191,20834,0.05717,Recommended
10,body massagers,986,20834,0.04733,Recommended
10,breast pumps,918,20834,0.04406,Recommended
10,"vibrators, being adult sexual aids",899,20834,0.04315,Recommended
10,suture materials,898,20834,0.0431,Recommended
10,adult sexual aids,890,20834,0.04272,Recommended
10,sex aids,808,20834,0.03878,Some use this
10,hearing aids,803,20834,0.03854,Some use this
10,physiotherapy apparatus,802,20834,0.03849,Some use this
10,electric esthetic massage apparatus,792,20834,0.03801,Some use this
10,electric massage apparatus for household use,787,20834,0.03777,Some use this
10,electrically operated massagers,787,20834,0.03777,Some use this
10,dental apparatus and instruments,757,20834,0.03633,Some use this
10,orthopaedic articles,755,20834,0.03624,Some use this
10,gloves for massage,743,20834,0.03566,Some use this
10,electric massage apparatus for personal use,715,20834,0.03432,Some use this
10,diagnostic apparatus for medical purposes,714,20834,0.03427,Some use this
10,"sexual activity apparatus, devices and articles",702,20834,0.03369,Some use this
10,massage apparatus for eyes,664,20834,0.03187,Some use this
10,back massage apparatus,659,20834,0.03163,Some use this
10,"massage apparatus, electric or non-electric",657,20834,0.03153,Some use this
10,neck massage apparatus,627,20834,0.0301,Some use this
10,abdominal belts,625,20834,0.03,Some use this
10,foot massagers,615,20834,0.02952,Some use this
10,surgical apparatus and instruments,610,20834,0.02928,Some use this
10,orthopedic articles,603,20834,0.02894,Some use this
10,"surgical, medical, dental and veterinary apparatus and instruments",596,20834,0.02861,Some use this
10,massage appliances,589,20834,0.02827,Some use this
10,gloves for medical purposes,583,20834,0.02798,Some use this
10,instruments for massage,570,20834,0.02736,Some use this
10,thermometers for medical purposes,566,20834,0.02717,Some use this
10,medical apparatus and devices,563,20834,0.02702,Some use this
10,massaging apparatus for personal use,552,20834,0.0265,Some use this
10,feeding bottles,548,20834,0.0263,Some use this
10,medical instruments,548,20834,0.0263,Some use this
10,medical and veterinary apparatus and instruments,545,20834,0.02616,Some use this
10,electric massage guns,539,20834,0.02587,Some use this
10,foot massage apparatus,533,20834,0.02558,Some use this
10,"artificial vaginas, being adult sexual aids",531,20834,0.02549,Some use this
10,"artificial penises, being adult sexual aids",530,20834,0.02544,Some use this
10,ear picks,522,20834,0.02506,Some use this
10,manual massage instruments,521,20834,0.02501,Some use this
10,electric esthetic massage apparatus for household purposes,511,20834,0.02453,Some use this
10,"penis enlargers, being adult sexual aids",505,20834,0.02424,Some use this
10,nasal aspirators,501,20834,0.02405,Some use this
10,baby bottles,499,20834,0.02395,Some use this
10,artificial penises [adult sexual stimulation aids],479,20834,0.02299,Some use this
10,medical gloves,470,20834,0.02256,Some use this
10,massage apparatus for neck and shoulders,467,20834,0.02242,Some use this
10,"benwa balls, being adult sexual aids",464,20834,0.02227,Some use this
10,babies' bottles,454,20834,0.02179,Some use this
10,ear plugs,454,20834,0.02179,Some use this
10,testing apparatus for medical purposes,447,20834,0.02146,Some use this
10,massage balls,439,20834,0.02107,Some use this
10,inflatable life-sized dolls used in sexual activity,429,20834,0.02059,Some use this
10,medical masks,428,20834,0.02054,Some use this
10,pacifiers for babies,425,20834,0.0204,Some use this
10,physical therapy equipment,425,20834,0.0204,Some use this
10,"apparatus, devices and articles for nursing infants",421,20834,0.02021,Some use this
10,vibration generating apparatus for massage,421,20834,0.02021,Some use this
10,"artificial limbs, eyes and teeth",420,20834,0.02016,Some use this
10,teething rings,419,20834,0.02011,Some use this
10,feeding bottle teats,416,20834,0.01997,Some use this
10,medical diagnostic apparatus for medical purposes,414,20834,0.01987,Some use this
10,facial aesthetic treatment apparatus using ultrasonic waves,410,20834,0.01968,Some use this
10,heat wrap massage apparatus,401,20834,0.01925,Some use this
10,scalp massagers,398,20834,0.0191,Some use this
10,therapeutic and assistive devices adapted for persons with disabilities,397,20834,0.01906,Some use this
10,led masks for therapeutic purposes,392,20834,0.01882,Some use this
10,masks for use by medical personnel,385,20834,0.01848,Some use this
10,body rehabilitation apparatus for medical purposes,383,20834,0.01838,Some use this
10,mobility aids,383,20834,0.01838,Some use this
10,anal plugs,381,20834,0.01829,Some use this
10,electric massage rollers,377,20834,0.0181,Some use this
10,blood testing apparatus,376,20834,0.01805,Some use this
10,ear plugs for sleeping,374,20834,0.01795,Some use this
10,baby feeding pacifiers,365,20834,0.01752,Some use this
10,"dental apparatus, electric",357,20834,0.01714,Some use this
10,foam massage rollers,353,20834,0.01694,Some use this
10,massage chairs with built-in massage apparatus,353,20834,0.01694,Some use this
10,baby feeding dummies,352,20834,0.0169,Some use this
10,blood pressure monitors,352,20834,0.0169,Some use this
10,medical diagnostic instruments,349,20834,0.01675,Some use this
10,"diagnostic, examination, and monitoring equipment",346,20834,0.01661,Some use this
10,face masks for medical use,345,20834,0.01656,Some use this
10,noise reduction ear plugs,338,20834,0.01622,Some use this
10,"bandages, elastic",336,20834,0.01613,Some use this
10,artificial limbs,333,20834,0.01598,Some use this
10,compression garments,333,20834,0.01598,Some use this
10,non-electric massage apparatus,333,20834,0.01598,Some use this
10,artificial breasts,331,20834,0.01589,Some use this
10,surgical gloves,331,20834,0.01589,Some use this
10,therapeutic facial masks,330,20834,0.01584,Some use this
10,apparatus for use in medical analysis,329,20834,0.01579,Some use this
10,cushions for medical purposes,328,20834,0.01574,Some use this
10,veterinary apparatus and instruments,327,20834,0.0157,Some use this
10,heart rate monitoring apparatus,326,20834,0.01565,Some use this
10,ear plugs for protection against noise,325,20834,0.0156,Some use this
10,surgical masks,322,20834,0.01546,Some use this
10,baby bottle nipples,320,20834,0.01536,Some use this
10,galvanic therapeutic appliances,317,20834,0.01522,Some use this
10,ear plugs [hearing protection devices],315,20834,0.01512,Some use this
10,physiotherapy and rehabilitation equipment,314,20834,0.01507,Some use this
10,lasers for medical purposes,312,20834,0.01498,Some use this
10,"contraceptives, non-chemical",310,20834,0.01488,Some use this
10,crutches,308,20834,0.01478,Some use this
10,sphygmomanometers,308,20834,0.01478,Some use this
10,body fat monitors,307,20834,0.01474,Some use this
10,medical therapy instruments,303,20834,0.01454,Some use this
10,blood glucose meter,302,20834,0.0145,Some use this
10,incontinence sheets,302,20834,0.0145,Some use this
10,vaginal syringes,300,20834,0.0144,Some use this
10,support bandages,299,20834,0.01435,Some use this
10,massage chairs,298,20834,0.0143,Some use this
10,baby teething rings,297,20834,0.01426,Some use this
10,gloves for medical use,297,20834,0.01426,Some use this
10,sanitary masks,296,20834,0.01421,Some use this
10,gum massagers for babies,294,20834,0.01411,Some use this
10,abdominal corsets,293,20834,0.01406,Some use this
10,dummies for babies,293,20834,0.01406,Some use this
10,orthopaedic belts,291,20834,0.01397,Some use this
10,electric scalp massagers for household use,290,20834,0.01392,Some use this
10,sexual activity devices,290,20834,0.01392,Some use this
10,artificial teeth,289,20834,0.01387,Some use this
10,thermal massage pads,289,20834,0.01387,Some use this
10,nebulisers,285,20834,0.01368,Some use this
10,wheeled walkers to aid mobility,284,20834,0.01363,Some use this
10,clinical thermometers,283,20834,0.01358,Some use this
10,massage mitts,283,20834,0.01358,Some use this
10,hearing protection devices,282,20834,0.01354,Some use this
10,maternity belts,282,20834,0.01354,Some use this
10,medical imaging apparatus,282,20834,0.01354,Some use this
10,led facial aesthetic treatment apparatus,280,20834,0.01344,Some use this
10,hearing protectors,279,20834,0.01339,Some use this
10,blood oxygen monitors,278,20834,0.01334,Some use this
10,vibromassage devices,277,20834,0.0133,Some use this
10,sexual activity apparatus,275,20834,0.0132,Some use this
10,medical analytical apparatus for medical purposes,272,20834,0.01306,Some use this
10,protective clothing for medical purposes,272,20834,0.01306,Some use this
10,orthopaedic footwear,269,20834,0.01291,Some use this
10,ear thermometers,268,20834,0.01286,Some use this
10,"knee bandages, orthopaedic",268,20834,0.01286,Some use this
10,massage apparatus [for medical purposes],267,20834,0.01282,Some use this
10,battery-operated scalp massagers,266,20834,0.01277,Some use this
10,menstrual cups,266,20834,0.01277,Some use this
10,catheters,265,20834,0.01272,Some use this
10,soporific pillows for insomnia,265,20834,0.01272,Some use this
10,electric massage chairs,264,20834,0.01267,Some use this
10,medical ankle braces,263,20834,0.01262,Some use this
10,contraceptive apparatus,262,20834,0.01258,Some use this
10,apparatus for artificial respiration,261,20834,0.01253,Some use this
10,appliances for massaging feet,261,20834,0.01253,Some use this
10,feeding bottle valves,260,20834,0.01248,Some use this
10,physical exercise apparatus for medical purposes,260,20834,0.01248,Some use this
10,belts for medical purposes,257,20834,0.01234,Some use this
10,orthodontic appliances,257,20834,0.01234,Some use this
10,dental equipment,255,20834,0.01224,Some use this
10,latex medical gloves,255,20834,0.01224,Some use this
10,baby dummies,252,20834,0.0121,Some use this
10,tools for medical diagnostics,252,20834,0.0121,Some use this
10,back supports for medical purposes,251,20834,0.01205,Some use this
10,abdominal pads,250,20834,0.012,Some use this
10,medical gowns,247,20834,0.01186,Some use this
10,medical skin enhancement apparatus using lasers,245,20834,0.01176,Some use this
10,non-chemical contraceptives,245,20834,0.01176,Some use this
10,air cushions for medical purposes,244,20834,0.01171,Some use this
10,apparatus for acne treatment,243,20834,0.01166,Some use this
10,dental implants,243,20834,0.01166,Some use this
10,dental instruments,242,20834,0.01162,Some use this
10,medical lasers,242,20834,0.01162,Some use this
10,medical syringes,242,20834,0.01162,Some use this
10,electronic medical instruments,241,20834,0.01157,Some use this
10,orthopaedic braces,241,20834,0.01157,Some use this
10,electric acupuncture instruments,239,20834,0.01147,Some use this
10,inhalers,239,20834,0.01147,Some use this
10,teeth protectors for dental purposes,239,20834,0.01147,Some use this
10,"clothing, headgear and footwear, braces and supports, for medical purposes",238,20834,0.01142,Some use this
10,physical therapy devices,237,20834,0.01138,Some use this
10,cooling patches for medical purposes,235,20834,0.01128,Some use this
10,medical ultrasound apparatus,235,20834,0.01128,Some use this
10,arch supports for footwear,234,20834,0.01123,Some use this
10,deep heat massage apparatus,234,20834,0.01123,Some use this
10,glucometers,234,20834,0.01123,Some use this
10,gloves for dental use,233,20834,0.01118,Some use this
10,needles for medical purposes,233,20834,0.01118,Some use this
10,dental braces,232,20834,0.01114,Some use this
10,blood pressure measuring apparatus,230,20834,0.01104,Some use this
10,cases fitted for medical instruments,230,20834,0.01104,Some use this
10,medical ventilators,230,20834,0.01104,Some use this
10,contraceptive devices,228,20834,0.01094,Some use this
10,medical implants,228,20834,0.01094,Some use this
10,digital hearing aids,225,20834,0.0108,Some use this
10,disposable gloves for surgical use,225,20834,0.0108,Some use this
10,feeding bottles for babies,225,20834,0.0108,Some use this
10,sanitary masks for medical purposes,225,20834,0.0108,Some use this
10,dental prostheses,224,20834,0.01075,Some use this
10,electric hearing aids,224,20834,0.01075,Some use this
10,gloves for use in hospitals,224,20834,0.01075,Some use this
10,protective ear plugs,224,20834,0.01075,Some use this
10,syringes for injections,224,20834,0.01075,Some use this
10,ear defenders,222,20834,0.01066,Some use this
10,pessaries,222,20834,0.01066,Some use this
10,sphygmotensiometers,222,20834,0.01066,Some use this
10,feeding aids and pacifiers,220,20834,0.01056,Some use this
10,incontinence bed pads,220,20834,0.01056,Some use this
10,apparatus for medical rehabilitation,219,20834,0.01051,Some use this
10,massage (gloves for -),219,20834,0.01051,Some use this
10,medical examination gloves,219,20834,0.01051,Some use this
10,orthopaedic supports,219,20834,0.01051,Some use this
10,nebulizers for medical use,218,20834,0.01046,Some use this
10,ear protectors,217,20834,0.01042,Some use this
10,supportive bandages,217,20834,0.01042,Some use this
10,disposable protective gloves for medical purposes,216,20834,0.01037,Some use this
10,nipples for baby bottles,215,20834,0.01032,Some use this
10,marital aids,214,20834,0.01027,Some use this
10,bed vibrators,212,20834,0.01018,Some use this
10,orthopedic cushions,212,20834,0.01018,Some use this
10,protective gloves for medical use,212,20834,0.01018,Some use this
10,apparatus for acupressure therapy,211,20834,0.01013,Some use this
10,therapeutic and assistive devices adapted for the disabled,210,20834,0.01008,Some use this
10,dental apparatus,209,20834,0.01003,Some use this
10,medical braces,208,20834,0.00998,Some use this
10,prosthetics and artificial implants,208,20834,0.00998,Some use this
10,apparatus for electrical muscle stimulation,207,20834,0.00994,Some use this
10,baby nursers,207,20834,0.00994,Some use this
10,electro medical instruments,207,20834,0.00994,Some use this
10,electronic apparatus for medical purposes,206,20834,0.00989,Some use this
10,"nasal irrigators, electric",206,20834,0.00989,Some use this
10,air pillows for medical purposes,205,20834,0.00984,Some use this
10,furniture especially made for medical purposes,205,20834,0.00984,Some use this
10,medical knee braces,205,20834,0.00984,Some use this
10,hair prostheses,204,20834,0.00979,Some use this
10,protective face masks for medical use,203,20834,0.00974,Some use this
10,respiratory masks for medical purposes,203,20834,0.00974,Some use this
10,medical catheters,202,20834,0.0097,Some use this
10,measuring devices for medical use,201,20834,0.00965,Some use this
10,heart rate monitors,200,20834,0.0096,Some use this
10,"knee bandages, orthopedic",200,20834,0.0096,Some use this
10,compression bandages,199,20834,0.00955,Some use this
10,orthopaedic soles,199,20834,0.00955,Some use this
10,ear adaptors for hearing aids,198,20834,0.0095,Some use this
10,nebulizers for respiration therapy,198,20834,0.0095,Some use this
10,pillows for therapeutic use,198,20834,0.0095,Some use this
10,knee supports for medical use,197,20834,0.00946,Some use this
10,"medical furniture and bedding, equipment for moving patients",197,20834,0.00946,Some use this
10,nebulizers for medical purposes,197,20834,0.00946,Some use this
10,toe separators for orthopaedic purposes,196,20834,0.00941,Some use this
10,ultraviolet ray lamps for medical purposes,196,20834,0.00941,Some use this
10,walking aids for medical purposes,196,20834,0.00941,Some use this
10,mattresses for medical use,195,20834,0.00936,Some use this
10,walking frames for disabled persons,195,20834,0.00936,Some use this
10,ice bags for medical purposes,194,20834,0.00931,Some use this
10,sanitary masks for medical use,194,20834,0.00931,Some use this
10,laser light treatment instruments for medical use,193,20834,0.00926,Some use this
10,medical testing instruments,193,20834,0.00926,Some use this
10,orthopaedic insoles,193,20834,0.00926,Some use this
10,tongue scrapers,193,20834,0.00926,Some use this
10,"clothing, headgear and footwear for medical personnel and patients",192,20834,0.00922,Some use this
10,sexual activity articles,192,20834,0.00922,Some use this
10,syringes for medical purposes,192,20834,0.00922,Some use this
10,dental tools,191,20834,0.00917,Some use this
10,orthopaedic foot cushions,191,20834,0.00917,Some use this
10,commode chairs,190,20834,0.00912,Some use this
10,compression socks for medical or therapeutic use,190,20834,0.00912,Some use this
10,childbirth mattresses,189,20834,0.00907,Some use this
10,gloves for medical examinations,189,20834,0.00907,Some use this
10,latex gloves for medical use,189,20834,0.00907,Some use this
10,medical prostheses,189,20834,0.00907,Some use this
10,testing instruments for medical diagnostic purposes,189,20834,0.00907,Some use this
10,ankle supports for medical use,188,20834,0.00902,Some use this
10,apparatus for phototherapy,188,20834,0.00902,Some use this
10,hearing aids for the deaf,188,20834,0.00902,Some use this
10,rubber gloves for medical use,187,20834,0.00898,Some use this
10,surgical apparatus and instruments for medical use,187,20834,0.00898,Some use this
10,babies' feeding bottles,186,20834,0.00893,Some use this
10,blood glucose monitoring apparatus,186,20834,0.00893,Some use this
10,ear plugs for medical purposes,186,20834,0.00893,Some use this
10,lamps for medical purposes,186,20834,0.00893,Some use this
10,pacifiers [babies dummies],186,20834,0.00893,Some use this
10,dummies [baby soothers],185,20834,0.00888,Some use this
10,disposable gloves for veterinary use,184,20834,0.00883,Some use this
10,"heating cushions, electric, for medical purposes",184,20834,0.00883,Some use this
10,knee bandages [supportive],183,20834,0.00878,Some use this
10,surgical robots,183,20834,0.00878,Some use this
10,electronic monitoring instruments for medical use,182,20834,0.00874,Some use this
10,body composition monitors,181,20834,0.00869,Some use this
10,compression stockings,181,20834,0.00869,Some use this
10,medical guidewires,181,20834,0.00869,Some use this
11,lamps,4937,30969,0.15942,Most use this
11,light bulbs,2742,30969,0.08854,Recommended
11,led lamps,2551,30969,0.08237,Recommended
11,ceiling lights,2522,30969,0.08144,Recommended
11,humidifiers,2191,30969,0.07075,Recommended
11,lighting apparatus and installations,2018,30969,0.06516,Recommended
11,desk lamps,1958,30969,0.06322,Recommended
11,bicycle lights,1904,30969,0.06148,Recommended
11,floor lamps,1875,30969,0.06054,Recommended
11,electric fans for personal use,1844,30969,0.05954,Recommended
11,electric lamps,1813,30969,0.05854,Recommended
11,fairy lights for festive decoration,1757,30969,0.05673,Recommended
11,electric fans,1731,30969,0.05589,Recommended
11,chandeliers,1667,30969,0.05383,Recommended
11,led lighting fixtures,1651,30969,0.05331,Recommended
11,light-emitting diodes [led] lighting apparatus,1606,30969,0.05186,Recommended
11,led light bulbs,1598,30969,0.0516,Recommended
11,hair dryers,1587,30969,0.05124,Recommended
11,air fryers,1586,30969,0.05121,Recommended
11,table lamps,1559,30969,0.05034,Recommended
11,air purifiers,1554,30969,0.05018,Recommended
11,lighting,1543,30969,0.04982,Recommended
11,decorative lights,1525,30969,0.04924,Recommended
11,lanterns for lighting,1498,30969,0.04837,Recommended
11,refrigerators,1475,30969,0.04763,Recommended
11,dehumidifiers,1449,30969,0.04679,Recommended
11,lighting fixtures,1448,30969,0.04676,Recommended
11,led luminaires,1440,30969,0.0465,Recommended
11,outdoor lighting,1405,30969,0.04537,Recommended
11,wall lights,1344,30969,0.0434,Recommended
11,string lights for festive decoration,1338,30969,0.0432,Recommended
11,showers,1334,30969,0.04308,Recommended
11,bath fittings,1311,30969,0.04233,Recommended
11,solar lights,1264,30969,0.04082,Recommended
11,"kettles, electric",1259,30969,0.04065,Recommended
11,led light strips,1240,30969,0.04004,Recommended
11,taps,1238,30969,0.03998,Some use this
11,"radiators, electric",1235,30969,0.03988,Some use this
11,barbecues,1231,30969,0.03975,Some use this
11,fans [air-conditioning],1225,30969,0.03956,Some use this
11,electric lights for christmas trees,1215,30969,0.03923,Some use this
11,faucets,1214,30969,0.0392,Some use this
11,portable electric fans,1186,30969,0.0383,Some use this
11,decorative lighting,1180,30969,0.0381,Some use this
11,wall lamps,1143,30969,0.03691,Some use this
11,lighting lamps,1141,30969,0.03684,Some use this
11,led landscape lights,1135,30969,0.03665,Some use this
11,air purifying apparatus and machines,1134,30969,0.03662,Some use this
11,nail lamps,1130,30969,0.03649,Some use this
11,toilet seats,1119,30969,0.03613,Some use this
11,led [light-emitting diode] lighting fixtures,1100,30969,0.03552,Some use this
11,lighting apparatus,1088,30969,0.03513,Some use this
11,"coffee machines, electric",1064,30969,0.03436,Some use this
11,heating apparatus,1064,30969,0.03436,Some use this
11,aquarium lights,1039,30969,0.03355,Some use this
11,bath installations,1038,30969,0.03352,Some use this
11,lamp shades,1033,30969,0.03336,Some use this
11,bedside lamps,1023,30969,0.03303,Some use this
11,searchlights,1014,30969,0.03274,Some use this
11,garden lighting,1009,30969,0.03258,Some use this
11,lights for vehicles,1001,30969,0.03232,Some use this
11,street lamps,1001,30969,0.03232,Some use this
11,"light bulbs, electric",999,30969,0.03226,Some use this
11,electric night lights,979,30969,0.03161,Some use this
11,light projectors,972,30969,0.03139,Some use this
11,led mood lights,971,30969,0.03135,Some use this
11,"cooking utensils, electric",970,30969,0.03132,Some use this
11,light fixtures,968,30969,0.03126,Some use this
11,germicidal lamps for purifying air,967,30969,0.03122,Some use this
11,solar lamps,958,30969,0.03093,Some use this
11,electric kettles,952,30969,0.03074,Some use this
11,garden lights,945,30969,0.03051,Some use this
11,lighting installations,931,30969,0.03006,Some use this
11,solar powered lamps,931,30969,0.03006,Some use this
11,air conditioners,921,30969,0.02974,Some use this
11,lampshades,921,30969,0.02974,Some use this
11,electric flashlights,919,30969,0.02967,Some use this
11,lamps for festive decoration,917,30969,0.02961,Some use this
11,lamps for outdoor use,915,30969,0.02955,Some use this
11,shower heads,913,30969,0.02948,Some use this
11,heating installations,907,30969,0.02929,Some use this
11,candle lamps,906,30969,0.02926,Some use this
11,electric heaters,906,30969,0.02926,Some use this
11,water heaters,902,30969,0.02913,Some use this
11,sinks,901,30969,0.02909,Some use this
11,diving lights,898,30969,0.029,Some use this
11,pocket warmers,894,30969,0.02887,Some use this
11,heat pumps,890,30969,0.02874,Some use this
11,air cooling apparatus,888,30969,0.02867,Some use this
11,hanging lamps,888,30969,0.02867,Some use this
11,desk lights,885,30969,0.02858,Some use this
11,safety lamps,880,30969,0.02842,Some use this
11,bath tubs,875,30969,0.02825,Some use this
11,heaters,873,30969,0.02819,Some use this
11,air humidifiers,861,30969,0.0278,Some use this
11,light diffusers,861,30969,0.0278,Some use this
11,water filtering apparatus,848,30969,0.02738,Some use this
11,disinfectant apparatus,847,30969,0.02735,Some use this
11,barbecue grills,846,30969,0.02732,Some use this
11,reading lights,844,30969,0.02725,Some use this
11,led flashlights,839,30969,0.02709,Some use this
11,led lighting installations,835,30969,0.02696,Some use this
11,lamp bulbs,834,30969,0.02693,Some use this
11,head torches,831,30969,0.02683,Some use this
11,filters for drinking water,827,30969,0.0267,Some use this
11,bulbs for lighting,826,30969,0.02667,Some use this
11,air filtering installations,816,30969,0.02635,Some use this
11,freezers,815,30969,0.02632,Some use this
11,"lights, electric, for christmas trees",815,30969,0.02632,Some use this
11,water filters,815,30969,0.02632,Some use this
11,electric torches,814,30969,0.02628,Some use this
11,"ultraviolet ray lamps, not for medical purposes",812,30969,0.02622,Some use this
11,hair driers,811,30969,0.02619,Some use this
11,coffee machines,809,30969,0.02612,Some use this
11,portable headlamps,804,30969,0.02596,Some use this
11,lighting fittings,796,30969,0.0257,Some use this
11,cooking apparatus and installations,789,30969,0.02548,Some use this
11,hot water bottles,788,30969,0.02544,Some use this
11,book lights,786,30969,0.02538,Some use this
11,electric hair dryers,768,30969,0.0248,Some use this
11,barbecue apparatus,765,30969,0.0247,Some use this
11,toasters,758,30969,0.02448,Some use this
11,toilets,755,30969,0.02438,Some use this
11,electric blankets,754,30969,0.02435,Some use this
11,toilet bowls,744,30969,0.02402,Some use this
11,spot lights,740,30969,0.02389,Some use this
11,light fittings,739,30969,0.02386,Some use this
11,cookers,738,30969,0.02383,Some use this
11,automobile lights,732,30969,0.02364,Some use this
11,microwave ovens,727,30969,0.02348,Some use this
11,electric coffee machines,725,30969,0.02341,Some use this
11,strings of lights,725,30969,0.02341,Some use this
11,mood lights,724,30969,0.02338,Some use this
11,ceiling fans,715,30969,0.02309,Some use this
11,camping lanterns,714,30969,0.02306,Some use this
11,lighting and lighting reflectors,713,30969,0.02302,Some use this
11,apparatus for lighting,712,30969,0.02299,Some use this
11,sanitary apparatus and installations,704,30969,0.02273,Some use this
11,water purification installations,704,30969,0.02273,Some use this
11,radiators,701,30969,0.02264,Some use this
11,plant grow lights,697,30969,0.02251,Some use this
11,coffee roasters,696,30969,0.02247,Some use this
11,led underwater lights,695,30969,0.02244,Some use this
11,electric lights,694,30969,0.02241,Some use this
11,electric lighting,693,30969,0.02238,Some use this
11,motorcycle lights,693,30969,0.02238,Some use this
11,light emitting diode lighting fixtures,690,30969,0.02228,Some use this
11,ice machines and apparatus,687,30969,0.02218,Some use this
11,standard lamps,680,30969,0.02196,Some use this
11,bidets,675,30969,0.0218,Some use this
11,usb-powered desktop fans,674,30969,0.02176,Some use this
11,led candles,667,30969,0.02154,Some use this
11,ovens,667,30969,0.02154,Some use this
11,strip lights,667,30969,0.02154,Some use this
11,bicycle lamps,665,30969,0.02147,Some use this
11,torches for lighting,665,30969,0.02147,Some use this
11,industrial lighting fixtures,663,30969,0.02141,Some use this
11,bathroom sinks,661,30969,0.02134,Some use this
11,luminous tubes for lighting,661,30969,0.02134,Some use this
11,air dryers,660,30969,0.02131,Some use this
11,air filters,660,30969,0.02131,Some use this
11,fan heaters,659,30969,0.02128,Some use this
11,electrical lamps for outdoor lighting,654,30969,0.02112,Some use this
11,display lighting,651,30969,0.02102,Some use this
11,radiators [heating],650,30969,0.02099,Some use this
11,bread baking machines,644,30969,0.02079,Some use this
11,portable electric heaters,643,30969,0.02076,Some use this
11,electrical lamps for indoor lighting,642,30969,0.02073,Some use this
11,baths,641,30969,0.0207,Some use this
11,kitchen sinks,640,30969,0.02067,Some use this
11,lanterns,640,30969,0.02067,Some use this
11,usb-powered hand warmers,640,30969,0.02067,Some use this
11,bath plumbing fixtures,638,30969,0.0206,Some use this
11,multicookers,632,30969,0.02041,Some use this
11,led safety lamps,620,30969,0.02002,Some use this
11,lamp casings,615,30969,0.01986,Some use this
11,electric lighting fixtures,607,30969,0.0196,Some use this
11,lamp globes,604,30969,0.0195,Some use this
11,"heating apparatus, electric",603,30969,0.01947,Some use this
11,roasting apparatus,598,30969,0.01931,Some use this
11,air dehumidifiers,597,30969,0.01928,Some use this
11,baking ovens,597,30969,0.01928,Some use this
11,microwave ovens [cooking apparatus],597,30969,0.01928,Some use this
11,kettles,594,30969,0.01918,Some use this
11,air conditioning fans,593,30969,0.01915,Some use this
11,boilers,593,30969,0.01915,Some use this
11,chinese lanterns,591,30969,0.01908,Some use this
11,lamps for lighting purposes,589,30969,0.01902,Some use this
11,electric light bulbs,588,30969,0.01899,Some use this
11,water purifying apparatus and machines,587,30969,0.01895,Some use this
11,bath taps,584,30969,0.01886,Some use this
11,light bars,584,30969,0.01886,Some use this
11,lamp bases,583,30969,0.01883,Some use this
11,sockets for electric lights,580,30969,0.01873,Some use this
11,air conditioning apparatus,579,30969,0.0187,Some use this
11,"blankets, electric, not for medical purposes",578,30969,0.01866,Some use this
11,flashlights [torches],578,30969,0.01866,Some use this
11,lamp mantles,576,30969,0.0186,Some use this
11,electrically heated carpets,575,30969,0.01857,Some use this
11,hanging ceiling lamps,573,30969,0.0185,Some use this
11,security lighting,572,30969,0.01847,Some use this
11,spotlights,572,30969,0.01847,Some use this
11,flood lights,571,30969,0.01844,Some use this
11,shower taps,569,30969,0.01837,Some use this
11,cooking stoves,568,30969,0.01834,Some use this
11,electrical lighting fixtures,565,30969,0.01824,Some use this
11,bathroom installations,562,30969,0.01815,Some use this
11,filters for air conditioning,562,30969,0.01815,Some use this
11,taps [faucets],560,30969,0.01808,Some use this
11,grills [cooking appliances],556,30969,0.01795,Some use this
11,shower fittings,555,30969,0.01792,Some use this
11,shower bath fittings,554,30969,0.01789,Some use this
11,lampshade holders,553,30969,0.01786,Some use this
11,candle lanterns,552,30969,0.01782,Some use this
11,indoor electrical lighting fixtures,549,30969,0.01773,Some use this
11,air-conditioning apparatus,548,30969,0.0177,Some use this
11,lamp glasses,546,30969,0.01763,Some use this
11,light shades,546,30969,0.01763,Some use this
11,barbecue cooking apparatus,544,30969,0.01757,Some use this
11,fabric steamers,542,30969,0.0175,Some use this
11,shower baths,541,30969,0.01747,Some use this
11,outdoor lighting fittings,540,30969,0.01744,Some use this
11,electric heating fans,539,30969,0.0174,Some use this
11,coffee makers,538,30969,0.01737,Some use this
11,portable refrigerators,536,30969,0.01731,Some use this
11,cooking appliances,535,30969,0.01728,Some use this
11,bed warmers,533,30969,0.01721,Some use this
11,led [light-emitting diode] luminaires,532,30969,0.01718,Some use this
11,lights for automobiles,532,30969,0.01718,Some use this
11,electrically heated clothing,531,30969,0.01715,Some use this
11,outdoor electrical lighting fixtures,531,30969,0.01715,Some use this
11,lamps for tents,530,30969,0.01711,Some use this
11,shower trays,530,30969,0.01711,Some use this
11,lighting apparatus for vehicles,529,30969,0.01708,Some use this
11,decorative lighting sets,528,30969,0.01705,Some use this
11,kitchen ranges [ovens],528,30969,0.01705,Some use this
11,portable lamps [for illumination],527,30969,0.01702,Some use this
11,electric radiators,526,30969,0.01698,Some use this
11,lighting panels,526,30969,0.01698,Some use this
11,luminaires,526,30969,0.01698,Some use this
11,dehumidifiers for household use,522,30969,0.01686,Some use this
11,table fans,522,30969,0.01686,Some use this
11,electric fans [for household purposes],519,30969,0.01676,Some use this
11,air driers,518,30969,0.01673,Some use this
11,sanitary and bathroom installations and plumbing fixtures,517,30969,0.01669,Some use this
11,air cleaning apparatus,516,30969,0.01666,Some use this
11,water dispensers,516,30969,0.01666,Some use this
11,commercial lighting fixtures,513,30969,0.01656,Some use this
11,"deep fryers, electric",513,30969,0.01656,Some use this
11,electric coffee makers,513,30969,0.01656,Some use this
11,beverage cooling apparatus,512,30969,0.01653,Some use this
11,stage lighting apparatus,509,30969,0.01644,Some use this
11,air deodorizing apparatus,508,30969,0.0164,Some use this
11,bathroom wash basins,508,30969,0.0164,Some use this
11,electric fairy lights,508,30969,0.0164,Some use this
11,lighting units,507,30969,0.01637,Some use this
11,christmas tree ornaments for illumination [electric lights],506,30969,0.01634,Some use this
11,filters for air purifiers,506,30969,0.01634,Some use this
11,bread toasters,505,30969,0.01631,Some use this
11,fireplaces,505,30969,0.01631,Some use this
11,headlights for automobiles,505,30969,0.01631,Some use this
11,luminaires for outdoor lighting,505,30969,0.01631,Some use this
11,air-conditioning installations,504,30969,0.01627,Some use this
11,camping stoves,504,30969,0.01627,Some use this
11,halogen lamps,504,30969,0.01627,Some use this
11,shower cabinets,504,30969,0.01627,Some use this
11,electric grills,502,30969,0.01621,Some use this
11,gas burners,500,30969,0.01615,Some use this
11,de-humidifiers,498,30969,0.01608,Some use this
11,refrigerating appliances and installations,497,30969,0.01605,Some use this
11,clothes dryers,496,30969,0.01602,Some use this
11,heated towel rails,494,30969,0.01595,Some use this
11,mixer taps for water pipes,494,30969,0.01595,Some use this
11,electric cooking ovens,492,30969,0.01589,Some use this
11,lamp reflectors,492,30969,0.01589,Some use this
11,neon lamps for illumination,492,30969,0.01589,Some use this
11,basin taps,491,30969,0.01585,Some use this
11,central heating radiators,488,30969,0.01576,Some use this
11,refrigerating apparatus and machines,488,30969,0.01576,Some use this
11,air conditioning,487,30969,0.01573,Some use this
11,bakers' ovens,486,30969,0.01569,Some use this
11,led light machines,484,30969,0.01563,Some use this
11,hairdryers,482,30969,0.01556,Some use this
11,led lights for automobiles,482,30969,0.01556,Some use this
11,ventilation [air-conditioning] installations and apparatus,482,30969,0.01556,Some use this
11,bathroom heaters,481,30969,0.01553,Some use this
11,vehicle lights,481,30969,0.01553,Some use this
11,led lighting assemblies for illuminated signs,478,30969,0.01543,Some use this
11,electric holiday lights,477,30969,0.0154,Some use this
11,lamp finials,477,30969,0.0154,Some use this
11,shower cubicles,477,30969,0.0154,Some use this
11,decorative lighting for christmas trees,476,30969,0.01537,Some use this
11,refrigerating cabinets,476,30969,0.01537,Some use this
11,sconce lighting fixtures,473,30969,0.01527,Some use this
11,electric cooling fans,472,30969,0.01524,Some use this
11,vehicle headlights,472,30969,0.01524,Some use this
12,bicycles,2417,17700,0.13655,Most use this
12,vehicles,2003,17700,0.11316,Recommended
12,electric vehicles,1884,17700,0.10644,Recommended
12,electric bicycles,1811,17700,0.10232,Recommended
12,motorcycles,1234,17700,0.06972,Recommended
12,cars,1169,17700,0.06605,Recommended
12,upholstery for vehicles,894,17700,0.05051,Recommended
12,bicycle frames,876,17700,0.04949,Recommended
12,bicycle saddles,828,17700,0.04678,Recommended
12,bicycle pedals,813,17700,0.04593,Recommended
12,rearview mirrors,779,17700,0.04401,Recommended
12,automobiles,753,17700,0.04254,Recommended
12,"apparatus for locomotion by land, air or water",733,17700,0.04141,Recommended
12,mobility scooters,724,17700,0.0409,Recommended
12,bicycle handlebars,713,17700,0.04028,Recommended
12,parts and fittings for vehicles,684,17700,0.03864,Some use this
12,seat covers for vehicles,681,17700,0.03847,Some use this
12,automotive interior trim,672,17700,0.03797,Some use this
12,bicycle brakes,652,17700,0.03684,Some use this
12,bicycle wheels,650,17700,0.03672,Some use this
12,automobile chassis,636,17700,0.03593,Some use this
12,bicycle bells,630,17700,0.03559,Some use this
12,electric cars,624,17700,0.03525,Some use this
12,pushchairs,609,17700,0.03441,Some use this
12,bicycle chains,608,17700,0.03435,Some use this
12,motor scooters,608,17700,0.03435,Some use this
12,bicycle kickstands,597,17700,0.03373,Some use this
12,"safety seats for children, for vehicles",594,17700,0.03356,Some use this
12,vehicle seats,593,17700,0.0335,Some use this
12,tricycles,592,17700,0.03345,Some use this
12,luggage carriers for vehicles,590,17700,0.03333,Some use this
12,bicycle mudguards,588,17700,0.03322,Some use this
12,trolleys,586,17700,0.03311,Some use this
12,mopeds,584,17700,0.03299,Some use this
12,automobile bodies,578,17700,0.03266,Some use this
12,scooters,577,17700,0.0326,Some use this
12,motor cars,576,17700,0.03254,Some use this
12,motor vehicles,575,17700,0.03249,Some use this
12,shock absorbers for automobiles,567,17700,0.03203,Some use this
12,folding electric bicycles,565,17700,0.03192,Some use this
12,bicycle tyres,560,17700,0.03164,Some use this
12,self-balancing scooters,559,17700,0.03158,Some use this
12,anti-theft devices for vehicles,558,17700,0.03153,Some use this
12,covers for vehicle steering wheels,558,17700,0.03153,Some use this
12,push scooters [vehicles],554,17700,0.0313,Some use this
12,bumpers for automobiles,551,17700,0.03113,Some use this
12,sun-blinds adapted for automobiles,546,17700,0.03085,Some use this
12,camera drones,533,17700,0.03011,Some use this
12,vehicle wheels,530,17700,0.02994,Some use this
12,boats,525,17700,0.02966,Some use this
12,pumps for bicycle tyres,525,17700,0.02966,Some use this
12,air pumps [vehicle accessories],524,17700,0.0296,Some use this
12,steering wheels for vehicles,522,17700,0.02949,Some use this
12,brake pads for automobiles,521,17700,0.02944,Some use this
12,brakes for vehicles,519,17700,0.02932,Some use this
12,head-rests for vehicle seats,515,17700,0.0291,Some use this
12,bicycle motors,514,17700,0.02904,Some use this
12,engines for land vehicles,508,17700,0.0287,Some use this
12,"vehicles for locomotion by land, air, water or rail",505,17700,0.02853,Some use this
12,bicycle pumps,501,17700,0.02831,Some use this
12,baby carriages,498,17700,0.02814,Some use this
12,"motors, electric, for land vehicles",489,17700,0.02763,Some use this
12,civilian drones,484,17700,0.02734,Some use this
12,bicycle cranks,472,17700,0.02667,Some use this
12,sports cars,461,17700,0.02605,Some use this
12,bags for bicycles,459,17700,0.02593,Some use this
12,safety belts for vehicle seats,459,17700,0.02593,Some use this
12,mudguards,454,17700,0.02565,Some use this
12,drones,453,17700,0.02559,Some use this
12,land vehicles,448,17700,0.02531,Some use this
12,clutches for land vehicles,446,17700,0.0252,Some use this
12,automotive vehicles,445,17700,0.02514,Some use this
12,strollers,438,17700,0.02475,Some use this
12,tyres for vehicle wheels,429,17700,0.02424,Some use this
12,vehicle chassis,428,17700,0.02418,Some use this
12,bicycle trailers,426,17700,0.02407,Some use this
12,bicycle tires,425,17700,0.02401,Some use this
12,trucks,417,17700,0.02356,Some use this
12,vehicle bumpers,417,17700,0.02356,Some use this
12,luggage nets for vehicles,416,17700,0.0235,Some use this
12,motorcycle handlebars,414,17700,0.02339,Some use this
12,baskets adapted for bicycles,408,17700,0.02305,Some use this
12,bicycle seats,405,17700,0.02288,Some use this
12,saddle covers for bicycles,400,17700,0.0226,Some use this
12,car seat covers,399,17700,0.02254,Some use this
12,electric wheelchairs,397,17700,0.02243,Some use this
12,motorised bicycles,395,17700,0.02232,Some use this
12,motors for land vehicles,392,17700,0.02215,Some use this
12,vans [vehicles],389,17700,0.02198,Some use this
12,electrically-powered motor scooters,388,17700,0.02192,Some use this
12,tires for vehicle wheels,386,17700,0.02181,Some use this
12,carts,385,17700,0.02175,Some use this
12,suspension shock absorbers for vehicles,380,17700,0.02147,Some use this
12,bodywork parts for vehicles,378,17700,0.02136,Some use this
12,mountain bicycles,377,17700,0.0213,Some use this
12,automobile tyres,376,17700,0.02124,Some use this
12,mountain bikes,371,17700,0.02096,Some use this
12,ashtrays for automobiles,368,17700,0.02079,Some use this
12,folding bicycles,367,17700,0.02073,Some use this
12,automobile windshield sunshades,365,17700,0.02062,Some use this
12,pumps for bicycle tires,365,17700,0.02062,Some use this
12,windshield wipers,365,17700,0.02062,Some use this
12,gear boxes for land vehicles,362,17700,0.02045,Some use this
12,motorcycle kickstands,359,17700,0.02028,Some use this
12,repair outfits for inner tubes,359,17700,0.02028,Some use this
12,self-balancing two-wheeled electric scooters,359,17700,0.02028,Some use this
12,air pumps for automobiles,358,17700,0.02023,Some use this
12,prams,358,17700,0.02023,Some use this
12,gears for bicycles,357,17700,0.02017,Some use this
12,motorized bicycles,355,17700,0.02006,Some use this
12,bicycle handlebar grips,354,17700,0.02,Some use this
12,horns for vehicles,352,17700,0.01989,Some use this
12,trailers,352,17700,0.01989,Some use this
12,racing bicycles,349,17700,0.01972,Some use this
12,axles for vehicles,347,17700,0.0196,Some use this
12,anti-theft alarms for vehicles,346,17700,0.01955,Some use this
12,automobile tires,346,17700,0.01955,Some use this
12,interior trim parts of automobiles,345,17700,0.01949,Some use this
12,saddlebags adapted for bicycles,341,17700,0.01927,Some use this
12,pet strollers,339,17700,0.01915,Some use this
12,delivery drones,338,17700,0.0191,Some use this
12,vehicle covers [shaped],338,17700,0.0191,Some use this
12,side view mirrors for vehicles,336,17700,0.01898,Some use this
12,bicycle seat posts,334,17700,0.01887,Some use this
12,motorcycle frames,333,17700,0.01881,Some use this
12,tyres,332,17700,0.01876,Some use this
12,electric motor cycles,331,17700,0.0187,Some use this
12,electrically operated scooters,329,17700,0.01859,Some use this
12,electrically powered scooters,327,17700,0.01847,Some use this
12,scooters [vehicles],327,17700,0.01847,Some use this
12,caps for vehicle fuel tanks,323,17700,0.01825,Some use this
12,hubs for vehicle wheels,323,17700,0.01825,Some use this
12,panniers adapted for bicycles,321,17700,0.01814,Some use this
12,hub caps,319,17700,0.01802,Some use this
12,rims for bicycle wheels,319,17700,0.01802,Some use this
12,aircraft,318,17700,0.01797,Some use this
12,automobile seat cushions,316,17700,0.01785,Some use this
12,driverless cars [autonomous cars],315,17700,0.0178,Some use this
12,cigar lighters for automobiles,312,17700,0.01763,Some use this
12,clips adapted for fastening automobile parts to automobile bodies,312,17700,0.01763,Some use this
12,car seats,311,17700,0.01757,Some use this
12,water vehicles,311,17700,0.01757,Some use this
12,baby strollers,310,17700,0.01751,Some use this
12,folding bikes,309,17700,0.01746,Some use this
12,automobile door handles,308,17700,0.0174,Some use this
12,bicycle stands,306,17700,0.01729,Some use this
12,bodies for vehicles,304,17700,0.01718,Some use this
12,pedal bicycles,304,17700,0.01718,Some use this
12,wheelchairs,304,17700,0.01718,Some use this
12,bicycle carriers,301,17700,0.01701,Some use this
12,pneumatic tyres,301,17700,0.01701,Some use this
12,spoilers for vehicles,301,17700,0.01701,Some use this
12,doors for vehicles,300,17700,0.01695,Some use this
12,vehicles (electric -),300,17700,0.01695,Some use this
12,hubs for bicycle wheels,299,17700,0.01689,Some use this
12,sports bicycles,299,17700,0.01689,Some use this
12,camping cars,295,17700,0.01667,Some use this
12,automobiles and structural parts therefor,293,17700,0.01655,Some use this
12,pumps for inflating vehicle tyres,293,17700,0.01655,Some use this
12,motorized scooters,292,17700,0.0165,Some use this
12,autonomous cars,291,17700,0.01644,Some use this
12,anti-skid chains,290,17700,0.01638,Some use this
12,automobile hoods,290,17700,0.01638,Some use this
12,caravans,290,17700,0.01638,Some use this
12,motorcycle saddles,290,17700,0.01638,Some use this
12,self balancing electric scooters,290,17700,0.01638,Some use this
12,road bikes,289,17700,0.01633,Some use this
12,self-balancing one-wheeled electric scooters,287,17700,0.01621,Some use this
12,bicycle gears,286,17700,0.01616,Some use this
12,cycles,285,17700,0.0161,Some use this
12,hoods for vehicles,285,17700,0.0161,Some use this
12,hoods for vehicle engines,284,17700,0.01605,Some use this
12,wheelbarrows,284,17700,0.01605,Some use this
12,bicycle horns,280,17700,0.01582,Some use this
12,bicycle racks for vehicles,280,17700,0.01582,Some use this
12,fitted motorcycle covers,280,17700,0.01582,Some use this
12,touring bicycles,280,17700,0.01582,Some use this
12,lorries,279,17700,0.01576,Some use this
12,self-balancing boards,279,17700,0.01576,Some use this
12,parts and fittings for land vehicles,278,17700,0.01571,Some use this
12,windscreen wipers,277,17700,0.01565,Some use this
12,forklift trucks,276,17700,0.01559,Some use this
12,pushchair covers,274,17700,0.01548,Some use this
12,fitted bicycle covers,273,17700,0.01542,Some use this
12,sun visors for automobiles,273,17700,0.01542,Some use this
12,air vehicles,272,17700,0.01537,Some use this
12,bicycle wheel rims,272,17700,0.01537,Some use this
12,children's bicycles,270,17700,0.01525,Some use this
12,vehicle seat covers,269,17700,0.0152,Some use this
12,bike bags,268,17700,0.01514,Some use this
12,air pumps for bicycles,267,17700,0.01508,Some use this
12,vehicle running boards,267,17700,0.01508,Some use this
12,all-terrain vehicles,266,17700,0.01503,Some use this
12,military drones,266,17700,0.01503,Some use this
12,structural parts for motorcycles,266,17700,0.01503,Some use this
12,vehicle bodies,265,17700,0.01497,Some use this
12,structural parts for automobiles,264,17700,0.01492,Some use this
12,trailer hitches for vehicles,264,17700,0.01492,Some use this
12,brakes [bicycle parts],263,17700,0.01486,Some use this
12,bicycle rims,262,17700,0.0148,Some use this
12,bicycle wheel hubs,260,17700,0.01469,Some use this
12,motorbikes,260,17700,0.01469,Some use this
12,handling carts,259,17700,0.01463,Some use this
12,racing cars,258,17700,0.01458,Some use this
12,saddle covers for bicycles or motorcycles,258,17700,0.01458,Some use this
12,rims for vehicle wheels,257,17700,0.01452,Some use this
12,wheels,257,17700,0.01452,Some use this
12,self-balancing electric unicycles,256,17700,0.01446,Some use this
12,bicycle stabilisers,252,17700,0.01424,Some use this
12,motor racing cars,252,17700,0.01424,Some use this
12,saddles for bicycles,252,17700,0.01424,Some use this
12,motorcycle engines,250,17700,0.01412,Some use this
12,spokes for bicycle wheels,250,17700,0.01412,Some use this
12,electrically powered scooters [vehicles],249,17700,0.01407,Some use this
12,hybrid cars,249,17700,0.01407,Some use this
12,photography drones,249,17700,0.01407,Some use this
12,driving motors for land vehicles,248,17700,0.01401,Some use this
12,bags adapted for pushchairs,247,17700,0.01395,Some use this
12,brake discs for vehicles,247,17700,0.01395,Some use this
12,bicycle structural parts,245,17700,0.01384,Some use this
12,motor homes,245,17700,0.01384,Some use this
12,tandem bicycles,245,17700,0.01384,Some use this
12,bicycle saddle covers,244,17700,0.01379,Some use this
12,cup holders for vehicles,244,17700,0.01379,Some use this
12,vehicle suspension springs,242,17700,0.01367,Some use this
12,balance bicycles [vehicles],241,17700,0.01362,Some use this
12,frames for bicycles,241,17700,0.01362,Some use this
12,dress guards for bicycles,240,17700,0.01356,Some use this
12,robotic cars,240,17700,0.01356,Some use this
12,vans,240,17700,0.01356,Some use this
12,mudguards for bicycles,239,17700,0.0135,Some use this
12,bicycle hubs,238,17700,0.01345,Some use this
12,self-driving cars,238,17700,0.01345,Some use this
12,propulsion mechanisms for land vehicles,237,17700,0.01339,Some use this
12,shock absorbing springs for vehicles,237,17700,0.01339,Some use this
12,automobile engines,236,17700,0.01333,Some use this
12,bicycle water bottle cages,236,17700,0.01333,Some use this
12,trailers [vehicles],236,17700,0.01333,Some use this
12,two-wheeled trolleys,236,17700,0.01333,Some use this
12,lug nuts for vehicle wheels,235,17700,0.01328,Some use this
12,motorcycle chains,235,17700,0.01328,Some use this
12,inner tubes for bicycle tyres,234,17700,0.01322,Some use this
12,upholstery for automobiles,234,17700,0.01322,Some use this
12,pedals for bicycles,233,17700,0.01316,Some use this
12,air pumps for motorcycles,232,17700,0.01311,Some use this
12,bells for bicycles,232,17700,0.01311,Some use this
12,motor buses,232,17700,0.01311,Some use this
12,brake linings for vehicles,231,17700,0.01305,Some use this
12,locomotives,230,17700,0.01299,Some use this
12,tires,230,17700,0.01299,Some use this
12,road racing bicycles,228,17700,0.01288,Some use this
12,saddle covers for motorcycles,227,17700,0.01282,Some use this
12,forks [bicycle parts],226,17700,0.01277,Some use this
12,adhesive rubber patches for repairing inner tubes,224,17700,0.01266,Some use this
12,bicycle sprockets,223,17700,0.0126,Some use this
12,electric motors for motor cars,223,17700,0.0126,Some use this
12,steering wheel covers,223,17700,0.0126,Some use this
12,handlebar grips for bicycles,222,17700,0.01254,Some use this
12,shock absorbers for bicycles,222,17700,0.01254,Some use this
12,electric motors for land vehicles,221,17700,0.01249,Some use this
12,motor coaches,221,17700,0.01249,Some use this
12,autonomous vehicles,220,17700,0.01243,Some use this
12,"saddles for bicycles, cycles or motorcycles",220,17700,0.01243,Some use this
12,windows for vehicles,220,17700,0.01243,Some use this
12,air bags [safety devices for automobiles],219,17700,0.01237,Some use this
12,handlebars [bicycle parts],218,17700,0.01232,Some use this
12,automobile bumpers,217,17700,0.01226,Some use this
12,bicycle handle bars,217,17700,0.01226,Some use this
12,pushchair hoods,217,17700,0.01226,Some use this
12,luggage racks for motor cars,216,17700,0.0122,Some use this
12,automobile roof racks,215,17700,0.01215,Some use this
12,bicycle training wheels,215,17700,0.01215,Some use this
12,commercial vehicles,215,17700,0.01215,Some use this
12,motors and engines for land vehicles,215,17700,0.01215,Some use this
12,gearing for land vehicles,214,17700,0.01209,Some use this
12,motor car seats,214,17700,0.01209,Some use this
12,mudguards for motorcycles,214,17700,0.01209,Some use this
12,bicycle spokes,213,17700,0.01203,Some use this
12,bicycle wheel spokes,213,17700,0.01203,Some use this
12,vehicle mirrors,213,17700,0.01203,Some use this
12,fitted vehicle seat covers,211,17700,0.01192,Some use this
12,valves for vehicle tires,211,17700,0.01192,Some use this
12,wheels for bicycles,211,17700,0.01192,Some use this
12,windscreens,211,17700,0.01192,Some use this
12,apparatus for locomotion by land,210,17700,0.01186,Some use this
12,covers for vehicle seats,210,17700,0.01186,Some use this
12,driverless cars,210,17700,0.01186,Some use this
12,interior trim for automobiles,210,17700,0.01186,Some use this
12,mirrors for vehicles,209,17700,0.01181,Some use this
12,air pumps for two-wheeled motor vehicles or bicycles,208,17700,0.01175,Some use this
12,camper vans,208,17700,0.01175,Some use this
12,pet safety seats for use in vehicles,208,17700,0.01175,Some use this
12,spare wheel covers,208,17700,0.01175,Some use this
12,covers for baby strollers,207,17700,0.01169,Some use this
12,shopping trolleys,207,17700,0.01169,Some use this
12,collapsible bicycles,205,17700,0.01158,Some use this
13,firearms,197,868,0.22696,Most use this
13,fireworks,165,868,0.19009,Most use this
13,ammunition and projectiles,127,868,0.14631,Most use this
13,ammunition,105,868,0.12097,Most use this
13,explosives,98,868,0.1129,Recommended
13,rifles,76,868,0.08756,Recommended
13,air gun pellets,69,868,0.07949,Recommended
13,rifle ammunition,65,868,0.07488,Recommended
13,ammunition for guns,64,868,0.07373,Recommended
13,gun cases,64,868,0.07373,Recommended
13,weapons and ammunition,59,868,0.06797,Recommended
13,hunting firearms,58,868,0.06682,Recommended
13,firecrackers,56,868,0.06452,Recommended
13,guns [weapons],55,868,0.06336,Recommended
13,pyrotechnics,55,868,0.06336,Recommended
13,rifle cases,55,868,0.06336,Recommended
13,cleaning brushes for firearms,53,868,0.06106,Recommended
13,cartridge pouches,52,868,0.05991,Recommended
13,sprays for personal defence purposes,52,868,0.05991,Recommended
13,ammunition for firearms,51,868,0.05876,Recommended
13,guns,51,868,0.05876,Recommended
13,"holders, holsters, magazines and cartridges, for weapons and ammunition",50,868,0.0576,Recommended
13,sporting firearms,50,868,0.0576,Recommended
13,cartridges for firearms,49,868,0.05645,Recommended
13,projectiles [weapons],49,868,0.05645,Recommended
13,sporting guns,49,868,0.05645,Recommended
13,weapons,48,868,0.0553,Recommended
13,pistols,47,868,0.05415,Recommended
13,cartridges,46,868,0.053,Recommended
13,air pistols [weapons],45,868,0.05184,Recommended
13,missiles,45,868,0.05184,Recommended
13,sparklers [fireworks],45,868,0.05184,Recommended
13,pistol pellets,43,868,0.04954,Recommended
13,pyrotechnic products,43,868,0.04954,Recommended
13,rifle slings,43,868,0.04954,Recommended
13,air guns,42,868,0.04839,Recommended
13,firework fountains,42,868,0.04839,Recommended
13,projectiles,42,868,0.04839,Recommended
13,sporting rifles,42,868,0.04839,Recommended
13,ballistic weapons,40,868,0.04608,Recommended
13,machine guns,39,868,0.04493,Recommended
13,pellets [ammunition],39,868,0.04493,Recommended
13,rifle cartridges,39,868,0.04493,Recommended
13,holsters,38,868,0.04378,Recommended
13,air rifles [weapons],37,868,0.04263,Recommended
13,gun parts,37,868,0.04263,Recommended
13,shoulder straps for weapons,37,868,0.04263,Recommended
13,sighting mirrors for guns and rifles,37,868,0.04263,Recommended
13,air pistols [air guns],36,868,0.04147,Recommended
13,bb guns,36,868,0.04147,Recommended
13,shotgun cartridges,36,868,0.04147,Recommended
13,breeches of firearms,35,868,0.04032,Recommended
13,covers for firearms,35,868,0.04032,Recommended
13,gun cartridges,35,868,0.04032,Recommended
13,silencers for firearms,35,868,0.04032,Recommended
13,cartridges for guns,34,868,0.03917,Some use this
13,gun barrels,34,868,0.03917,Some use this
13,gunstocks,34,868,0.03917,Some use this
13,tripods for firearms,34,868,0.03917,Some use this
13,weapon cases for firearms,34,868,0.03917,Some use this
13,pellet guns,33,868,0.03802,Some use this
13,projectiles for weapons,33,868,0.03802,Some use this
13,rifle covers,33,868,0.03802,Some use this
13,rifle straps,33,868,0.03802,Some use this
13,guided missiles,32,868,0.03687,Some use this
13,holsters for guns,32,868,0.03687,Some use this
13,air guns [weapons],31,868,0.03571,Some use this
13,ammunition bags,31,868,0.03571,Some use this
13,bipods for firearms,31,868,0.03571,Some use this
13,gun mounts,31,868,0.03571,Some use this
13,rifle barrels,31,868,0.03571,Some use this
13,cartridge cases,30,868,0.03456,Some use this
13,firing platforms,30,868,0.03456,Some use this
13,pistol holsters,30,868,0.03456,Some use this
13,silencers for guns,30,868,0.03456,Some use this
13,trigger guards for guns and rifles,30,868,0.03456,Some use this
13,case covers for firearms,29,868,0.03341,Some use this
13,gun sights for firearms [not optical or telescopic],29,868,0.03341,Some use this
13,magazines for firearms,29,868,0.03341,Some use this
13,hunting rifles [sporting rifles],28,868,0.03226,Some use this
13,revolvers,28,868,0.03226,Some use this
13,rocket launchers,28,868,0.03226,Some use this
13,shotgun shells,28,868,0.03226,Some use this
13,sporting cartridges,28,868,0.03226,Some use this
13,bengal lights [fireworks],27,868,0.03111,Some use this
13,pistols [firearms],27,868,0.03111,Some use this
13,rockets,27,868,0.03111,Some use this
13,air pistol bullets,26,868,0.02995,Some use this
13,air pistol slugs,26,868,0.02995,Some use this
13,firearm bipods,26,868,0.02995,Some use this
13,gun belts,26,868,0.02995,Some use this
13,gun cleaning brushes,26,868,0.02995,Some use this
13,shells [projectiles],26,868,0.02995,Some use this
13,bengal lights,25,868,0.0288,Some use this
13,carrying cases adapted for firearms,25,868,0.0288,Some use this
13,firearms (ammunition for -),25,868,0.0288,Some use this
13,pistols [arms],25,868,0.0288,Some use this
13,sighting mirrors for guns,25,868,0.0288,Some use this
13,weapon systems,25,868,0.0288,Some use this
13,automatic firearm ammunition belts,24,868,0.02765,Some use this
13,flares [pyrotechnic],24,868,0.02765,Some use this
13,sight protectors for firearms,24,868,0.02765,Some use this
13,cartridge loading apparatus,23,868,0.0265,Some use this
13,magazines for weapons,23,868,0.0265,Some use this
13,rifle stocks,23,868,0.0265,Some use this
13,4.5mm [ammunition],22,868,0.02535,Some use this
13,5.0mm [ammunition],22,868,0.02535,Some use this
13,5.5mm [ammunition],22,868,0.02535,Some use this
13,6.35mm [ammunition],22,868,0.02535,Some use this
13,6mm [ammunition],22,868,0.02535,Some use this
13,ballistic missiles,22,868,0.02535,Some use this
13,cannons,22,868,0.02535,Some use this
13,cartridge magazines for firearms,22,868,0.02535,Some use this
13,cleaning implements for firearms,22,868,0.02535,Some use this
13,detonators,22,868,0.02535,Some use this
13,fireworks in shell forms,22,868,0.02535,Some use this
13,military rifles,22,868,0.02535,Some use this
13,mortars [firearms],22,868,0.02535,Some use this
13,shotguns,22,868,0.02535,Some use this
13,side arms [firearms],22,868,0.02535,Some use this
13,slingshots [weapons],22,868,0.02535,Some use this
13,tanks [weapons],22,868,0.02535,Some use this
13,firearm sights,21,868,0.02419,Some use this
13,fuses for explosives,21,868,0.02419,Some use this
13,gun stocks,21,868,0.02419,Some use this
13,gunpowder,21,868,0.02419,Some use this
13,motorized weapons,21,868,0.02419,Some use this
13,rockets [projectiles],21,868,0.02419,Some use this
13,shot shells,21,868,0.02419,Some use this
13,artillery guns [cannons],20,868,0.02304,Some use this
13,open sights for use on firearms,20,868,0.02304,Some use this
13,shot pouches,20,868,0.02304,Some use this
13,shotgun ammunition,20,868,0.02304,Some use this
13,6mm bb [ammunition],19,868,0.02189,Some use this
13,[weapons],19,868,0.02189,Some use this
13,airgun slugs,19,868,0.02189,Some use this
13,airsoft bb [ammunition],19,868,0.02189,Some use this
13,barrels (gun -),19,868,0.02189,Some use this
13,belts adapted for ammunition,19,868,0.02189,Some use this
13,cleaning rods for firearms,19,868,0.02189,Some use this
13,combination holster and ammunition magazine pouch,19,868,0.02189,Some use this
13,fireworks bodies,19,868,0.02189,Some use this
13,hammers for guns and rifles,19,868,0.02189,Some use this
13,munitions,19,868,0.02189,Some use this
13,pistol cases,19,868,0.02189,Some use this
13,pyrophoric substances,19,868,0.02189,Some use this
13,stun guns,19,868,0.02189,Some use this
13,ammunition for bb guns,18,868,0.02074,Some use this
13,barrels (rifle -),18,868,0.02074,Some use this
13,explosive cartridges,18,868,0.02074,Some use this
13,firearm stands,18,868,0.02074,Some use this
13,"fuses for explosives, for use in mines",18,868,0.02074,Some use this
13,guided projectiles,18,868,0.02074,Some use this
13,hunting gun cartridges,18,868,0.02074,Some use this
13,signal rocket flares,18,868,0.02074,Some use this
13,small arms [firearms],18,868,0.02074,Some use this
13,weapons for launching missiles,18,868,0.02074,Some use this
13,45mm [ammunition],17,868,0.01959,Some use this
13,7.62mm [ammunition],17,868,0.01959,Some use this
13,9mm [ammunition],17,868,0.01959,Some use this
13,bullets,17,868,0.01959,Some use this
13,cartridge belts,17,868,0.01959,Some use this
13,cases for rifles,17,868,0.01959,Some use this
13,gun carriages [artillery],17,868,0.01959,Some use this
13,gun locks,17,868,0.01959,Some use this
13,gun scabbards,17,868,0.01959,Some use this
13,noise-suppressors for guns,17,868,0.01959,Some use this
13,pistol grips,17,868,0.01959,Some use this
13,rifle sheaths,17,868,0.01959,Some use this
13,smoke projectiles,17,868,0.01959,Some use this
13,artillery guns,16,868,0.01843,Some use this
13,bandoliers for weapons,16,868,0.01843,Some use this
13,bullets for use with rifles,16,868,0.01843,Some use this
13,detonating fuses for explosives,16,868,0.01843,Some use this
13,firearm magazine speedloaders,16,868,0.01843,Some use this
13,primings [fuses],16,868,0.01843,Some use this
13,sky rockets,16,868,0.01843,Some use this
13,stands for firearms,16,868,0.01843,Some use this
13,"fog signals, explosive",15,868,0.01728,Some use this
13,gun butts,15,868,0.01728,Some use this
13,gun cotton,15,868,0.01728,Some use this
13,launchers for missiles,15,868,0.01728,Some use this
13,lead shot for hunting,15,868,0.01728,Some use this
13,military pyrotechnics,15,868,0.01728,Some use this
13,pyrotechnic missiles,15,868,0.01728,Some use this
13,sling straps for firearms,15,868,0.01728,Some use this
13,apparatus for filling cartridge belts,14,868,0.01613,Some use this
13,automatic guns,14,868,0.01613,Some use this
13,bags specially adapted to hold rifles,14,868,0.01613,Some use this
13,cases (rifle -),14,868,0.01613,Some use this
13,gun cartridge magazines,14,868,0.01613,Some use this
13,hammers for guns,14,868,0.01613,Some use this
13,launchers for projectiles,14,868,0.01613,Some use this
13,muzzles for guns [weapons],14,868,0.01613,Some use this
13,protective cases adapted for firearms,14,868,0.01613,Some use this
13,pyrotechnic articles,14,868,0.01613,Some use this
13,stocks (gun -),14,868,0.01613,Some use this
13,submachine guns,14,868,0.01613,Some use this
13,trunnions for heavy weapons,14,868,0.01613,Some use this
13,unmanned remote-controlled powered aircraft for use as military targets,14,868,0.01613,Some use this
13,[ammunition],13,868,0.01498,Some use this
13,adjusting knobs for gun sights,13,868,0.01498,Some use this
13,bandoliers for holding cartridges and ammunition cases,13,868,0.01498,Some use this
13,cases for guns,13,868,0.01498,Some use this
13,combination pistols and rifles,13,868,0.01498,Some use this
13,component parts for rifles,13,868,0.01498,Some use this
13,cruise missiles,13,868,0.01498,Some use this
13,dynamite,13,868,0.01498,Some use this
13,firearm monopods,13,868,0.01498,Some use this
13,flare pistols,13,868,0.01498,Some use this
13,hand grenades,13,868,0.01498,Some use this
13,holders for ammunition,13,868,0.01498,Some use this
13,mines [explosives],13,868,0.01498,Some use this
13,small arms,13,868,0.01498,Some use this
13,blasting explosives,12,868,0.01382,Some use this
13,cartridge shot pouches,12,868,0.01382,Some use this
13,cartridges containing smoke,12,868,0.01382,Some use this
13,component parts for guns,12,868,0.01382,Some use this
13,detonating plugs,12,868,0.01382,Some use this
13,gun bags,12,868,0.01382,Some use this
13,launchers for missiles [weapons],12,868,0.01382,Some use this
13,powder horns,12,868,0.01382,Some use this
13,"rescue flares, explosive or pyrotechnic",12,868,0.01382,Some use this
13,safety catches for firearms,12,868,0.01382,Some use this
13,sighting mirrors for rifles,12,868,0.01382,Some use this
13,signal rockets,12,868,0.01382,Some use this
13,small bore firearms,12,868,0.01382,Some use this
13,sprays for personal defense purposes,12,868,0.01382,Some use this
13,tear gas weapons,12,868,0.01382,Some use this
13,air-to-air missiles,11,868,0.01267,Some use this
13,bags for storing firearms [specifically adapted],11,868,0.01267,Some use this
13,carbines,11,868,0.01267,Some use this
13,grenades,11,868,0.01267,Some use this
13,guided weapons,11,868,0.01267,Some use this
13,launchers for pyrotechnic purposes,11,868,0.01267,Some use this
13,lead shot,11,868,0.01267,Some use this
13,loaded cartridge magazines for firearms,11,868,0.01267,Some use this
13,naval guns,11,868,0.01267,Some use this
13,pistol caps,11,868,0.01267,Some use this
13,pyrotechnic ammunition,11,868,0.01267,Some use this
13,rocket-propelled ballistic missiles,11,868,0.01267,Some use this
13,smoke detonators,11,868,0.01267,Some use this
13,steel shot,11,868,0.01267,Some use this
13,trigger guards for rifles,11,868,0.01267,Some use this
13,weapons for launching missiles and projectiles,11,868,0.01267,Some use this
13,air gun darts,10,868,0.01152,Some use this
13,airguns,10,868,0.01152,Some use this
13,ammunition casings,10,868,0.01152,Some use this
13,armaments,10,868,0.01152,Some use this
13,barrel reflectors for firearms,10,868,0.01152,Some use this
13,cases (gun -),10,868,0.01152,Some use this
13,explosive powders,10,868,0.01152,Some use this
13,firing lanyards for explosives,10,868,0.01152,Some use this
13,gun carriages,10,868,0.01152,Some use this
13,gun turret shields,10,868,0.01152,Some use this
13,launchers for ammunition,10,868,0.01152,Some use this
13,naval anti-submarine torpedo carrier systems,10,868,0.01152,Some use this
13,shot for gun cartridges,10,868,0.01152,Some use this
13,smoke projectiles for rockets,10,868,0.01152,Some use this
13,starter pistols,10,868,0.01152,Some use this
13,weapon installations,10,868,0.01152,Some use this
13,aerial bombs,9,868,0.01037,Some use this
13,"air gun and rifle slings, sheaths and covers",9,868,0.01037,Some use this
13,air gun moderators/silencers,9,868,0.01037,Some use this
13,"air guns, air pistols (air guns)",9,868,0.01037,Some use this
13,air pistols (weapons),9,868,0.01037,Some use this
13,airgun 4.5mm bb [ammunition],9,868,0.01037,Some use this
13,airgun slugs [ammunition],9,868,0.01037,Some use this
13,ammunition bags and tins,9,868,0.01037,Some use this
13,artillery pieces,9,868,0.01037,Some use this
13,bags adapted for holding guns,9,868,0.01037,Some use this
13,bb airgun [ammunition],9,868,0.01037,Some use this
13,bullet and pellet moulds,9,868,0.01037,Some use this
13,cartridge case receivers for semi-automatic firearms,9,868,0.01037,Some use this
13,catapults (weapons-),9,868,0.01037,Some use this
13,cleaning implements for firearms and air guns,9,868,0.01037,Some use this
13,guided rockets,9,868,0.01037,Some use this
13,guns (sighting mirrors for -),9,868,0.01037,Some use this
13,lead free ammunition and pellets and bb's ammunition and projectiles,9,868,0.01037,Some use this
13,mirrors (sighting-) for guns,9,868,0.01037,Some use this
13,nitrated gun cotton [explosives],9,868,0.01037,Some use this
14,jewellery,8910,19347,0.46054,Essential
14,earrings,5052,19347,0.26113,Most use this
14,necklaces [jewellery],4805,19347,0.24836,Most use this
14,rings [jewellery],4395,19347,0.22717,Most use this
14,bracelets [jewellery],4293,19347,0.22189,Most use this
14,watches,4283,19347,0.22138,Most use this
14,jewellery boxes,3867,19347,0.19988,Most use this
14,bracelets,3850,19347,0.199,Most use this
14,jewelry,3464,19347,0.17905,Most use this
14,jewellery charms,3400,19347,0.17574,Most use this
14,brooches [jewellery],3286,19347,0.16985,Most use this
14,fashion jewellery,3264,19347,0.16871,Most use this
14,necklaces,3050,19347,0.15765,Most use this
14,costume jewellery,3008,19347,0.15548,Most use this
14,chains [jewellery],2985,19347,0.15429,Most use this
14,pendants [jewellery],2925,19347,0.15119,Most use this
14,pearls [jewellery],2824,19347,0.14597,Most use this
14,gold jewellery,2630,19347,0.13594,Most use this
14,jewellery items,2568,19347,0.13273,Most use this
14,charms for jewellery,2549,19347,0.13175,Most use this
14,charms [jewellery],2515,19347,0.12999,Most use this
14,clocks,2512,19347,0.12984,Most use this
14,"jewellery, including imitation jewellery and plastic jewellery",2508,19347,0.12963,Most use this
14,"necklaces [jewellery, jewelry (am.)]",2420,19347,0.12508,Most use this
14,"bracelets [jewellery, jewelry (am.)]",2388,19347,0.12343,Most use this
14,lockets [jewellery],2373,19347,0.12265,Most use this
14,necklaces [jewelry],2366,19347,0.12229,Most use this
14,jewellery chains,2349,19347,0.12141,Most use this
14,jewellery products,2312,19347,0.1195,Recommended
14,"rings [jewellery, jewelry (am.)]",2307,19347,0.11924,Recommended
14,beads for making jewellery,2263,19347,0.11697,Recommended
14,bracelets [jewelry],2261,19347,0.11687,Recommended
14,rings being jewellery,2243,19347,0.11594,Recommended
14,ornaments [jewellery],2228,19347,0.11516,Recommended
14,items of jewellery,2207,19347,0.11407,Recommended
14,sterling silver jewellery,2187,19347,0.11304,Recommended
14,body jewellery,2165,19347,0.1119,Recommended
14,pins [jewellery],2164,19347,0.11185,Recommended
14,jewellery stones,2131,19347,0.11015,Recommended
14,precious jewellery,2129,19347,0.11004,Recommended
14,clasps for jewellery,2126,19347,0.10989,Recommended
14,"chains [jewellery, jewelry (am.)]",2122,19347,0.10968,Recommended
14,jewellery brooches,2111,19347,0.10911,Recommended
14,jewellery cases,2083,19347,0.10767,Recommended
14,imitation jewellery,2072,19347,0.1071,Recommended
14,jewellery made from silver,2027,19347,0.10477,Recommended
14,amulets [jewellery],2019,19347,0.10436,Recommended
14,pendants,2012,19347,0.104,Recommended
14,"charms [jewellery, jewelry (am.)]",1977,19347,0.10219,Recommended
14,watch bands,1953,19347,0.10095,Recommended
14,"pearls [jewellery, jewelry (am.)]",1938,19347,0.10017,Recommended
14,key rings,1932,19347,0.09986,Recommended
14,"brooches [jewellery, jewelry (am.)]",1928,19347,0.09965,Recommended
14,trinkets [jewellery],1926,19347,0.09955,Recommended
14,precious metals and their alloys,1921,19347,0.09929,Recommended
14,wristlets [jewellery],1920,19347,0.09924,Recommended
14,shoe jewellery,1911,19347,0.09878,Recommended
14,watch straps,1877,19347,0.09702,Recommended
14,jewellery made from gold,1838,19347,0.095,Recommended
14,paste jewellery,1837,19347,0.09495,Recommended
14,precious stones,1834,19347,0.0948,Recommended
14,hat jewellery,1826,19347,0.09438,Recommended
14,"ornaments [jewellery, jewelry (am.)]",1821,19347,0.09412,Recommended
14,decorative brooches [jewellery],1805,19347,0.0933,Recommended
14,jewellery chain,1791,19347,0.09257,Recommended
14,enamelled jewellery,1788,19347,0.09242,Recommended
14,brooches [jewelry],1787,19347,0.09237,Recommended
14,pendants [jewelry],1786,19347,0.09231,Recommended
14,personal jewellery,1784,19347,0.09221,Recommended
14,jewellery findings,1781,19347,0.09206,Recommended
14,jewellery of precious metals,1763,19347,0.09113,Recommended
14,jade [jewellery],1762,19347,0.09107,Recommended
14,jewellery in precious metals,1762,19347,0.09107,Recommended
14,articles of jewellery,1758,19347,0.09087,Recommended
14,"lockets [jewellery, jewelry (am.)]",1750,19347,0.09045,Recommended
14,jewelry brooches,1744,19347,0.09014,Recommended
14,tie clips,1739,19347,0.08988,Recommended
14,jewelry charms,1735,19347,0.08968,Recommended
14,jewellery containing gold,1734,19347,0.08963,Recommended
14,jewellery incorporating diamonds,1723,19347,0.08906,Recommended
14,"trinkets [jewellery, jewelry (am.)]",1714,19347,0.08859,Recommended
14,jewellery for personal adornment,1681,19347,0.08689,Recommended
14,wristwatches,1680,19347,0.08684,Recommended
14,"pins [jewellery, jewelry (am.)]",1679,19347,0.08678,Recommended
14,jewellery for personal wear,1665,19347,0.08606,Recommended
14,cuff links,1656,19347,0.08559,Recommended
14,amulets being jewellery,1649,19347,0.08523,Recommended
14,charms for jewelry,1644,19347,0.08497,Recommended
14,horological and chronometric instruments,1623,19347,0.08389,Recommended
14,agate as jewellery,1612,19347,0.08332,Recommended
14,"medallions [jewellery, jewelry (am.)]",1608,19347,0.08311,Recommended
14,jewellery incorporating pearls,1602,19347,0.0828,Recommended
14,charms [jewelry],1595,19347,0.08244,Recommended
14,"amulets [jewellery, jewelry (am.)]",1593,19347,0.08234,Recommended
14,diamond jewelry,1578,19347,0.08156,Recommended
14,amber pendants being jewellery,1575,19347,0.08141,Recommended
14,jewellery articles,1573,19347,0.0813,Recommended
14,jewellery in non-precious metals,1571,19347,0.0812,Recommended
14,rings [jewelry],1567,19347,0.08099,Recommended
14,gold plated brooches [jewellery],1545,19347,0.07986,Recommended
14,jewellery in semi-precious metals,1538,19347,0.0795,Recommended
14,artificial jewellery,1537,19347,0.07944,Recommended
14,tie pins,1537,19347,0.07944,Recommended
14,facial jewellery,1517,19347,0.07841,Recommended
14,brooches being jewelry,1515,19347,0.07831,Recommended
14,pearls [jewelry],1511,19347,0.0781,Recommended
14,pins being jewellery,1484,19347,0.0767,Recommended
14,decorative pins [jewellery],1468,19347,0.07588,Recommended
14,pewter jewellery,1468,19347,0.07588,Recommended
14,crosses [jewellery],1447,19347,0.07479,Recommended
14,cloisonné jewellery,1444,19347,0.07464,Recommended
14,jewellery chain of precious metal for necklaces,1442,19347,0.07453,Recommended
14,crucifixes as jewellery,1438,19347,0.07433,Recommended
14,jewellery chain of precious metal for bracelets,1428,19347,0.07381,Recommended
14,jewellery caskets,1419,19347,0.07334,Recommended
14,clips of silver [jewellery],1414,19347,0.07309,Recommended
14,plastic costume jewellery,1406,19347,0.07267,Recommended
14,imitation jewellery ornaments,1400,19347,0.07236,Recommended
14,body costume jewellery,1397,19347,0.07221,Recommended
14,cloisonne jewellery,1397,19347,0.07221,Recommended
14,watch chains,1382,19347,0.07143,Recommended
14,cufflinks,1379,19347,0.07128,Recommended
14,cloisonné jewellery [jewelry (am.)],1378,19347,0.07123,Recommended
14,amberoid pendants being jewellery,1365,19347,0.07055,Recommended
14,paste jewellery [costume jewelry (am.)],1320,19347,0.06823,Recommended
14,key chains,1298,19347,0.06709,Recommended
14,cabochons for making jewellery,1294,19347,0.06688,Recommended
14,clasps for jewelry,1293,19347,0.06683,Recommended
14,lockets [jewelry],1284,19347,0.06637,Recommended
14,"ivory [jewellery, jewelry (am.)]",1272,19347,0.06575,Recommended
14,fake jewellery,1261,19347,0.06518,Recommended
14,trinkets [jewelry],1257,19347,0.06497,Recommended
14,"gold thread [jewellery, jewelry (am.)]",1255,19347,0.06487,Recommended
14,ivory jewellery,1229,19347,0.06352,Recommended
14,jewellery chain of precious metal for anklets,1227,19347,0.06342,Recommended
14,jewellery rope chain for necklaces,1217,19347,0.0629,Recommended
14,medals,1202,19347,0.06213,Recommended
14,"silver thread [jewellery, jewelry (am.)]",1184,19347,0.0612,Recommended
14,clocks and watches,1176,19347,0.06078,Recommended
14,amulets [jewelry],1172,19347,0.06058,Recommended
14,badges of precious metal,1170,19347,0.06047,Recommended
14,alarm clocks,1168,19347,0.06037,Recommended
14,jewellery in the form of beads,1160,19347,0.05996,Recommended
14,rings,1158,19347,0.05985,Recommended
14,jewelry stickpins,1140,19347,0.05892,Recommended
14,paste jewelry [costume jewelry],1138,19347,0.05882,Recommended
14,jewellery (paste -),1135,19347,0.05867,Recommended
14,watch cases,1118,19347,0.05779,Recommended
14,wrist watches,1117,19347,0.05774,Recommended
14,"wire of precious metal [jewellery, jewelry (am.)]",1095,19347,0.0566,Recommended
14,bangles,1089,19347,0.05629,Recommended
14,presentation boxes for watches,1079,19347,0.05577,Recommended
14,jewellery fashioned from non-precious metals,1073,19347,0.05546,Recommended
14,watch bracelets,1072,19347,0.05541,Recommended
14,jewelry (paste -) [costume jewelry],1065,19347,0.05505,Recommended
14,dress ornaments in the nature of jewellery,1049,19347,0.05422,Recommended
14,jewelry boxes,1040,19347,0.05376,Recommended
14,"threads of precious metal [jewellery, jewelry (am.)]",1035,19347,0.0535,Recommended
14,jewellery rolls,1034,19347,0.05344,Recommended
14,"clocks and watches, electric",1021,19347,0.05277,Recommended
14,charms for key rings,1013,19347,0.05236,Recommended
14,brooches,1008,19347,0.0521,Recommended
14,sports watches,1003,19347,0.05184,Recommended
14,jewellery boxes and watch boxes,994,19347,0.05138,Recommended
14,paste jewellery [costume jewelry [am.]],978,19347,0.05055,Recommended
14,ear studs,973,19347,0.05029,Recommended
14,presentation boxes for jewellery,969,19347,0.05009,Recommended
14,ankle bracelets,966,19347,0.04993,Recommended
14,watches and clocks,957,19347,0.04947,Recommended
14,jewellery fashioned of semi-precious stones,945,19347,0.04884,Recommended
14,semi-precious stones,945,19347,0.04884,Recommended
14,choker necklaces,944,19347,0.04879,Recommended
14,charms,942,19347,0.04869,Recommended
14,ornamental pins,937,19347,0.04843,Recommended
14,jewellery made of crystal,934,19347,0.04828,Recommended
14,diamonds,922,19347,0.04766,Recommended
14,costume jewelry,919,19347,0.0475,Recommended
14,coins,917,19347,0.0474,Recommended
14,chronographs [watches],914,19347,0.04724,Recommended
14,bracelets for watches,912,19347,0.04714,Recommended
14,key rings [split rings with trinket or decorative fob],899,19347,0.04647,Recommended
14,bangle bracelets,885,19347,0.04574,Recommended
14,watch boxes,878,19347,0.04538,Recommended
14,jewellery incorporating precious stones,872,19347,0.04507,Recommended
14,straps for watches,868,19347,0.04486,Recommended
14,ring bands [jewellery],857,19347,0.0443,Recommended
14,boxes of precious metal,854,19347,0.04414,Recommended
14,keyrings,853,19347,0.04409,Recommended
14,jewelry chains,851,19347,0.04399,Recommended
14,pocket watches,836,19347,0.04321,Recommended
14,jewellery hat pins,831,19347,0.04295,Recommended
14,precious and semi-precious stones,816,19347,0.04218,Recommended
14,silver thread [jewellery],810,19347,0.04187,Recommended
14,key fobs,809,19347,0.04182,Recommended
14,jewellery of yellow amber,806,19347,0.04166,Recommended
14,watch cases [parts of watches],806,19347,0.04166,Recommended
14,gold thread [jewellery],798,19347,0.04125,Recommended
14,bead bracelets,790,19347,0.04083,Recommended
14,chains [jewelry],788,19347,0.04073,Recommended
14,children's jewelry,771,19347,0.03985,Some use this
14,bands for watches,767,19347,0.03964,Some use this
14,bracelet charms,761,19347,0.03933,Some use this
14,straps for wristwatches,760,19347,0.03928,Some use this
14,lapel pins,757,19347,0.03913,Some use this
14,jewellery made of precious metals,753,19347,0.03892,Some use this
14,silver earrings,751,19347,0.03882,Some use this
14,movements for clocks and watches,746,19347,0.03856,Some use this
14,jewellery rope chain for anklets,745,19347,0.03851,Some use this
14,works of art of precious metal,745,19347,0.03851,Some use this
14,synthetic stones [jewellery],736,19347,0.03804,Some use this
14,dress watches,730,19347,0.03773,Some use this
14,jewellery fashioned of precious metals,728,19347,0.03763,Some use this
14,lapel pins [jewellery],725,19347,0.03747,Some use this
14,watch glasses,724,19347,0.03742,Some use this
14,wooden jewellery boxes,709,19347,0.03665,Some use this
14,key rings [trinkets or fobs],708,19347,0.03659,Some use this
14,necklace charms,708,19347,0.03659,Some use this
14,drop earrings,705,19347,0.03644,Some use this
14,cases for watches,703,19347,0.03634,Some use this
14,beads for making jewelry,699,19347,0.03613,Some use this
14,alloys of precious metal,690,19347,0.03566,Some use this
14,silver necklaces,689,19347,0.03561,Some use this
14,leather watch straps,688,19347,0.03556,Some use this
14,clip earrings,687,19347,0.03551,Some use this
14,mechanical watches,685,19347,0.03541,Some use this
14,jewellery rope chain for bracelets,671,19347,0.03468,Some use this
14,gemstones,668,19347,0.03453,Some use this
14,watch clasps,665,19347,0.03437,Some use this
14,jewellery foot chains,664,19347,0.03432,Some use this
14,automatic watches,661,19347,0.03417,Some use this
14,jewelry for the head,655,19347,0.03386,Some use this
14,quartz watches,655,19347,0.03386,Some use this
14,cases for watches [presentation],654,19347,0.0338,Some use this
14,parts for watches,647,19347,0.03344,Some use this
14,straps for wrist watches,647,19347,0.03344,Some use this
14,women's watches,647,19347,0.03344,Some use this
14,jewellery fashioned from bronze,645,19347,0.03334,Some use this
14,wrist straps for watches,639,19347,0.03303,Some use this
14,pendant watches,638,19347,0.03298,Some use this
14,gold earrings,636,19347,0.03287,Some use this
14,jewellery for pets,634,19347,0.03277,Some use this
14,jewellery made of glass,634,19347,0.03277,Some use this
14,"key rings and key chains, and charms therefor",634,19347,0.03277,Some use this
14,women's jewelry,632,19347,0.03267,Some use this
14,watch springs,627,19347,0.03241,Some use this
14,jewellery made of bronze,626,19347,0.03236,Some use this
14,silver watches,622,19347,0.03215,Some use this
14,electronic watches,618,19347,0.03194,Some use this
14,jewellery boxes [fitted],617,19347,0.03189,Some use this
14,hat jewelry,616,19347,0.03184,Some use this
14,articles of imitation jewellery,612,19347,0.03163,Some use this
14,pins [jewelry],611,19347,0.03158,Some use this
14,charms for key chains,606,19347,0.03132,Some use this
14,diving watches,605,19347,0.03127,Some use this
14,chains for watches,603,19347,0.03117,Some use this
14,wire of precious metal [jewellery],599,19347,0.03096,Some use this
14,precious metals,596,19347,0.03081,Some use this
14,watch dials,596,19347,0.03081,Some use this
14,bracelets and watches combined,595,19347,0.03075,Some use this
14,silver bracelets,595,19347,0.03075,Some use this
14,hoop earrings,593,19347,0.03065,Some use this
14,jewellery made of plastics,593,19347,0.03065,Some use this
14,wrist watch bands,593,19347,0.03065,Some use this
14,jewellery cases [caskets],591,19347,0.03055,Some use this
14,watch pouches,589,19347,0.03044,Some use this
14,key chains [split rings with trinket or decorative fob],588,19347,0.03039,Some use this
14,jewel pendants,587,19347,0.03034,Some use this
14,stop watches,585,19347,0.03024,Some use this
14,gold necklaces,584,19347,0.03019,Some use this
14,watches made of gold,584,19347,0.03019,Some use this
14,parts and fittings for jewellery,583,19347,0.03013,Some use this
14,decorative key rings,575,19347,0.02972,Some use this
14,fittings for watches,573,19347,0.02962,Some use this
14,cases for watches and clocks,572,19347,0.02957,Some use this
14,threads of precious metal [jewellery],568,19347,0.02936,Some use this
14,watches for sporting use,568,19347,0.02936,Some use this
14,jewellery boxes of precious metals,563,19347,0.0291,Some use this
14,wristlet watches,557,19347,0.02879,Some use this
14,alarm watches,556,19347,0.02874,Some use this
14,watch straps of plastic,556,19347,0.02874,Some use this
14,chronographs as watches,552,19347,0.02853,Some use this
14,"jewellery, precious and semi-precious stones",551,19347,0.02848,Some use this
14,silver-plated earrings,551,19347,0.02848,Some use this
14,chronometers,550,19347,0.02843,Some use this
14,identification bracelets [jewelry],550,19347,0.02843,Some use this
14,watch straps made of metal or leather or plastic,550,19347,0.02843,Some use this
14,plastic bracelets in the nature of jewelry,548,19347,0.02832,Some use this
14,watch hands,547,19347,0.02827,Some use this
14,watch crystals,546,19347,0.02822,Some use this
14,watch parts,546,19347,0.02822,Some use this
14,jewelry hatpins,545,19347,0.02817,Some use this
14,pet jewelry,545,19347,0.02817,Some use this
14,pins being jewelry,545,19347,0.02817,Some use this
14,shoe jewelry,545,19347,0.02817,Some use this
14,jewelry cases,543,19347,0.02807,Some use this
14,watches for outdoor use,543,19347,0.02807,Some use this
14,non-leather watch straps,542,19347,0.02801,Some use this
14,timepieces,542,19347,0.02801,Some use this
14,dials for watches,539,19347,0.02786,Some use this
15,musical instruments,1054,1987,0.53045,Essential
15,guitars,519,1987,0.2612,Most use this
15,electronic musical instruments,436,1987,0.21943,Most use this
15,musical accessories,401,1987,0.20181,Most use this
15,music stands,371,1987,0.18671,Most use this
15,cases for musical instruments,367,1987,0.1847,Most use this
15,musical boxes,340,1987,0.17111,Most use this
15,harmonicas,328,1987,0.16507,Most use this
15,stands for musical instruments,317,1987,0.15954,Most use this
15,stringed musical instruments,295,1987,0.14847,Most use this
15,electric guitars,281,1987,0.14142,Most use this
15,pianos,264,1987,0.13286,Most use this
15,drums [musical instruments],253,1987,0.12733,Most use this
15,guitar picks,250,1987,0.12582,Most use this
15,music synthesizers,247,1987,0.12431,Most use this
15,percussion instruments,225,1987,0.11324,Recommended
15,pedals for musical instruments,222,1987,0.11173,Recommended
15,strings for musical instruments,221,1987,0.11122,Recommended
15,violins,221,1987,0.11122,Recommended
15,flutes,209,1987,0.10518,Recommended
15,musical instrument straps,200,1987,0.10065,Recommended
15,musical instrument cases,198,1987,0.09965,Recommended
15,electric musical instruments,193,1987,0.09713,Recommended
15,musical instruments for children,189,1987,0.09512,Recommended
15,musical instrument stands,186,1987,0.09361,Recommended
15,keyboards for musical instruments,185,1987,0.09311,Recommended
15,music boxes,185,1987,0.09311,Recommended
15,guitar strings,183,1987,0.0921,Recommended
15,plectrums,183,1987,0.0921,Recommended
15,conductors' batons,182,1987,0.0916,Recommended
15,straps for musical instruments,174,1987,0.08757,Recommended
15,drums,165,1987,0.08304,Recommended
15,string instruments,165,1987,0.08304,Recommended
15,drumsticks,161,1987,0.08103,Recommended
15,accordions,160,1987,0.08052,Recommended
15,acoustic guitars,158,1987,0.07952,Recommended
15,guitar straps,158,1987,0.07952,Recommended
15,instruments (musical -),152,1987,0.0765,Recommended
15,tuners for musical instruments,148,1987,0.07448,Recommended
15,bass guitars,145,1987,0.07297,Recommended
15,bows for musical instruments,139,1987,0.06995,Recommended
15,electric and electronic musical instruments,135,1987,0.06794,Recommended
15,handbells [musical instruments],135,1987,0.06794,Recommended
15,keyboard instruments,133,1987,0.06694,Recommended
15,tuning forks,133,1987,0.06694,Recommended
15,piano keyboards,132,1987,0.06643,Recommended
15,percussion musical instruments,128,1987,0.06442,Recommended
15,electric bass guitars,127,1987,0.06392,Recommended
15,mouthpieces for musical instruments,126,1987,0.06341,Recommended
15,electrical musical instruments,125,1987,0.06291,Recommended
15,guitar tuning cranks,125,1987,0.06291,Recommended
15,bridges for musical instruments,121,1987,0.0609,Recommended
15,drums [musical instrument],121,1987,0.0609,Recommended
15,guitar capos,118,1987,0.05939,Recommended
15,keys for musical instruments,117,1987,0.05888,Recommended
15,basses [musical instruments],116,1987,0.05838,Recommended
15,pegs for musical instruments,114,1987,0.05737,Recommended
15,electronic pianos,110,1987,0.05536,Recommended
15,rosin for stringed musical instruments,108,1987,0.05435,Recommended
15,sheet music stands,107,1987,0.05385,Recommended
15,acoustic bass guitars,106,1987,0.05335,Recommended
15,cellos,105,1987,0.05284,Recommended
15,gongs,105,1987,0.05284,Recommended
15,electronic musical synthesizers,104,1987,0.05234,Recommended
15,guitar shoulder straps,104,1987,0.05234,Recommended
15,music stands adapted for use with musical instruments,104,1987,0.05234,Recommended
15,triangles [musical instruments],103,1987,0.05184,Recommended
15,saxophones,101,1987,0.05083,Recommended
15,bags specially adapted for holding musical instruments,99,1987,0.04982,Recommended
15,drum practice pads,99,1987,0.04982,Recommended
15,mallets for musical instruments,99,1987,0.04982,Recommended
15,electronic organs,97,1987,0.04882,Recommended
15,tambourines,96,1987,0.04831,Recommended
15,musical synthesizers,95,1987,0.04781,Recommended
15,musical instruments controlled by computer,94,1987,0.04731,Recommended
15,picks for stringed musical instruments,93,1987,0.0468,Recommended
15,keyboard instruments [musical],92,1987,0.0463,Recommended
15,sheng [chinese musical wind instruments],92,1987,0.0463,Recommended
15,synthesizers [musical instruments],92,1987,0.0463,Recommended
15,horns [musical instruments],91,1987,0.0458,Recommended
15,percussion instruments [musical],91,1987,0.0458,Recommended
15,electronic musical keyboards,90,1987,0.04529,Recommended
15,music rests for musical instruments,90,1987,0.04529,Recommended
15,electronic keyboards [musical instruments],89,1987,0.04479,Recommended
15,guitar saddles,89,1987,0.04479,Recommended
15,carrying cases for musical instruments,88,1987,0.04429,Recommended
15,reeds,88,1987,0.04429,Recommended
15,tuning apparatus for musical instruments,88,1987,0.04429,Recommended
15,bamboo flutes,87,1987,0.04378,Recommended
15,electronic synthesizers being musical instruments,87,1987,0.04378,Recommended
15,metal bells [musical instruments],86,1987,0.04328,Recommended
15,musical wind instruments,86,1987,0.04328,Recommended
15,tuning hammers,86,1987,0.04328,Recommended
15,electronic apparatus for synthesising music [musical instrument],85,1987,0.04278,Recommended
15,electronic musical apparatus and instruments,85,1987,0.04278,Recommended
15,mutes for musical instruments,85,1987,0.04278,Recommended
15,picks for stringed instruments,85,1987,0.04278,Recommended
15,recorders [musical instruments],85,1987,0.04278,Recommended
15,castanets,82,1987,0.04127,Recommended
15,suona [chinese trumpets],82,1987,0.04127,Recommended
15,electric carillons [musical instruments],81,1987,0.04076,Recommended
15,reeds for musical instruments,81,1987,0.04076,Recommended
15,sound effects machines being musical instruments,78,1987,0.03926,Some use this
15,dampers for musical instruments,77,1987,0.03875,Some use this
15,kazoos,77,1987,0.03875,Some use this
15,mechanical musical instruments,77,1987,0.03875,Some use this
15,musical instrument harnesses,77,1987,0.03875,Some use this
15,trumpets,77,1987,0.03875,Some use this
15,western style musical instruments,77,1987,0.03875,Some use this
15,tuners for electronic musical instruments,76,1987,0.03825,Some use this
15,woodwind musical instruments,76,1987,0.03825,Some use this
15,music rolls [piano],75,1987,0.03775,Some use this
15,stringed instruments,74,1987,0.03724,Some use this
15,electric keyboards [musical instruments],73,1987,0.03674,Some use this
15,guitar armrests,73,1987,0.03674,Some use this
15,sound effects pedals for musical instruments,73,1987,0.03674,Some use this
15,valves for musical instruments,73,1987,0.03674,Some use this
15,carillons [musical instruments],72,1987,0.03624,Some use this
15,piano keys,72,1987,0.03624,Some use this
15,tuning devices for musical instruments,72,1987,0.03624,Some use this
15,whistles [musical instruments],72,1987,0.03624,Some use this
15,catgut for musical instruments,71,1987,0.03573,Some use this
15,cymbals,70,1987,0.03523,Some use this
15,ukuleles,70,1987,0.03523,Some use this
15,bow nuts for musical instruments,69,1987,0.03473,Some use this
15,harps,69,1987,0.03473,Some use this
15,turning apparatus for sheet music,69,1987,0.03473,Some use this
15,handbells,68,1987,0.03422,Some use this
15,rattles [musical instruments],68,1987,0.03422,Some use this
15,electronic synthesizers,67,1987,0.03372,Some use this
15,musical boxes [not toys],67,1987,0.03372,Some use this
15,electronic musical instrument tuners,66,1987,0.03322,Some use this
15,fingerboards for stringed musical instruments,66,1987,0.03322,Some use this
15,lutes,66,1987,0.03322,Some use this
15,chinese vertical bamboo flutes (xiao),65,1987,0.03271,Some use this
15,devices for tuning musical instruments,65,1987,0.03271,Some use this
15,music stands and stands for musical instruments,65,1987,0.03271,Some use this
15,woodwind instruments,65,1987,0.03271,Some use this
15,cases adapted for musical instruments,64,1987,0.03221,Some use this
15,chimes [musical instruments],64,1987,0.03221,Some use this
15,drum sticks,64,1987,0.03221,Some use this
15,"mechanical, electric and electronic musical instruments",64,1987,0.03221,Some use this
15,musical instruments incorporating arrangements for producing audio signals,64,1987,0.03221,Some use this
15,steel drums [musical instruments],64,1987,0.03221,Some use this
15,bagpipes,63,1987,0.03171,Some use this
15,synthesizers (music -),63,1987,0.03171,Some use this
15,electric basses,62,1987,0.0312,Some use this
15,horns,62,1987,0.0312,Some use this
15,reeds [musical instruments],62,1987,0.0312,Some use this
15,sticks for bows for musical instruments,62,1987,0.0312,Some use this
15,piano strings,61,1987,0.0307,Some use this
15,bass drums,60,1987,0.0302,Some use this
15,computer controlled musical instruments,60,1987,0.0302,Some use this
15,wind instruments [musical],60,1987,0.0302,Some use this
15,bellows for musical instruments,59,1987,0.02969,Some use this
15,cornets [musical instruments],59,1987,0.02969,Some use this
15,drum pedals [musical instruments],59,1987,0.02969,Some use this
15,tripods for musical instruments,59,1987,0.02969,Some use this
15,melodicas,58,1987,0.02919,Some use this
15,skins for drums,58,1987,0.02919,Some use this
15,wind instruments,58,1987,0.02919,Some use this
15,xylophones,58,1987,0.02919,Some use this
15,banjos,57,1987,0.02869,Some use this
15,electronic drums,57,1987,0.02869,Some use this
15,brass instruments,56,1987,0.02818,Some use this
15,musical instruments in the nature of steel drums,56,1987,0.02818,Some use this
15,organs [musical instruments],56,1987,0.02818,Some use this
15,acoustic basses,55,1987,0.02768,Some use this
15,chin rests for violins,55,1987,0.02768,Some use this
15,mandolins,55,1987,0.02768,Some use this
15,pipa [chinese guitars],55,1987,0.02768,Some use this
15,racks adapted to hold musical instruments,55,1987,0.02768,Some use this
15,flutes being musical instruments,54,1987,0.02718,Some use this
15,electric pianos,53,1987,0.02667,Some use this
15,stands (music -),52,1987,0.02617,Some use this
15,capos,49,1987,0.02466,Some use this
15,strings for western musical instruments,49,1987,0.02466,Some use this
15,trombones,49,1987,0.02466,Some use this
15,bass drum sticks,48,1987,0.02416,Some use this
15,electronic sound effects machines [synthesizers],48,1987,0.02416,Some use this
15,violas,47,1987,0.02365,Some use this
15,covers (shaped -) for musical instruments,46,1987,0.02315,Some use this
15,guitar toggle switch tips,46,1987,0.02315,Some use this
15,musical instruments controlled by microprocessor,46,1987,0.02315,Some use this
15,oboes,46,1987,0.02315,Some use this
15,guitar strings incorporating steel,45,1987,0.02265,Some use this
15,jews' harps [musical instruments],45,1987,0.02265,Some use this
15,organs,43,1987,0.02164,Some use this
15,rainmaker [musical instruments],43,1987,0.02164,Some use this
15,strings for western style musical instruments,43,1987,0.02164,Some use this
15,ukeleles,42,1987,0.02114,Some use this
15,music pitch pipes,41,1987,0.02063,Some use this
15,musical keyboard carrying cases,41,1987,0.02063,Some use this
15,electronic background music machines,40,1987,0.02013,Some use this
15,electronic rhythm machines,40,1987,0.02013,Some use this
15,musical instruments incorporating arrangements for modifying audio signals,40,1987,0.02013,Some use this
15,ocarinas,40,1987,0.02013,Some use this
15,perforated music rolls,40,1987,0.02013,Some use this
15,synthetic music apparatus,40,1987,0.02013,Some use this
15,bass drumsticks,39,1987,0.01963,Some use this
15,colophony for stringed musical instruments,39,1987,0.01963,Some use this
15,drum machines,39,1987,0.01963,Some use this
15,drumheads,39,1987,0.01963,Some use this
15,electronically operated computer controlled musical apparatus,39,1987,0.01963,Some use this
15,electronically operated musical instruments,39,1987,0.01963,Some use this
15,hats with bells [musical instruments],39,1987,0.01963,Some use this
15,horsehair for bows for musical instruments,39,1987,0.01963,Some use this
15,clarionets,38,1987,0.01912,Some use this
15,double basses,38,1987,0.01912,Some use this
15,guitar strings made from steel,37,1987,0.01862,Some use this
15,mouthpiece caps for musical instruments,37,1987,0.01862,Some use this
15,barrel organs,36,1987,0.01812,Some use this
15,bongo drums,36,1987,0.01812,Some use this
15,drum pedals,36,1987,0.01812,Some use this
15,electronic practice mutes for musical instruments,36,1987,0.01812,Some use this
15,erhu (a two-stringed bowed musical instrument),36,1987,0.01812,Some use this
15,playable electronic sound synthesizers,36,1987,0.01812,Some use this
15,clarinets,35,1987,0.01761,Some use this
15,harp strings,35,1987,0.01761,Some use this
15,parts of musical instruments,35,1987,0.01761,Some use this
15,intensity regulators for mechanical pianos,34,1987,0.01711,Some use this
15,sticks (drum -),34,1987,0.01711,Some use this
15,electronic melody instruments,33,1987,0.01661,Some use this
15,kettledrum frames,32,1987,0.0161,Some use this
15,kettledrums,31,1987,0.0156,Some use this
15,balalaikas [stringed musical instruments],30,1987,0.0151,Some use this
15,finger plectrums,30,1987,0.0151,Some use this
15,reeds being parts of musical instruments,30,1987,0.0151,Some use this
15,bandonions,29,1987,0.01459,Some use this
15,harmoniums,29,1987,0.01459,Some use this
15,autoplaying electronic pianos,28,1987,0.01409,Some use this
15,chinese flutes,28,1987,0.01409,Some use this
15,concertinas,28,1987,0.01409,Some use this
15,drum kits,28,1987,0.01409,Some use this
15,ebonite mouth pieces for musical instruments,28,1987,0.01409,Some use this
15,electronic drum pads,28,1987,0.01409,Some use this
15,electronic musical apparatus for accompaniment,28,1987,0.01409,Some use this
15,musical instruments incorporating apparatus for producing audio signals,28,1987,0.01409,Some use this
15,piccolos,28,1987,0.01409,Some use this
15,tom-toms,28,1987,0.01409,Some use this
15,musical instruments incorporating apparatus for modifying audio signals,27,1987,0.01359,Some use this
15,traditional japanese musical instruments,27,1987,0.01359,Some use this
15,chinese zithers,26,1987,0.01309,Some use this
15,huqin [chinese violins],26,1987,0.01309,Some use this
15,synthesizers,26,1987,0.01309,Some use this
15,tongues [parts of musical instruments],26,1987,0.01309,Some use this
15,chinese zither stands,25,1987,0.01258,Some use this
15,rattles (musical instruments),25,1987,0.01258,Some use this
15,sound boards,25,1987,0.01258,Some use this
15,japanese traditional musical instruments,24,1987,0.01208,Some use this
15,music keyboards,24,1987,0.01208,Some use this
15,robotic drums,24,1987,0.01208,Some use this
15,zithers,24,1987,0.01208,Some use this
15,koto [japanese stringed musical instruments],23,1987,0.01158,Some use this
15,movements for musical boxes,23,1987,0.01158,Some use this
15,piano covers [shaped],23,1987,0.01158,Some use this
15,player pianos,23,1987,0.01158,Some use this
15,singing bowls,23,1987,0.01158,Some use this
15,timpani,23,1987,0.01158,Some use this
15,guitar cases,22,1987,0.01107,Some use this
15,grand pianos,21,1987,0.01057,Some use this
15,batons (conductors' -),20,1987,0.01007,Some use this
15,marimbas,20,1987,0.01007,Some use this
15,rolls (perforated music -),20,1987,0.01007,Some use this
15,conga drums,19,1987,0.00956,Some use this
15,instrument mutes,19,1987,0.00956,Some use this
15,mechanical pianos,19,1987,0.00956,Some use this
15,autoplaying electric pianos,18,1987,0.00906,Some use this
15,clarions,18,1987,0.00906,Some use this
15,violin chin rests,18,1987,0.00906,Some use this
15,electronic musical apparatus for instruction,17,1987,0.00856,Some use this
15,lyres,17,1987,0.00856,Some use this
15,musical boxes in the form of porcelain bisque figurines,17,1987,0.00856,Some use this
15,picks for musical instruments,17,1987,0.00856,Some use this
15,tubas,17,1987,0.00856,Some use this
15,wind pipes for organs,17,1987,0.00856,Some use this
15,electronic automatically controlled rhythm machines,16,1987,0.00805,Some use this
15,electronic musical apparatus for practice,16,1987,0.00805,Some use this
15,erhu strings,16,1987,0.00805,Some use this
15,morin khuur [mongolian bowed stringed instrument],16,1987,0.00805,Some use this
15,pianofortes,16,1987,0.00805,Some use this
16,printed matter,14944,54108,0.27619,Most use this
16,books,12866,54108,0.23778,Most use this
16,stationery,12775,54108,0.2361,Most use this
16,posters,9496,54108,0.1755,Most use this
16,printed publications,9400,54108,0.17373,Most use this
16,photographs,8867,54108,0.16388,Most use this
16,calendars,8581,54108,0.15859,Most use this
16,stickers,7406,54108,0.13687,Most use this
16,magazines,6375,54108,0.11782,Recommended
16,greeting cards,5951,54108,0.10998,Recommended
16,pens,5924,54108,0.10948,Recommended
16,pencils,5668,54108,0.10475,Recommended
16,postcards,5581,54108,0.10315,Recommended
16,diaries,5422,54108,0.10021,Recommended
16,notebooks,4906,54108,0.09067,Recommended
16,paper,4485,54108,0.08289,Recommended
16,cards,4382,54108,0.08099,Recommended
16,instructional and teaching materials,4206,54108,0.07773,Recommended
16,art prints,4122,54108,0.07618,Recommended
16,paper and cardboard,4096,54108,0.0757,Recommended
16,journals,3983,54108,0.07361,Recommended
16,brochures,3768,54108,0.06964,Recommended
16,newsletters,3752,54108,0.06934,Recommended
16,printed books,3742,54108,0.06916,Recommended
16,adhesives for stationery or household purposes,3574,54108,0.06605,Recommended
16,note books,3441,54108,0.0636,Recommended
16,booklets,3277,54108,0.06056,Recommended
16,address books,3229,54108,0.05968,Recommended
16,pictures,3107,54108,0.05742,Recommended
16,educational books,3099,54108,0.05727,Recommended
16,prints,3061,54108,0.05657,Recommended
16,comic books,3057,54108,0.0565,Recommended
16,pamphlets,3000,54108,0.05544,Recommended
16,stickers [stationery],2989,54108,0.05524,Recommended
16,bookbinding material,2974,54108,0.05496,Recommended
16,newspapers,2969,54108,0.05487,Recommended
16,leaflets,2968,54108,0.05485,Recommended
16,catalogues,2935,54108,0.05424,Recommended
16,notepads,2874,54108,0.05312,Recommended
16,greetings cards,2837,54108,0.05243,Recommended
16,gift bags,2826,54108,0.05223,Recommended
16,periodicals,2743,54108,0.05069,Recommended
16,paintbrushes,2616,54108,0.04835,Recommended
16,pencil sharpeners,2596,54108,0.04798,Recommended
16,manuals,2562,54108,0.04735,Recommended
16,colouring books,2526,54108,0.04668,Recommended
16,wrapping paper,2515,54108,0.04648,Recommended
16,picture books,2507,54108,0.04633,Recommended
16,albums,2451,54108,0.0453,Recommended
16,printed stationery,2415,54108,0.04463,Recommended
16,paint brushes,2408,54108,0.0445,Recommended
16,writing instruments,2404,54108,0.04443,Recommended
16,printed cards,2402,54108,0.04439,Recommended
16,bookmarks,2344,54108,0.04332,Recommended
16,erasers,2290,54108,0.04232,Recommended
16,gift cards,2262,54108,0.04181,Recommended
16,paper bags,2248,54108,0.04155,Recommended
16,envelopes,2241,54108,0.04142,Recommended
16,artists' materials,2204,54108,0.04073,Recommended
16,folders,2174,54108,0.04018,Recommended
16,trading cards,2164,54108,0.03999,Some use this
16,activity books,2118,54108,0.03914,Some use this
16,book covers,2111,54108,0.03901,Some use this
16,cardboard,2104,54108,0.03889,Some use this
16,story books,2083,54108,0.0385,Some use this
16,pencil cases,2081,54108,0.03846,Some use this
16,graphic prints,2080,54108,0.03844,Some use this
16,writing paper,2070,54108,0.03826,Some use this
16,gift boxes,2055,54108,0.03798,Some use this
16,fiction books,2054,54108,0.03796,Some use this
16,coloring books,2050,54108,0.03789,Some use this
16,decals,2038,54108,0.03767,Some use this
16,photographs [printed],2034,54108,0.03759,Some use this
16,printed educational materials,2028,54108,0.03748,Some use this
16,art pictures,2025,54108,0.03743,Some use this
16,instructional and teaching material (except apparatus),2009,54108,0.03713,Some use this
16,paper stationery,2000,54108,0.03696,Some use this
16,graphic art prints,1980,54108,0.03659,Some use this
16,educational publications,1947,54108,0.03598,Some use this
16,writing books,1911,54108,0.03532,Some use this
16,rulers,1849,54108,0.03417,Some use this
16,birthday cards,1848,54108,0.03415,Some use this
16,christmas cards,1844,54108,0.03408,Some use this
16,printing blocks,1836,54108,0.03393,Some use this
16,photograph albums,1826,54108,0.03375,Some use this
16,flyers,1799,54108,0.03325,Some use this
16,sticker books,1795,54108,0.03317,Some use this
16,tickets,1780,54108,0.0329,Some use this
16,office stationery,1773,54108,0.03277,Some use this
16,packaging materials,1769,54108,0.03269,Some use this
16,autograph books,1743,54108,0.03221,Some use this
16,paintings,1742,54108,0.03219,Some use this
16,periodical publications,1706,54108,0.03153,Some use this
16,photographic prints,1706,54108,0.03153,Some use this
16,drawing books,1700,54108,0.03142,Some use this
16,books for children,1699,54108,0.0314,Some use this
16,non-fiction books,1693,54108,0.03129,Some use this
16,printed art reproductions,1680,54108,0.03105,Some use this
16,"stationery and office requisites, except furniture",1634,54108,0.0302,Some use this
16,children's books,1626,54108,0.03005,Some use this
16,printed booklets,1606,54108,0.02968,Some use this
16,paper banners,1594,54108,0.02946,Some use this
16,printed calendars,1584,54108,0.02927,Some use this
16,stencils,1578,54108,0.02916,Some use this
16,fine art prints,1568,54108,0.02898,Some use this
16,maps,1562,54108,0.02887,Some use this
16,"bags [envelopes, pouches] of paper or plastics, for packaging",1560,54108,0.02883,Some use this
16,pads [stationery],1555,54108,0.02874,Some use this
16,printed brochures,1519,54108,0.02807,Some use this
16,graphic art books,1510,54108,0.02791,Some use this
16,writing or drawing books,1509,54108,0.02789,Some use this
16,book marks,1498,54108,0.02769,Some use this
16,instructional and teaching material,1496,54108,0.02765,Some use this
16,drawing materials and materials for artists,1490,54108,0.02754,Some use this
16,stationery and educational supplies,1489,54108,0.02752,Some use this
16,toilet paper,1481,54108,0.02737,Some use this
16,printed photographs,1480,54108,0.02735,Some use this
16,envelopes [stationery],1474,54108,0.02724,Some use this
16,gift books,1467,54108,0.02711,Some use this
16,"plastic sheets, films and bags for wrapping and packaging",1465,54108,0.02708,Some use this
16,paper napkins,1447,54108,0.02674,Some use this
16,school supplies [stationery],1447,54108,0.02674,Some use this
16,recipe books,1434,54108,0.0265,Some use this
16,guide books,1433,54108,0.02648,Some use this
16,information books,1428,54108,0.02639,Some use this
16,children's activity books,1425,54108,0.02634,Some use this
16,gift wrapping paper,1410,54108,0.02606,Some use this
16,bumper stickers,1407,54108,0.026,Some use this
16,invitation cards,1406,54108,0.02599,Some use this
16,adhesive stickers,1384,54108,0.02558,Some use this
16,office requisites,1383,54108,0.02556,Some use this
16,note pads,1374,54108,0.02539,Some use this
16,writing stationery,1370,54108,0.02532,Some use this
16,writing materials,1357,54108,0.02508,Some use this
16,gift packaging,1355,54108,0.02504,Some use this
16,sketch books,1355,54108,0.02504,Some use this
16,exercise books,1341,54108,0.02478,Some use this
16,paperweights,1338,54108,0.02473,Some use this
16,gift tags,1325,54108,0.02449,Some use this
16,decalcomanias,1311,54108,0.02423,Some use this
16,"paintings [pictures], framed or unframed",1302,54108,0.02406,Some use this
16,blank journal books,1299,54108,0.02401,Some use this
16,paper party bags,1299,54108,0.02401,Some use this
16,stationery boxes,1298,54108,0.02399,Some use this
16,drawing pens,1294,54108,0.02392,Some use this
16,printed advertisements,1293,54108,0.0239,Some use this
16,book markers,1277,54108,0.0236,Some use this
16,gift wrap,1277,54108,0.0236,Some use this
16,painting books,1277,54108,0.0236,Some use this
16,pocket books [stationery],1270,54108,0.02347,Some use this
16,occasion cards,1268,54108,0.02343,Some use this
16,drawing materials,1264,54108,0.02336,Some use this
16,gift vouchers,1264,54108,0.02336,Some use this
16,paper party decorations,1264,54108,0.02336,Some use this
16,baby books,1261,54108,0.02331,Some use this
16,printed flyers,1260,54108,0.02329,Some use this
16,memo pads,1256,54108,0.02321,Some use this
16,printed guides,1256,54108,0.02321,Some use this
16,notebook paper,1249,54108,0.02308,Some use this
16,scrap books,1247,54108,0.02305,Some use this
16,graphic art reproductions,1246,54108,0.02303,Some use this
16,paper cake decorations,1242,54108,0.02295,Some use this
16,advertising posters,1239,54108,0.0229,Some use this
16,printed certificates,1234,54108,0.02281,Some use this
16,photo albums,1230,54108,0.02273,Some use this
16,post cards,1226,54108,0.02266,Some use this
16,cardboard packaging,1222,54108,0.02258,Some use this
16,photo prints,1222,54108,0.02258,Some use this
16,paper sheets [stationery],1218,54108,0.02251,Some use this
16,reference books,1218,54108,0.02251,Some use this
16,announcement cards [stationery],1214,54108,0.02244,Some use this
16,carrier bags,1214,54108,0.02244,Some use this
16,printed promotional material,1213,54108,0.02242,Some use this
16,fountain pens,1208,54108,0.02233,Some use this
16,fantasy books,1204,54108,0.02225,Some use this
16,poster books,1204,54108,0.02225,Some use this
16,printed leaflets,1201,54108,0.0222,Some use this
16,canvas prints,1200,54108,0.02218,Some use this
16,pen and pencil cases,1200,54108,0.02218,Some use this
16,sticker albums,1188,54108,0.02196,Some use this
16,note cards,1187,54108,0.02194,Some use this
16,publications,1181,54108,0.02183,Some use this
16,printed forms,1177,54108,0.02175,Some use this
16,plastic materials for packaging,1172,54108,0.02166,Some use this
16,date books,1166,54108,0.02155,Some use this
16,printed teaching materials,1166,54108,0.02155,Some use this
16,scrapbooks,1166,54108,0.02155,Some use this
16,party stationery,1164,54108,0.02151,Some use this
16,plastic materials for packaging (not included in other classes),1161,54108,0.02146,Some use this
16,decoration and art materials and media,1158,54108,0.0214,Some use this
16,art paper,1156,54108,0.02136,Some use this
16,song books,1154,54108,0.02133,Some use this
16,binders,1149,54108,0.02124,Some use this
16,resource books,1149,54108,0.02124,Some use this
16,marking pens [stationery],1148,54108,0.02122,Some use this
16,cookery books,1141,54108,0.02109,Some use this
16,folders [stationery],1141,54108,0.02109,Some use this
16,personal organisers,1140,54108,0.02107,Some use this
16,series of fiction books,1134,54108,0.02096,Some use this
16,"office requisites, except furniture",1126,54108,0.02081,Some use this
16,covers for books,1125,54108,0.02079,Some use this
16,bookends,1123,54108,0.02075,Some use this
16,office paper stationery,1121,54108,0.02072,Some use this
16,printers' type,1118,54108,0.02066,Some use this
16,picture cards,1115,54108,0.02061,Some use this
16,printed programmes,1113,54108,0.02057,Some use this
16,blank cards,1110,54108,0.02051,Some use this
16,paper boxes,1110,54108,0.02051,Some use this
16,series of non-fiction books,1107,54108,0.02046,Some use this
16,pen cases,1106,54108,0.02044,Some use this
16,printed invitations,1103,54108,0.02039,Some use this
16,holiday cards,1102,54108,0.02037,Some use this
16,printed pamphlets,1101,54108,0.02035,Some use this
16,adhesive labels,1092,54108,0.02018,Some use this
16,labels of paper or cardboard,1092,54108,0.02018,Some use this
16,adhesive tapes for stationery or household purposes,1089,54108,0.02013,Some use this
16,bookmarkers,1089,54108,0.02013,Some use this
16,publications (printed -),1072,54108,0.01981,Some use this
16,passport holders,1069,54108,0.01976,Some use this
16,desk mats,1068,54108,0.01974,Some use this
16,pencil holders,1053,54108,0.01946,Some use this
16,printed training materials,1053,54108,0.01946,Some use this
16,magazines [periodicals],1050,54108,0.01941,Some use this
16,lithographic works of art,1047,54108,0.01935,Some use this
16,printed paper labels,1047,54108,0.01935,Some use this
16,writing pads,1045,54108,0.01931,Some use this
16,drawing instruments,1043,54108,0.01928,Some use this
16,labels,1043,54108,0.01928,Some use this
16,teaching materials,1043,54108,0.01928,Some use this
16,business cards,1040,54108,0.01922,Some use this
16,paper bags for packaging,1039,54108,0.0192,Some use this
16,cardboard boxes,1038,54108,0.01918,Some use this
16,paper gift wrap,1038,54108,0.01918,Some use this
16,agenda books,1037,54108,0.01917,Some use this
16,educational and instructional material,1032,54108,0.01907,Some use this
16,advertising publications,1027,54108,0.01898,Some use this
16,paper labels,1027,54108,0.01898,Some use this
16,cartoon prints,1016,54108,0.01878,Some use this
16,paper gift bags,1016,54108,0.01878,Some use this
16,car stickers,1010,54108,0.01867,Some use this
16,printed reports,1007,54108,0.01861,Some use this
16,wirebound books,1007,54108,0.01861,Some use this
16,document files [stationery],1006,54108,0.01859,Some use this
16,printed visuals,1000,54108,0.01848,Some use this
16,stationery cases,996,54108,0.01841,Some use this
16,crayons,995,54108,0.01839,Some use this
16,pen and pencil holders,992,54108,0.01833,Some use this
16,cases for stationery,985,54108,0.0182,Some use this
16,music books,984,54108,0.01819,Some use this
16,baby books [storybooks],979,54108,0.01809,Some use this
16,paper towels,979,54108,0.01809,Some use this
16,printed newsletters,978,54108,0.01807,Some use this
16,boxes of paper or cardboard,975,54108,0.01802,Some use this
16,document holders [stationery],971,54108,0.01795,Some use this
16,pens [office requisites],970,54108,0.01793,Some use this
16,manuscript books,969,54108,0.01791,Some use this
16,cardboard gift boxes,966,54108,0.01785,Some use this
16,promotional publications,958,54108,0.01771,Some use this
16,paper book markers,948,54108,0.01752,Some use this
16,birthday books,943,54108,0.01743,Some use this
16,canvas for painting,941,54108,0.01739,Some use this
16,printed manuals,940,54108,0.01737,Some use this
16,graphic reproductions,936,54108,0.0173,Some use this
16,writing cases [stationery],935,54108,0.01728,Some use this
16,training manuals,933,54108,0.01724,Some use this
16,anniversary cards,931,54108,0.01721,Some use this
16,ballpoint pens,931,54108,0.01721,Some use this
16,drawing pads,928,54108,0.01715,Some use this
16,travel books,927,54108,0.01713,Some use this
16,writing implements,926,54108,0.01711,Some use this
16,handbooks,924,54108,0.01708,Some use this
16,"forms, printed",922,54108,0.01704,Some use this
16,appointment books,917,54108,0.01695,Some use this
16,towels of paper,917,54108,0.01695,Some use this
16,banners of paper,916,54108,0.01693,Some use this
16,tissue paper,916,54108,0.01693,Some use this
16,flip books,909,54108,0.0168,Some use this
16,rubber erasers,904,54108,0.01671,Some use this
16,"arts, crafts and modelling equipment",902,54108,0.01667,Some use this
16,stationery folders,902,54108,0.01667,Some use this
16,gummed tape [stationery],901,54108,0.01665,Some use this
16,planners [printed matter],901,54108,0.01665,Some use this
16,"printers' type, printing blocks",889,54108,0.01643,Some use this
16,index cards [stationery],888,54108,0.01641,Some use this
16,pop-up books,888,54108,0.01641,Some use this
16,comics,885,54108,0.01636,Some use this
16,paper flags,882,54108,0.0163,Some use this
16,collectable cards,881,54108,0.01628,Some use this
16,cook books,881,54108,0.01628,Some use this
16,diaries [printed matter],879,54108,0.01625,Some use this
16,marker pens,874,54108,0.01615,Some use this
16,plastic bags for packaging,872,54108,0.01612,Some use this
16,stamp pads,862,54108,0.01593,Some use this
16,printing paper,860,54108,0.01589,Some use this
16,stencils [stationery],857,54108,0.01584,Some use this
16,announcement cards,856,54108,0.01582,Some use this
16,educational equipment,850,54108,0.01571,Some use this
16,binders [stationery],849,54108,0.01569,Some use this
16,packaging boxes of cardboard,847,54108,0.01565,Some use this
17,insulating materials,570,6375,0.08941,Recommended
17,"packing, stopping and insulating materials",422,6375,0.0662,Recommended
17,garden hoses,303,6375,0.04753,Recommended
17,plastics in extruded form for use in manufacture,296,6375,0.04643,Recommended
17,duct tapes,291,6375,0.04565,Recommended
17,duct tape,290,6375,0.04549,Recommended
17,"flexible hoses, not of metal",270,6375,0.04235,Recommended
17,watering hose,269,6375,0.0422,Recommended
17,"seals, sealants and fillers",268,6375,0.04204,Recommended
17,"adhesive tapes, strips, bands and films",250,6375,0.03922,Some use this
17,insulation and barrier articles and materials,245,6375,0.03843,Some use this
17,masking tape,242,6375,0.03796,Some use this
17,synthetic rubber,239,6375,0.03749,Some use this
17,insulating tapes,238,6375,0.03733,Some use this
17,adhesive sealants,230,6375,0.03608,Some use this
17,hoses,220,6375,0.03451,Some use this
17,insulating tape,220,6375,0.03451,Some use this
17,masking tapes,210,6375,0.03294,Some use this
17,electrical tape,209,6375,0.03278,Some use this
17,plastics and resins in extruded form for use in manufacture,209,6375,0.03278,Some use this
17,gaskets,205,6375,0.03216,Some use this
17,foam for use in sound insulation,204,6375,0.032,Some use this
17,"plastic substances, semi-processed",204,6375,0.032,Some use this
17,soundproofing materials,203,6375,0.03184,Some use this
17,adhesive masking tape,201,6375,0.03153,Some use this
17,foam insulation for use in building and construction,197,6375,0.0309,Some use this
17,foam insulation materials for use in building and construction,193,6375,0.03027,Some use this
17,watering hoses,192,6375,0.03012,Some use this
17,foam rubber,190,6375,0.0298,Some use this
17,insulation material for roofing,190,6375,0.0298,Some use this
17,silicone sealants,190,6375,0.0298,Some use this
17,gaffer tape,187,6375,0.02933,Some use this
17,foam for use as heat insulation,185,6375,0.02902,Some use this
17,insulators,182,6375,0.02855,Some use this
17,insulation sheets,179,6375,0.02808,Some use this
17,foam sheeting for use as a building insulation,176,6375,0.02761,Some use this
17,plastic filaments for 3d printing,176,6375,0.02761,Some use this
17,rubber,175,6375,0.02745,Some use this
17,strapping tape,175,6375,0.02745,Some use this
17,thermal insulation material,173,6375,0.02714,Some use this
17,waterproof sealants,172,6375,0.02698,Some use this
17,thermal insulating materials,171,6375,0.02682,Some use this
17,rubber stoppers,167,6375,0.0262,Some use this
17,sealing and insulating materials,167,6375,0.0262,Some use this
17,padding materials of rubber or plastics,165,6375,0.02588,Some use this
17,"rubber, raw or semi-worked",163,6375,0.02557,Some use this
17,adhesive tapes for industrial use,161,6375,0.02525,Some use this
17,"flexible pipes, tubes and hoses, not of metal",161,6375,0.02525,Some use this
17,rings of rubber,159,6375,0.02494,Some use this
17,door stops of rubber,153,6375,0.024,Some use this
17,adhesive anti-slip tape for flooring applications,150,6375,0.02353,Some use this
17,caulking materials,150,6375,0.02353,Some use this
17,"flexible pipes, not of metal",149,6375,0.02337,Some use this
17,lawn hoses,149,6375,0.02337,Some use this
17,"packing [cushioning, stuffing] materials of rubber or plastics",148,6375,0.02322,Some use this
17,sealant compounds for joints,148,6375,0.02322,Some use this
17,waterproof packings,147,6375,0.02306,Some use this
17,semi-processed plastics,145,6375,0.02275,Some use this
17,irrigation hoses,142,6375,0.02227,Some use this
17,acoustic insulation articles and materials,141,6375,0.02212,Some use this
17,hoses of textile material,141,6375,0.02212,Some use this
17,insulating adhesives,141,6375,0.02212,Some use this
17,insulating materials for insulation against heat,141,6375,0.02212,Some use this
17,latex [rubber],139,6375,0.0218,Some use this
17,electrical insulating tape,138,6375,0.02165,Some use this
17,thermal insulation articles and materials,138,6375,0.02165,Some use this
17,insulating fabrics,136,6375,0.02133,Some use this
17,water hoses for garden use,136,6375,0.02133,Some use this
17,draught excluder strips,135,6375,0.02118,Some use this
17,foam in the form of blocks for use as heat insulation,135,6375,0.02118,Some use this
17,self-adhesive tapes for packings,135,6375,0.02118,Some use this
17,acoustical insulation barrier panels,133,6375,0.02086,Some use this
17,rubber tape for insulating,133,6375,0.02086,Some use this
17,foam for use in sound absorption,132,6375,0.02071,Some use this
17,tape (insulating -),130,6375,0.02039,Some use this
17,acoustic insulating materials,129,6375,0.02024,Some use this
17,acoustic insulating panels,129,6375,0.02024,Some use this
17,carpet seam tape,129,6375,0.02024,Some use this
17,electrical insulation tape,128,6375,0.02008,Some use this
17,rubber hoses,128,6375,0.02008,Some use this
17,pipe gaskets,127,6375,0.01992,Some use this
17,plastic sheeting for agricultural purposes,127,6375,0.01992,Some use this
17,adhesive sealant compounds,126,6375,0.01976,Some use this
17,adhesive sealants for general use,126,6375,0.01976,Some use this
17,insulating refractory materials,126,6375,0.01976,Some use this
17,electrical tapes,124,6375,0.01945,Some use this
17,pipe insulation,124,6375,0.01945,Some use this
17,semi-worked pla filaments for use in 3d printing,123,6375,0.01929,Some use this
17,drywall joint tape,122,6375,0.01914,Some use this
17,recycled plastics,122,6375,0.01914,Some use this
17,pipe joint tape,120,6375,0.01882,Some use this
17,silicone rubber,120,6375,0.01882,Some use this
17,anti-corrosion tape,118,6375,0.01851,Some use this
17,foam for use as heat shields,117,6375,0.01835,Some use this
17,insulating panels,117,6375,0.01835,Some use this
17,fabrics for insulation,116,6375,0.0182,Some use this
17,silicone foam thermal insulation,116,6375,0.0182,Some use this
17,polyurethane foam [semi-finished],115,6375,0.01804,Some use this
17,"junctions, not of metal, for pipes",114,6375,0.01788,Some use this
17,"synthetic resins, semi-processed",114,6375,0.01788,Some use this
17,adhesive tapes for use with carpets,113,6375,0.01773,Some use this
17,connecting hose for vehicle radiators,113,6375,0.01773,Some use this
17,flexible hose pipes of rubber,113,6375,0.01773,Some use this
17,foam glass for use as an insulating materials,113,6375,0.01773,Some use this
17,glass wool for insulation,113,6375,0.01773,Some use this
17,insulating paints,113,6375,0.01773,Some use this
17,polyurethane foam sheeting for use as building insulation,113,6375,0.01773,Some use this
17,acoustic baffles for soundproofing purposes,111,6375,0.01741,Some use this
17,air hoses,110,6375,0.01725,Some use this
17,flexible hose pipes of plastic,110,6375,0.01725,Some use this
17,adhesive sealant and caulking compound,109,6375,0.0171,Some use this
17,cords of rubber,109,6375,0.0171,Some use this
17,non-conducting materials for retaining heat,109,6375,0.0171,Some use this
17,fiberglass for insulation,108,6375,0.01694,Some use this
17,insulating gloves,108,6375,0.01694,Some use this
17,adhesive sealants for use in roofing,107,6375,0.01678,Some use this
17,"fittings, not of metal, for flexible pipes",107,6375,0.01678,Some use this
17,insulation for building purposes,107,6375,0.01678,Some use this
17,semi-worked abs filaments for use in 3d printing,107,6375,0.01678,Some use this
17,foam for use as motor compartment linings,106,6375,0.01663,Some use this
17,foil tapes for insulation,106,6375,0.01663,Some use this
17,plastic seals,106,6375,0.01663,Some use this
17,window masking films,106,6375,0.01663,Some use this
17,electrical insulating materials,105,6375,0.01647,Some use this
17,foam supports for floral arrangements,105,6375,0.01647,Some use this
17,non-metallic hose pipes,105,6375,0.01647,Some use this
17,acoustic sheets for insulation,104,6375,0.01631,Some use this
17,acoustical insulation for buildings,104,6375,0.01631,Some use this
17,silicone rubber sealants,104,6375,0.01631,Some use this
17,canvas hose pipes,103,6375,0.01616,Some use this
17,insulating materials for insulation against sound,103,6375,0.01616,Some use this
17,liquid rubber,101,6375,0.01584,Some use this
17,sealing compounds,101,6375,0.01584,Some use this
17,adhesive tapes for use with floor coverings,99,6375,0.01553,Some use this
17,anti-glare films for windows [tinted films],99,6375,0.01553,Some use this
17,fibreglass for insulation,99,6375,0.01553,Some use this
17,insulating materials made of polyurethane foam,99,6375,0.01553,Some use this
17,"acrylic resins, semi-processed",98,6375,0.01537,Some use this
17,composite panels having insulating properties,97,6375,0.01522,Some use this
17,fiberglass insulation,97,6375,0.01522,Some use this
17,insulating tape and band,97,6375,0.01522,Some use this
17,waterproofing and moisture proofing articles and materials,97,6375,0.01522,Some use this
17,plastic plumbing hoses,96,6375,0.01506,Some use this
17,"flexible tubes, not of metal",95,6375,0.0149,Some use this
17,flower arrangements (foam supports for -) [semi-finished products],95,6375,0.0149,Some use this
17,insulating materials for building,95,6375,0.0149,Some use this
17,insulation for pipes,94,6375,0.01475,Some use this
17,sealants for buildings,94,6375,0.01475,Some use this
17,water hoses of rubber,94,6375,0.01475,Some use this
17,adhesive tapes for use in securing carpets,93,6375,0.01459,Some use this
17,"bags [envelopes, pouches] of rubber, for packaging",92,6375,0.01443,Some use this
17,glazing tapes,92,6375,0.01443,Some use this
17,insulating coatings,92,6375,0.01443,Some use this
17,substances for insulating buildings against moisture,92,6375,0.01443,Some use this
17,flexible hoses (non-metallic -),91,6375,0.01427,Some use this
17,low-density polyurethane foam for insulation,91,6375,0.01427,Some use this
17,porous irrigation hoses,91,6375,0.01427,Some use this
17,semi-processed resins,91,6375,0.01427,Some use this
17,acoustic insulants,90,6375,0.01412,Some use this
17,insulating material,90,6375,0.01412,Some use this
17,stuffing of rubber or plastic,90,6375,0.01412,Some use this
17,adhesive sealing strip for roofing joints,89,6375,0.01396,Some use this
17,polyurethane sealants,89,6375,0.01396,Some use this
17,semi-worked thermoplastic filaments used for 3d printing,89,6375,0.01396,Some use this
17,acoustic screens for insulation,88,6375,0.0138,Some use this
17,anti-vibration tape,88,6375,0.0138,Some use this
17,hose pipes made of rubber,88,6375,0.0138,Some use this
17,sound-absorbing wall coverings,87,6375,0.01365,Some use this
17,waterproof membranes of rubber,87,6375,0.01365,Some use this
17,window stops of rubber,87,6375,0.01365,Some use this
17,insulating plaster,86,6375,0.01349,Some use this
17,insulating water proofing membranes,86,6375,0.01349,Some use this
17,masking tape for industrial use,86,6375,0.01349,Some use this
17,rubber hose,86,6375,0.01349,Some use this
17,sealants,86,6375,0.01349,Some use this
17,compositions to prevent the radiation of heat,85,6375,0.01333,Some use this
17,insulating materials made of polyethylene foam,85,6375,0.01333,Some use this
17,joint sealants,85,6375,0.01333,Some use this
17,polyurethane foam in blocks,85,6375,0.01333,Some use this
17,rubber sheets,85,6375,0.01333,Some use this
17,water hoses of plastic,85,6375,0.01333,Some use this
17,acoustic insulating panels made from non-metallic materials,84,6375,0.01318,Some use this
17,adhesive sealing compounds,84,6375,0.01318,Some use this
17,"adhesive tapes, for technical purposes",84,6375,0.01318,Some use this
17,fire resistant and fire preventive articles and materials,84,6375,0.01318,Some use this
17,insulating paper,84,6375,0.01318,Some use this
17,polyurethane foam for insulating purposes,84,6375,0.01318,Some use this
17,anti-dazzle films for windows [tinted films],83,6375,0.01302,Some use this
17,carpet seaming tapes,83,6375,0.01302,Some use this
17,foam supports for flower arrangements [semi-finished products],83,6375,0.01302,Some use this
17,shaped strips of foam rubber for use as draught seals in windows,83,6375,0.01302,Some use this
17,adhesive caulking compounds,82,6375,0.01286,Some use this
17,hose pipes made of plastic,82,6375,0.01286,Some use this
17,sealants for sealing joints,82,6375,0.01286,Some use this
17,sound-damping wall coverings,82,6375,0.01286,Some use this
17,expansion joint fillers,81,6375,0.01271,Some use this
17,heat resistant fabrics [insulation],81,6375,0.01271,Some use this
17,hose fittings (non-metallic -),81,6375,0.01271,Some use this
17,packing foam in sheet form,81,6375,0.01271,Some use this
17,plastic foam materials for use in manufacture,81,6375,0.01271,Some use this
17,water hoses for irrigation,81,6375,0.01271,Some use this
17,insulating sheets,80,6375,0.01255,Some use this
17,thermal insulating mats,80,6375,0.01255,Some use this
17,"artificial resins, semi-processed",79,6375,0.01239,Some use this
17,"fittings, not of metal, for rigid pipes",79,6375,0.01239,Some use this
17,flexible tubes of plastic,79,6375,0.01239,Some use this
17,packing materials,79,6375,0.01239,Some use this
17,weatherstripping,79,6375,0.01239,Some use this
17,acoustic sheets,78,6375,0.01224,Some use this
17,fittings [non-metallic] for flexible pipes,78,6375,0.01224,Some use this
17,insulating varnish,78,6375,0.01224,Some use this
17,pre-formed insulation components,78,6375,0.01224,Some use this
17,rubber tubes and pipes,78,6375,0.01224,Some use this
17,insulating felt,77,6375,0.01208,Some use this
17,padding materials of rubber or plastic,77,6375,0.01208,Some use this
17,hose (watering -),76,6375,0.01192,Some use this
17,insulating paints for walls,76,6375,0.01192,Some use this
17,polyurethane foam in strips for use in manufacture,76,6375,0.01192,Some use this
17,sealants for joints,76,6375,0.01192,Some use this
17,seals,76,6375,0.01192,Some use this
17,silicone foam heat shielding,76,6375,0.01192,Some use this
17,thermal insulation material for the construction of lofts,76,6375,0.01192,Some use this
17,weatherstripping compositions,76,6375,0.01192,Some use this
17,adhesive-coated plastic sheets,75,6375,0.01176,Some use this
17,electrical insulating tapes,75,6375,0.01176,Some use this
17,"pipe jackets, not of metal",75,6375,0.01176,Some use this
17,"pipe muffs, not of metal",75,6375,0.01176,Some use this
17,polyurethane foam in blocks for insulating,75,6375,0.01176,Some use this
17,shock-absorbing buffers of rubber,75,6375,0.01176,Some use this
17,sound control flooring underlayment,75,6375,0.01176,Some use this
17,water-tight rings,75,6375,0.01176,Some use this
17,acoustic board for ceilings [insulation],74,6375,0.01161,Some use this
17,foil tapes for ventilation duct sealing,74,6375,0.01161,Some use this
17,"reinforcing materials, not of metal, for pipes",74,6375,0.01161,Some use this
17,sealing tape for use with insulated glass,74,6375,0.01161,Some use this
17,insulation materials of plastics,73,6375,0.01145,Some use this
17,low-density polyurethane foam for packing,73,6375,0.01145,Some use this
17,polymeric membranes,73,6375,0.01145,Some use this
17,rubber solutions,73,6375,0.01145,Some use this
17,tinted plastic film for use on windows,72,6375,0.01129,Some use this
17,tinted plastic films for use on vehicle windows,72,6375,0.01129,Some use this
17,acoustic insulating boards,71,6375,0.01114,Some use this
17,acrylic rubber,71,6375,0.01114,Some use this
17,flexible pipes,71,6375,0.01114,Some use this
17,reflective plastic films for use on windows,71,6375,0.01114,Some use this
17,rubber for sound insulation,71,6375,0.01114,Some use this
17,adhesive tapes for use in securing floor coverings,70,6375,0.01098,Some use this
17,insulating matting,70,6375,0.01098,Some use this
17,molded foam for packing,70,6375,0.01098,Some use this
17,non-metallic flexible hose pipes,70,6375,0.01098,Some use this
17,polyethylene synthetic resin [semi-processed] for foam mouldings,70,6375,0.01098,Some use this
17,rubber sealant for caulking and adhesive purposes,70,6375,0.01098,Some use this
17,sealing strips made of rubber,70,6375,0.01098,Some use this
17,under flooring sheets of rubber,70,6375,0.01098,Some use this
17,asbestos,69,6375,0.01082,Some use this
17,plastic sheet materials for use in manufacture,69,6375,0.01082,Some use this
17,soundproofing materials for buildings,69,6375,0.01082,Some use this
17,connectors (non-metallic -) for hoses,68,6375,0.01067,Some use this
17,polyurethane foam in sections for use in manufacture,68,6375,0.01067,Some use this
17,rubber for heat insulation,68,6375,0.01067,Some use this
17,stops of rubber,68,6375,0.01067,Some use this
17,adhesive strips for use in industry,67,6375,0.01051,Some use this
17,bark coverings for sound insulation,67,6375,0.01051,Some use this
17,hose connectors (non-metallic -),67,6375,0.01051,Some use this
17,laminated plastic films for use on windows,67,6375,0.01051,Some use this
17,non-slip pads of rubber,67,6375,0.01051,Some use this
17,semi-worked plastic substances,67,6375,0.01051,Some use this
17,stuffing of rubber or plastics,67,6375,0.01051,Some use this
17,acoustic tiles for insulation,66,6375,0.01035,Some use this
17,fiberglass fabrics for insulation,66,6375,0.01035,Some use this
17,flexible hoses composed of plastics,66,6375,0.01035,Some use this
17,flexible plumbing pipes of plastic,66,6375,0.01035,Some use this
17,hose of textile material,66,6375,0.01035,Some use this
17,shaped strips of foam rubber for use as draught seals in doors,66,6375,0.01035,Some use this
17,sound-damping ceiling coverings,66,6375,0.01035,Some use this
17,electrical insulation articles and materials,65,6375,0.0102,Some use this
17,flexible polyurethane foam,65,6375,0.0102,Some use this
17,membranes and semi-processed synthetic filtering materials,65,6375,0.0102,Some use this
17,rubber tubes,65,6375,0.0102,Some use this
17,water hoses for household use,65,6375,0.0102,Some use this
17,acoustical panels for buildings,64,6375,0.01004,Some use this
17,air conditioner hoses,64,6375,0.01004,Some use this
17,closed cell cross-linked polyethene foam,64,6375,0.01004,Some use this
17,closed cell polyethylene foams,64,6375,0.01004,Some use this
17,general purpose silicone rubber sealant,64,6375,0.01004,Some use this
17,shredded polyurethane foams,64,6375,0.01004,Some use this
17,anti-rust sealants,63,6375,0.00988,Some use this
17,closed cell cross-linked polyethylene foam,63,6375,0.00988,Some use this
17,closed cell foams,63,6375,0.00988,Some use this
17,fibreglass fabrics for insulation,63,6375,0.00988,Some use this
17,fire resistant insulated panels,63,6375,0.00988,Some use this
17,foil tapes for heating duct sealing,63,6375,0.00988,Some use this
17,insulating bands,63,6375,0.00988,Some use this
18,bags,12641,29731,0.42518,Essential
18,tote bags,7432,29731,0.24997,Most use this
18,handbags,7416,29731,0.24944,Most use this
18,backpacks,7019,29731,0.23608,Most use this
18,purses,6942,29731,0.23349,Most use this
18,umbrellas,6092,29731,0.2049,Most use this
18,wallets,6073,29731,0.20426,Most use this
18,rucksacks,5212,29731,0.17531,Most use this
18,shoulder bags,5137,29731,0.17278,Most use this
18,travelling bags,5091,29731,0.17124,Most use this
18,beach bags,4731,29731,0.15913,Most use this
18,sports bags,4433,29731,0.1491,Most use this
18,suitcases,4400,29731,0.14799,Most use this
18,travel bags,4356,29731,0.14651,Most use this
18,toiletry bags,4190,29731,0.14093,Most use this
18,luggage,4031,29731,0.13558,Most use this
18,gym bags,3986,29731,0.13407,Most use this
18,duffel bags,3946,29731,0.13272,Most use this
18,leather bags,3933,29731,0.13229,Most use this
18,school bags,3919,29731,0.13182,Most use this
18,canvas bags,3728,29731,0.12539,Most use this
18,leather and imitations of leather,3670,29731,0.12344,Most use this
18,briefcases,3571,29731,0.12011,Most use this
18,duffle bags,3472,29731,0.11678,Recommended
18,clutch bags,3231,29731,0.10867,Recommended
18,cosmetic bags,3179,29731,0.10693,Recommended
18,walking sticks,3097,29731,0.10417,Recommended
18,crossbody bags,2950,29731,0.09922,Recommended
18,luggage bags,2911,29731,0.09791,Recommended
18,key cases,2840,29731,0.09552,Recommended
18,clothing for pets,2834,29731,0.09532,Recommended
18,umbrellas and parasols,2808,29731,0.09445,Recommended
18,drawstring bags,2801,29731,0.09421,Recommended
18,carrying bags,2735,29731,0.09199,Recommended
18,pocket wallets,2697,29731,0.09071,Recommended
18,bags for sports,2683,29731,0.09024,Recommended
18,belt bags,2663,29731,0.08957,Recommended
18,messenger bags,2646,29731,0.089,Recommended
18,shoe bags,2642,29731,0.08886,Recommended
18,belt bags and hip bags,2606,29731,0.08765,Recommended
18,hand bags,2605,29731,0.08762,Recommended
18,"luggage, bags, wallets and other carriers",2595,29731,0.08728,Recommended
18,kit bags,2592,29731,0.08718,Recommended
18,shopping bags,2589,29731,0.08708,Recommended
18,bum bags,2546,29731,0.08563,Recommended
18,carry-on bags,2492,29731,0.08382,Recommended
18,leather bags and wallets,2459,29731,0.08271,Recommended
18,trunks and travelling bags,2440,29731,0.08207,Recommended
18,make-up bags,2416,29731,0.08126,Recommended
18,cloth bags,2371,29731,0.07975,Recommended
18,luggage tags,2345,29731,0.07887,Recommended
18,waterproof bags,2341,29731,0.07874,Recommended
18,sling bags,2311,29731,0.07773,Recommended
18,garment bags,2309,29731,0.07766,Recommended
18,cross-body bags,2298,29731,0.07729,Recommended
18,holdalls,2224,29731,0.0748,Recommended
18,makeup bags,2213,29731,0.07443,Recommended
18,garment bags for travel,2190,29731,0.07366,Recommended
18,waist bags,2126,29731,0.07151,Recommended
18,collars for animals,2115,29731,0.07114,Recommended
18,book bags,2100,29731,0.07063,Recommended
18,overnight bags,2094,29731,0.07043,Recommended
18,satchels,2093,29731,0.0704,Recommended
18,traveling bags,2078,29731,0.06989,Recommended
18,hiking bags,2042,29731,0.06868,Recommended
18,reusable shopping bags,2031,29731,0.06831,Recommended
18,collars for pets,2011,29731,0.06764,Recommended
18,camping bags,2003,29731,0.06737,Recommended
18,carry-all bags,2000,29731,0.06727,Recommended
18,pet clothing,1948,29731,0.06552,Recommended
18,athletic bags,1939,29731,0.06522,Recommended
18,parasols,1907,29731,0.06414,Recommended
18,bags for travel,1880,29731,0.06323,Recommended
18,leather straps,1871,29731,0.06293,Recommended
18,bags for clothes,1869,29731,0.06286,Recommended
18,casual bags,1844,29731,0.06202,Recommended
18,toilet bags,1836,29731,0.06175,Recommended
18,dog collars,1816,29731,0.06108,Recommended
18,diaper bags,1794,29731,0.06034,Recommended
18,bags for campers,1790,29731,0.06021,Recommended
18,boot bags,1781,29731,0.0599,Recommended
18,sport bags,1766,29731,0.0594,Recommended
18,wheeled bags,1744,29731,0.05866,Recommended
18,dog leashes,1739,29731,0.05849,Recommended
18,luggage and carrying bags,1731,29731,0.05822,Recommended
18,weekend bags,1689,29731,0.05681,Recommended
18,souvenir bags,1677,29731,0.05641,Recommended
18,bags for carrying pets,1675,29731,0.05634,Recommended
18,bucket bags,1674,29731,0.0563,Recommended
18,canvas shopping bags,1659,29731,0.0558,Recommended
18,all-purpose carrying bags,1643,29731,0.05526,Recommended
18,duffel bags for travel,1633,29731,0.05493,Recommended
18,leather wallets,1631,29731,0.05486,Recommended
18,leather shopping bags,1627,29731,0.05472,Recommended
18,grocery tote bags,1601,29731,0.05385,Recommended
18,trunks [luggage],1601,29731,0.05385,Recommended
18,flight bags,1599,29731,0.05378,Recommended
18,"handbags, purses and wallets",1585,29731,0.05331,Recommended
18,bags for climbers,1561,29731,0.0525,Recommended
18,leather purses,1558,29731,0.0524,Recommended
18,business card cases,1514,29731,0.05092,Recommended
18,courier bags,1513,29731,0.05089,Recommended
18,wash bags for carrying toiletries,1504,29731,0.05059,Recommended
18,leather handbags,1492,29731,0.05018,Recommended
18,cabin bags,1488,29731,0.05005,Recommended
18,suit bags,1453,29731,0.04887,Recommended
18,dog clothing,1446,29731,0.04864,Recommended
18,umbrella bags,1420,29731,0.04776,Recommended
18,imitation leather bags,1416,29731,0.04763,Recommended
18,haversacks,1394,29731,0.04689,Recommended
18,knitted bags,1391,29731,0.04679,Recommended
18,towelling bags,1389,29731,0.04672,Recommended
18,nappy bags,1384,29731,0.04655,Recommended
18,pouches,1379,29731,0.04638,Recommended
18,attaché cases,1353,29731,0.04551,Recommended
18,coin purses,1340,29731,0.04507,Recommended
18,"whips, harness and saddlery",1333,29731,0.04484,Recommended
18,leather suitcases,1288,29731,0.04332,Recommended
18,roll bags,1283,29731,0.04315,Recommended
18,imitation leather,1272,29731,0.04278,Recommended
18,bags made of leather,1271,29731,0.04275,Recommended
18,leather and imitation leather,1261,29731,0.04241,Recommended
18,leather pouches,1252,29731,0.04211,Recommended
18,animal skins and hides,1226,29731,0.04124,Recommended
18,animal leashes,1225,29731,0.0412,Recommended
18,evening bags,1225,29731,0.0412,Recommended
18,card wallets,1224,29731,0.04117,Recommended
18,bags for sports clothing,1211,29731,0.04073,Recommended
18,"bags [envelopes, pouches] of leather, for packaging",1206,29731,0.04056,Recommended
18,dog apparel,1206,29731,0.04056,Recommended
18,travelling trunks,1206,29731,0.04056,Recommended
18,leather leashes,1203,29731,0.04046,Recommended
18,knitting bags,1188,29731,0.03996,Some use this
18,shoe bags for travel,1182,29731,0.03976,Some use this
18,cosmetic purses,1173,29731,0.03945,Some use this
18,raincoats for pet dogs,1162,29731,0.03908,Some use this
18,leather,1160,29731,0.03902,Some use this
18,barrel bags,1159,29731,0.03898,Some use this
18,work bags,1156,29731,0.03888,Some use this
18,attaché bags,1154,29731,0.03881,Some use this
18,hip bags,1139,29731,0.03831,Some use this
18,wheeled shopping bags,1137,29731,0.03824,Some use this
18,bags for umbrellas,1130,29731,0.03801,Some use this
18,pet leads,1127,29731,0.03791,Some use this
18,athletics bags,1122,29731,0.03774,Some use this
18,back packs,1112,29731,0.0374,Some use this
18,"vanity cases, not fitted",1107,29731,0.03723,Some use this
18,dog leads,1098,29731,0.03693,Some use this
18,nose bags [feed bags],1081,29731,0.03636,Some use this
18,bags (nose -) [feed bags],1079,29731,0.03629,Some use this
18,dog coats,1073,29731,0.03609,Some use this
18,baby carrying bags,1070,29731,0.03599,Some use this
18,umbrella covers,1062,29731,0.03572,Some use this
18,clothing for dogs,1060,29731,0.03565,Some use this
18,dog shoes,1059,29731,0.03562,Some use this
18,clothing for animals,1055,29731,0.03548,Some use this
18,travelling bags [leatherware],1039,29731,0.03495,Some use this
18,key bags,1033,29731,0.03474,Some use this
18,hunting bags,1027,29731,0.03454,Some use this
18,travel cases,1020,29731,0.03431,Some use this
18,leather cases,1002,29731,0.0337,Some use this
18,"tool bags, empty",1001,29731,0.03367,Some use this
18,bags made of imitation leather,996,29731,0.0335,Some use this
18,baby backpacks,991,29731,0.03333,Some use this
18,travel luggage,991,29731,0.03333,Some use this
18,gladstone bags,985,29731,0.03313,Some use this
18,luggage straps,978,29731,0.03289,Some use this
18,fashion handbags,977,29731,0.03286,Some use this
18,leather luggage straps,973,29731,0.03273,Some use this
18,roller bags,971,29731,0.03266,Some use this
18,knapsacks,969,29731,0.03259,Some use this
18,leather briefcases,967,29731,0.03252,Some use this
18,backpacks [rucksacks],955,29731,0.03212,Some use this
18,credit card cases,952,29731,0.03202,Some use this
18,textile shopping bags,952,29731,0.03202,Some use this
18,handbags made of leather,950,29731,0.03195,Some use this
18,credit card cases [wallets],939,29731,0.03158,Some use this
18,"bags [envelopes, pouches] of leather for packaging",934,29731,0.03142,Some use this
18,mesh shopping bags,932,29731,0.03135,Some use this
18,briefcases [leather goods],922,29731,0.03101,Some use this
18,"bags [envelopes, pouches] for packaging of leather",913,29731,0.03071,Some use this
18,electronic pet collars,906,29731,0.03047,Some use this
18,bags for school,905,29731,0.03044,Some use this
18,valises,905,29731,0.03044,Some use this
18,nose bags,904,29731,0.03041,Some use this
18,credit card holders,885,29731,0.02977,Some use this
18,game bags,884,29731,0.02973,Some use this
18,pouches of leather,883,29731,0.0297,Some use this
18,boston bags,881,29731,0.02963,Some use this
18,leather luggage tags,875,29731,0.02943,Some use this
18,changing bags,869,29731,0.02923,Some use this
18,leather shoulder belts,867,29731,0.02916,Some use this
18,pouch baby carriers,861,29731,0.02896,Some use this
18,coats for dogs,859,29731,0.02889,Some use this
18,"collars, leashes and clothing for animals",853,29731,0.02869,Some use this
18,leather boxes,841,29731,0.02829,Some use this
18,leather for shoes,841,29731,0.02829,Some use this
18,harness for animals,836,29731,0.02812,Some use this
18,mesh bags for shopping,834,29731,0.02805,Some use this
18,labels of leather,824,29731,0.02772,Some use this
18,pets (clothing for -),821,29731,0.02761,Some use this
18,beauty cases,815,29731,0.02741,Some use this
18,ladies handbags,814,29731,0.02738,Some use this
18,sling bags for carrying infants,804,29731,0.02704,Some use this
18,cosmetic bags sold empty,803,29731,0.02701,Some use this
18,leashes for animals,803,29731,0.02701,Some use this
18,garments for pets,800,29731,0.02691,Some use this
18,card cases [notecases],799,29731,0.02687,Some use this
18,articles of luggage,790,29731,0.02657,Some use this
18,bags (garment -) for travel,787,29731,0.02647,Some use this
18,cat collars,787,29731,0.02647,Some use this
18,clothing for domestic pets,787,29731,0.02647,Some use this
18,"animal skins, hides",786,29731,0.02644,Some use this
18,fanny packs,775,29731,0.02607,Some use this
18,"umbrellas, parasols and walking sticks",773,29731,0.026,Some use this
18,leather cloth,772,29731,0.02597,Some use this
18,toiletry bags sold empty,770,29731,0.0259,Some use this
18,card wallets [leatherware],768,29731,0.02583,Some use this
18,leather coin purses,768,29731,0.02583,Some use this
18,pet hair bows,761,29731,0.0256,Some use this
18,belts (leather shoulder -),759,29731,0.02553,Some use this
18,trunks and suitcases,759,29731,0.02553,Some use this
18,document cases,745,29731,0.02506,Some use this
18,clutch purses,744,29731,0.02502,Some use this
18,handbags for ladies,740,29731,0.02489,Some use this
18,suitcases with wheels,740,29731,0.02489,Some use this
18,all-purpose athletic bags,739,29731,0.02486,Some use this
18,animal skins,739,29731,0.02486,Some use this
18,leather cord,738,29731,0.02482,Some use this
18,leather laces,737,29731,0.02479,Some use this
18,covers for animals,735,29731,0.02472,Some use this
18,animal apparel,729,29731,0.02452,Some use this
18,straps for handbags,729,29731,0.02452,Some use this
18,whips,727,29731,0.02445,Some use this
18,feed bags,718,29731,0.02415,Some use this
18,key wallets,717,29731,0.02412,Some use this
18,daypacks,716,29731,0.02408,Some use this
18,dog parkas,714,29731,0.02402,Some use this
18,leather leads,709,29731,0.02385,Some use this
18,saddlery,708,29731,0.02381,Some use this
18,school satchels,707,29731,0.02378,Some use this
18,animal harnesses,706,29731,0.02375,Some use this
18,music bags,706,29731,0.02375,Some use this
18,luggage label holders,702,29731,0.02361,Some use this
18,sports packs,696,29731,0.02341,Some use this
18,handbag straps,695,29731,0.02338,Some use this
18,canes,694,29731,0.02334,Some use this
18,leather shoulder straps,691,29731,0.02324,Some use this
18,"pouches for holding make-up, keys and other personal items",682,29731,0.02294,Some use this
18,mountaineering sticks,681,29731,0.02291,Some use this
18,synthetic leather,673,29731,0.02264,Some use this
18,clutch purses [handbags],672,29731,0.0226,Some use this
18,airline travel bags,666,29731,0.0224,Some use this
18,holdalls for sports clothing,664,29731,0.02233,Some use this
18,boxes of leather,659,29731,0.02217,Some use this
18,furniture coverings of leather,656,29731,0.02206,Some use this
18,"tool bags of leather, empty",656,29731,0.02206,Some use this
18,carrying cases,655,29731,0.02203,Some use this
18,boxes of leather or leather board,651,29731,0.0219,Some use this
18,straps (leather -),651,29731,0.0219,Some use this
18,all-purpose sports bags,647,29731,0.02176,Some use this
18,music cases,647,29731,0.02176,Some use this
18,school backpacks,647,29731,0.02176,Some use this
18,luggage trunks,640,29731,0.02153,Some use this
18,clutch handbags,638,29731,0.02146,Some use this
18,travelling sets [leatherware],638,29731,0.02146,Some use this
18,net bags for shopping,636,29731,0.02139,Some use this
18,travel baggage,634,29731,0.02132,Some use this
18,straps for luggage,630,29731,0.02119,Some use this
18,belts,629,29731,0.02116,Some use this
18,hiking rucksacks,629,29731,0.02116,Some use this
18,dog bellybands,628,29731,0.02112,Some use this
18,clutches [purses],627,29731,0.02109,Some use this
18,leather thongs,626,29731,0.02106,Some use this
18,card holders,622,29731,0.02092,Some use this
18,leather for furniture,621,29731,0.02089,Some use this
18,handbags for men,620,29731,0.02085,Some use this
18,leather credit card wallets,619,29731,0.02082,Some use this
18,bags for carrying animals,614,29731,0.02065,Some use this
18,evening handbags,613,29731,0.02062,Some use this
18,change purses,610,29731,0.02052,Some use this
18,waist packs,609,29731,0.02048,Some use this
18,tanned leather,608,29731,0.02045,Some use this
18,carry-on suitcases,602,29731,0.02025,Some use this
18,collars for cats,601,29731,0.02021,Some use this
18,grips [bags],598,29731,0.02011,Some use this
18,handbags made of imitations leather,596,29731,0.02005,Some use this
18,golf umbrellas,595,29731,0.02001,Some use this
18,leashes (leather -),590,29731,0.01984,Some use this
18,garment bags for travel made of leather,584,29731,0.01964,Some use this
18,chain mesh purses,583,29731,0.01961,Some use this
18,imitations of leather,582,29731,0.01958,Some use this
18,muzzles,575,29731,0.01934,Some use this
18,wheeled luggage,575,29731,0.01934,Some use this
18,saddlery of leather,574,29731,0.01931,Some use this
18,girths of leather,573,29731,0.01927,Some use this
18,trimmings of leather for furniture,569,29731,0.01914,Some use this
19,non-metallic building materials,662,9569,0.06918,Recommended
19,building materials (non-metallic),590,9569,0.06166,Recommended
19,"building materials, not of metal",469,9569,0.04901,Recommended
19,"materials, not of metal, for building and construction",463,9569,0.04839,Recommended
19,tiles,426,9569,0.04452,Recommended
19,"building and construction materials and elements, not of metal",409,9569,0.04274,Recommended
19,cement,398,9569,0.04159,Recommended
19,building timber,382,9569,0.03992,Some use this
19,wooden flooring,370,9569,0.03867,Some use this
19,parquet flooring,362,9569,0.03783,Some use this
19,concrete,361,9569,0.03773,Some use this
19,"monuments, not of metal",356,9569,0.0372,Some use this
19,wood panelling,351,9569,0.03668,Some use this
19,non-metallic transportable buildings,330,9569,0.03449,Some use this
19,laminate flooring,298,9569,0.03114,Some use this
19,non-metallic rigid pipes for building,296,9569,0.03093,Some use this
19,ceramic tiles,292,9569,0.03052,Some use this
19,hardwood flooring,290,9569,0.03031,Some use this
19,wood flooring,287,9569,0.02999,Some use this
19,"asphalt, pitch and bitumen",286,9569,0.02989,Some use this
19,building glass,280,9569,0.02926,Some use this
19,"tile floorings, not of metal",276,9569,0.02884,Some use this
19,"rigid pipes, not of metal, for building",275,9569,0.02874,Some use this
19,bricks,273,9569,0.02853,Some use this
19,coatings [building materials],271,9569,0.02832,Some use this
19,vinyl flooring,263,9569,0.02748,Some use this
19,"doors, gates, windows and window coverings, not of metal",261,9569,0.02728,Some use this
19,building stone,256,9569,0.02675,Some use this
19,"floors, not of metal",255,9569,0.02665,Some use this
19,stone,249,9569,0.02602,Some use this
19,"floor tiles, not of metal",247,9569,0.02581,Some use this
19,wood tile flooring,247,9569,0.02581,Some use this
19,concrete building materials,245,9569,0.0256,Some use this
19,"transportable buildings, not of metal",244,9569,0.0255,Some use this
19,non-metallic wall panels,232,9569,0.02424,Some use this
19,rubber flooring,231,9569,0.02414,Some use this
19,"building panels, not of metal",230,9569,0.02404,Some use this
19,concrete building elements,230,9569,0.02404,Some use this
19,flooring underlay,229,9569,0.02393,Some use this
19,manufactured timber,225,9569,0.02351,Some use this
19,timber panels,225,9569,0.02351,Some use this
19,veneer wood,219,9569,0.02289,Some use this
19,wood veneers,215,9569,0.02247,Some use this
19,plywood,214,9569,0.02236,Some use this
19,"wall tiles, not of metal",214,9569,0.02236,Some use this
19,roofing materials,213,9569,0.02226,Some use this
19,artificial stone,212,9569,0.02215,Some use this
19,"buildings, not of metal",209,9569,0.02184,Some use this
19,flooring tiles (non-metallic -),209,9569,0.02184,Some use this
19,wood,208,9569,0.02174,Some use this
19,flooring made of wood,206,9569,0.02153,Some use this
19,ceramic floor tiles,205,9569,0.02142,Some use this
19,floor tiles of wood,204,9569,0.02132,Some use this
19,building materials of wood,203,9569,0.02121,Some use this
19,geotextiles,201,9569,0.02101,Some use this
19,gravel,200,9569,0.0209,Some use this
19,non-metal cladding for construction and building,195,9569,0.02038,Some use this
19,wooden doors,195,9569,0.02038,Some use this
19,parquet wood flooring,194,9569,0.02027,Some use this
19,paving,194,9569,0.02027,Some use this
19,parquet floor boards,191,9569,0.01996,Some use this
19,ceramic tiles for floors,187,9569,0.01954,Some use this
19,artificial wood flooring,186,9569,0.01944,Some use this
19,ceramic tiles for flooring and lining,186,9569,0.01944,Some use this
19,"doors, not of metal",185,9569,0.01933,Some use this
19,flooring underlays,184,9569,0.01923,Some use this
19,wood paneling,183,9569,0.01912,Some use this
19,glass doors,181,9569,0.01892,Some use this
19,ceramic tiles for flooring of building,178,9569,0.0186,Some use this
19,wall panels not of metal,178,9569,0.0186,Some use this
19,construction timber,177,9569,0.0185,Some use this
19,mosaic floor tiles,177,9569,0.0185,Some use this
19,marble,176,9569,0.01839,Some use this
19,paving tiles,176,9569,0.01839,Some use this
19,plaster,176,9569,0.01839,Some use this
19,"tile flooring, not of metal",176,9569,0.01839,Some use this
19,window glass,176,9569,0.01839,Some use this
19,roofing membranes,175,9569,0.01829,Some use this
19,aggregates,173,9569,0.01808,Some use this
19,ceramic wall tiles,173,9569,0.01808,Some use this
19,"asphalt, pitch, tar and bitumen",171,9569,0.01787,Some use this
19,natural stone slabs and tiles,171,9569,0.01787,Some use this
19,"wall claddings, not of metal, for building",171,9569,0.01787,Some use this
19,ceramic tiles for flooring and facing,170,9569,0.01777,Some use this
19,"works of art of stone, concrete or marble",169,9569,0.01766,Some use this
19,natural stone tiles,168,9569,0.01756,Some use this
19,wood for building,167,9569,0.01745,Some use this
19,mosaic tiles,166,9569,0.01735,Some use this
19,wooden floor boards,165,9569,0.01724,Some use this
19,non-metal doors,161,9569,0.01683,Some use this
19,building materials of plastics material,160,9569,0.01672,Some use this
19,glass windows,160,9569,0.01672,Some use this
19,"fences, not of metal",159,9569,0.01662,Some use this
19,natural stone,158,9569,0.01651,Some use this
19,tiles of porcelain,158,9569,0.01651,Some use this
19,timber mouldings,157,9569,0.01641,Some use this
19,wood laminates,157,9569,0.01641,Some use this
19,paving stones,155,9569,0.0162,Some use this
19,tiles (non-metallic -) for floors,155,9569,0.0162,Some use this
19,tiles of ceramic for floors,155,9569,0.0162,Some use this
19,floor coverings of wood,154,9569,0.01609,Some use this
19,gates,154,9569,0.01609,Some use this
19,asphalt,153,9569,0.01599,Some use this
19,flooring (non-metallic -),153,9569,0.01599,Some use this
19,glass panels,153,9569,0.01599,Some use this
19,tiles of marble,153,9569,0.01599,Some use this
19,ceramic tiles for internal floors,149,9569,0.01557,Some use this
19,"refractory construction materials, not of metal",148,9569,0.01547,Some use this
19,floor boards of wood,147,9569,0.01536,Some use this
19,rubber floor tiles,147,9569,0.01536,Some use this
19,"tiles, not of metal, for building",147,9569,0.01536,Some use this
19,wood paving,147,9569,0.01536,Some use this
19,wood veneer parquet flooring,147,9569,0.01536,Some use this
19,glazed ceramic floor tiles,145,9569,0.01515,Some use this
19,limestone,145,9569,0.01515,Some use this
19,non-metallic tiles for ceiling cladding,144,9569,0.01505,Some use this
19,"buildings, transportable, not of metal",143,9569,0.01494,Some use this
19,sand,142,9569,0.01484,Some use this
19,"structures and transportable buildings, not of metal",142,9569,0.01484,Some use this
19,"door panels, not of metal",141,9569,0.01474,Some use this
19,flooring materials (non-metallic -),141,9569,0.01474,Some use this
19,fences,140,9569,0.01463,Some use this
19,glass tiles,140,9569,0.01463,Some use this
19,laminated parquet flooring,139,9569,0.01453,Some use this
19,paver tiles,139,9569,0.01453,Some use this
19,wood and artificial wood,138,9569,0.01442,Some use this
19,ceramic tiles for covering floors,137,9569,0.01432,Some use this
19,glass panels for doors,136,9569,0.01421,Some use this
19,parquet flooring of wood,136,9569,0.01421,Some use this
19,sawn timber,136,9569,0.01421,Some use this
19,timber (building -),136,9569,0.01421,Some use this
19,"cladding, not of metal, for building",135,9569,0.01411,Some use this
19,flooring screeds,135,9569,0.01411,Some use this
19,timber for building,135,9569,0.01411,Some use this
19,"windows, not of metal",135,9569,0.01411,Some use this
19,building boards of plastics materials,134,9569,0.014,Some use this
19,ceramic tiles for external floors,134,9569,0.014,Some use this
19,floor boards [of wood],134,9569,0.014,Some use this
19,granite,134,9569,0.014,Some use this
19,stone roofing tiles,133,9569,0.0139,Some use this
19,wood sheeting,133,9569,0.0139,Some use this
19,bamboo flooring,132,9569,0.01379,Some use this
19,"ceilings, not of metal",132,9569,0.01379,Some use this
19,planks of wood for building,131,9569,0.01369,Some use this
19,acoustic panels of wood for ceilings,130,9569,0.01359,Some use this
19,bitumen,130,9569,0.01359,Some use this
19,fencing,130,9569,0.01359,Some use this
19,gypsum [building material],130,9569,0.01359,Some use this
19,roofing slates,130,9569,0.01359,Some use this
19,slate,130,9569,0.01359,Some use this
19,cladding panels (non-metallic -) for walls,129,9569,0.01348,Some use this
19,lumber,129,9569,0.01348,Some use this
19,synthetic flooring materials or wall-claddings,129,9569,0.01348,Some use this
19,glass for windows,128,9569,0.01338,Some use this
19,"reinforcing materials, not of metal, for building",128,9569,0.01338,Some use this
19,"statues of stone, concrete or marble",128,9569,0.01338,Some use this
19,floor tiles (non-metallic -) for building,127,9569,0.01327,Some use this
19,garden sheds of wood,127,9569,0.01327,Some use this
19,mosaic wall tiles,127,9569,0.01327,Some use this
19,terra-cotta floor tiles,127,9569,0.01327,Some use this
19,wood boards,127,9569,0.01327,Some use this
19,"wood, semi-worked",127,9569,0.01327,Some use this
19,wooden decking boards,127,9569,0.01327,Some use this
19,flooring (parquet -),126,9569,0.01317,Some use this
19,boards of wood,124,9569,0.01296,Some use this
19,glazed ceramic tiles,124,9569,0.01296,Some use this
19,window glass for building,124,9569,0.01296,Some use this
19,concrete blocks,123,9569,0.01285,Some use this
19,cladding materials (non-metallic -),122,9569,0.01275,Some use this
19,hardwood decking boards,122,9569,0.01275,Some use this
19,non-metal floor panels,122,9569,0.01275,Some use this
19,barriers,121,9569,0.01264,Some use this
19,cement slabs,121,9569,0.01264,Some use this
19,concrete panels,121,9569,0.01264,Some use this
19,joinery products of timber for use in buildings,121,9569,0.01264,Some use this
19,"paving slabs, not of metal",121,9569,0.01264,Some use this
19,wooden tiles,121,9569,0.01264,Some use this
19,cladding panels (non-metallic -),120,9569,0.01254,Some use this
19,glass walls,120,9569,0.01254,Some use this
19,wooden floors,120,9569,0.01254,Some use this
19,ceramic roofing tiles,119,9569,0.01244,Some use this
19,concrete walls,119,9569,0.01244,Some use this
19,mortar,119,9569,0.01244,Some use this
19,tiles of ceramic for walls,119,9569,0.01244,Some use this
19,roofing underlayment,118,9569,0.01233,Some use this
19,garden sheds of non-metallic materials,117,9569,0.01223,Some use this
19,"partitions, not of metal",117,9569,0.01223,Some use this
19,acoustic panels of wood for walls,116,9569,0.01212,Some use this
19,"ceiling panels, not of metal",116,9569,0.01212,Some use this
19,building materials,115,9569,0.01202,Some use this
19,cement mortar roofing tiles,115,9569,0.01202,Some use this
19,concrete floors,115,9569,0.01202,Some use this
19,"construction materials, not of metal",115,9569,0.01202,Some use this
19,glue-laminated wood,115,9569,0.01202,Some use this
19,mosaic art tiles made of marble,115,9569,0.01202,Some use this
19,multilayer panels of plastic for use in building,115,9569,0.01202,Some use this
19,non-metal roof coverings,115,9569,0.01202,Some use this
19,bathroom tiles (non-metallic -),114,9569,0.01191,Some use this
19,grout,114,9569,0.01191,Some use this
19,laminated wood,114,9569,0.01191,Some use this
19,plastic tiles,114,9569,0.01191,Some use this
19,wooden buildings,114,9569,0.01191,Some use this
19,parquet flooring made of wood,113,9569,0.01181,Some use this
19,"roof coverings, not of metal",113,9569,0.01181,Some use this
19,wood for use in building,113,9569,0.01181,Some use this
19,reinforced concrete,112,9569,0.0117,Some use this
19,"acoustic panels, not of metal",111,9569,0.0116,Some use this
19,ceramic floor coverings,111,9569,0.0116,Some use this
19,earthenware tiles,111,9569,0.0116,Some use this
19,glazed ceramic wall tiles,111,9569,0.0116,Some use this
19,non-metal wall tiles,111,9569,0.0116,Some use this
19,"roofing, not of metal",111,9569,0.0116,Some use this
19,"stone, rock, clay and minerals",111,9569,0.0116,Some use this
19,"wall linings, not of metal, for building",111,9569,0.0116,Some use this
19,aggregate materials for use in concrete,110,9569,0.0115,Some use this
19,kitchen tiles (non-metallic -),110,9569,0.0115,Some use this
19,stone sculptures,110,9569,0.0115,Some use this
19,wall claddings (non-metallic -),110,9569,0.0115,Some use this
19,wood siding,110,9569,0.0115,Some use this
19,cladding sheets of wood,109,9569,0.01139,Some use this
19,glass panels for windows,108,9569,0.01129,Some use this
19,non-metal tiles,108,9569,0.01129,Some use this
19,panelling materials (non-metallic -) for use in building,108,9569,0.01129,Some use this
19,building materials of mineral fibres,107,9569,0.01118,Some use this
19,lime,107,9569,0.01118,Some use this
19,reinforcing mesh made of textile fibres for construction purposes,107,9569,0.01118,Some use this
19,tiles of slate,107,9569,0.01118,Some use this
19,wooden door frames,107,9569,0.01118,Some use this
19,clay roofing tiles,106,9569,0.01108,Some use this
19,construction elements of timber,106,9569,0.01108,Some use this
19,plastic wallboards,106,9569,0.01108,Some use this
19,wall panels (non-metallic -),106,9569,0.01108,Some use this
19,construction materials of natural stone,105,9569,0.01097,Some use this
19,fabric for underlayment of flooring,105,9569,0.01097,Some use this
19,cladding (non-metallic -) for facades,104,9569,0.01087,Some use this
19,cladding board (non-metallic -),104,9569,0.01087,Some use this
19,non-metallic fences,104,9569,0.01087,Some use this
19,non-metallic fencing,104,9569,0.01087,Some use this
19,timber boarding,104,9569,0.01087,Some use this
19,"turnstiles, not of metal",104,9569,0.01087,Some use this
19,ceramic tiles for external walls,103,9569,0.01076,Some use this
19,planks [wood for building],103,9569,0.01076,Some use this
19,"door frames, not of metal",102,9569,0.01066,Some use this
19,roofing boards [of wood],102,9569,0.01066,Some use this
19,building elements of concrete,101,9569,0.01055,Some use this
19,non-metal decking,101,9569,0.01055,Some use this
19,railings,101,9569,0.01055,Some use this
19,glass roofing tiles,100,9569,0.01045,Some use this
19,"laminate flooring, not of metal",100,9569,0.01045,Some use this
19,sandstone for building,100,9569,0.01045,Some use this
19,stucco tiles,100,9569,0.01045,Some use this
19,wood veneer,100,9569,0.01045,Some use this
19,cladding panels (non-metallic -) for roofs,99,9569,0.01035,Some use this
19,crash barriers,99,9569,0.01035,Some use this
19,fence panels,99,9569,0.01035,Some use this
19,natural stone slabs,99,9569,0.01035,Some use this
19,mortar for building,98,9569,0.01024,Some use this
19,non-metal roofing tiles,98,9569,0.01024,Some use this
19,panelling materials (non-metallic -) for use in construction,98,9569,0.01024,Some use this
19,"roofing tiles, not of metal",98,9569,0.01024,Some use this
19,timber laminates,98,9569,0.01024,Some use this
19,veneer for floors,98,9569,0.01024,Some use this
19,barrier posts,97,9569,0.01014,Some use this
19,body rails,97,9569,0.01014,Some use this
19,intumescent building materials,97,9569,0.01014,Some use this
19,paving blocks,97,9569,0.01014,Some use this
19,pigeon spikes,97,9569,0.01014,Some use this
19,structural timber,97,9569,0.01014,Some use this
19,wall spikes,97,9569,0.01014,Some use this
19,wood moldings,97,9569,0.01014,Some use this
19,"casement windows, not of metal",96,9569,0.01003,Some use this
19,ceramic tiles for internal walls,96,9569,0.01003,Some use this
19,clay wall tiles,96,9569,0.01003,Some use this
19,concrete paving stones,96,9569,0.01003,Some use this
19,pavement tiles,96,9569,0.01003,Some use this
19,pedestrian barriers,96,9569,0.01003,Some use this
19,plastic coating for fences,96,9569,0.01003,Some use this
19,sliding gates,96,9569,0.01003,Some use this
19,wall stone,96,9569,0.01003,Some use this
19,barrier beams,95,9569,0.00993,Some use this
19,barrier end caps,95,9569,0.00993,Some use this
19,building site fencing,95,9569,0.00993,Some use this
19,cement for building,95,9569,0.00993,Some use this
19,fencing pins,95,9569,0.00993,Some use this
19,fireproof cement coatings,95,9569,0.00993,Some use this
19,non-metallic paving tiles,95,9569,0.00993,Some use this
19,parquet flooring and parquet slabs,95,9569,0.00993,Some use this
19,reinforcing mesh,95,9569,0.00993,Some use this
19,road plates,95,9569,0.00993,Some use this
19,"shutters, not of metal",95,9569,0.00993,Some use this
19,stone for building,95,9569,0.00993,Some use this
19,vinyl floor coverings for forming a floor,95,9569,0.00993,Some use this
19,bison barriers,94,9569,0.00982,Some use this
19,concrete slabs,94,9569,0.00982,Some use this
19,feet for fencing panels,94,9569,0.00982,Some use this
19,floor boards (parquet -),94,9569,0.00982,Some use this
19,hoarding,94,9569,0.00982,Some use this
20,furniture,8433,33211,0.25392,Most use this
20,pillows,4592,33211,0.13827,Most use this
20,office furniture,4235,33211,0.12752,Most use this
20,cushions,3880,33211,0.11683,Recommended
20,mattresses,3726,33211,0.11219,Recommended
20,beds,3466,33211,0.10436,Recommended
20,picture frames,3191,33211,0.09608,Recommended
20,bedroom furniture,3089,33211,0.09301,Recommended
20,bathroom furniture,3065,33211,0.09229,Recommended
20,pet cushions,3027,33211,0.09114,Recommended
20,outdoor furniture,3020,33211,0.09093,Recommended
20,chairs,2915,33211,0.08777,Recommended
20,tables,2765,33211,0.08326,Recommended
20,sofas,2741,33211,0.08253,Recommended
20,pet furniture,2529,33211,0.07615,Recommended
20,mirrors,2506,33211,0.07546,Recommended
20,garden furniture,2367,33211,0.07127,Recommended
20,kitchen furniture,2298,33211,0.06919,Recommended
20,beds for household pets,2260,33211,0.06805,Recommended
20,household furniture,2254,33211,0.06787,Recommended
20,"beds, bedding, mattresses, pillows and cushions",2231,33211,0.06718,Recommended
20,desks,2106,33211,0.06341,Recommended
20,kennels for household pets,2002,33211,0.06028,Recommended
20,indoor furniture,1933,33211,0.0582,Recommended
20,camping furniture,1863,33211,0.0561,Recommended
20,racks [furniture],1833,33211,0.05519,Recommended
20,stools,1819,33211,0.05477,Recommended
20,wooden furniture,1815,33211,0.05465,Recommended
20,cushions [furniture],1800,33211,0.0542,Recommended
20,tables [furniture],1790,33211,0.0539,Recommended
20,seating furniture,1728,33211,0.05203,Recommended
20,furniture and furnishings,1724,33211,0.05191,Recommended
20,benches [furniture],1712,33211,0.05155,Recommended
20,upholstered furniture,1686,33211,0.05077,Recommended
20,furniture shelves,1679,33211,0.05056,Recommended
20,cabinets [furniture],1651,33211,0.04971,Recommended
20,beds for pets,1605,33211,0.04833,Recommended
20,display stands,1600,33211,0.04818,Recommended
20,storage furniture,1564,33211,0.04709,Recommended
20,patio furniture,1558,33211,0.04691,Recommended
20,dog kennels,1556,33211,0.04685,Recommended
20,furniture of metal,1550,33211,0.04667,Recommended
20,bed frames,1526,33211,0.04595,Recommended
20,chairs [seats],1513,33211,0.04556,Recommended
20,sofa beds,1506,33211,0.04535,Recommended
20,armchairs,1501,33211,0.0452,Recommended
20,"bedding, except linen",1489,33211,0.04483,Recommended
20,dressing tables,1472,33211,0.04432,Recommended
20,furniture cabinets,1451,33211,0.04369,Recommended
20,bed mattresses,1449,33211,0.04363,Recommended
20,dog beds,1444,33211,0.04348,Recommended
20,inflatable furniture,1443,33211,0.04345,Recommended
20,seat cushions,1438,33211,0.0433,Recommended
20,cabinets,1435,33211,0.04321,Recommended
20,camping mattresses,1434,33211,0.04318,Recommended
20,bed bases,1421,33211,0.04279,Recommended
20,wardrobes,1407,33211,0.04237,Recommended
20,bamboo furniture,1400,33211,0.04215,Recommended
20,trolleys [furniture],1371,33211,0.04128,Recommended
20,fitted kitchen furniture,1364,33211,0.04107,Recommended
20,lawn furniture,1360,33211,0.04095,Recommended
20,metal furniture,1339,33211,0.04032,Recommended
20,furniture for kitchens,1333,33211,0.04014,Recommended
20,shelves for storage,1330,33211,0.04005,Recommended
20,storage racks,1324,33211,0.03987,Some use this
20,lounge furniture,1319,33211,0.03972,Some use this
20,mirrors [furniture],1311,33211,0.03947,Some use this
20,mattress toppers,1283,33211,0.03863,Some use this
20,"furniture for house, office and garden",1275,33211,0.03839,Some use this
20,bookcases,1273,33211,0.03833,Some use this
20,seats [furniture],1270,33211,0.03824,Some use this
20,coat hangers,1257,33211,0.03785,Some use this
20,chair cushions,1247,33211,0.03755,Some use this
20,cupboards,1246,33211,0.03752,Some use this
20,deck chairs,1225,33211,0.03689,Some use this
20,furniture for bathrooms,1221,33211,0.03676,Some use this
20,desks [furniture],1215,33211,0.03658,Some use this
20,living room furniture,1215,33211,0.03658,Some use this
20,furniture for storage,1208,33211,0.03637,Some use this
20,furniture parts,1196,33211,0.03601,Some use this
20,clothes hangers,1188,33211,0.03577,Some use this
20,pet houses,1184,33211,0.03565,Some use this
20,domestic furniture,1176,33211,0.03541,Some use this
20,shelves [furniture],1167,33211,0.03514,Some use this
20,bathroom mirrors,1165,33211,0.03508,Some use this
20,recliners [furniture],1148,33211,0.03457,Some use this
20,towel stands [furniture],1135,33211,0.03418,Some use this
20,furniture for camping,1112,33211,0.03348,Some use this
20,cat beds,1108,33211,0.03336,Some use this
20,chests of drawers,1108,33211,0.03336,Some use this
20,drawers for furniture,1099,33211,0.03309,Some use this
20,washstands [furniture],1096,33211,0.033,Some use this
20,leather furniture,1091,33211,0.03285,Some use this
20,folding chairs,1089,33211,0.03279,Some use this
20,metal furniture and furniture for camping,1085,33211,0.03267,Some use this
20,pet crates,1080,33211,0.03252,Some use this
20,screens [furniture],1078,33211,0.03246,Some use this
20,pouffes [furniture],1071,33211,0.03225,Some use this
20,bathroom vanities [furniture],1063,33211,0.03201,Some use this
20,dressers [furniture],1063,33211,0.03201,Some use this
20,scratching posts for cats,1054,33211,0.03174,Some use this
20,bolsters,1050,33211,0.03162,Some use this
20,chests for toys,1041,33211,0.03135,Some use this
20,seats,1040,33211,0.03131,Some use this
20,picture and photograph frames,1038,33211,0.03125,Some use this
20,sideboards,1037,33211,0.03122,Some use this
20,bathroom cabinets,1035,33211,0.03116,Some use this
20,computer furniture,1032,33211,0.03107,Some use this
20,"containers, not of metal, for storage or transport",1032,33211,0.03107,Some use this
20,mirrors [looking glasses],1030,33211,0.03101,Some use this
20,storage boxes [furniture],1027,33211,0.03092,Some use this
20,foam mattresses,1026,33211,0.03089,Some use this
20,tea tables,1024,33211,0.03083,Some use this
20,nursery furniture,1022,33211,0.03077,Some use this
20,shop furniture,1017,33211,0.03062,Some use this
20,furniture (office -),1013,33211,0.0305,Some use this
20,neck pillows,1011,33211,0.03044,Some use this
20,office chairs,1011,33211,0.03044,Some use this
20,bath pillows,1006,33211,0.03029,Some use this
20,"furniture, mirrors, picture frames",1005,33211,0.03026,Some use this
20,inflatable pillows,999,33211,0.03008,Some use this
20,shoe racks,997,33211,0.03002,Some use this
20,furniture chests,996,33211,0.02999,Some use this
20,furniture for children,985,33211,0.02966,Some use this
20,flower-stands [furniture],983,33211,0.0296,Some use this
20,inflatable pet beds,981,33211,0.02954,Some use this
20,playpens for babies,977,33211,0.02942,Some use this
20,shelves,970,33211,0.02921,Some use this
20,trestles [furniture],970,33211,0.02921,Some use this
20,"works of art of wood, wax, plaster or plastic",970,33211,0.02921,Some use this
20,memory foam pillows,966,33211,0.02909,Some use this
20,furniture racks,962,33211,0.02897,Some use this
20,curtain hooks,960,33211,0.02891,Some use this
20,dining chairs,959,33211,0.02888,Some use this
20,couches,952,33211,0.02867,Some use this
20,wooden shelving [furniture],952,33211,0.02867,Some use this
20,travel pillows,949,33211,0.02857,Some use this
20,display boards,937,33211,0.02821,Some use this
20,cushions (pet -),931,33211,0.02803,Some use this
20,nesting boxes for household pets,923,33211,0.02779,Some use this
20,curtain rods,922,33211,0.02776,Some use this
20,bed chairs,916,33211,0.02758,Some use this
20,furniture doors,909,33211,0.02737,Some use this
20,nap mats [cushions or mattresses],905,33211,0.02725,Some use this
20,coffee tables,903,33211,0.02719,Some use this
20,sleeping mats,903,33211,0.02719,Some use this
20,mattress pads,902,33211,0.02716,Some use this
20,photo frames,902,33211,0.02716,Some use this
20,folding beds,898,33211,0.02704,Some use this
20,u-shaped pillows,895,33211,0.02695,Some use this
20,doors for furniture,892,33211,0.02686,Some use this
20,kitchen cabinets,890,33211,0.0268,Some use this
20,bottle racks,886,33211,0.02668,Some use this
20,glass furniture,886,33211,0.02668,Some use this
20,garden furniture manufactured from wood,885,33211,0.02665,Some use this
20,dining tables,881,33211,0.02653,Some use this
20,furniture frames,880,33211,0.0265,Some use this
20,magazine racks,879,33211,0.02647,Some use this
20,school furniture,878,33211,0.02644,Some use this
20,divan beds,871,33211,0.02623,Some use this
20,coatstands,867,33211,0.02611,Some use this
20,footstools,864,33211,0.02602,Some use this
20,filing cabinets,859,33211,0.02586,Some use this
20,cane furniture,857,33211,0.0258,Some use this
20,packaging containers of plastic,857,33211,0.0258,Some use this
20,curtain rings,852,33211,0.02565,Some use this
20,infant beds,851,33211,0.02562,Some use this
20,maternity pillows,849,33211,0.02556,Some use this
20,boxes of wood or plastic,847,33211,0.0255,Some use this
20,shelving units,844,33211,0.02541,Some use this
20,chairs being office furniture,842,33211,0.02535,Some use this
20,kitchen dressers [furniture],841,33211,0.02532,Some use this
20,latex pillows,838,33211,0.02523,Some use this
20,credenzas [furniture],834,33211,0.02511,Some use this
20,legs for furniture,828,33211,0.02493,Some use this
20,bunk beds,827,33211,0.0249,Some use this
20,furniture for offices,822,33211,0.02475,Some use this
20,cots for babies,821,33211,0.02472,Some use this
20,bathroom cupboards,818,33211,0.02463,Some use this
20,mats for infant playpens,818,33211,0.02463,Some use this
20,"furniture fittings, not of metal",816,33211,0.02457,Some use this
20,children's furniture,810,33211,0.02439,Some use this
20,folding tables,808,33211,0.02433,Some use this
20,animal housing and beds,806,33211,0.02427,Some use this
20,lockers [furniture],805,33211,0.02424,Some use this
20,kitchen tables,798,33211,0.02403,Some use this
20,throw pillows,797,33211,0.024,Some use this
20,air pillows,796,33211,0.02397,Some use this
20,stuffed pillows,794,33211,0.02391,Some use this
20,neck-supporting pillows,793,33211,0.02388,Some use this
20,slatted furniture,792,33211,0.02385,Some use this
20,adjustable beds,790,33211,0.02379,Some use this
20,bentwood furniture,789,33211,0.02376,Some use this
20,high chairs for babies,786,33211,0.02367,Some use this
20,divans,785,33211,0.02364,Some use this
20,stackable furniture,785,33211,0.02364,Some use this
20,portable beds for pets,784,33211,0.02361,Some use this
20,fitted bedroom furniture,782,33211,0.02355,Some use this
20,transformable furniture,777,33211,0.0234,Some use this
20,lounge chairs,775,33211,0.02334,Some use this
20,sleeping mats for camping [mattresses],774,33211,0.02331,Some use this
20,decorative mirrors,771,33211,0.02322,Some use this
20,coat racks,769,33211,0.02315,Some use this
20,desks and tables,769,33211,0.02315,Some use this
20,air mattresses,767,33211,0.02309,Some use this
20,wall mirrors,765,33211,0.02303,Some use this
20,soft furnishings [cushions],758,33211,0.02282,Some use this
20,consoles [furniture],757,33211,0.02279,Some use this
20,beds for animals,756,33211,0.02276,Some use this
20,fitted furniture,754,33211,0.0227,Some use this
20,head supporting pillows,752,33211,0.02264,Some use this
20,bedside tables,749,33211,0.02255,Some use this
20,plant racks,747,33211,0.02249,Some use this
20,chair pads,746,33211,0.02246,Some use this
20,bathroom stools,743,33211,0.02237,Some use this
20,bathroom fittings in the nature of furniture,739,33211,0.02225,Some use this
20,chaise longues,739,33211,0.02225,Some use this
20,plastic boxes,739,33211,0.02225,Some use this
20,shoe cabinets,739,33211,0.02225,Some use this
20,frames,738,33211,0.02222,Some use this
20,decorations of plastic for foodstuffs,736,33211,0.02216,Some use this
20,photograph frames,734,33211,0.0221,Some use this
20,chair beds,731,33211,0.02201,Some use this
20,cupboards being furniture,731,33211,0.02201,Some use this
20,sleeping pads,731,33211,0.02201,Some use this
20,umbrella stands,727,33211,0.02189,Some use this
20,bathroom vanities,724,33211,0.0218,Some use this
20,bamboo pillows,722,33211,0.02174,Some use this
20,table tops,722,33211,0.02174,Some use this
20,office desks,719,33211,0.02165,Some use this
20,hand-held mirrors [toilet mirrors],710,33211,0.02138,Some use this
20,arbours [furniture],709,33211,0.02135,Some use this
20,bed slats,709,33211,0.02135,Some use this
20,latex mattresses,709,33211,0.02135,Some use this
20,flower-pot pedestals,708,33211,0.02132,Some use this
20,modular bathroom furniture,706,33211,0.02126,Some use this
20,bed rails,704,33211,0.0212,Some use this
20,meerschaum,701,33211,0.02111,Some use this
20,foam camping mattresses,696,33211,0.02096,Some use this
20,pedestals [furniture],694,33211,0.0209,Some use this
20,camp beds,693,33211,0.02087,Some use this
20,air cushions,689,33211,0.02075,Some use this
20,baby walkers,686,33211,0.02066,Some use this
20,shells,685,33211,0.02063,Some use this
20,head positioning pillows for babies,683,33211,0.02057,Some use this
20,stationery cabinets [furniture],676,33211,0.02035,Some use this
20,side tables,674,33211,0.02029,Some use this
20,infant walkers,672,33211,0.02023,Some use this
20,bed heads,671,33211,0.0202,Some use this
20,toy boxes [furniture],671,33211,0.0202,Some use this
20,inflatable mattresses for use when camping,666,33211,0.02005,Some use this
20,scented pillows,665,33211,0.02002,Some use this
20,ottomans,664,33211,0.01999,Some use this
20,wind chimes [decoration],664,33211,0.01999,Some use this
20,furniture screens,659,33211,0.01984,Some use this
20,furniture moldings,658,33211,0.01981,Some use this
20,padded furniture,658,33211,0.01981,Some use this
20,foldaway beds,657,33211,0.01978,Some use this
20,benches,656,33211,0.01975,Some use this
20,wooden racks [furniture],656,33211,0.01975,Some use this
20,furniture partitions,653,33211,0.01966,Some use this
20,nursing pillows,651,33211,0.0196,Some use this
20,curtain rails,650,33211,0.01957,Some use this
20,wall shelves furniture,649,33211,0.01954,Some use this
20,showcases [furniture],646,33211,0.01945,Some use this
20,fireguards [furniture],644,33211,0.01939,Some use this
20,rocking chairs,641,33211,0.0193,Some use this
20,accent pillows,638,33211,0.01921,Some use this
20,kitchen cupboards,635,33211,0.01912,Some use this
20,cushions (upholstery),634,33211,0.01909,Some use this
20,cabinets for storage purposes,633,33211,0.01906,Some use this
20,beds of wood,631,33211,0.019,Some use this
20,bead curtains for decoration,630,33211,0.01897,Some use this
20,dog baskets,628,33211,0.01891,Some use this
20,head support cushions for babies,628,33211,0.01891,Some use this
20,spring mattresses,628,33211,0.01891,Some use this
20,air mattresses for use when camping,627,33211,0.01888,Some use this
20,kitchen units,626,33211,0.01885,Some use this
20,furniture incorporating beds,624,33211,0.01879,Some use this
20,bamboo curtains,623,33211,0.01876,Some use this
20,mirror frames,622,33211,0.01873,Some use this
20,furniture (inflatable -),617,33211,0.01858,Some use this
20,jewellery organizer displays,615,33211,0.01852,Some use this
20,babies' chairs,614,33211,0.01849,Some use this
20,furniture for babies,614,33211,0.01849,Some use this
20,mattress bases,614,33211,0.01849,Some use this
20,antique style furniture,610,33211,0.01837,Some use this
20,drawers [furniture parts],609,33211,0.01834,Some use this
20,picture frame brackets,609,33211,0.01834,Some use this
20,bean bag pillows,608,33211,0.01831,Some use this
20,mirrors (silvered glass),606,33211,0.01825,Some use this
20,beach beds,602,33211,0.01813,Some use this
20,cots,602,33211,0.01813,Some use this
20,neck support cushions,602,33211,0.01813,Some use this
20,display furniture,601,33211,0.0181,Some use this
20,bedside cabinets,600,33211,0.01807,Some use this
20,book rests [furniture],598,33211,0.01801,Some use this
21,kitchen utensils,8063,53915,0.14955,Most use this
21,cups,6280,53915,0.11648,Recommended
21,mugs,6044,53915,0.1121,Recommended
21,containers for household or kitchen use,5781,53915,0.10722,Recommended
21,cosmetic utensils,5683,53915,0.10541,Recommended
21,brushes,5536,53915,0.10268,Recommended
21,bottles,4844,53915,0.08985,Recommended
21,kitchen containers,4795,53915,0.08894,Recommended
21,household or kitchen utensils,4631,53915,0.08589,Recommended
21,articles for cleaning purposes,4239,53915,0.07862,Recommended
21,combs,4176,53915,0.07746,Recommended
21,lunch boxes,3579,53915,0.06638,Recommended
21,water bottles,3484,53915,0.06462,Recommended
21,cups and mugs,3434,53915,0.06369,Recommended
21,utensils for household purposes,3402,53915,0.0631,Recommended
21,"tableware, cookware and containers",3341,53915,0.06197,Recommended
21,toothbrushes,3191,53915,0.05919,Recommended
21,bottle openers,3170,53915,0.0588,Recommended
21,baking utensils,3127,53915,0.058,Recommended
21,tableware,3089,53915,0.05729,Recommended
21,bowls,3084,53915,0.0572,Recommended
21,make-up brushes,3083,53915,0.05718,Recommended
21,drinking vessels,3079,53915,0.05711,Recommended
21,drinking glasses,3045,53915,0.05648,Recommended
21,household or kitchen utensils and containers,3044,53915,0.05646,Recommended
21,household or kitchen containers,3021,53915,0.05603,Recommended
21,vases,2962,53915,0.05494,Recommended
21,gardening gloves,2916,53915,0.05409,Recommended
21,household utensils,2847,53915,0.05281,Recommended
21,cosmetic brushes,2840,53915,0.05268,Recommended
21,moulds [kitchen utensils],2814,53915,0.05219,Recommended
21,drinking bottles for sports,2793,53915,0.0518,Recommended
21,glassware,2770,53915,0.05138,Recommended
21,coffee cups,2720,53915,0.05045,Recommended
21,coffee mugs,2716,53915,0.05038,Recommended
21,flower pots,2715,53915,0.05036,Recommended
21,drinking bottles,2702,53915,0.05012,Recommended
21,pet feeding bowls,2659,53915,0.04932,Recommended
21,ceramics for household purposes,2641,53915,0.04898,Recommended
21,brushes for pets,2598,53915,0.04819,Recommended
21,"cookware and tableware, except forks, knives and spoons",2545,53915,0.0472,Recommended
21,gloves for household purposes,2498,53915,0.04633,Recommended
21,cooking utensils,2495,53915,0.04628,Recommended
21,kitchen moulds,2472,53915,0.04585,Recommended
21,cages for household pets,2469,53915,0.04579,Recommended
21,molds [kitchen utensils],2456,53915,0.04555,Recommended
21,kitchen mitts,2419,53915,0.04487,Recommended
21,toilet brushes,2405,53915,0.04461,Recommended
21,beer mugs,2374,53915,0.04403,Recommended
21,baskets for household purposes,2373,53915,0.04401,Recommended
21,plates,2363,53915,0.04383,Recommended
21,baking mats,2339,53915,0.04338,Recommended
21,cake moulds,2334,53915,0.04329,Recommended
21,combs and sponges,2315,53915,0.04294,Recommended
21,household containers,2308,53915,0.04281,Recommended
21,ceramic mugs,2304,53915,0.04273,Recommended
21,jugs,2282,53915,0.04233,Recommended
21,mixing spoons [kitchen utensils],2252,53915,0.04177,Recommended
21,candle holders,2245,53915,0.04164,Recommended
21,kitchen utensils of silicon,2245,53915,0.04164,Recommended
21,garlic presses [kitchen utensils],2218,53915,0.04114,Recommended
21,grills [cooking utensils],2216,53915,0.0411,Recommended
21,soap boxes,2212,53915,0.04103,Recommended
21,bakeware,2195,53915,0.04071,Recommended
21,hair brushes,2186,53915,0.04055,Recommended
21,toilet paper holders,2185,53915,0.04053,Recommended
21,cleaning brushes,2184,53915,0.04051,Recommended
21,pet feeding and drinking bowls,2172,53915,0.04029,Recommended
21,drinking cups,2169,53915,0.04023,Recommended
21,dishes,2156,53915,0.03999,Some use this
21,graters for kitchen use,2134,53915,0.03958,Some use this
21,coasters (tableware),2106,53915,0.03906,Some use this
21,cutting boards for the kitchen,2103,53915,0.03901,Some use this
21,cloths for cleaning,1995,53915,0.037,Some use this
21,crockery,1988,53915,0.03687,Some use this
21,kitchen jars,1987,53915,0.03685,Some use this
21,cake molds,1985,53915,0.03682,Some use this
21,flasks,1982,53915,0.03676,Some use this
21,brushes for cleaning,1981,53915,0.03674,Some use this
21,tea cups,1981,53915,0.03674,Some use this
21,china ornaments,1966,53915,0.03646,Some use this
21,food storage containers,1961,53915,0.03637,Some use this
21,hair combs,1953,53915,0.03622,Some use this
21,spatulas [kitchen utensils],1949,53915,0.03615,Some use this
21,travel mugs,1947,53915,0.03611,Some use this
21,tea services [tableware],1929,53915,0.03578,Some use this
21,brush-making materials,1919,53915,0.03559,Some use this
21,coffee services [tableware],1917,53915,0.03556,Some use this
21,cookware,1909,53915,0.03541,Some use this
21,sponges,1908,53915,0.03539,Some use this
21,glass mugs,1904,53915,0.03531,Some use this
21,pots,1894,53915,0.03513,Some use this
21,kitchen graters,1889,53915,0.03504,Some use this
21,drinking straws,1877,53915,0.03481,Some use this
21,"bottle openers, electric and non-electric",1875,53915,0.03478,Some use this
21,bath brushes,1859,53915,0.03448,Some use this
21,ice cube moulds,1850,53915,0.03431,Some use this
21,"cleaning instruments, hand-operated",1831,53915,0.03396,Some use this
21,kitchen sponges,1827,53915,0.03389,Some use this
21,soap holders,1819,53915,0.03374,Some use this
21,ceramic tableware,1816,53915,0.03368,Some use this
21,nail brushes,1809,53915,0.03355,Some use this
21,"kitchen grinders, non-electric",1807,53915,0.03352,Some use this
21,dinnerware,1805,53915,0.03348,Some use this
21,spatulas for kitchen use,1802,53915,0.03342,Some use this
21,oven mitts,1798,53915,0.03335,Some use this
21,ceramics for kitchen use,1791,53915,0.03322,Some use this
21,dishes [household utensils],1786,53915,0.03313,Some use this
21,thermally insulated containers for food,1779,53915,0.033,Some use this
21,cleaning articles,1776,53915,0.03294,Some use this
21,soap dispensers,1775,53915,0.03292,Some use this
21,teapots,1746,53915,0.03238,Some use this
21,glass bottles,1745,53915,0.03237,Some use this
21,trays for household purposes,1738,53915,0.03224,Some use this
21,pet drinking bowls,1736,53915,0.0322,Some use this
21,paper plates,1729,53915,0.03207,Some use this
21,containers for household use,1727,53915,0.03203,Some use this
21,bath sponges,1722,53915,0.03194,Some use this
21,coffee pots,1720,53915,0.0319,Some use this
21,ice cube molds,1708,53915,0.03168,Some use this
21,scrubbing brushes,1703,53915,0.03159,Some use this
21,glass cups,1697,53915,0.03148,Some use this
21,"cooking utensils, non-electric",1690,53915,0.03135,Some use this
21,cup holders,1690,53915,0.03135,Some use this
21,towel rails and rings,1688,53915,0.03131,Some use this
21,ice buckets,1679,53915,0.03114,Some use this
21,eyelash brushes,1678,53915,0.03112,Some use this
21,egg cups,1670,53915,0.03097,Some use this
21,tenderizers [kitchen utensils],1670,53915,0.03097,Some use this
21,"toothbrushes, electric",1670,53915,0.03097,Some use this
21,make-up removing appliances,1668,53915,0.03094,Some use this
21,vacuum bottles,1665,53915,0.03088,Some use this
21,insulated mugs,1663,53915,0.03084,Some use this
21,make-up sponges,1662,53915,0.03083,Some use this
21,watering cans,1657,53915,0.03073,Some use this
21,cooking pots,1652,53915,0.03064,Some use this
21,automatic pet feeders,1649,53915,0.03059,Some use this
21,decanters,1649,53915,0.03059,Some use this
21,candlesticks,1647,53915,0.03055,Some use this
21,dishwashing brushes,1647,53915,0.03055,Some use this
21,litter boxes for pets,1642,53915,0.03046,Some use this
21,aluminium moulds [kitchen utensils],1632,53915,0.03027,Some use this
21,strainers for household purposes,1630,53915,0.03023,Some use this
21,plastic bottles,1629,53915,0.03021,Some use this
21,egg separators [kitchen utensils],1622,53915,0.03008,Some use this
21,cups of paper or plastic,1602,53915,0.02971,Some use this
21,table plates,1601,53915,0.02969,Some use this
21,combs for animals,1591,53915,0.02951,Some use this
21,pet feeding dishes,1590,53915,0.02949,Some use this
21,bird feeders,1586,53915,0.02942,Some use this
21,glass flasks [containers],1586,53915,0.02942,Some use this
21,tea pots,1579,53915,0.02929,Some use this
21,baking dishes,1573,53915,0.02918,Some use this
21,plastic cups,1566,53915,0.02905,Some use this
21,corkscrews,1556,53915,0.02886,Some use this
21,bento boxes,1555,53915,0.02884,Some use this
21,tooth brushes,1550,53915,0.02875,Some use this
21,paper cups,1545,53915,0.02866,Some use this
21,cages for pets,1541,53915,0.02858,Some use this
21,cruets,1537,53915,0.02851,Some use this
21,kitchen paper racks,1529,53915,0.02836,Some use this
21,mops,1529,53915,0.02836,Some use this
21,griddles [cooking utensils],1528,53915,0.02834,Some use this
21,brooms,1524,53915,0.02827,Some use this
21,cup lids,1517,53915,0.02814,Some use this
21,kitchen sieves,1515,53915,0.0281,Some use this
21,toothbrush holders,1515,53915,0.0281,Some use this
21,kitchen cutting boards,1514,53915,0.02808,Some use this
21,"brushes, except paintbrushes",1513,53915,0.02806,Some use this
21,drinking flasks,1509,53915,0.02799,Some use this
21,cooking pot sets,1507,53915,0.02795,Some use this
21,beverage glassware,1506,53915,0.02793,Some use this
21,"kitchen utensils, not of precious metal",1501,53915,0.02784,Some use this
21,cocktail shakers,1499,53915,0.0278,Some use this
21,earthenware,1498,53915,0.02778,Some use this
21,eyebrow brushes,1498,53915,0.02778,Some use this
21,porcelain ware,1487,53915,0.02758,Some use this
21,household gloves,1479,53915,0.02743,Some use this
21,"cosmetic, hygiene and beauty care utensils",1477,53915,0.02739,Some use this
21,serving scoops [household or kitchen utensil],1476,53915,0.02738,Some use this
21,dishware,1475,53915,0.02736,Some use this
21,plastic water bottles,1472,53915,0.0273,Some use this
21,laundry baskets,1451,53915,0.02691,Some use this
21,"pet feeding bowls, automatic",1449,53915,0.02688,Some use this
21,cleaning cloths,1441,53915,0.02673,Some use this
21,"glassware, porcelain and earthenware",1440,53915,0.02671,Some use this
21,turners (kitchen utensil),1439,53915,0.02669,Some use this
21,sieves [household utensils],1436,53915,0.02663,Some use this
21,oven gloves,1435,53915,0.02662,Some use this
21,cookery moulds,1428,53915,0.02649,Some use this
21,pestles for kitchen use,1423,53915,0.02639,Some use this
21,disposable table plates,1422,53915,0.02637,Some use this
21,chopsticks,1418,53915,0.0263,Some use this
21,graters [household utensils],1417,53915,0.02628,Some use this
21,sponges for household purposes,1413,53915,0.02621,Some use this
21,all-purpose portable household containers,1412,53915,0.02619,Some use this
21,frying pans,1412,53915,0.02619,Some use this
21,food containers for pet animals,1406,53915,0.02608,Some use this
21,"household utensils for cleaning, brushes and brush-making materials",1406,53915,0.02608,Some use this
21,porcelain mugs,1402,53915,0.026,Some use this
21,tea strainers,1398,53915,0.02593,Some use this
21,toilet cases,1394,53915,0.02586,Some use this
21,beer glasses,1387,53915,0.02573,Some use this
21,insulating flasks,1378,53915,0.02556,Some use this
21,glass bowls,1372,53915,0.02545,Some use this
21,scrapers (kitchen implements),1371,53915,0.02543,Some use this
21,insect traps,1369,53915,0.02539,Some use this
21,sifters [household utensils],1369,53915,0.02539,Some use this
21,buckets,1367,53915,0.02535,Some use this
21,"works of art of porcelain, ceramic, earthenware, terra-cotta or glass",1365,53915,0.02532,Some use this
21,reusable bottles,1364,53915,0.0253,Some use this
21,shaving brushes,1364,53915,0.0253,Some use this
21,cutlery trays,1363,53915,0.02528,Some use this
21,basting spoons [cooking utensils],1360,53915,0.02522,Some use this
21,drying racks for laundry,1358,53915,0.02519,Some use this
21,cosmetics brushes,1356,53915,0.02515,Some use this
21,glassware for household purposes,1354,53915,0.02511,Some use this
21,"coffee grinders, hand-operated",1353,53915,0.0251,Some use this
21,barbecue mitts,1352,53915,0.02508,Some use this
21,containers for cosmetics,1348,53915,0.025,Some use this
21,holders for flowers and plants [flower arranging],1345,53915,0.02495,Some use this
21,candy boxes,1344,53915,0.02493,Some use this
21,"glasses, drinking vessels and barware",1343,53915,0.02491,Some use this
21,electric pet brushes,1342,53915,0.02489,Some use this
21,aluminum water bottles,1330,53915,0.02467,Some use this
21,litter trays for pets,1314,53915,0.02437,Some use this
21,heat-insulated containers,1310,53915,0.0243,Some use this
21,glass jars,1309,53915,0.02428,Some use this
21,"kitchen mixers, non-electric",1309,53915,0.02428,Some use this
21,flower vases,1308,53915,0.02426,Some use this
21,fitted vanity cases,1303,53915,0.02417,Some use this
21,"unworked or semi-worked glass, except building glass",1303,53915,0.02417,Some use this
21,feeding vessels for pets,1301,53915,0.02413,Some use this
21,household containers for storing pet food,1300,53915,0.02411,Some use this
21,earthenware mugs,1297,53915,0.02406,Some use this
21,salad bowls,1291,53915,0.02395,Some use this
21,presses (garlic -) [kitchen utensils],1289,53915,0.02391,Some use this
21,"basting spoons, for kitchen use",1287,53915,0.02387,Some use this
21,kitchen paper dispensers,1285,53915,0.02383,Some use this
21,hair for brushes,1284,53915,0.02382,Some use this
21,candle jars [holders],1283,53915,0.0238,Some use this
21,glass tableware,1283,53915,0.0238,Some use this
21,pottery,1279,53915,0.02372,Some use this
21,china mugs,1278,53915,0.0237,Some use this
21,cake stands,1275,53915,0.02365,Some use this
21,cosmetic and toilet utensils,1275,53915,0.02365,Some use this
21,insulated bottles [flasks],1275,53915,0.02365,Some use this
21,dish drying racks,1273,53915,0.02361,Some use this
21,candelabra [candlesticks],1270,53915,0.02356,Some use this
21,bowls [basins],1265,53915,0.02346,Some use this
21,wine glasses,1262,53915,0.02341,Some use this
21,jars,1255,53915,0.02328,Some use this
21,laundry baskets for household purposes,1255,53915,0.02328,Some use this
21,kitchen paper holders,1251,53915,0.0232,Some use this
21,powder puffs,1242,53915,0.02304,Some use this
21,mugs of porcelain,1241,53915,0.02302,Some use this
21,water bottles sold empty,1238,53915,0.02296,Some use this
21,ceramic ornaments,1236,53915,0.02292,Some use this
21,glass containers,1236,53915,0.02292,Some use this
21,storage jars,1236,53915,0.02292,Some use this
21,tumblers,1235,53915,0.02291,Some use this
21,heads for electric toothbrushes,1232,53915,0.02285,Some use this
21,napkin rings,1229,53915,0.0228,Some use this
21,kitchen boards for chopping,1228,53915,0.02278,Some use this
21,pet grooming glove,1224,53915,0.0227,Some use this
21,napkin holders,1222,53915,0.02267,Some use this
21,fruit bowls,1218,53915,0.02259,Some use this
21,toilet utensils,1218,53915,0.02259,Some use this
21,animal grooming gloves,1217,53915,0.02257,Some use this
21,holders for toothbrushes,1215,53915,0.02254,Some use this
21,bins for household refuse,1212,53915,0.02248,Some use this
21,cooking utensils for barbecue use,1209,53915,0.02242,Some use this
21,table napkin holders,1209,53915,0.02242,Some use this
21,serving trays,1206,53915,0.02237,Some use this
21,cleaning cloth,1205,53915,0.02235,Some use this
21,flower pot holders,1205,53915,0.02235,Some use this
21,brushes for household purposes,1204,53915,0.02233,Some use this
21,cookery molds,1202,53915,0.02229,Some use this
21,coffee grinders,1200,53915,0.02226,Some use this
21,"tortilla presses, non-electric [kitchen utensils]",1193,53915,0.02213,Some use this
21,piggy banks,1192,53915,0.02211,Some use this
21,mortars for kitchen use,1188,53915,0.02203,Some use this
21,saucers,1188,53915,0.02203,Some use this
21,glasses [receptacles],1186,53915,0.022,Some use this
21,trivets [table utensils],1186,53915,0.022,Some use this
21,tea infusers,1185,53915,0.02198,Some use this
21,mess-tins,1180,53915,0.02189,Some use this
21,perfume bottles,1175,53915,0.02179,Some use this
21,toothbrushes for pets,1169,53915,0.02168,Some use this
21,abrasive pads for kitchen purposes,1166,53915,0.02163,Some use this
21,basting spoons,1163,53915,0.02157,Some use this
21,cosmetic sponges,1162,53915,0.02155,Some use this
21,utensil jars,1161,53915,0.02153,Some use this
21,tankards,1160,53915,0.02152,Some use this
21,drinks containers,1159,53915,0.0215,Some use this
21,chopping boards,1156,53915,0.02144,Some use this
21,crystal [glassware],1155,53915,0.02142,Some use this
21,empty spray bottles,1153,53915,0.02139,Some use this
21,bottle coolers,1151,53915,0.02135,Some use this
22,tents,1491,4957,0.30079,Essential
22,hammocks,988,4957,0.19931,Most use this
22,tarpaulins,945,4957,0.19064,Most use this
22,ropes,683,4957,0.13778,Most use this
22,nets,680,4957,0.13718,Most use this
22,laundry bags,617,4957,0.12447,Most use this
22,awnings of textile,615,4957,0.12407,Most use this
22,sails,606,4957,0.12225,Most use this
22,awnings,572,4957,0.11539,Recommended
22,awnings for tents,503,4957,0.10147,Recommended
22,camping tents,477,4957,0.09623,Recommended
22,awnings and tarpaulins,443,4957,0.08937,Recommended
22,bags for storage purposes,440,4957,0.08876,Recommended
22,tents for camping,394,4957,0.07948,Recommended
22,dust covers,386,4957,0.07787,Recommended
22,fishing nets,386,4957,0.07787,Recommended
22,tents for mountaineering or camping,373,4957,0.07525,Recommended
22,awnings of synthetic materials,360,4957,0.07262,Recommended
22,awnings of textile or synthetic materials,346,4957,0.0698,Recommended
22,dust sheets,340,4957,0.06859,Recommended
22,cloth bags for storage,339,4957,0.06839,Recommended
22,bivouac sacks being shelters,329,4957,0.06637,Recommended
22,waterproof covers [tarpaulins],327,4957,0.06597,Recommended
22,garden nets,323,4957,0.06516,Recommended
22,ropes for tents,315,4957,0.06355,Recommended
22,outdoor blinds of textile,313,4957,0.06314,Recommended
22,canvas canopies,307,4957,0.06193,Recommended
22,sacks for the transport and storage of materials in bulk,307,4957,0.06193,Recommended
22,packing rope,299,4957,0.06032,Recommended
22,mesh bags for washing laundry,297,4957,0.05992,Recommended
22,nets for camouflage,297,4957,0.05992,Recommended
22,canvas tarpaulins,294,4957,0.05931,Recommended
22,tents [awnings] for vehicles,292,4957,0.05891,Recommended
22,"bags and sacks for packaging, storage and transport",286,4957,0.0577,Recommended
22,string,280,4957,0.05649,Recommended
22,canopies [awnings],276,4957,0.05568,Recommended
22,ropes and string,274,4957,0.05528,Recommended
22,"bags [envelopes, pouches] of textile, for packaging",268,4957,0.05406,Recommended
22,awnings of fabric,266,4957,0.05366,Recommended
22,car towing ropes,265,4957,0.05346,Recommended
22,rope ladders,264,4957,0.05326,Recommended
22,"tarpaulins, awnings, tents, and unfitted coverings",259,4957,0.05225,Recommended
22,nets for shading,254,4957,0.05124,Recommended
22,groundsheets,243,4957,0.04902,Recommended
22,"vehicle covers, not fitted",241,4957,0.04862,Recommended
22,mesh bags for storage,238,4957,0.04801,Recommended
22,all-purpose tarpaulins of plastic,235,4957,0.04741,Recommended
22,packing string,231,4957,0.0466,Recommended
22,laundry wash bags,227,4957,0.04579,Recommended
22,climbing ropes,226,4957,0.04559,Recommended
22,tents [not for camping],215,4957,0.04337,Recommended
22,bags made of textile for the storage of tents,210,4957,0.04236,Recommended
22,shoe bags for storage,206,4957,0.04156,Recommended
22,tarpaulins of sailcloth,205,4957,0.04136,Recommended
22,tents [awnings] for caravans,205,4957,0.04136,Recommended
22,tents for mountaineering,202,4957,0.04075,Recommended
22,tents made of textile materials,202,4957,0.04075,Recommended
22,nets for protective use in gardening,201,4957,0.04055,Recommended
22,cord,200,4957,0.04035,Recommended
22,waterproof covering sheets [tarpaulins],197,4957,0.03974,Some use this
22,"ropes, not of metal",195,4957,0.03934,Some use this
22,canvas for sails,192,4957,0.03873,Some use this
22,bungee cords,188,4957,0.03793,Some use this
22,mail bags,188,4957,0.03793,Some use this
22,shower tents,188,4957,0.03793,Some use this
22,"wrapping or binding bands, not of metal",186,4957,0.03752,Some use this
22,twine for nets,184,4957,0.03712,Some use this
22,tents and tarpaulins,181,4957,0.03651,Some use this
22,tents for use in angling,181,4957,0.03651,Some use this
22,brattice cloth,176,4957,0.03551,Some use this
22,sacks,174,4957,0.0351,Some use this
22,textile fibres,172,4957,0.0347,Some use this
22,covers for camouflage,168,4957,0.03389,Some use this
22,mountaineering ropes,167,4957,0.03369,Some use this
22,bags for washing hosiery,158,4957,0.03187,Some use this
22,awnings of plastic,153,4957,0.03087,Some use this
22,fabric gift bags,152,4957,0.03066,Some use this
22,grow tents,151,4957,0.03046,Some use this
22,"sun screens [outdoor], of textile",151,4957,0.03046,Some use this
22,textile fibers,148,4957,0.02986,Some use this
22,cloth bags for storage [not for luggage or travel],146,4957,0.02945,Some use this
22,packaging bags of textile material,144,4957,0.02905,Some use this
22,awnings for vessels,142,4957,0.02865,Some use this
22,canvas bags for storage [not for luggage or travel],141,4957,0.02844,Some use this
22,drop cloths,140,4957,0.02824,Some use this
22,sealable plastic bags for storage in bulk,140,4957,0.02824,Some use this
22,plastic ties for garden use,138,4957,0.02784,Some use this
22,purse seines,138,4957,0.02784,Some use this
22,ropes and strings,138,4957,0.02784,Some use this
22,body bags,135,4957,0.02723,Some use this
22,sails for ski sailing,135,4957,0.02723,Some use this
22,sash cords,135,4957,0.02723,Some use this
22,animal feeding nets,134,4957,0.02703,Some use this
22,ropes for mountaineering,134,4957,0.02703,Some use this
22,polyester fibers,133,4957,0.02683,Some use this
22,bags of textile for packaging,132,4957,0.02663,Some use this
22,awnings [not of metal],131,4957,0.02643,Some use this
22,plastic ties for home or garden use,128,4957,0.02582,Some use this
22,raw fibrous textile materials and substitutes therefor,128,4957,0.02582,Some use this
22,sail bags,128,4957,0.02582,Some use this
22,cloth bags for laundry [not for luggage or travel],127,4957,0.02562,Some use this
22,packaging bags [sacks] of plastic for bulk storage,125,4957,0.02522,Some use this
22,raw fibrous textile,120,4957,0.02421,Some use this
22,ropes and synthetic ropes,120,4957,0.02421,Some use this
22,packaging bags of textile,118,4957,0.0238,Some use this
22,awnings not of metal,115,4957,0.0232,Some use this
22,cargo slings of rope or fabric,114,4957,0.023,Some use this
22,cords for hanging pictures,114,4957,0.023,Some use this
22,plant hangers of rope,114,4957,0.023,Some use this
22,awnings of synthetic material,113,4957,0.0228,Some use this
22,coverings in the nature of tarpaulins,113,4957,0.0228,Some use this
22,commercial fishing nets,112,4957,0.02259,Some use this
22,covers in the nature of tarpaulins for vehicles,112,4957,0.02259,Some use this
22,straps for securing bundles,112,4957,0.02259,Some use this
22,tents made of textile material,112,4957,0.02259,Some use this
22,canvas bags for laundry [not for luggage or travel],111,4957,0.02239,Some use this
22,cordage,111,4957,0.02239,Some use this
22,net pens for fish farming,111,4957,0.02239,Some use this
22,raw fibrous textile materials,111,4957,0.02239,Some use this
22,screens for protection against the wind,111,4957,0.02239,Some use this
22,"textile bags for merchandise packaging [envelopes, pouches]",111,4957,0.02239,Some use this
22,bivi bags,110,4957,0.02219,Some use this
22,tents for use as an adjunct to vehicles,109,4957,0.02199,Some use this
22,"padding materials, not of rubber, plastics, paper or cardboard",107,4957,0.02159,Some use this
22,banister ropes,105,4957,0.02118,Some use this
22,clothes lines [rope or cord],105,4957,0.02118,Some use this
22,camping swags,104,4957,0.02098,Some use this
22,tarpaulins [not for ships],104,4957,0.02098,Some use this
22,tow ropes for automobiles,104,4957,0.02098,Some use this
22,non-metal strapping or tie downs,103,4957,0.02078,Some use this
22,plastic-covered mesh fabric bags for growing plants and trees,103,4957,0.02078,Some use this
22,synthetic ropes,103,4957,0.02078,Some use this
22,bags for the storage of bulk materials,102,4957,0.02058,Some use this
22,"cables, not of metal",102,4957,0.02058,Some use this
22,hemp bands,102,4957,0.02058,Some use this
22,ground sheets,101,4957,0.02038,Some use this
22,cloth bags specially adapted for the storage of diapers,100,4957,0.02017,Some use this
22,covers for swimming pools,99,4957,0.01997,Some use this
22,feathers for bedding,99,4957,0.01997,Some use this
22,network,98,4957,0.01977,Some use this
22,"sacks [bags] of textile, for packaging",98,4957,0.01977,Some use this
22,tarpaulins made from plastics coated materials,98,4957,0.01977,Some use this
22,clothesline,97,4957,0.01957,Some use this
22,raw cotton,97,4957,0.01957,Some use this
22,rope for use in toys for pets,97,4957,0.01957,Some use this
22,storage bags made of nylon and canvas for vacuum cleaner accessories,97,4957,0.01957,Some use this
22,chemical fiber nettings,96,4957,0.01937,Some use this
22,packaging bags [sacks] of textile for bulk storage,96,4957,0.01937,Some use this
22,padding and stuffing materials,96,4957,0.01937,Some use this
22,anchoring ropes,94,4957,0.01896,Some use this
22,bags [sacks] for the transport and storage of materials in bulk,94,4957,0.01896,Some use this
22,jute,94,4957,0.01896,Some use this
22,non-metallic ropes,94,4957,0.01896,Some use this
22,protective covers [dust sheets] for use in decorating,94,4957,0.01896,Some use this
22,twine,94,4957,0.01896,Some use this
22,ladder tapes for venetian blinds,93,4957,0.01876,Some use this
22,nets for windbreak purposes,93,4957,0.01876,Some use this
22,"sailcloth structures, namely shade sails",93,4957,0.01876,Some use this
22,macrame rope,92,4957,0.01856,Some use this
22,windsurfing sails,92,4957,0.01856,Some use this
22,bags for bulk containers,91,4957,0.01836,Some use this
22,fabric in the form of a canopy cover,91,4957,0.01836,Some use this
22,polythene bags [sacks] for the storage of materials in bulk,91,4957,0.01836,Some use this
22,elastic bands for binding,90,4957,0.01816,Some use this
22,packaging bags [sacks] of paper for bulk storage,90,4957,0.01816,Some use this
22,mesh bags for washing lingerie,89,4957,0.01795,Some use this
22,packaging bags [sacks] of plastic for bulk transportation,89,4957,0.01795,Some use this
22,camouflage nets for visual use,88,4957,0.01775,Some use this
22,plastics bags [sacks] for the storage of materials in bulk,88,4957,0.01775,Some use this
22,sacks or bags for the transportation or storage of materials in bulk,88,4957,0.01775,Some use this
22,nets for birds,87,4957,0.01755,Some use this
22,snares [nets],87,4957,0.01755,Some use this
22,rope ladder,86,4957,0.01735,Some use this
22,polypropylene bags used for the storage [not for luggage or travel],85,4957,0.01715,Some use this
22,towing ropes for automobiles,85,4957,0.01715,Some use this
22,bags [sacks] made of synthetic plastics material for bulk storage,84,4957,0.01695,Some use this
22,plastic fibres for textile use,84,4957,0.01695,Some use this
22,plastic ties for home use,84,4957,0.01695,Some use this
22,"slings, not of metal, for handling loads",84,4957,0.01695,Some use this
22,tarpaulins [for ships],84,4957,0.01695,Some use this
22,animal hair,83,4957,0.01674,Some use this
22,bags of textile material for use with plants,83,4957,0.01674,Some use this
22,"bindings, not of metal",83,4957,0.01674,Some use this
22,"straps, not of metal, for handling loads",83,4957,0.01674,Some use this
22,bags for the storage of tea in bulk,82,4957,0.01654,Some use this
22,vinyl ground cloth,81,4957,0.01634,Some use this
22,down [feathers],80,4957,0.01614,Some use this
22,padding and stuffing materials (except of rubber or plastics),80,4957,0.01614,Some use this
22,plastic sheet materials [tarpaulins],80,4957,0.01614,Some use this
22,sacks for the storage of materials,80,4957,0.01614,Some use this
22,sash cord,80,4957,0.01614,Some use this
22,bags [sacks] for transportation purposes,79,4957,0.01594,Some use this
22,fleece wool,79,4957,0.01594,Some use this
22,polythene bags [sacks] for the transport of materials in bulk,79,4957,0.01594,Some use this
22,ropes for marine use,79,4957,0.01594,Some use this
22,bags [sacks] for packaging materials in bulk,78,4957,0.01574,Some use this
22,canopies for use in angling,78,4957,0.01574,Some use this
22,cotton netting,78,4957,0.01574,Some use this
22,rockfall prevention nets,78,4957,0.01574,Some use this
22,wadding for padding and stuffing upholstery,78,4957,0.01574,Some use this
22,"tie-down straps, not of metal",77,4957,0.01553,Some use this
22,bungie cords,76,4957,0.01533,Some use this
22,packaging bags made of textile,75,4957,0.01513,Some use this
22,cargo slings of rope,74,4957,0.01493,Some use this
22,covers [not shaped] for vehicles,74,4957,0.01493,Some use this
22,hemp nettings,74,4957,0.01493,Some use this
22,cotton fibers,73,4957,0.01473,Some use this
22,swimming pool covers,73,4957,0.01473,Some use this
22,twine made of paper,73,4957,0.01473,Some use this
22,plastic fibers for textile use,72,4957,0.01452,Some use this
22,strings,72,4957,0.01452,Some use this
22,"thread, not of metal, for wrapping or binding",72,4957,0.01452,Some use this
22,non-woven textile fibres,71,4957,0.01432,Some use this
22,raw textile fibers and substitutes,71,4957,0.01432,Some use this
22,silage bags,71,4957,0.01432,Some use this
22,strips for tying-up vines,71,4957,0.01432,Some use this
22,unfitted vehicle covers,71,4957,0.01432,Some use this
22,cords made of textile fibres,70,4957,0.01412,Some use this
22,packaging string,70,4957,0.01412,Some use this
22,baling twine,69,4957,0.01392,Some use this
22,glass fiber netting,69,4957,0.01392,Some use this
22,non-metallic tow ropes,69,4957,0.01392,Some use this
22,bags (mail -),68,4957,0.01372,Some use this
22,twines,68,4957,0.01372,Some use this
22,canopies,67,4957,0.01352,Some use this
22,cordage made of hemp,67,4957,0.01352,Some use this
22,plastic sheet materials for use as tarpaulins,67,4957,0.01352,Some use this
22,straw ropes,67,4957,0.01352,Some use this
22,"tarpaulins, not for use with vehicles",67,4957,0.01352,Some use this
22,feathers for stuffing upholstery,66,4957,0.01331,Some use this
22,netting [not of metal or asbestos],66,4957,0.01331,Some use this
22,silk flock,66,4957,0.01331,Some use this
22,synthetic textile fibres,66,4957,0.01331,Some use this
22,"belts, not of metal, for handling loads",65,4957,0.01311,Some use this
22,grasses for upholstering,65,4957,0.01311,Some use this
22,commercial nets,64,4957,0.01291,Some use this
22,eiderdown,64,4957,0.01291,Some use this
22,hemp fibres,64,4957,0.01291,Some use this
22,nets for leaves,64,4957,0.01291,Some use this
22,"cables ties, not of metal",63,4957,0.01271,Some use this
22,fitted nets,63,4957,0.01271,Some use this
22,netting for protection against birds and insects,63,4957,0.01271,Some use this
22,packaging bags [sacks] of textile for bulk transportation,63,4957,0.01271,Some use this
22,plastic bags [sacks] for the transport of materials in bulk,63,4957,0.01271,Some use this
22,polythene sacks for the storage of materials in bulk,63,4957,0.01271,Some use this
22,wadding for filtering,63,4957,0.01271,Some use this
22,combed wool,62,4957,0.01251,Some use this
22,raw linen [flax],62,4957,0.01251,Some use this
22,raw silk,62,4957,0.01251,Some use this
22,"braces, not of metal, for handling loads",61,4957,0.01231,Some use this
22,industrial packaging containers of textile,61,4957,0.01231,Some use this
22,ladders (rope -),61,4957,0.01231,Some use this
22,blinds (ladder tapes or webbing for venetian -),60,4957,0.0121,Some use this
22,carded wool,60,4957,0.0121,Some use this
22,macrame cord,60,4957,0.0121,Some use this
22,packaging bags [sacks] of paper for bulk transportation,60,4957,0.0121,Some use this
22,pouches of textile for packaging,60,4957,0.0121,Some use this
22,washing lines,60,4957,0.0121,Some use this
22,covers [not shaped] for motor cars,59,4957,0.0119,Some use this
22,"tarpaulins, awnings, tents, and unfitted coverings and liners",59,4957,0.0119,Some use this
22,webbing straps (non-metallic -) for handling loads,59,4957,0.0119,Some use this
22,bags made of textile material for packaging,58,4957,0.0117,Some use this
22,cotton tow,58,4957,0.0117,Some use this
22,non-textile bags for the bulk storage of materials,58,4957,0.0117,Some use this
22,silk netting,58,4957,0.0117,Some use this
22,sisal,58,4957,0.0117,Some use this
22,canvas wraps for plants,57,4957,0.0115,Some use this
22,carbon fibers for textile use,57,4957,0.0115,Some use this
22,slings and bands,57,4957,0.0115,Some use this
22,wood wool,57,4957,0.0115,Some use this
22,chemical fibers for textile use,56,4957,0.0113,Some use this
22,plastic sheeting for use as drop cloths,56,4957,0.0113,Some use this
22,polyester plastic netting for packaging goods,56,4957,0.0113,Some use this
22,devices for securing luggage on vehicles,55,4957,0.0111,Some use this
22,fillings for upholstered pillows,55,4957,0.0111,Some use this
22,raw or treated wool,55,4957,0.0111,Some use this
22,ropes (non-metallic -) for securing articles,55,4957,0.0111,Some use this
22,sacks for transporting waste,55,4957,0.0111,Some use this
22,wood shavings,55,4957,0.0111,Some use this
22,kapok,54,4957,0.01089,Some use this
22,protective shrouds for vehicles [not shaped],54,4957,0.01089,Some use this
22,textile wine gift bags,54,4957,0.01089,Some use this
22,vehicle covers [not shaped],54,4957,0.01089,Some use this
22,"binding thread, not of metal, for agricultural purposes",53,4957,0.01069,Some use this
22,binding twine made of natural textile fibres,53,4957,0.01069,Some use this
22,nets (twine for -),53,4957,0.01069,Some use this
22,ropes (car towing -),53,4957,0.01069,Some use this
22,sacks made of textile materials,53,4957,0.01069,Some use this
22,sawdust,53,4957,0.01069,Some use this
22,sheaf-binding yarns,53,4957,0.01069,Some use this
22,shorn wool,53,4957,0.01069,Some use this
22,snare nets,53,4957,0.01069,Some use this
22,carbon fibres for textile use,52,4957,0.01049,Some use this
22,tow ropes (non-metallic -),52,4957,0.01049,Some use this
23,yarn,332,1190,0.27899,Most use this
23,cotton thread and yarn,285,1190,0.2395,Most use this
23,embroidery thread and yarn,272,1190,0.22857,Most use this
23,cotton thread,264,1190,0.22185,Most use this
23,sewing thread and yarn,258,1190,0.21681,Most use this
23,darning thread and yarn,228,1190,0.1916,Most use this
23,woollen thread and yarn,222,1190,0.18655,Most use this
23,knitting yarn,217,1190,0.18235,Most use this
23,rayon thread and yarn,208,1190,0.17479,Most use this
23,silk thread and yarn,204,1190,0.17143,Most use this
23,spun cotton,204,1190,0.17143,Most use this
23,cotton yarn,202,1190,0.16975,Most use this
23,chenille yarn,197,1190,0.16555,Most use this
23,linen thread and yarn,197,1190,0.16555,Most use this
23,hand knitting yarns,196,1190,0.16471,Most use this
23,hand knitting wools,195,1190,0.16387,Most use this
23,yarns and threads for textile use,193,1190,0.16218,Most use this
23,elastic thread and yarn for textile use,189,1190,0.15882,Most use this
23,spun thread and yarn,189,1190,0.15882,Most use this
23,cotton threads and yarns,188,1190,0.15798,Most use this
23,elastic thread,188,1190,0.15798,Most use this
23,spun wool,186,1190,0.1563,Most use this
23,yarns and threads,183,1190,0.15378,Most use this
23,wool yarn,181,1190,0.1521,Most use this
23,hemp thread and yarn,179,1190,0.15042,Most use this
23,thread,178,1190,0.14958,Most use this
23,cashmere yarns,177,1190,0.14874,Most use this
23,carpet yarns,172,1190,0.14454,Most use this
23,embroidery thread,163,1190,0.13697,Most use this
23,knitting yarns,162,1190,0.13613,Most use this
23,knitting threads,157,1190,0.13193,Most use this
23,jute thread and yarn,156,1190,0.13109,Most use this
23,sewing thread,155,1190,0.13025,Most use this
23,sewing yarns,155,1190,0.13025,Most use this
23,knitting yarns made of wool,146,1190,0.12269,Most use this
23,coir thread and yarn,144,1190,0.12101,Most use this
23,flax thread and yarn,141,1190,0.11849,Recommended
23,textile yarns,140,1190,0.11765,Recommended
23,"yarns, threads",140,1190,0.11765,Recommended
23,sewing yarn,137,1190,0.11513,Recommended
23,chenile yarn,136,1190,0.11429,Recommended
23,embroidery yarn,136,1190,0.11429,Recommended
23,knitting yarns made of nylon,133,1190,0.11176,Recommended
23,rubber thread for textile use,129,1190,0.1084,Recommended
23,linen thread,127,1190,0.10672,Recommended
23,spun silk,126,1190,0.10588,Recommended
23,thread of metal for embroidery,122,1190,0.10252,Recommended
23,silk thread,119,1190,0.1,Recommended
23,synthetic fiber thread and yarn,119,1190,0.1,Recommended
23,wool thread,119,1190,0.1,Recommended
23,raw silk yarn,118,1190,0.09916,Recommended
23,darning yarn,117,1190,0.09832,Recommended
23,threads of plastic materials for textile use,113,1190,0.09496,Recommended
23,embroidery floss,111,1190,0.09328,Recommended
23,natural yarns,111,1190,0.09328,Recommended
23,silk yarn,110,1190,0.09244,Recommended
23,wool thread and yarn,108,1190,0.09076,Recommended
23,darning thread,106,1190,0.08908,Recommended
23,spun silk thread and yarn,106,1190,0.08908,Recommended
23,worsted,106,1190,0.08908,Recommended
23,coir yarn,104,1190,0.08739,Recommended
23,twisted wool thread and yarn,104,1190,0.08739,Recommended
23,woolen thread and yarn,104,1190,0.08739,Recommended
23,carded yarns in wool for textile use,102,1190,0.08571,Recommended
23,spools of yarn,102,1190,0.08571,Recommended
23,carded threads in flax for textile use,101,1190,0.08487,Recommended
23,hemp thread,101,1190,0.08487,Recommended
23,knitting yarns made of acrylic materials,101,1190,0.08487,Recommended
23,cotton base mixed thread and yarn,100,1190,0.08403,Recommended
23,linen yarn,100,1190,0.08403,Recommended
23,elastic yarn,96,1190,0.08067,Recommended
23,yarns made of cotton,95,1190,0.07983,Recommended
23,rayon thread,94,1190,0.07899,Recommended
23,silk threads and yarns,94,1190,0.07899,Recommended
23,carded threads in wool for textile use,93,1190,0.07815,Recommended
23,angora yarn,92,1190,0.07731,Recommended
23,yarn and thread for textile purposes,92,1190,0.07731,Recommended
23,hair yarn,91,1190,0.07647,Recommended
23,yarns for textile use,91,1190,0.07647,Recommended
23,cotton for darning,90,1190,0.07563,Recommended
23,hemp threads and yarns,90,1190,0.07563,Recommended
23,rayon yarn,90,1190,0.07563,Recommended
23,"yarns and threads, for textile use",90,1190,0.07563,Recommended
23,twisted cotton thread and yarn,89,1190,0.07479,Recommended
23,synthetic yarn,88,1190,0.07395,Recommended
23,threads and yarns [for textile use],87,1190,0.07311,Recommended
23,worsted yarn,86,1190,0.07227,Recommended
23,wool base mixed thread and yarn,85,1190,0.07143,Recommended
23,carded yarns in natural fibres for textile use,84,1190,0.07059,Recommended
23,yarns for domestic use,83,1190,0.06975,Recommended
23,haberdashery [thread],80,1190,0.06723,Recommended
23,polyester textured yarns,80,1190,0.06723,Recommended
23,sewing thread for textile use,80,1190,0.06723,Recommended
23,spools of thread,80,1190,0.06723,Recommended
23,threads,79,1190,0.06639,Recommended
23,carded yarns of hemp for textile use,78,1190,0.06555,Recommended
23,spun yarn,78,1190,0.06555,Recommended
23,thread [sewing],78,1190,0.06555,Recommended
23,threads made of spun cotton,78,1190,0.06555,Recommended
23,camel hair yarn,77,1190,0.06471,Recommended
23,hemp yarn,77,1190,0.06471,Recommended
23,spun silk yarn,77,1190,0.06471,Recommended
23,worsted thread and yarn,77,1190,0.06471,Recommended
23,elastic yarn for textile use,76,1190,0.06387,Recommended
23,silica yarns,75,1190,0.06303,Recommended
23,waxed thread,75,1190,0.06303,Recommended
23,eiderdown yarn,74,1190,0.06218,Recommended
23,fibreglass thread for textile use,74,1190,0.06218,Recommended
23,ceramic fibre yarns for textile use,73,1190,0.06134,Recommended
23,chemical-fiber threads and yarns for textile use,72,1190,0.0605,Recommended
23,regenerated fiber thread and yarn [for textile use],72,1190,0.0605,Recommended
23,yarn of synthetic or mixed fibres for use in textiles,72,1190,0.0605,Recommended
23,carded threads in natural fibres for textile use,70,1190,0.05882,Recommended
23,chemical fiber base mixed thread and yarn,70,1190,0.05882,Recommended
23,mixed spun threads and yarns,70,1190,0.05882,Recommended
23,synthetic thread,70,1190,0.05882,Recommended
23,twisted threads and yarns,70,1190,0.05882,Recommended
23,hand spun silk yarn,69,1190,0.05798,Recommended
23,thread for textile use,69,1190,0.05798,Recommended
23,embroidery (thread of metal for -),68,1190,0.05714,Recommended
23,jute yarn,68,1190,0.05714,Recommended
23,textile yarns made of natural fibres,68,1190,0.05714,Recommended
23,threads for textile use,68,1190,0.05714,Recommended
23,twisted mixed thread and yarn,68,1190,0.05714,Recommended
23,twisted silk thread and yarn,68,1190,0.05714,Recommended
23,twisted yarn,68,1190,0.05714,Recommended
23,waxed yarn,68,1190,0.05714,Recommended
23,wild silk yarn,68,1190,0.05714,Recommended
23,ramie thread and yarn,67,1190,0.0563,Recommended
23,glass fiber thread and yarn,65,1190,0.05462,Recommended
23,silk base mixed thread and yarn,65,1190,0.05462,Recommended
23,true hemp thread and yarn,65,1190,0.05462,Recommended
23,yarns (carded -) made of wool,65,1190,0.05462,Recommended
23,yarns for sale in kit form,64,1190,0.05378,Recommended
23,heat-stable yarns and threads,62,1190,0.0521,Recommended
23,rubber thread,62,1190,0.0521,Recommended
23,semi-synthetic fiber thread and yarn [chemically treated natural fiber yarn],62,1190,0.0521,Recommended
23,covered rubber yarn for textile use,61,1190,0.05126,Recommended
23,elastic threads for textile use,61,1190,0.05126,Recommended
23,twisted hemp thread and yarn,61,1190,0.05126,Recommended
23,coir thread,60,1190,0.05042,Recommended
23,fiberglass thread for textile use,60,1190,0.05042,Recommended
23,hemp base mixed thread and yarn,59,1190,0.04958,Recommended
23,waste cotton yarn,59,1190,0.04958,Recommended
23,paper yarn [for textile use],58,1190,0.04874,Recommended
23,synthetic threads,57,1190,0.0479,Recommended
23,"yarns (elastic -), for use in textiles",56,1190,0.04706,Recommended
23,yarns made of silk,56,1190,0.04706,Recommended
23,douppioni silk yarn,55,1190,0.04622,Recommended
23,spun polyester fibre for textile use,53,1190,0.04454,Recommended
23,textile filaments [threads],52,1190,0.0437,Recommended
23,covered rubber thread and yarn [for textile use],51,1190,0.04286,Recommended
23,elastic yarns for textile use,51,1190,0.04286,Recommended
23,metal fiber thread for textile use,50,1190,0.04202,Recommended
23,yarns for textile applications,50,1190,0.04202,Recommended
23,yarns made of angora for textile use,50,1190,0.04202,Recommended
23,plastic thread for textile use,49,1190,0.04118,Recommended
23,sail thread,49,1190,0.04118,Recommended
23,textile yarns made of man-made fibres,47,1190,0.0395,Some use this
23,degreased waste threads and yarns,46,1190,0.03866,Some use this
23,elastic strips of synthetic fibres for textile use,46,1190,0.03866,Some use this
23,flocked yarns,46,1190,0.03866,Some use this
23,inorganic fiber base mixed thread and yarn,46,1190,0.03866,Some use this
23,silica threads,46,1190,0.03866,Some use this
23,non-metallic yarns for textile use,43,1190,0.03613,Some use this
23,gilt thread for textile use,42,1190,0.03529,Some use this
23,spun thread,41,1190,0.03445,Some use this
23,twisted thread,41,1190,0.03445,Some use this
23,flocked fibers,40,1190,0.03361,Some use this
23,glass fibre thread for textile use,39,1190,0.03277,Some use this
23,fiberglass thread,38,1190,0.03193,Some use this
23,worsted thread,38,1190,0.03193,Some use this
23,glass yarns for textile use,37,1190,0.03109,Some use this
23,silver thread for textile use,36,1190,0.03025,Some use this
23,wool (spun -),34,1190,0.02857,Some use this
23,polyester pre-oriented yarns,33,1190,0.02773,Some use this
23,yarns,32,1190,0.02689,Some use this
23,yarns made of carbon fibres for textile use,32,1190,0.02689,Some use this
23,shoemaker's thread,31,1190,0.02605,Some use this
23,spun silk thread,31,1190,0.02605,Some use this
23,glass thread for textile use,28,1190,0.02353,Some use this
23,yarns made of synthetic material for textile use,27,1190,0.02269,Some use this
23,yarns (combed -) made of natural fibres,26,1190,0.02185,Some use this
23,weaving fibres for industrial use,24,1190,0.02017,Some use this
23,chopped plastic fibres for textile use,23,1190,0.01933,Some use this
23,yarns made of polytetrafluoroethylene for textile use,22,1190,0.01849,Some use this
23,glass rovings,18,1190,0.01513,Some use this
23,weaving fibres for use in pump packings,9,1190,0.00756,Some use this
23,knitting wool,8,1190,0.00672,Some use this
23,"polyester textured yarns for sewage, water and drainage system",8,1190,0.00672,Some use this
23,"threads for embroidery, darning and sewing, including those of metal",8,1190,0.00672,Some use this
23,hand-knitting wool,6,1190,0.00504,Some use this
23,knitting thread of wool,6,1190,0.00504,Some use this
23,sewing threads,6,1190,0.00504,Some use this
23,wool,6,1190,0.00504,Some use this
23,wool yarns,6,1190,0.00504,Some use this
23,cotton yarns,5,1190,0.0042,Some use this
23,threads and yarns,5,1190,0.0042,Some use this
23,threads and yarns for textile use,5,1190,0.0042,Some use this
23,yarn of synthetic or mixed fibers for use in textiles,5,1190,0.0042,Some use this
23,blended yarns,4,1190,0.00336,Some use this
23,"fibreglass, elastic, rubber and plastic threads for textile use",4,1190,0.00336,Some use this
23,hand sewing thread,4,1190,0.00336,Some use this
23,natural yarns and threads,4,1190,0.00336,Some use this
24,bed linen,3958,17872,0.22146,Most use this
24,towels,3516,17872,0.19673,Most use this
24,bed blankets,3249,17872,0.18179,Most use this
24,bed covers,3077,17872,0.17217,Most use this
24,household linen,2661,17872,0.14889,Most use this
24,pillowcases,2519,17872,0.14095,Most use this
24,curtains,2363,17872,0.13222,Most use this
24,towels of textile,2147,17872,0.12013,Most use this
24,mattress covers,2144,17872,0.11996,Recommended
24,bath towels,2090,17872,0.11694,Recommended
24,duvet covers,2080,17872,0.11638,Recommended
24,sleeping bags,1955,17872,0.10939,Recommended
24,cushion covers,1933,17872,0.10816,Recommended
24,bath linen,1910,17872,0.10687,Recommended
24,quilts,1894,17872,0.10598,Recommended
24,beach towels,1838,17872,0.10284,Recommended
24,bed linen and blankets,1810,17872,0.10128,Recommended
24,duvets,1805,17872,0.101,Recommended
24,pillow covers,1727,17872,0.09663,Recommended
24,covers for cushions,1702,17872,0.09523,Recommended
24,textiles,1681,17872,0.09406,Recommended
24,tea towels,1662,17872,0.09299,Recommended
24,pillow cases,1606,17872,0.08986,Recommended
24,curtains of textile or plastic,1518,17872,0.08494,Recommended
24,textiles and substitutes for textiles,1514,17872,0.08471,Recommended
24,table linen,1513,17872,0.08466,Recommended
24,bed clothes and blankets,1512,17872,0.0846,Recommended
24,quilt covers,1507,17872,0.08432,Recommended
24,blankets for household pets,1480,17872,0.08281,Recommended
24,bed clothes,1468,17872,0.08214,Recommended
24,table cloths,1467,17872,0.08208,Recommended
24,shower curtains,1451,17872,0.08119,Recommended
24,picnic blankets,1396,17872,0.07811,Recommended
24,bedspreads,1393,17872,0.07794,Recommended
24,pillow shams,1343,17872,0.07515,Recommended
24,bed throws,1286,17872,0.07196,Recommended
24,sofa blankets,1281,17872,0.07168,Recommended
24,cloth,1274,17872,0.07128,Recommended
24,kitchen towels,1269,17872,0.071,Recommended
24,bed sheets,1267,17872,0.07089,Recommended
24,hand towels,1267,17872,0.07089,Recommended
24,baby blankets,1253,17872,0.07011,Recommended
24,"bath linen, except clothing",1234,17872,0.06905,Recommended
24,table covers,1233,17872,0.06899,Recommended
24,blankets,1232,17872,0.06893,Recommended
24,fabrics,1230,17872,0.06882,Recommended
24,blanket throws,1227,17872,0.06865,Recommended
24,blankets (bed -),1215,17872,0.06798,Recommended
24,cotton fabrics,1213,17872,0.06787,Recommended
24,face towels,1212,17872,0.06782,Recommended
24,door curtains,1207,17872,0.06754,Recommended
24,bedsheets,1206,17872,0.06748,Recommended
24,fabric,1205,17872,0.06742,Recommended
24,throws,1189,17872,0.06653,Recommended
24,upholstery fabrics,1180,17872,0.06603,Recommended
24,bed coverings,1177,17872,0.06586,Recommended
24,fitted bed sheets,1170,17872,0.06547,Recommended
24,linens,1164,17872,0.06513,Recommended
24,textile fabrics,1147,17872,0.06418,Recommended
24,bed quilts,1138,17872,0.06368,Recommended
24,covers for pillows,1114,17872,0.06233,Recommended
24,quilted blankets [bedding],1108,17872,0.062,Recommended
24,textile material,1076,17872,0.06021,Recommended
24,household textiles,1070,17872,0.05987,Recommended
24,handkerchiefs of textile,1066,17872,0.05965,Recommended
24,furniture coverings of textile,1059,17872,0.05925,Recommended
24,sofa covers,1049,17872,0.0587,Recommended
24,bed linen and table linen,1042,17872,0.0583,Recommended
24,towels of textiles,1035,17872,0.05791,Recommended
24,wall hangings of textile,1034,17872,0.05786,Recommended
24,chair covers,1033,17872,0.0578,Recommended
24,face towels of textile,1026,17872,0.05741,Recommended
24,bath sheets (towels),1023,17872,0.05724,Recommended
24,bathroom towels,1021,17872,0.05713,Recommended
24,towels [textile],1004,17872,0.05618,Recommended
24,bed valances,996,17872,0.05573,Recommended
24,mosquito nets,996,17872,0.05573,Recommended
24,"textile goods, and substitutes for textile goods",985,17872,0.05511,Recommended
24,bed blankets made of cotton,980,17872,0.05483,Recommended
24,fabrics for textile use,974,17872,0.0545,Recommended
24,blankets for outdoor use,971,17872,0.05433,Recommended
24,flat bed sheets,970,17872,0.05427,Recommended
24,cotton blankets,965,17872,0.054,Recommended
24,linen cloth,963,17872,0.05388,Recommended
24,silk bed blankets,962,17872,0.05383,Recommended
24,hooded towels,951,17872,0.05321,Recommended
24,"tablecloths, not of paper",951,17872,0.05321,Recommended
24,children's blankets,931,17872,0.05209,Recommended
24,bed pads,927,17872,0.05187,Recommended
24,woollen blankets,924,17872,0.0517,Recommended
24,cot blankets,919,17872,0.05142,Recommended
24,pillowcases [pillow slips],918,17872,0.05137,Recommended
24,tablemats of textile,915,17872,0.0512,Recommended
24,linen for the bed,914,17872,0.05114,Recommended
24,bed spreads,910,17872,0.05092,Recommended
24,coverings for furniture,905,17872,0.05064,Recommended
24,bath sheets,900,17872,0.05036,Recommended
24,comforters (bedding),897,17872,0.05019,Recommended
24,kitchen towels [textile],895,17872,0.05008,Recommended
24,textile tablecloths,891,17872,0.04985,Recommended
24,non-woven textile fabrics,885,17872,0.04952,Recommended
24,quilt bedding mats,875,17872,0.04896,Recommended
24,textile fabric,872,17872,0.04879,Recommended
24,curtains of textile,871,17872,0.04874,Recommended
24,towels [of textile],866,17872,0.04846,Recommended
24,woolen blankets,864,17872,0.04834,Recommended
24,tapestries of textile,862,17872,0.04823,Recommended
24,textile napkins,862,17872,0.04823,Recommended
24,cot bumpers [bed linen],861,17872,0.04818,Recommended
24,textile goods for use as bedding,859,17872,0.04806,Recommended
24,textiles for furnishings,859,17872,0.04806,Recommended
24,linen (bed -),844,17872,0.04722,Recommended
24,bedroom textile fabrics,841,17872,0.04706,Recommended
24,table runners,841,17872,0.04706,Recommended
24,bed skirts,840,17872,0.047,Recommended
24,household textile articles,834,17872,0.04667,Recommended
24,kitchen towels of cloth,828,17872,0.04633,Recommended
24,shower curtains of textile or plastic,827,17872,0.04627,Recommended
24,cloths,822,17872,0.04599,Recommended
24,infants' bed linen,820,17872,0.04588,Recommended
24,kitchen linen,819,17872,0.04583,Recommended
24,kitchen and table linens,809,17872,0.04527,Recommended
24,comforters,808,17872,0.04521,Recommended
24,banners,807,17872,0.04515,Recommended
24,covers for duvets,800,17872,0.04476,Recommended
24,valanced bed sheets,791,17872,0.04426,Recommended
24,sleeping bags for babies,787,17872,0.04404,Recommended
24,table napkins of textile,786,17872,0.04398,Recommended
24,comforters for beds,782,17872,0.04376,Recommended
24,household linens,782,17872,0.04376,Recommended
24,household textile goods,781,17872,0.0437,Recommended
24,children's towels,780,17872,0.04364,Recommended
24,covers for mattresses,780,17872,0.04364,Recommended
24,quilts of towel,776,17872,0.04342,Recommended
24,kitchen towels of textile,768,17872,0.04297,Recommended
24,quilts of textile,765,17872,0.0428,Recommended
24,coasters of textile,763,17872,0.04269,Recommended
24,cot sheets,761,17872,0.04258,Recommended
24,"table linen, not of paper",761,17872,0.04258,Recommended
24,linen,747,17872,0.0418,Recommended
24,bed canopies,746,17872,0.04174,Recommended
24,fabric bed valances,745,17872,0.04169,Recommended
24,window curtains,739,17872,0.04135,Recommended
24,silk blankets,738,17872,0.04129,Recommended
24,crib bumpers [bed linen],732,17872,0.04096,Recommended
24,towel sheet,731,17872,0.0409,Recommended
24,canopies (bed linen),730,17872,0.04085,Recommended
24,wall hangings,727,17872,0.04068,Recommended
24,bath wrap towels,720,17872,0.04029,Recommended
24,linings [textile],720,17872,0.04029,Recommended
24,flannel [fabric],716,17872,0.04006,Recommended
24,bed linen of paper,713,17872,0.03989,Some use this
24,terry towels,712,17872,0.03984,Some use this
24,towelling [textile],710,17872,0.03973,Some use this
24,travelling blankets,709,17872,0.03967,Some use this
24,polyester textiles,708,17872,0.03962,Some use this
24,textile face towels,707,17872,0.03956,Some use this
24,large bath towels,705,17872,0.03945,Some use this
24,lap rugs,703,17872,0.03934,Some use this
24,tablecloths of textile,701,17872,0.03922,Some use this
24,fabric curtains,694,17872,0.03883,Some use this
24,crib sheets,690,17872,0.03861,Some use this
24,place mats of textile,689,17872,0.03855,Some use this
24,waterproof textile fabrics,689,17872,0.03855,Some use this
24,glass cloths [towels],688,17872,0.0385,Some use this
24,bed sheets of paper,687,17872,0.03844,Some use this
24,cloth napkins,686,17872,0.03838,Some use this
24,ticks (mattress and pillow coverings),674,17872,0.03771,Some use this
24,bath mitts,670,17872,0.03749,Some use this
24,golf towels,662,17872,0.03704,Some use this
24,baby buntings,658,17872,0.03682,Some use this
24,face towels of textiles,655,17872,0.03665,Some use this
24,curtain fabric,652,17872,0.03648,Some use this
24,lap blankets,651,17872,0.03643,Some use this
24,apparel fabrics,644,17872,0.03603,Some use this
24,net curtains,641,17872,0.03587,Some use this
24,silk [cloth],639,17872,0.03575,Some use this
24,cotton fabric,635,17872,0.03553,Some use this
24,"household linen, including face towels",634,17872,0.03547,Some use this
24,sheets [textile],628,17872,0.03514,Some use this
24,textile exercise towels,626,17872,0.03503,Some use this
24,knitted fabric,624,17872,0.03491,Some use this
24,pillow slips,623,17872,0.03486,Some use this
24,bed and table covers,622,17872,0.0348,Some use this
24,face cloths of towelling,620,17872,0.03469,Some use this
24,hand towels of textile,620,17872,0.03469,Some use this
24,woven fabrics,619,17872,0.03464,Some use this
24,textile handkerchiefs,617,17872,0.03452,Some use this
24,travelling rugs [lap robes],616,17872,0.03447,Some use this
24,cushions (covers for -),610,17872,0.03413,Some use this
24,bed warmer covers,607,17872,0.03396,Some use this
24,textile fabrics for use in the manufacture of bedding,600,17872,0.03357,Some use this
24,bed covers of paper,597,17872,0.0334,Some use this
24,covers [loose] for furniture,597,17872,0.0334,Some use this
24,furnishing fabrics,597,17872,0.0334,Some use this
24,labels of textile,596,17872,0.03335,Some use this
24,dish towels for drying,591,17872,0.03307,Some use this
24,valanced bed covers,591,17872,0.03307,Some use this
24,silk cloth,589,17872,0.03296,Some use this
24,textile fabrics for the manufacture of clothing,589,17872,0.03296,Some use this
24,textiles for upholstery,588,17872,0.0329,Some use this
24,cloth flags,583,17872,0.03262,Some use this
24,swaddling blankets,581,17872,0.03251,Some use this
24,cotton cloths,579,17872,0.0324,Some use this
24,textile fabrics for use in the manufacture of towels,578,17872,0.03234,Some use this
24,curtain fabrics,577,17872,0.03229,Some use this
24,towelling coverlets,572,17872,0.03201,Some use this
24,textile coasters,571,17872,0.03195,Some use this
24,linen [fabric],570,17872,0.03189,Some use this
24,sleeping bag liners,570,17872,0.03189,Some use this
24,towels [textile] for kitchen use,569,17872,0.03184,Some use this
24,travelling rugs,568,17872,0.03178,Some use this
24,bed blankets made of man-made fibres,567,17872,0.03173,Some use this
24,coverlets [bedspreads],567,17872,0.03173,Some use this
24,loose covers for furniture,567,17872,0.03173,Some use this
24,valances for beds,561,17872,0.03139,Some use this
24,face cloths,555,17872,0.03105,Some use this
24,diaper changing cloths for babies,552,17872,0.03089,Some use this
24,towels [textile] for the beach,552,17872,0.03089,Some use this
24,cloth banners,550,17872,0.03077,Some use this
24,rubberized textile fabrics,550,17872,0.03077,Some use this
24,covers for eiderdown and duvets,548,17872,0.03066,Some use this
24,non-woven textiles,542,17872,0.03033,Some use this
24,viscose textiles,542,17872,0.03033,Some use this
24,silk fabrics,539,17872,0.03016,Some use this
24,felt,538,17872,0.0301,Some use this
24,textile hair drying towels,538,17872,0.0301,Some use this
24,ticks [mattress covers],537,17872,0.03005,Some use this
24,woven fabrics for cushions,537,17872,0.03005,Some use this
24,textile piece goods,535,17872,0.02994,Some use this
24,mats of linen,531,17872,0.02971,Some use this
24,textile fabrics for use in the manufacture of curtains,530,17872,0.02966,Some use this
24,protective loose covers for mattresses and furniture,529,17872,0.0296,Some use this
24,chenille fabric,527,17872,0.02949,Some use this
24,banners of textile or plastic,525,17872,0.02938,Some use this
24,dish towels,525,17872,0.02938,Some use this
24,textile place mats,524,17872,0.02932,Some use this
24,curtains for windows,520,17872,0.0291,Some use this
24,doilies of textile,520,17872,0.0291,Some use this
24,blackout curtains,519,17872,0.02904,Some use this
24,cot covers,519,17872,0.02904,Some use this
24,furnishing and upholstery fabrics,513,17872,0.0287,Some use this
24,textile covers for duvets,512,17872,0.02865,Some use this
24,cloth coasters,511,17872,0.02859,Some use this
24,textile fabrics for use in the manufacture of pillowcases,510,17872,0.02854,Some use this
24,curtains for showers,509,17872,0.02848,Some use this
24,shams (pillow -),508,17872,0.02842,Some use this
24,soft furnishings,508,17872,0.02842,Some use this
24,coasters [table linen],507,17872,0.02837,Some use this
24,silk fabrics for furniture,507,17872,0.02837,Some use this
24,textile labels,504,17872,0.0282,Some use this
24,cloths for removing make-up,503,17872,0.02814,Some use this
24,turkish towel,503,17872,0.02814,Some use this
24,woollen fabric,496,17872,0.02775,Some use this
24,woven linen fabrics,496,17872,0.02775,Some use this
24,knitted fabrics,493,17872,0.02759,Some use this
24,reinforced fabrics [textile],493,17872,0.02759,Some use this
24,textiles and textile goods,492,17872,0.02753,Some use this
24,bed sheets of plastic [not being incontinence sheets],490,17872,0.02742,Some use this
24,coverings (furniture -) of textile,487,17872,0.02725,Some use this
24,rayon fabric,487,17872,0.02725,Some use this
24,hand-towels made of textile fabrics,486,17872,0.02719,Some use this
24,curtains made of textile fabrics,485,17872,0.02714,Some use this
24,"bed sheets of plastic, not being incontinence sheets",484,17872,0.02708,Some use this
24,polyester fabric,484,17872,0.02708,Some use this
24,serviettes of textile,484,17872,0.02708,Some use this
24,banners textile,483,17872,0.02703,Some use this
24,cushion covering materials,482,17872,0.02697,Some use this
24,printers' blankets of textile,481,17872,0.02691,Some use this
24,textile fabrics for use in the manufacture of beds,480,17872,0.02686,Some use this
24,turkish towels,479,17872,0.0268,Some use this
24,bunting,478,17872,0.02675,Some use this
24,coated textiles,477,17872,0.02669,Some use this
24,fabrics being textile piece goods,477,17872,0.02669,Some use this
24,tea cloths,475,17872,0.02658,Some use this
24,textiles made of linen,475,17872,0.02658,Some use this
24,woollen fabrics,475,17872,0.02658,Some use this
24,cloth bunting,473,17872,0.02647,Some use this
24,textile handkerchieves,473,17872,0.02647,Some use this
24,canvas for tapestry or embroidery,472,17872,0.02641,Some use this
24,eiderdowns [down coverlets],471,17872,0.02635,Some use this
24,banners of textile,470,17872,0.0263,Some use this
24,tablecloths of textiles,470,17872,0.0263,Some use this
24,comforters [covers],469,17872,0.02624,Some use this
24,lingerie fabric,467,17872,0.02613,Some use this
24,napery of textile,463,17872,0.02591,Some use this
24,bean bag covers,462,17872,0.02585,Some use this
24,canvas,461,17872,0.02579,Some use this
24,napery [textile],461,17872,0.02579,Some use this
24,woven fabrics for furniture,460,17872,0.02574,Some use this
24,textile serviettes,458,17872,0.02563,Some use this
24,fabrics being textile piece goods for use in embroidery,457,17872,0.02557,Some use this
24,textile fabrics for lingerie,457,17872,0.02557,Some use this
24,woollen cloth,454,17872,0.0254,Some use this
24,japanese cotton towels (tenugui),452,17872,0.02529,Some use this
24,jersey [fabric],450,17872,0.02518,Some use this
24,turban towels for drying hair,450,17872,0.02518,Some use this
24,waterproof cloths,450,17872,0.02518,Some use this
24,curtains of textiles or plastic,449,17872,0.02512,Some use this
24,textile fabrics for use in the manufacture of sheets,449,17872,0.02512,Some use this
25,clothing,49425,88472,0.55865,Essential
25,footwear,20073,88472,0.22689,Most use this
25,clothes,18754,88472,0.21198,Most use this
25,jackets [clothing],18722,88472,0.21161,Most use this
25,sports clothing,17056,88472,0.19278,Most use this
25,gloves [clothing],16430,88472,0.18571,Most use this
25,casual clothing,16289,88472,0.18411,Most use this
25,tops [clothing],16282,88472,0.18404,Most use this
25,hats,16110,88472,0.18209,Most use this
25,shorts [clothing],15393,88472,0.17399,Most use this
25,knitwear [clothing],14971,88472,0.16922,Most use this
25,t-shirts,14914,88472,0.16857,Most use this
25,jerseys [clothing],14375,88472,0.16248,Most use this
25,socks,14180,88472,0.16028,Most use this
25,leisure clothing,14109,88472,0.15947,Most use this
25,waterproof clothing,14107,88472,0.15945,Most use this
25,hoods [clothing],13906,88472,0.15718,Most use this
25,shirts,13767,88472,0.15561,Most use this
25,belts [clothing],13411,88472,0.15158,Most use this
25,athletic clothing,12959,88472,0.14648,Most use this
25,denims [clothing],12664,88472,0.14314,Most use this
25,embroidered clothing,12452,88472,0.14075,Most use this
25,knitted clothing,12275,88472,0.13874,Most use this
25,headgear,12112,88472,0.1369,Most use this
25,ready-to-wear clothing,11556,88472,0.13062,Most use this
25,shoes,11245,88472,0.1271,Most use this
25,underwear,11169,88472,0.12624,Most use this
25,leather clothing,10971,88472,0.12401,Most use this
25,trousers,10745,88472,0.12145,Most use this
25,bottoms [clothing],10695,88472,0.12089,Most use this
25,headbands [clothing],10682,88472,0.12074,Most use this
25,clothing for leisure wear,10541,88472,0.11915,Recommended
25,wristbands [clothing],10451,88472,0.11813,Recommended
25,woolen clothing,10182,88472,0.11509,Recommended
25,clothing for sports,10030,88472,0.11337,Recommended
25,weatherproof clothing,9893,88472,0.11182,Recommended
25,playsuits [clothing],9883,88472,0.11171,Recommended
25,dresses,9669,88472,0.10929,Recommended
25,scarves,9574,88472,0.10822,Recommended
25,windproof clothing,9483,88472,0.10719,Recommended
25,infant clothing,9445,88472,0.10676,Recommended
25,coats,9442,88472,0.10672,Recommended
25,jackets,9396,88472,0.1062,Recommended
25,cashmere clothing,9373,88472,0.10594,Recommended
25,layettes [clothing],9338,88472,0.10555,Recommended
25,thermal clothing,9325,88472,0.1054,Recommended
25,silk clothing,9277,88472,0.10486,Recommended
25,ready-made clothing,9149,88472,0.10341,Recommended
25,"parts of clothing, footwear and headgear",9101,88472,0.10287,Recommended
25,sweaters,9087,88472,0.10271,Recommended
25,shorts,9082,88472,0.10265,Recommended
25,sweatshirts,9063,88472,0.10244,Recommended
25,maternity clothing,9044,88472,0.10222,Recommended
25,skirts,8962,88472,0.1013,Recommended
25,jackets being sports clothing,8913,88472,0.10074,Recommended
25,furs [clothing],8895,88472,0.10054,Recommended
25,capes (clothing),8846,88472,0.09999,Recommended
25,collars [clothing],8832,88472,0.09983,Recommended
25,men's clothing,8571,88472,0.09688,Recommended
25,gloves,8491,88472,0.09597,Recommended
25,kerchiefs [clothing],8447,88472,0.09548,Recommended
25,bodies [clothing],8287,88472,0.09367,Recommended
25,jackets (stuff -) [clothing],8255,88472,0.09331,Recommended
25,gloves as clothing,8253,88472,0.09328,Recommended
25,linen clothing,8158,88472,0.09221,Recommended
25,headbands for clothing,8099,88472,0.09154,Recommended
25,hoodies,8098,88472,0.09153,Recommended
25,veils [clothing],7976,88472,0.09015,Recommended
25,muffs [clothing],7954,88472,0.0899,Recommended
25,stuff jackets [clothing],7941,88472,0.08976,Recommended
25,caps,7905,88472,0.08935,Recommended
25,belts for clothing,7848,88472,0.08871,Recommended
25,beach clothing,7832,88472,0.08853,Recommended
25,oilskins [clothing],7641,88472,0.08637,Recommended
25,bandeaux [clothing],7562,88472,0.08547,Recommended
25,clothing for children,7522,88472,0.08502,Recommended
25,aprons [clothing],7497,88472,0.08474,Recommended
25,rainproof clothing,7497,88472,0.08474,Recommended
25,ties [clothing],7386,88472,0.08348,Recommended
25,clothing of leather,7322,88472,0.08276,Recommended
25,chaps (clothing),7246,88472,0.0819,Recommended
25,headwear,7087,88472,0.0801,Recommended
25,triathlon clothing,6758,88472,0.07639,Recommended
25,sportswear,6745,88472,0.07624,Recommended
25,clothing for babies,6729,88472,0.07606,Recommended
25,pants,6607,88472,0.07468,Recommended
25,children's clothing,6502,88472,0.07349,Recommended
25,tee-shirts,6452,88472,0.07293,Recommended
25,garments for protecting clothing,6395,88472,0.07228,Recommended
25,water-resistant clothing,6383,88472,0.07215,Recommended
25,vests,6321,88472,0.07145,Recommended
25,slippers,6313,88472,0.07136,Recommended
25,woven clothing,6244,88472,0.07058,Recommended
25,latex clothing,6229,88472,0.07041,Recommended
25,boots,6119,88472,0.06916,Recommended
25,clothing layettes,6041,88472,0.06828,Recommended
25,fabric belts [clothing],5978,88472,0.06757,Recommended
25,gabardines [clothing],5972,88472,0.0675,Recommended
25,clothing for cycling,5947,88472,0.06722,Recommended
25,hosiery,5907,88472,0.06677,Recommended
25,trunks being clothing,5837,88472,0.06598,Recommended
25,visors [clothing],5806,88472,0.06563,Recommended
25,pyjamas,5805,88472,0.06561,Recommended
25,"corsets [clothing, foundation garments]",5772,88472,0.06524,Recommended
25,pockets for clothing,5766,88472,0.06517,Recommended
25,leather (clothing of -),5762,88472,0.06513,Recommended
25,women's clothing,5701,88472,0.06444,Recommended
25,drawers [clothing],5654,88472,0.06391,Recommended
25,sandals,5590,88472,0.06318,Recommended
25,sports shoes,5539,88472,0.06261,Recommended
25,mitts [clothing],5529,88472,0.06249,Recommended
25,polo shirts,5479,88472,0.06193,Recommended
25,clothing for infants,5466,88472,0.06178,Recommended
25,swimwear,5426,88472,0.06133,Recommended
25,clothing for skiing,5258,88472,0.05943,Recommended
25,handwarmers [clothing],5157,88472,0.05829,Recommended
25,drawers as clothing,5041,88472,0.05698,Recommended
25,dance clothing,4973,88472,0.05621,Recommended
25,girls' clothing,4908,88472,0.05548,Recommended
25,childrens' clothing,4836,88472,0.05466,Recommended
25,outer clothing,4797,88472,0.05422,Recommended
25,plush clothing,4645,88472,0.0525,Recommended
25,clothes for sports,4628,88472,0.05231,Recommended
25,jeans,4561,88472,0.05155,Recommended
25,fishing clothing,4530,88472,0.0512,Recommended
25,cowls [clothing],4524,88472,0.05113,Recommended
25,braces for clothing,4423,88472,0.04999,Recommended
25,sports shirts,4389,88472,0.04961,Recommended
25,combinations [clothing],4314,88472,0.04876,Recommended
25,beanie hats,4304,88472,0.04865,Recommended
25,printed t-shirts,4248,88472,0.04802,Recommended
25,headbands,4236,88472,0.04788,Recommended
25,scarfs,4210,88472,0.04759,Recommended
25,leggings [trousers],4101,88472,0.04635,Recommended
25,short-sleeved t-shirts,4091,88472,0.04624,Recommended
25,tights,4090,88472,0.04623,Recommended
25,swimsuits,4083,88472,0.04615,Recommended
25,hooded sweatshirts,4081,88472,0.04613,Recommended
25,suits,4078,88472,0.04609,Recommended
25,pullovers,4074,88472,0.04605,Recommended
25,jumpers,4073,88472,0.04604,Recommended
25,babies' clothing,4028,88472,0.04553,Recommended
25,caps being headwear,4003,88472,0.04525,Recommended
25,sports jerseys,3987,88472,0.04507,Recommended
25,sports footwear,3975,88472,0.04493,Recommended
25,clothes for sport,3923,88472,0.04434,Recommended
25,short-sleeve shirts,3923,88472,0.04434,Recommended
25,cyclists' clothing,3899,88472,0.04407,Recommended
25,beach clothes,3888,88472,0.04395,Recommended
25,beanies,3860,88472,0.04363,Recommended
25,sweat shirts,3849,88472,0.04351,Recommended
25,tracksuits,3816,88472,0.04313,Recommended
25,swaddling clothes,3740,88472,0.04227,Recommended
25,sport shirts,3712,88472,0.04196,Recommended
25,work clothes,3668,88472,0.04146,Recommended
25,ladies' clothing,3647,88472,0.04122,Recommended
25,shawls,3629,88472,0.04102,Recommended
25,tops,3585,88472,0.04052,Recommended
25,underpants,3582,88472,0.04049,Recommended
25,dressing gowns,3534,88472,0.03994,Some use this
25,knitwear,3532,88472,0.03992,Some use this
25,cloth bibs,3524,88472,0.03983,Some use this
25,sports jackets,3496,88472,0.03952,Some use this
25,stockings,3480,88472,0.03933,Some use this
25,sweatpants,3452,88472,0.03902,Some use this
25,sports socks,3415,88472,0.0386,Some use this
25,sports garments,3400,88472,0.03843,Some use this
25,bathing suits,3392,88472,0.03834,Some use this
25,wraps [clothing],3384,88472,0.03825,Some use this
25,long-sleeved shirts,3367,88472,0.03806,Some use this
25,blouses,3322,88472,0.03755,Some use this
25,cardigans,3280,88472,0.03707,Some use this
25,boas [clothing],3272,88472,0.03698,Some use this
25,caps [headwear],3264,88472,0.03689,Some use this
25,baby clothes,3262,88472,0.03687,Some use this
25,neckties,3261,88472,0.03686,Some use this
25,sports bras,3259,88472,0.03684,Some use this
25,slips [clothing],3249,88472,0.03672,Some use this
25,nightwear,3215,88472,0.03634,Some use this
25,slipovers [clothing],3208,88472,0.03626,Some use this
25,motorists' clothing,3193,88472,0.03609,Some use this
25,pajamas,3125,88472,0.03532,Some use this
25,sleepwear,3100,88472,0.03504,Some use this
25,aprons,3076,88472,0.03477,Some use this
25,bandanas,3074,88472,0.03475,Some use this
25,casual shirts,3063,88472,0.03462,Some use this
25,motorcyclists' clothing,3061,88472,0.0346,Some use this
25,loungewear,3058,88472,0.03456,Some use this
25,belts,3038,88472,0.03434,Some use this
25,sports pants,3004,88472,0.03395,Some use this
25,bras,3003,88472,0.03394,Some use this
25,tank tops,2988,88472,0.03377,Some use this
25,lingerie,2987,88472,0.03376,Some use this
25,footwear for sports,2947,88472,0.03331,Some use this
25,short-sleeved shirts,2947,88472,0.03331,Some use this
25,sports caps and hats,2943,88472,0.03326,Some use this
25,hooded sweat shirts,2936,88472,0.03319,Some use this
25,mittens,2904,88472,0.03282,Some use this
25,casual footwear,2901,88472,0.03279,Some use this
25,waistcoats,2888,88472,0.03264,Some use this
25,baseball caps and hats,2878,88472,0.03253,Some use this
25,jerseys,2865,88472,0.03238,Some use this
25,sneakers,2865,88472,0.03238,Some use this
25,fashion hats,2849,88472,0.0322,Some use this
25,boxer shorts,2818,88472,0.03185,Some use this
25,bath robes,2813,88472,0.0318,Some use this
25,baseball caps,2753,88472,0.03112,Some use this
25,sneakers [footwear],2632,88472,0.02975,Some use this
25,footwear for sport,2619,88472,0.0296,Some use this
25,leather shoes,2616,88472,0.02957,Some use this
25,overalls,2614,88472,0.02955,Some use this
25,uniforms,2612,88472,0.02952,Some use this
25,sport shoes,2608,88472,0.02948,Some use this
25,beach shoes,2606,88472,0.02946,Some use this
25,sleep masks,2599,88472,0.02938,Some use this
25,dress shirts,2597,88472,0.02935,Some use this
25,yoga shirts,2582,88472,0.02918,Some use this
25,sports wear,2579,88472,0.02915,Some use this
25,gym shorts,2572,88472,0.02907,Some use this
25,footwear for women,2564,88472,0.02898,Some use this
25,outerwear,2564,88472,0.02898,Some use this
25,leggings,2547,88472,0.02879,Some use this
25,athletic shoes,2539,88472,0.0287,Some use this
25,camisoles,2521,88472,0.02849,Some use this
25,clothing for gymnastics,2520,88472,0.02848,Some use this
25,yoga pants,2517,88472,0.02845,Some use this
25,athletic footwear,2506,88472,0.02833,Some use this
25,bikinis,2505,88472,0.02831,Some use this
25,sports caps,2490,88472,0.02814,Some use this
25,ties,2481,88472,0.02804,Some use this
25,sports vests,2468,88472,0.0279,Some use this
25,trainers,2448,88472,0.02767,Some use this
25,football shirts,2425,88472,0.02741,Some use this
25,sports singlets,2405,88472,0.02718,Some use this
25,"men's and women's jackets, coats, trousers, vests",2400,88472,0.02713,Some use this
25,articles of sports clothing,2385,88472,0.02696,Some use this
25,footwear for men,2364,88472,0.02672,Some use this
25,running shoes,2362,88472,0.0267,Some use this
25,beachwear,2349,88472,0.02655,Some use this
25,sweat pants,2326,88472,0.02629,Some use this
25,socks and stockings,2295,88472,0.02594,Some use this
25,gloves for apparel,2284,88472,0.02582,Some use this
25,"clothing for men, women and children",2276,88472,0.02573,Some use this
25,knit shirts,2259,88472,0.02553,Some use this
25,denim jackets,2250,88472,0.02543,Some use this
25,parkas,2247,88472,0.0254,Some use this
25,hooded tops,2243,88472,0.02535,Some use this
25,baseball hats,2241,88472,0.02533,Some use this
25,moisture-wicking sports shirts,2234,88472,0.02525,Some use this
25,bobble hats,2218,88472,0.02507,Some use this
25,blazers,2216,88472,0.02505,Some use this
25,soles for footwear,2213,88472,0.02501,Some use this
25,overcoats,2208,88472,0.02496,Some use this
25,sun hats,2199,88472,0.02486,Some use this
25,trainers [footwear],2198,88472,0.02484,Some use this
25,party hats [clothing],2196,88472,0.02482,Some use this
25,wristbands,2193,88472,0.02479,Some use this
25,shoes for leisurewear,2189,88472,0.02474,Some use this
25,quilted jackets [clothing],2168,88472,0.0245,Some use this
25,hats (paper -) [clothing],2164,88472,0.02446,Some use this
25,outerclothing,2160,88472,0.02441,Some use this
25,night shirts,2156,88472,0.02437,Some use this
25,footwear for use in sport,2138,88472,0.02417,Some use this
25,turtleneck shirts,2138,88472,0.02417,Some use this
25,brassieres,2135,88472,0.02413,Some use this
25,golf shirts,2134,88472,0.02412,Some use this
25,babies' pants [clothing],2123,88472,0.024,Some use this
25,paper hats [clothing],2120,88472,0.02396,Some use this
25,articles of clothing,2118,88472,0.02394,Some use this
25,tracksuit tops,2101,88472,0.02375,Some use this
25,masquerade costumes,2093,88472,0.02366,Some use this
25,jogging pants,2085,88472,0.02357,Some use this
25,gymnastic shoes,2074,88472,0.02344,Some use this
25,boots for sports,2071,88472,0.02341,Some use this
25,bathing caps,2069,88472,0.02339,Some use this
25,trousers shorts,2055,88472,0.02323,Some use this
25,leisure footwear,2053,88472,0.02321,Some use this
25,headgear for wear,2051,88472,0.02318,Some use this
25,bodysuits,2042,88472,0.02308,Some use this
25,woolly hats,2036,88472,0.02301,Some use this
25,bucket hats,2021,88472,0.02284,Some use this
25,gymwear,2018,88472,0.02281,Some use this
25,rugby shirts,2018,88472,0.02281,Some use this
25,tracksuit bottoms,2015,88472,0.02278,Some use this
25,ankle socks,2014,88472,0.02276,Some use this
25,fleece jackets,2011,88472,0.02273,Some use this
25,shower caps,2009,88472,0.02271,Some use this
25,men's underwear,1977,88472,0.02235,Some use this
25,dress shoes,1965,88472,0.02221,Some use this
25,underclothing,1964,88472,0.0222,Some use this
25,leisurewear,1957,88472,0.02212,Some use this
25,ponchos,1954,88472,0.02209,Some use this
25,paper hats for use as clothing items,1948,88472,0.02202,Some use this
25,athletics footwear,1938,88472,0.02191,Some use this
25,menswear,1929,88472,0.0218,Some use this
25,sports shirts with short sleeves,1922,88472,0.02172,Some use this
26,artificial flowers,2087,9119,0.22886,Most use this
26,hair bands,2029,9119,0.2225,Most use this
26,hair extensions,1778,9119,0.19498,Most use this
26,false hair,1726,9119,0.18928,Most use this
26,wigs,1607,9119,0.17623,Most use this
26,hair clips,1457,9119,0.15978,Most use this
26,hair pins,1338,9119,0.14673,Most use this
26,hair scrunchies,1257,9119,0.13784,Most use this
26,hair barrettes,1255,9119,0.13762,Most use this
26,human hair,1182,9119,0.12962,Most use this
26,hair ornaments,1152,9119,0.12633,Most use this
26,hair nets,1149,9119,0.126,Most use this
26,hair decorations,1131,9119,0.12403,Most use this
26,buttons,1088,9119,0.11931,Recommended
26,hair grips,1076,9119,0.118,Recommended
26,hair pieces,970,9119,0.10637,Recommended
26,hair ribbons,955,9119,0.10473,Recommended
26,plaited hair,923,9119,0.10122,Recommended
26,"hair ornaments, hair rollers, hair fastening articles, and false hair",912,9119,0.10001,Recommended
26,hair bows,905,9119,0.09924,Recommended
26,synthetic hair,851,9119,0.09332,Recommended
26,hair weaves,825,9119,0.09047,Recommended
26,embroidery,816,9119,0.08948,Recommended
26,decorative articles for the hair,806,9119,0.08839,Recommended
26,hair elastics,795,9119,0.08718,Recommended
26,artificial garlands,775,9119,0.08499,Recommended
26,hair twisters [hair accessories],761,9119,0.08345,Recommended
26,bows for the hair,759,9119,0.08323,Recommended
26,ribbons for the hair,731,9119,0.08016,Recommended
26,hair curlers,730,9119,0.08005,Recommended
26,hair slides,708,9119,0.07764,Recommended
26,brooches [clothing accessories],704,9119,0.0772,Recommended
26,toupees,701,9119,0.07687,Recommended
26,hair rollers,679,9119,0.07446,Recommended
26,hair curling pins,658,9119,0.07216,Recommended
26,hair fasteners,657,9119,0.07205,Recommended
26,artificial plants,644,9119,0.07062,Recommended
26,hair tresses,619,9119,0.06788,Recommended
26,artificial fruit,605,9119,0.06634,Recommended
26,shoe laces,605,9119,0.06634,Recommended
26,braids,574,9119,0.06295,Recommended
26,hair buckles,566,9119,0.06207,Recommended
26,wreaths of artificial flowers,562,9119,0.06163,Recommended
26,trimmings for clothing,555,9119,0.06086,Recommended
26,false beards,552,9119,0.06053,Recommended
26,claw clips [hair accessories],538,9119,0.059,Recommended
26,hair wraps,538,9119,0.059,Recommended
26,sewing kits,531,9119,0.05823,Recommended
26,artificial christmas garlands,527,9119,0.05779,Recommended
26,"badges for wear, not of precious metal",512,9119,0.05615,Recommended
26,tresses of hair,509,9119,0.05582,Recommended
26,needles,491,9119,0.05384,Recommended
26,artificial flowers of plastics,486,9119,0.0533,Recommended
26,hair curl clips,485,9119,0.05319,Recommended
26,embroidered badges,483,9119,0.05297,Recommended
26,brooches for clothing,481,9119,0.05275,Recommended
26,artificial christmas wreaths,474,9119,0.05198,Recommended
26,hair netting,464,9119,0.05088,Recommended
26,artificial flower arrangements,456,9119,0.05001,Recommended
26,hairpieces,454,9119,0.04979,Recommended
26,ribbons,451,9119,0.04946,Recommended
26,buckles [clothing accessories],450,9119,0.04935,Recommended
26,elastic ribbons,445,9119,0.0488,Recommended
26,ornaments (hair -),441,9119,0.04836,Recommended
26,ponytail holders and hair ribbons,437,9119,0.04792,Recommended
26,hair (plaited -),435,9119,0.0477,Recommended
26,ornaments for the hair,424,9119,0.0465,Recommended
26,artificial flower wreaths,421,9119,0.04617,Recommended
26,hair ornaments in the nature of hair wraps,417,9119,0.04573,Recommended
26,"accessories for apparel, sewing articles and decorative textile articles",412,9119,0.04518,Recommended
26,bouquets of artificial flowers,411,9119,0.04507,Recommended
26,artificial flowers of textile,402,9119,0.04408,Recommended
26,artificial wreaths,400,9119,0.04386,Recommended
26,bands for the hair,399,9119,0.04375,Recommended
26,"buttons, hooks and eyes, pins and needles",399,9119,0.04375,Recommended
26,snap clips [hair accessories],398,9119,0.04365,Recommended
26,lace trimmings,396,9119,0.04343,Recommended
26,ornamental novelty badges,391,9119,0.04288,Recommended
26,synthetic hairpieces,391,9119,0.04288,Recommended
26,belt clasps,385,9119,0.04222,Recommended
26,sewing boxes,385,9119,0.04222,Recommended
26,artificial foliage,382,9119,0.04189,Recommended
26,bands (hair -),380,9119,0.04167,Recommended
26,hairbands,380,9119,0.04167,Recommended
26,false moustaches,378,9119,0.04145,Recommended
26,silk flowers,370,9119,0.04057,Recommended
26,plaits of hair,366,9119,0.04014,Recommended
26,"artificial fruit, flowers and vegetables",363,9119,0.03981,Some use this
26,scrunchies,362,9119,0.0397,Some use this
26,sewing needles,362,9119,0.0397,Some use this
26,feathers [clothing accessories],360,9119,0.03948,Some use this
26,button badges,351,9119,0.03849,Some use this
26,rubber bands for hair,350,9119,0.03838,Some use this
26,decorative ribbons,349,9119,0.03827,Some use this
26,artificial christmas garlands incorporating lights,342,9119,0.0375,Some use this
26,artificial flowers of paper,342,9119,0.0375,Some use this
26,bobby pins,342,9119,0.0375,Some use this
26,hair (tresses of -),342,9119,0.0375,Some use this
26,artificial garlands and wreaths,338,9119,0.03707,Some use this
26,pins for the hair,335,9119,0.03674,Some use this
26,hair colouring caps,334,9119,0.03663,Some use this
26,hair (false -),332,9119,0.03641,Some use this
26,twisters [hair accessories],332,9119,0.03641,Some use this
26,barrettes,330,9119,0.03619,Some use this
26,hair coloring caps,330,9119,0.03619,Some use this
26,toupees [false hair],328,9119,0.03597,Some use this
26,belt buckles,327,9119,0.03586,Some use this
26,lace,327,9119,0.03586,Some use this
26,fastenings for clothing,326,9119,0.03575,Some use this
26,wigs for wear,324,9119,0.03553,Some use this
26,hat trimmings,320,9119,0.03509,Some use this
26,knitting needles,312,9119,0.03421,Some use this
26,artificial corsages,308,9119,0.03378,Some use this
26,crochet hooks,307,9119,0.03367,Some use this
26,artificial christmas wreaths incorporating lights,299,9119,0.03279,Some use this
26,lace for edgings,298,9119,0.03268,Some use this
26,cloth patches for clothing,296,9119,0.03246,Some use this
26,zippers,293,9119,0.03213,Some use this
26,"ribbons and bows, not of paper, for gift wrapping",290,9119,0.0318,Some use this
26,silk ribbons,290,9119,0.0318,Some use this
26,sewing thimbles,287,9119,0.03147,Some use this
26,sticks for use in styling the hair,286,9119,0.03136,Some use this
26,elasticated hair bands,284,9119,0.03114,Some use this
26,flowers (artificial -),281,9119,0.03081,Some use this
26,hair ribbons for japanese hair styling (tegara),281,9119,0.03081,Some use this
26,embroidered patches for clothing,280,9119,0.03071,Some use this
26,shoe trimmings,280,9119,0.03071,Some use this
26,hair pins and grips,277,9119,0.03038,Some use this
26,shoe buckles,277,9119,0.03038,Some use this
26,artificial bonsai,275,9119,0.03016,Some use this
26,electric hair curlers,272,9119,0.02983,Some use this
26,beads for handicraft work,271,9119,0.02972,Some use this
26,elasticated hair ribbons,271,9119,0.02972,Some use this
26,patches for clothing,271,9119,0.02972,Some use this
26,hair curling papers,269,9119,0.0295,Some use this
26,zip fasteners,268,9119,0.02939,Some use this
26,clown wigs,267,9119,0.02928,Some use this
26,hair ornaments in the form of combs,265,9119,0.02906,Some use this
26,clothing buckles,263,9119,0.02884,Some use this
26,hat ornaments,262,9119,0.02873,Some use this
26,nets (hair -),262,9119,0.02873,Some use this
26,safety pins,262,9119,0.02873,Some use this
26,artificial vegetables,259,9119,0.0284,Some use this
26,embroidered patches,256,9119,0.02807,Some use this
26,lanyards for wear,255,9119,0.02796,Some use this
26,false hair for japanese hair styling (kamoji),254,9119,0.02785,Some use this
26,haberdashery,254,9119,0.02785,Some use this
26,pins,252,9119,0.02763,Some use this
26,tape for fixing wigs,251,9119,0.02752,Some use this
26,clam clips for hair,250,9119,0.02742,Some use this
26,crochet needles,247,9119,0.02709,Some use this
26,embroidery needles,246,9119,0.02698,Some use this
26,haberdashery ribbons,245,9119,0.02687,Some use this
26,buckles for clothing,243,9119,0.02665,Some use this
26,"lace, braid and embroidery, and haberdashery ribbons and bows",237,9119,0.02599,Some use this
26,embroidery for garments,235,9119,0.02577,Some use this
26,ornamental novelty badges [buttons],234,9119,0.02566,Some use this
26,edgings for clothing,233,9119,0.02555,Some use this
26,buckles for clothing [clothing buckles],226,9119,0.02478,Some use this
26,laces for footwear,224,9119,0.02456,Some use this
26,hooks [haberdashery],223,9119,0.02445,Some use this
26,spangles for clothing,223,9119,0.02445,Some use this
26,artificial topiaries,220,9119,0.02413,Some use this
26,bows for clothing,220,9119,0.02413,Some use this
26,oriental hair pins,218,9119,0.02391,Some use this
26,outdoor artificial foliage,218,9119,0.02391,Some use this
26,hair tassel strings for japanese hair styling (motoyui),216,9119,0.02369,Some use this
26,false hairpieces,215,9119,0.02358,Some use this
26,shoe fasteners,215,9119,0.02358,Some use this
26,heat adhesive patches for repairing textile articles,214,9119,0.02347,Some use this
26,appliqués [haberdashery],210,9119,0.02303,Some use this
26,arm bands [clothing accessories],210,9119,0.02303,Some use this
26,frills for clothing,210,9119,0.02303,Some use this
26,cords for clothing,207,9119,0.0227,Some use this
26,decorative charms for cellular phones,206,9119,0.02259,Some use this
26,grips for the hair,205,9119,0.02248,Some use this
26,tassels,205,9119,0.02248,Some use this
26,embroidered emblems,203,9119,0.02226,Some use this
26,ornamental hair pins for japanese hair styling (kogai),202,9119,0.02215,Some use this
26,shoulder pads for clothing,202,9119,0.02215,Some use this
26,"lace and embroidery, ribbons and braid",199,9119,0.02182,Some use this
26,ornamental cloth patches,199,9119,0.02182,Some use this
26,hair tassel ornaments for japanese hair styling (negake),198,9119,0.02171,Some use this
26,ribbons for gift wrapping,195,9119,0.02138,Some use this
26,boxes for needles,194,9119,0.02127,Some use this
26,barrettes [hair-slides],193,9119,0.02116,Some use this
26,bridal headpieces in the nature of ornamental hair combs,192,9119,0.02105,Some use this
26,garlands (artificial -),190,9119,0.02084,Some use this
26,electric hair rollers,188,9119,0.02062,Some use this
26,novelty buttons [badges] for wear,186,9119,0.0204,Some use this
26,badges,185,9119,0.02029,Some use this
26,ponytail holders,185,9119,0.02029,Some use this
26,ribbons of textile materials,183,9119,0.02007,Some use this
26,non-electric hair curlers,182,9119,0.01996,Some use this
26,pin cushions,182,9119,0.01996,Some use this
26,prize ribbons,180,9119,0.01974,Some use this
26,sequins,180,9119,0.01974,Some use this
26,shirt buttons,180,9119,0.01974,Some use this
26,buttons for clothing,179,9119,0.01963,Some use this
26,hand-knitting needles,179,9119,0.01963,Some use this
26,hooks and eyes,179,9119,0.01963,Some use this
26,non-electric hair rollers,178,9119,0.01952,Some use this
26,indoor artificial foliage,176,9119,0.0193,Some use this
26,snap fasteners,176,9119,0.0193,Some use this
26,embroidery laces,175,9119,0.01919,Some use this
26,needle cushions,175,9119,0.01919,Some use this
26,fancy goods [embroidery],174,9119,0.01908,Some use this
26,foam hair rollers,174,9119,0.01908,Some use this
26,brassards,173,9119,0.01897,Some use this
26,haberdashery bows,173,9119,0.01897,Some use this
26,top-knots [pompoms],173,9119,0.01897,Some use this
26,elastic for tying hair,170,9119,0.01864,Some use this
26,ornamental ribbons made of textiles,170,9119,0.01864,Some use this
26,belt buckles [clothing accessories],168,9119,0.01842,Some use this
26,hair accessories,168,9119,0.01842,Some use this
26,hatbands,168,9119,0.01842,Some use this
26,fabric appliques,166,9119,0.0182,Some use this
26,decorative charms for eyewear,165,9119,0.01809,Some use this
26,needle-threaders,163,9119,0.01787,Some use this
26,birds' feathers [clothing accessories],162,9119,0.01777,Some use this
26,fibres for use as replacement hair,162,9119,0.01777,Some use this
26,hair grips [slides],162,9119,0.01777,Some use this
26,artificial bonsai trees,161,9119,0.01766,Some use this
26,needle cases,160,9119,0.01755,Some use this
26,fabric appliques [haberdashery],159,9119,0.01744,Some use this
26,sewing baskets,159,9119,0.01744,Some use this
26,tassels [haberdashery],159,9119,0.01744,Some use this
26,cross stitch kits,158,9119,0.01733,Some use this
26,festoons [embroidery],158,9119,0.01733,Some use this
26,hairnets,154,9119,0.01689,Some use this
26,fringes,152,9119,0.01667,Some use this
26,lingerie tapes,152,9119,0.01667,Some use this
26,ostrich feathers [clothing accessories],151,9119,0.01656,Some use this
26,waving pins for the hair,151,9119,0.01656,Some use this
26,hat bands,149,9119,0.01634,Some use this
26,textile ribbons for gift wrapping,149,9119,0.01634,Some use this
26,heat adhesive patches for decoration of textile articles [haberdashery],147,9119,0.01612,Some use this
26,silver embroidery,146,9119,0.01601,Some use this
26,ribbons for wrapping,145,9119,0.0159,Some use this
26,"shoe ornaments, not of precious metal",145,9119,0.0159,Some use this
26,breast lift tapes,144,9119,0.01579,Some use this
26,expanding bands for holding sleeves,144,9119,0.01579,Some use this
26,ornamental bows of textile for decoration,144,9119,0.01579,Some use this
26,slide fasteners,143,9119,0.01568,Some use this
26,badges [buttons] (ornamental novelty -),142,9119,0.01557,Some use this
26,ribbons [haberdashery],142,9119,0.01557,Some use this
26,velvet ribbons,142,9119,0.01557,Some use this
26,artificial blossoms for attachment to clothing,141,9119,0.01546,Some use this
26,"charms [not jewellery or for keys, rings or chains]",141,9119,0.01546,Some use this
26,gold embroidery,141,9119,0.01546,Some use this
26,bobbins for retaining embroidery floss or wool [not parts of machines],140,9119,0.01535,Some use this
26,trouser clips for cyclists,140,9119,0.01535,Some use this
26,clips for clothing,139,9119,0.01524,Some use this
26,hair frosting caps,139,9119,0.01524,Some use this
26,hairpieces for japanese hair styling (kamishin),139,9119,0.01524,Some use this
26,clothing (fastenings for -),138,9119,0.01513,Some use this
26,laces for shoes,138,9119,0.01513,Some use this
26,ornamental novelty buttons,137,9119,0.01502,Some use this
26,heat adhesive patches,136,9119,0.01491,Some use this
26,rosettes [haberdashery],136,9119,0.01491,Some use this
26,shoe eyelets,136,9119,0.01491,Some use this
26,braid,135,9119,0.0148,Some use this
26,embroidering crochet hooks,135,9119,0.0148,Some use this
26,fruit (artificial -),135,9119,0.0148,Some use this
26,feathers for ornamentation,134,9119,0.01469,Some use this
26,zippers for bags,133,9119,0.01458,Some use this
26,collar supports,132,9119,0.01448,Some use this
26,toupee tape for affixing a toupee to the head,132,9119,0.01448,Some use this
26,"haberdashery [dressmakers' articles], except thread",129,9119,0.01415,Some use this
26,ribbons of textile for packaging and for wrapping,129,9119,0.01415,Some use this
26,tabodome [hair pins for fixing back-hairpieces for use in japanese hair styling],128,9119,0.01404,Some use this
26,knitting kits,127,9119,0.01393,Some use this
26,patches for repairing textile articles,126,9119,0.01382,Some use this
26,scarf clips not being jewelry,126,9119,0.01382,Some use this
26,corset busks,124,9119,0.0136,Some use this
26,darning needles,124,9119,0.0136,Some use this
26,eyelets for clothing,123,9119,0.01349,Some use this
26,hairpieces for japanese hair styling [kamishin],123,9119,0.01349,Some use this
26,pre-lit artificial christmas wreaths,123,9119,0.01349,Some use this
26,hook and pile fastening tapes,122,9119,0.01338,Some use this
26,novelty buttons,122,9119,0.01338,Some use this
26,sewing machine needles,122,9119,0.01338,Some use this
26,textile bows for gift wrapping,122,9119,0.01338,Some use this
26,badges for wear,121,9119,0.01327,Some use this
27,yoga mats,1867,6268,0.29786,Most use this
27,carpets,1809,6268,0.28861,Most use this
27,rugs,1795,6268,0.28638,Most use this
27,mats,1793,6268,0.28606,Most use this
27,bath mats,1594,6268,0.25431,Most use this
27,door mats,1568,6268,0.25016,Most use this
27,non-slip mats,1363,6268,0.21745,Most use this
27,floor coverings,1352,6268,0.2157,Most use this
27,wallpaper,1344,6268,0.21442,Most use this
27,floor mats,1320,6268,0.21059,Most use this
27,"carpets, rugs and mats",1149,6268,0.18331,Most use this
27,gymnastic mats,1047,6268,0.16704,Most use this
27,carpet underlay,803,6268,0.12811,Most use this
27,area rugs,747,6268,0.11918,Recommended
27,rubber mats,703,6268,0.11216,Recommended
27,bathroom rugs,699,6268,0.11152,Recommended
27,bathroom mats,696,6268,0.11104,Recommended
27,"wall hangings, not of textile",690,6268,0.11008,Recommended
27,beach mats,676,6268,0.10785,Recommended
27,rugs [mats],676,6268,0.10785,Recommended
27,vinyl floor coverings,671,6268,0.10705,Recommended
27,gymnasium exercise mats,660,6268,0.1053,Recommended
27,gymnasium mats,650,6268,0.1037,Recommended
27,pet feeding mats,634,6268,0.10115,Recommended
27,textile wallpaper,634,6268,0.10115,Recommended
27,personal exercise mats,625,6268,0.09971,Recommended
27,carpeting,618,6268,0.0986,Recommended
27,artificial turf,608,6268,0.097,Recommended
27,carpets for automobiles,587,6268,0.09365,Recommended
27,non-slip mats for baths,577,6268,0.09205,Recommended
27,carpet tiles,572,6268,0.09126,Recommended
27,rugs (floor -),558,6268,0.08902,Recommended
27,play mats,544,6268,0.08679,Recommended
27,fur rugs,514,6268,0.082,Recommended
27,automobile carpets,511,6268,0.08153,Recommended
27,reed mats,495,6268,0.07897,Recommended
27,door mats of textile,493,6268,0.07865,Recommended
27,non-slip mats for showers,489,6268,0.07802,Recommended
27,tatami mats,486,6268,0.07754,Recommended
27,textile bath mats,476,6268,0.07594,Recommended
27,fabric bath mats,459,6268,0.07323,Recommended
27,car mats,444,6268,0.07084,Recommended
27,personal sitting mats,443,6268,0.07068,Recommended
27,textile floor mats for use in the home,442,6268,0.07052,Recommended
27,carpet runners,440,6268,0.0702,Recommended
27,wall hangings (non-textile),435,6268,0.0694,Recommended
27,vehicle mats and carpets,430,6268,0.0686,Recommended
27,carpets [textile],426,6268,0.06796,Recommended
27,runners [mats],418,6268,0.06669,Recommended
27,rugs (door -),403,6268,0.06429,Recommended
27,textile wallcoverings,399,6268,0.06366,Recommended
27,floor mats for automobiles,396,6268,0.06318,Recommended
27,floor mats for vehicles,392,6268,0.06254,Recommended
27,prayer rugs,385,6268,0.06142,Recommended
27,linoleum,384,6268,0.06126,Recommended
27,carpet tiles for covering floors,378,6268,0.06031,Recommended
27,rugs for animals,375,6268,0.05983,Recommended
27,wallpapers,369,6268,0.05887,Recommended
27,underlays for rugs,368,6268,0.05871,Recommended
27,baby crawling mats,363,6268,0.05791,Recommended
27,"decorative wall hangings, not of textile",361,6268,0.05759,Recommended
27,wall coverings,357,6268,0.05696,Recommended
27,chair mats [under-chair floor protector],354,6268,0.05648,Recommended
27,wall and ceiling coverings,349,6268,0.05568,Recommended
27,"floor mats, fire-resistant, for fireplaces and barbecues",348,6268,0.05552,Recommended
27,carpet underlays,346,6268,0.0552,Recommended
27,carpet tiles made of textiles,342,6268,0.05456,Recommended
27,rubber bath mats,342,6268,0.05456,Recommended
27,matting,336,6268,0.05361,Recommended
27,underlay for carpets,336,6268,0.05361,Recommended
27,wrestling mats,335,6268,0.05345,Recommended
27,floor tiles made of carpet,332,6268,0.05297,Recommended
27,plastic bath mats,326,6268,0.05201,Recommended
27,puzzle mats [floor coverings],323,6268,0.05153,Recommended
27,bathroom tiles [carpet],318,6268,0.05073,Recommended
27,cork mats,318,6268,0.05073,Recommended
27,vehicles mats and carpets,318,6268,0.05073,Recommended
27,protective floor coverings,317,6268,0.05057,Recommended
27,tiles (carpet -),311,6268,0.04962,Recommended
27,wall paper,306,6268,0.04882,Recommended
27,floor mats of cork,303,6268,0.04834,Recommended
27,anti-slip material for use under rugs,302,6268,0.04818,Recommended
27,vehicle carpets,297,6268,0.04738,Recommended
27,straw mats,296,6268,0.04722,Recommended
27,floor coverings and artificial ground coverings,292,6268,0.04659,Recommended
27,linoleum tiles [floor coverings],291,6268,0.04643,Recommended
27,carpet padding,276,6268,0.04403,Recommended
27,paper floor mats,272,6268,0.0434,Recommended
27,non-slip underlays,271,6268,0.04324,Recommended
27,underlays for carpeting,271,6268,0.04324,Recommended
27,cloth wall coverings,270,6268,0.04308,Recommended
27,carpet backing,269,6268,0.04292,Recommended
27,oriental non-woven rugs (mosen),269,6268,0.04292,Recommended
27,mats of woven rope for ski slopes,264,6268,0.04212,Recommended
27,carpet tile backing,259,6268,0.04132,Recommended
27,carpet inlays,253,6268,0.04036,Recommended
27,paper bath mats,249,6268,0.03973,Some use this
27,carpet tiles made of rubber,247,6268,0.03941,Some use this
27,fabric wall coverings,246,6268,0.03925,Some use this
27,moquettes [carpets],245,6268,0.03909,Some use this
27,carpet tiles made of plastics,243,6268,0.03877,Some use this
27,wooden door mats,243,6268,0.03877,Some use this
27,diatomite bath mats,238,6268,0.03797,Some use this
27,vinyl floor coverings for existing floors,235,6268,0.03749,Some use this
27,floor coverings [mats] for use in sporting activities,232,6268,0.03701,Some use this
27,hand made woollen carpets,232,6268,0.03701,Some use this
27,vinyl wall coverings,230,6268,0.03669,Some use this
27,wallcoverings,229,6268,0.03653,Some use this
27,door mats of india rubber,226,6268,0.03606,Some use this
27,wallpaper borders,226,6268,0.03606,Some use this
27,non-slip floor mats for use under apparatus,225,6268,0.0359,Some use this
27,underlay for mats,220,6268,0.0351,Some use this
27,artificial grass,217,6268,0.03462,Some use this
27,non-textile wall hangings,214,6268,0.03414,Some use this
27,showermats,213,6268,0.03398,Some use this
27,textile wall coverings,213,6268,0.03398,Some use this
27,wallpaper with 3d visual effects,213,6268,0.03398,Some use this
27,foam mats for use on play area surfaces,212,6268,0.03382,Some use this
27,artificial lawn,211,6268,0.03366,Some use this
27,japanese rice straw mats (tatami mats),211,6268,0.03366,Some use this
27,anti-slip material for use under carpets,209,6268,0.03334,Some use this
27,floors coverings of rubber,207,6268,0.03302,Some use this
27,wall coverings of paper,207,6268,0.03302,Some use this
27,horse stall floor mats,202,6268,0.03223,Some use this
27,non-textile wallpaper,201,6268,0.03207,Some use this
27,wall coverings of textile,201,6268,0.03207,Some use this
27,anti-slip floor coverings for use on staircases,199,6268,0.03175,Some use this
27,vinyl wallpaper,198,6268,0.03159,Some use this
27,coverings for existing floors,195,6268,0.03111,Some use this
27,coverings (floor -),193,6268,0.03079,Some use this
27,floor coverings [for existing floors],193,6268,0.03079,Some use this
27,artificial ground coverings,188,6268,0.02999,Some use this
27,linoleum tiles,188,6268,0.02999,Some use this
27,plastic wall coverings,186,6268,0.02967,Some use this
27,floor coverings [mats] for use in gymnastic activities,181,6268,0.02888,Some use this
27,carpeting for vehicles,179,6268,0.02856,Some use this
27,mushiro straw mats,178,6268,0.0284,Some use this
27,plastic wallpaper,178,6268,0.0284,Some use this
27,wallpaper with a textile covering,178,6268,0.0284,Some use this
27,primary carpet backing,177,6268,0.02824,Some use this
27,carpet underlining,175,6268,0.02792,Some use this
27,insulating wallpaper,169,6268,0.02696,Some use this
27,wallpaper in the nature of roomsize decorative adhesive wall coverings,168,6268,0.0268,Some use this
27,goza rush mats,159,6268,0.02537,Some use this
27,non-textile wall coverings,159,6268,0.02537,Some use this
27,"floor mats, fire resistant, for fireplaces and barbecues",158,6268,0.02521,Some use this
27,linoleum for use on floors,155,6268,0.02473,Some use this
27,mural hangings [non-textile],152,6268,0.02425,Some use this
27,cork tiles,148,6268,0.02361,Some use this
27,floor coverings [mats] being sheet materials for use in sporting activities,148,6268,0.02361,Some use this
27,wall paper of vinyl,148,6268,0.02361,Some use this
27,floor tiles made of cork,147,6268,0.02345,Some use this
27,hard surface coverings for floors,142,6268,0.02265,Some use this
27,straw mats [mushiro],141,6268,0.0225,Some use this
27,textile lined wallpaper,141,6268,0.0225,Some use this
27,linoleum for covering existing floors,137,6268,0.02186,Some use this
27,prayer mats,136,6268,0.0217,Some use this
27,decorative slip-resistant floor coverings in sheet form,133,6268,0.02122,Some use this
27,disposable absorbent floor pads,131,6268,0.0209,Some use this
27,matting [for covering existing floors],131,6268,0.0209,Some use this
27,anti-slip material for use under floor coverings,129,6268,0.02058,Some use this
27,"tapestry [wall hangings], not of textile",128,6268,0.02042,Some use this
27,wall coverings of plastic,125,6268,0.01994,Some use this
27,wallpaper of cork,125,6268,0.01994,Some use this
27,wallpaper of plastic,123,6268,0.01962,Some use this
27,floor mats of rubber,115,6268,0.01835,Some use this
27,mats for vehicles [not shaped],114,6268,0.01819,Some use this
27,wall hangings [non-textile],113,6268,0.01803,Some use this
27,wall coverings of cork,112,6268,0.01787,Some use this
27,tiles made of linoleum for fixing to existing floors,110,6268,0.01755,Some use this
27,interlocking floor runners,109,6268,0.01739,Some use this
27,turf (artificial -),106,6268,0.01691,Some use this
27,floor coverings having insulating properties,104,6268,0.01659,Some use this
27,materials for covering existing floors,101,6268,0.01611,Some use this
27,tiles made of linoleum,101,6268,0.01611,Some use this
27,mats and matting,99,6268,0.01579,Some use this
27,"wall coverings, not of textile",98,6268,0.01563,Some use this
27,grass (artificial -),97,6268,0.01548,Some use this
27,"hangings (wall -), not of textile",96,6268,0.01532,Some use this
27,exercise mats,93,6268,0.01484,Some use this
27,underlayment padding for artificial turf,92,6268,0.01468,Some use this
27,padded coverings for existing floors,87,6268,0.01388,Some use this
27,"tapestry-style wall hangings, not of textile",86,6268,0.01372,Some use this
27,mats of woven rope for creating ski slope surfaces,84,6268,0.0134,Some use this
27,handcrafted non-textile wall hangings,82,6268,0.01308,Some use this
27,artificial turf for laying on the surfaces of recreational areas,79,6268,0.0126,Some use this
27,ceiling coverings made of paper,78,6268,0.01244,Some use this
27,rush mats with floral patterns (hana-mushiro),78,6268,0.01244,Some use this
27,friezes [non-textile wall hangings],76,6268,0.01213,Some use this
27,tiles made of linoleum for fixing to existing walls,73,6268,0.01165,Some use this
27,ski slopes (mats of woven rope for -),71,6268,0.01133,Some use this
27,ceiling paper,70,6268,0.01117,Some use this
27,padded linings for existing floors,70,6268,0.01117,Some use this
27,"wall hangings, not made of textile",64,6268,0.01021,Some use this
27,linoleum and other materials for covering existing floors,61,6268,0.00973,Some use this
27,heel protectors [mats] to prevent scuffing whilst driving the vehicle,60,6268,0.00957,Some use this
27,imitation turf for use in covering surfaces for sports purposes,59,6268,0.00941,Some use this
27,imitation turf for use in covering surfaces for athletics,58,6268,0.00925,Some use this
27,imitation turf for use in covering surfaces for recreational purposes,57,6268,0.00909,Some use this
27,padded coverings for existing ceilings,56,6268,0.00893,Some use this
27,imitation turf for use in covering surfaces for games,53,6268,0.00846,Some use this
27,padded linings for existing walls,51,6268,0.00814,Some use this
27,padded linings for existing ceilings,50,6268,0.00798,Some use this
27,"wallhangings, not of textile",49,6268,0.00782,Some use this
27,floor rugs,44,6268,0.00702,Some use this
27,fencing pistes,43,6268,0.00686,Some use this
27,"carpet underlays, namely, rug grippers",40,6268,0.00638,Some use this
27,linoleum floor coverings,40,6268,0.00638,Some use this
27,"carpets, rugs, mats and matting",38,6268,0.00606,Some use this
27,shower mats,37,6268,0.0059,Some use this
27,carpets and rugs,36,6268,0.00574,Some use this
27,hana-mushiro [rush mats with floral patterns],34,6268,0.00542,Some use this
27,meditation mats,34,6268,0.00542,Some use this
27,textile floor coverings,33,6268,0.00526,Some use this
27,underlay,30,6268,0.00479,Some use this
27,floor tiles,28,6268,0.00447,Some use this
27,wall hangings,26,6268,0.00415,Some use this
27,plastic floor coverings,24,6268,0.00383,Some use this
27,vinyl floor coverings and tiles,24,6268,0.00383,Some use this
27,"rugs, namely, floor runners",23,6268,0.00367,Some use this
27,bathmats,22,6268,0.00351,Some use this
27,floor coverings for existing floors,22,6268,0.00351,Some use this
27,carpet protectors,21,6268,0.00335,Some use this
27,"carpets, rugs, mats",20,6268,0.00319,Some use this
28,toys,9930,48633,0.20418,Most use this
28,board games,6668,48633,0.13711,Most use this
28,plush toys,6407,48633,0.13174,Most use this
28,games,5844,48633,0.12017,Most use this
28,toy vehicles,5133,48633,0.10555,Recommended
28,toys for pets,4689,48633,0.09642,Recommended
28,playing cards,4681,48633,0.09625,Recommended
28,card games,4671,48633,0.09605,Recommended
28,jigsaw puzzles,4608,48633,0.09475,Recommended
28,dolls,4531,48633,0.09317,Recommended
28,stuffed toys,4465,48633,0.09181,Recommended
28,pet toys,4183,48633,0.08601,Recommended
28,educational toys,3730,48633,0.0767,Recommended
28,inflatable toys,3618,48633,0.07439,Recommended
28,gymnastic and sporting articles,3446,48633,0.07086,Recommended
28,toy cars,3174,48633,0.06526,Recommended
28,toy models,3157,48633,0.06491,Recommended
28,soft toys,3152,48633,0.06481,Recommended
28,sports equipment,3068,48633,0.06308,Recommended
28,toy figures,3063,48633,0.06298,Recommended
28,video game apparatus,3005,48633,0.06179,Recommended
28,novelty toys for parties,2975,48633,0.06117,Recommended
28,infant toys,2970,48633,0.06107,Recommended
28,decorations for christmas trees,2906,48633,0.05975,Recommended
28,"toys, games, and playthings",2851,48633,0.05862,Recommended
28,bath toys,2844,48633,0.05848,Recommended
28,children's toys,2821,48633,0.05801,Recommended
28,building blocks [toys],2792,48633,0.05741,Recommended
28,body-building apparatus,2787,48633,0.05731,Recommended
28,balls for games,2781,48633,0.05718,Recommended
28,fishing tackle,2735,48633,0.05624,Recommended
28,toy robots,2723,48633,0.05599,Recommended
28,plastic toys,2644,48633,0.05437,Recommended
28,skateboards,2635,48633,0.05418,Recommended
28,fidget toys,2585,48633,0.05315,Recommended
28,dog toys,2554,48633,0.05252,Recommended
28,puzzles,2546,48633,0.05235,Recommended
28,musical toys,2522,48633,0.05186,Recommended
28,wooden toys,2522,48633,0.05186,Recommended
28,toy figurines,2412,48633,0.0496,Recommended
28,outdoor toys,2411,48633,0.04958,Recommended
28,water toys,2373,48633,0.04879,Recommended
28,toy animals,2359,48633,0.04851,Recommended
28,party games,2356,48633,0.04844,Recommended
28,electronic toys,2355,48633,0.04842,Recommended
28,drones [toys],2350,48633,0.04832,Recommended
28,electronic games,2343,48633,0.04818,Recommended
28,cuddly toys,2338,48633,0.04807,Recommended
28,puzzles [toys],2310,48633,0.0475,Recommended
28,squeeze toys,2292,48633,0.04713,Recommended
28,smart toys,2242,48633,0.0461,Recommended
28,kites,2239,48633,0.04604,Recommended
28,toy dolls,2226,48633,0.04577,Recommended
28,"games, toys and playthings",2219,48633,0.04563,Recommended
28,game cards,2173,48633,0.04468,Recommended
28,party balloons,2172,48633,0.04466,Recommended
28,balloons,2148,48633,0.04417,Recommended
28,bathtub toys,2085,48633,0.04287,Recommended
28,developmental toys,2085,48633,0.04287,Recommended
28,toy scooters,2059,48633,0.04234,Recommended
28,apparatus for games,2041,48633,0.04197,Recommended
28,table-top games,2025,48633,0.04164,Recommended
28,model toys,2008,48633,0.04129,Recommended
28,toy balls,1981,48633,0.04073,Recommended
28,toy playsets,1951,48633,0.04012,Recommended
28,playthings,1949,48633,0.04008,Recommended
28,fluffy toys,1947,48633,0.04003,Recommended
28,drawing toys,1943,48633,0.03995,Some use this
28,action toys,1931,48633,0.03971,Some use this
28,toy furniture,1922,48633,0.03952,Some use this
28,scooters [toys],1904,48633,0.03915,Some use this
28,construction toys,1887,48633,0.0388,Some use this
28,machines for physical exercises,1878,48633,0.03862,Some use this
28,"ornaments for christmas trees, except lights, candles and confectionery",1846,48633,0.03796,Some use this
28,sporting articles and equipment,1832,48633,0.03767,Some use this
28,fabric toys,1810,48633,0.03722,Some use this
28,confetti,1804,48633,0.03709,Some use this
28,christmas tree decorations,1801,48633,0.03703,Some use this
28,toy mobiles,1801,48633,0.03703,Some use this
28,sports games,1771,48633,0.03642,Some use this
28,remote-controlled toy vehicles,1761,48633,0.03621,Some use this
28,windup toys,1721,48633,0.03539,Some use this
28,stuffed and plush toys,1716,48633,0.03528,Some use this
28,mechanical toys,1709,48633,0.03514,Some use this
28,golf gloves,1675,48633,0.03444,Some use this
28,sporting articles,1667,48633,0.03428,Some use this
28,teddy bears,1666,48633,0.03426,Some use this
28,playing cards and card games,1658,48633,0.03409,Some use this
28,sand toys,1658,48633,0.03409,Some use this
28,chess games,1651,48633,0.03395,Some use this
28,talking toys,1651,48633,0.03395,Some use this
28,ride-on toys,1650,48633,0.03393,Some use this
28,cards [games],1638,48633,0.03368,Some use this
28,puppets,1632,48633,0.03356,Some use this
28,toy building blocks,1631,48633,0.03354,Some use this
28,boxing gloves,1629,48633,0.0335,Some use this
28,crib toys,1628,48633,0.03348,Some use this
28,toys for babies,1626,48633,0.03343,Some use this
28,toy balloons,1624,48633,0.03339,Some use this
28,toy blocks,1621,48633,0.03333,Some use this
28,parlor games,1619,48633,0.03329,Some use this
28,"toys, games and playthings for pet animals",1616,48633,0.03323,Some use this
28,intelligent toys,1614,48633,0.03319,Some use this
28,building games,1610,48633,0.03311,Some use this
28,parlour games,1596,48633,0.03282,Some use this
28,sports training apparatus,1591,48633,0.03271,Some use this
28,toys for pet animals,1588,48633,0.03265,Some use this
28,plush stuffed toys,1587,48633,0.03263,Some use this
28,dice games,1579,48633,0.03247,Some use this
28,fitness exercise machines,1577,48633,0.03243,Some use this
28,toy bicycles,1566,48633,0.0322,Some use this
28,golf balls,1558,48633,0.03204,Some use this
28,cloth toys,1548,48633,0.03183,Some use this
28,paper party hats,1537,48633,0.0316,Some use this
28,games and playthings,1527,48633,0.0314,Some use this
28,toy pistols,1525,48633,0.03136,Some use this
28,arcade games,1515,48633,0.03115,Some use this
28,toys and playthings for pets,1504,48633,0.03093,Some use this
28,quiz games,1503,48633,0.0309,Some use this
28,knee guards [sports articles],1488,48633,0.0306,Some use this
28,bendable toys,1486,48633,0.03056,Some use this
28,assembly toys,1475,48633,0.03033,Some use this
28,mobiles [toys],1471,48633,0.03025,Some use this
28,toy tools,1470,48633,0.03023,Some use this
28,carnival masks,1466,48633,0.03014,Some use this
28,video game consoles,1465,48633,0.03012,Some use this
28,stacking toys,1462,48633,0.03006,Some use this
28,toy bakeware and toy cookware,1458,48633,0.02998,Some use this
28,gloves for sports,1454,48633,0.0299,Some use this
28,toys for domestic pets,1447,48633,0.02975,Some use this
28,toys for dogs,1445,48633,0.02971,Some use this
28,gloves for games,1425,48633,0.0293,Some use this
28,toy airplanes,1423,48633,0.02926,Some use this
28,video game machines,1422,48633,0.02924,Some use this
28,toys and playthings for pet animals,1407,48633,0.02893,Some use this
28,sketching toys,1405,48633,0.02889,Some use this
28,toy masks,1385,48633,0.02848,Some use this
28,balls for sports,1383,48633,0.02844,Some use this
28,toy automobiles,1382,48633,0.02842,Some use this
28,stuffed toy animals,1381,48633,0.0284,Some use this
28,toy weapons,1378,48633,0.02833,Some use this
28,inflatable pool toys,1374,48633,0.02825,Some use this
28,stuffed plush toys,1367,48633,0.02811,Some use this
28,wind-up toys,1363,48633,0.02803,Some use this
28,rattles [toys],1360,48633,0.02796,Some use this
28,sports balls,1356,48633,0.02788,Some use this
28,bouncing toys,1352,48633,0.0278,Some use this
28,toys for cats,1349,48633,0.02774,Some use this
28,golf clubs,1333,48633,0.02741,Some use this
28,radio-controlled toys,1327,48633,0.02729,Some use this
28,nets for sports,1317,48633,0.02708,Some use this
28,wheeled toys,1312,48633,0.02698,Some use this
28,costume masks,1309,48633,0.02692,Some use this
28,exercise weights,1309,48633,0.02692,Some use this
28,trading card games,1305,48633,0.02683,Some use this
28,action figures [toys or playthings],1304,48633,0.02681,Some use this
28,toys for animals,1302,48633,0.02677,Some use this
28,"festive decorations, party novelties and artificial christmas trees",1296,48633,0.02665,Some use this
28,golf bags,1290,48633,0.02653,Some use this
28,toy cookware,1290,48633,0.02653,Some use this
28,christmas stockings,1289,48633,0.0265,Some use this
28,action figures,1281,48633,0.02634,Some use this
28,toy guns,1278,48633,0.02628,Some use this
28,noisemakers [toys],1277,48633,0.02626,Some use this
28,push toys,1276,48633,0.02624,Some use this
28,sandbox toys,1272,48633,0.02616,Some use this
28,toy hats,1272,48633,0.02616,Some use this
28,dice,1268,48633,0.02607,Some use this
28,toy jewellery,1268,48633,0.02607,Some use this
28,toy sets,1259,48633,0.02589,Some use this
28,roller skates,1254,48633,0.02578,Some use this
28,elbow guards [sports articles],1244,48633,0.02558,Some use this
28,controllers for game consoles,1242,48633,0.02554,Some use this
28,baby playthings,1238,48633,0.02546,Some use this
28,role playing games,1235,48633,0.02539,Some use this
28,toy boats,1232,48633,0.02533,Some use this
28,novelty toys for playing jokes,1231,48633,0.02531,Some use this
28,rocking toys,1221,48633,0.02511,Some use this
28,game consoles,1213,48633,0.02494,Some use this
28,"toys, games and playthings",1211,48633,0.0249,Some use this
28,yoga straps,1208,48633,0.02484,Some use this
28,toy dogs,1199,48633,0.02465,Some use this
28,darts,1198,48633,0.02463,Some use this
28,plastic character toys,1198,48633,0.02463,Some use this
28,whistles [toys],1198,48633,0.02463,Some use this
28,toy tableware,1196,48633,0.02459,Some use this
28,toy watches,1191,48633,0.02449,Some use this
28,memory games,1190,48633,0.02447,Some use this
28,trading cards for games,1180,48633,0.02426,Some use this
28,articles of clothing for toys,1179,48633,0.02424,Some use this
28,toy cameras,1176,48633,0.02418,Some use this
28,toys for infants,1175,48633,0.02416,Some use this
28,body-training apparatus,1161,48633,0.02387,Some use this
28,indoor fitness apparatus,1156,48633,0.02377,Some use this
28,toy bakeware,1155,48633,0.02375,Some use this
28,exercise bands,1149,48633,0.02363,Some use this
28,toy prams,1146,48633,0.02356,Some use this
28,golf ball markers,1144,48633,0.02352,Some use this
28,exercise balls,1139,48633,0.02342,Some use this
28,christmas tree ornaments,1137,48633,0.02338,Some use this
28,decorations and ornaments for christmas trees,1130,48633,0.02324,Some use this
28,masks [playthings],1130,48633,0.02324,Some use this
28,play mats incorporating infant toys [playthings],1130,48633,0.02324,Some use this
28,pull toys,1129,48633,0.02321,Some use this
28,controllers for toys,1124,48633,0.02311,Some use this
28,arcade video game machines,1123,48633,0.02309,Some use this
28,boards games,1123,48633,0.02309,Some use this
28,footballs,1123,48633,0.02309,Some use this
28,rackets,1120,48633,0.02303,Some use this
28,toy strollers,1120,48633,0.02303,Some use this
28,christmas trees of synthetic material,1117,48633,0.02297,Some use this
28,modular toys,1116,48633,0.02295,Some use this
28,game boards for trading card games,1115,48633,0.02293,Some use this
28,toy guitars,1113,48633,0.02289,Some use this
28,joysticks for video games,1109,48633,0.0228,Some use this
28,toy houses,1109,48633,0.0228,Some use this
28,swimming pools [play articles],1094,48633,0.0225,Some use this
28,stuffed animals [toys],1090,48633,0.02241,Some use this
28,gaming machines,1085,48633,0.02231,Some use this
28,christmas tree decorations and ornaments,1084,48633,0.02229,Some use this
28,toy putty,1077,48633,0.02215,Some use this
28,whistling toys,1077,48633,0.02215,Some use this
28,inflatable ride-on toys,1074,48633,0.02208,Some use this
28,children's playthings,1062,48633,0.02184,Some use this
28,models being toys,1062,48633,0.02184,Some use this
28,toy banks,1060,48633,0.0218,Some use this
28,golf tees,1058,48633,0.02175,Some use this
28,model cars [toys or playthings],1052,48633,0.02163,Some use this
28,scale model kits [toys],1048,48633,0.02155,Some use this
28,play mats for use with toy vehicles [playthings],1046,48633,0.02151,Some use this
28,toy pushchairs,1046,48633,0.02151,Some use this
28,pet toys made of rope,1044,48633,0.02147,Some use this
28,surfboards,1044,48633,0.02147,Some use this
28,toy aircraft,1041,48633,0.02141,Some use this
28,exercise treadmills,1039,48633,0.02136,Some use this
28,christmas tree stands,1038,48633,0.02134,Some use this
28,appliances for gymnastics,1037,48633,0.02132,Some use this
28,artificial christmas trees,1037,48633,0.02132,Some use this
28,inflatable bath toys,1036,48633,0.0213,Some use this
28,portable gaming devices,1034,48633,0.02126,Some use this
28,toy wheelbarrows,1034,48633,0.02126,Some use this
28,action skill games,1033,48633,0.02124,Some use this
28,electric action toys,1033,48633,0.02124,Some use this
28,educational playthings,1028,48633,0.02114,Some use this
28,games consoles,1028,48633,0.02114,Some use this
28,miniature car models [toys or playthings],1027,48633,0.02112,Some use this
28,action figure toys,1020,48633,0.02097,Some use this
28,toy aeroplanes,1013,48633,0.02083,Some use this
28,pet toys containing catnip,1011,48633,0.02079,Some use this
28,toy harmonicas,1009,48633,0.02075,Some use this
28,play tents,1007,48633,0.02071,Some use this
28,dumb-bells,1006,48633,0.02069,Some use this
28,candle holders for christmas trees,1002,48633,0.0206,Some use this
28,smart plush toys,1002,48633,0.0206,Some use this
28,toy xylophones,1001,48633,0.02058,Some use this
28,trampolines,997,48633,0.0205,Some use this
28,electronic board games,995,48633,0.02046,Some use this
28,plush dolls,990,48633,0.02036,Some use this
28,clockwork toys,989,48633,0.02034,Some use this
28,gaming machines for gambling,988,48633,0.02032,Some use this
28,playing balls,988,48633,0.02032,Some use this
28,battery-operated action toys,982,48633,0.02019,Some use this
28,punching toys,980,48633,0.02015,Some use this
28,toys in the form of puzzles,975,48633,0.02005,Some use this
28,scale model vehicles,970,48633,0.01995,Some use this
28,plastic models being toys,968,48633,0.0199,Some use this
28,"ornaments for christmas trees, except illumination articles and confectionery",955,48633,0.01964,Some use this
28,bells for christmas trees,954,48633,0.01962,Some use this
28,christmas crackers,949,48633,0.01951,Some use this
28,collectable toy figures,949,48633,0.01951,Some use this
28,plastic toys for use in the bath,948,48633,0.01949,Some use this
28,electronic learning toys,942,48633,0.01937,Some use this
28,masks (toy -),941,48633,0.01935,Some use this
28,music box toys,941,48633,0.01935,Some use this
28,toy food,938,48633,0.01929,Some use this
28,dolls' clothes,936,48633,0.01925,Some use this
28,gym balls,936,48633,0.01925,Some use this
28,flying discs [toys],930,48633,0.01912,Some use this
28,toy glockenspiels,928,48633,0.01908,Some use this
28,toy tents,927,48633,0.01906,Some use this
28,stationary exercise bicycles,925,48633,0.01902,Some use this
28,remote control toys,923,48633,0.01898,Some use this
28,computer game consoles,918,48633,0.01888,Some use this
28,role play games,915,48633,0.01881,Some use this
28,clothing for toy figures,913,48633,0.01877,Some use this
28,toy birds,910,48633,0.01871,Some use this
28,rods for fishing,908,48633,0.01867,Some use this
28,toy imitation cosmetics,908,48633,0.01867,Some use this
28,hand-held consoles for playing video games,905,48633,0.01861,Some use this
28,ring games,905,48633,0.01861,Some use this
28,sport balls,903,48633,0.01857,Some use this
28,doll accessories,899,48633,0.01849,Some use this
28,skis,896,48633,0.01842,Some use this
28,baby gyms,894,48633,0.01838,Some use this
28,toy binoculars,894,48633,0.01838,Some use this
28,toy flowers,894,48633,0.01838,Some use this
28,toy trucks,889,48633,0.01828,Some use this
28,children's multiple activity toys,888,48633,0.01826,Some use this
28,football equipment,887,48633,0.01824,Some use this
29,meat extracts,3739,18019,0.2075,Most use this
29,eggs,3316,18019,0.18403,Most use this
29,edible oils and fats,2941,18019,0.16322,Most use this
29,"meat, fish, poultry and game",2654,18019,0.14729,Most use this
29,"jellies, jams, compotes",2306,18019,0.12798,Most use this
29,"preserved, frozen, dried and cooked fruits and vegetables",2175,18019,0.12071,Most use this
29,meat,2134,18019,0.11843,Recommended
29,cheese,2009,18019,0.11149,Recommended
29,soups,1829,18019,0.1015,Recommended
29,milk,1774,18019,0.09845,Recommended
29,jams,1572,18019,0.08724,Recommended
29,milk products,1497,18019,0.08308,Recommended
29,pickles,1467,18019,0.08141,Recommended
29,oils and fats for food,1448,18019,0.08036,Recommended
29,butter,1420,18019,0.07881,Recommended
29,fruit-based snack food,1391,18019,0.0772,Recommended
29,dairy products,1202,18019,0.06671,Recommended
29,fish,1112,18019,0.06171,Recommended
29,potato crisps,1109,18019,0.06155,Recommended
29,meat and meat products,1077,18019,0.05977,Recommended
29,yoghurt,1070,18019,0.05938,Recommended
29,milk and milk products,1051,18019,0.05833,Recommended
29,sausages,1007,18019,0.05589,Recommended
29,poultry,979,18019,0.05433,Recommended
29,nut-based snack foods,976,18019,0.05417,Recommended
29,fruit salads,946,18019,0.0525,Recommended
29,potato chips,931,18019,0.05167,Recommended
29,jellies,928,18019,0.0515,Recommended
29,meat substitutes,926,18019,0.05139,Recommended
29,dairy products and dairy substitutes,908,18019,0.05039,Recommended
29,burgers,906,18019,0.05028,Recommended
29,compotes,905,18019,0.05022,Recommended
29,fruit desserts,890,18019,0.04939,Recommended
29,"preserved, dried and cooked fruits and vegetables",877,18019,0.04867,Recommended
29,vegetable-based snack foods,874,18019,0.0485,Recommended
29,fruit snacks,871,18019,0.04834,Recommended
29,dried fruit,865,18019,0.048,Recommended
29,frozen fruits,848,18019,0.04706,Recommended
29,milk substitutes,846,18019,0.04695,Recommended
29,meat burgers,827,18019,0.0459,Recommended
29,frozen vegetables,817,18019,0.04534,Recommended
29,chicken,805,18019,0.04468,Recommended
29,milk shakes,792,18019,0.04395,Recommended
29,tofu,773,18019,0.0429,Recommended
29,prepared nuts,756,18019,0.04196,Recommended
29,processed nuts,749,18019,0.04157,Recommended
29,vegetable-based snack food,747,18019,0.04146,Recommended
29,coconut milk,746,18019,0.0414,Recommended
29,crisps,742,18019,0.04118,Recommended
29,peanut butter,742,18019,0.04118,Recommended
29,meat-based snack foods,729,18019,0.04046,Recommended
29,milkshakes,727,18019,0.04035,Recommended
29,dried fruits,716,18019,0.03974,Some use this
29,frozen meat,707,18019,0.03924,Some use this
29,milk beverages,702,18019,0.03896,Some use this
29,soya milk,694,18019,0.03851,Some use this
29,"nuts, prepared",692,18019,0.0384,Some use this
29,chicken burgers,686,18019,0.03807,Some use this
29,meat-based snack food,680,18019,0.03774,Some use this
29,oils for food,675,18019,0.03746,Some use this
29,potato-based snack foods,666,18019,0.03696,Some use this
29,vegetable burgers,666,18019,0.03696,Some use this
29,potato snacks,665,18019,0.03691,Some use this
29,nut and seed-based snack bars,662,18019,0.03674,Some use this
29,olive oil,661,18019,0.03668,Some use this
29,"vegetables, dried",658,18019,0.03652,Some use this
29,edible oils,655,18019,0.03635,Some use this
29,"milk, cheese, butter, yogurt and other milk products",652,18019,0.03618,Some use this
29,"eggs, milk and milk products",650,18019,0.03607,Some use this
29,dried vegetables,648,18019,0.03596,Some use this
29,beef,647,18019,0.03591,Some use this
29,cheese-based snack foods,645,18019,0.0358,Some use this
29,vegetable salads,645,18019,0.0358,Some use this
29,dairy desserts,640,18019,0.03552,Some use this
29,"jellies, jams, compotes, fruit and vegetable spreads",640,18019,0.03552,Some use this
29,prepared salads,640,18019,0.03552,Some use this
29,"processed fruits, fungi, vegetables, nuts and pulses",640,18019,0.03552,Some use this
29,dried fruit-based snacks,636,18019,0.0353,Some use this
29,protein milk,635,18019,0.03524,Some use this
29,"vegetables, cooked",625,18019,0.03469,Some use this
29,cooked meat,624,18019,0.03463,Some use this
29,frozen meat products,621,18019,0.03446,Some use this
29,dried meat,620,18019,0.03441,Some use this
29,oat milk,619,18019,0.03435,Some use this
29,edible nuts,616,18019,0.03419,Some use this
29,milk drinks,616,18019,0.03419,Some use this
29,cheese products,614,18019,0.03408,Some use this
29,dips,614,18019,0.03408,Some use this
29,jellies for food,614,18019,0.03408,Some use this
29,snack food (fruit-based -),614,18019,0.03408,Some use this
29,roasted nuts,610,18019,0.03385,Some use this
29,cooked meat dishes,607,18019,0.03369,Some use this
29,fresh meat,607,18019,0.03369,Some use this
29,almond milk,598,18019,0.03319,Some use this
29,dried nuts,597,18019,0.03313,Some use this
29,fruit chips,596,18019,0.03308,Some use this
29,processed meat products,589,18019,0.03269,Some use this
29,snack foods based on nuts,588,18019,0.03263,Some use this
29,preserved vegetables,587,18019,0.03258,Some use this
29,cooked vegetables,584,18019,0.03241,Some use this
29,prepared meat dishes,582,18019,0.0323,Some use this
29,potato snack foods,581,18019,0.03224,Some use this
29,pork,576,18019,0.03197,Some use this
29,sausage meat,572,18019,0.03174,Some use this
29,edible fats,570,18019,0.03163,Some use this
29,bacon,569,18019,0.03158,Some use this
29,meats,563,18019,0.03124,Some use this
29,fried chicken,562,18019,0.03119,Some use this
29,game,562,18019,0.03119,Some use this
29,yoghurt desserts,560,18019,0.03108,Some use this
29,fruit based snack foods,555,18019,0.0308,Some use this
29,prepared meat,552,18019,0.03063,Some use this
29,prepared meals consisting primarily of meat,550,18019,0.03052,Some use this
29,charcuterie,549,18019,0.03047,Some use this
29,prepared meals,548,18019,0.03041,Some use this
29,flavoured milk drinks,546,18019,0.0303,Some use this
29,"fruit, preserved",543,18019,0.03013,Some use this
29,cooked meats,540,18019,0.02997,Some use this
29,prepared meals consisting primarily of meat substitutes,537,18019,0.0298,Some use this
29,soy-based snack foods,536,18019,0.02975,Some use this
29,fruit- and nut-based snack bars,535,18019,0.02969,Some use this
29,cooked fruits,533,18019,0.02958,Some use this
29,yogurt,526,18019,0.02919,Some use this
29,"milk beverages, milk predominating",522,18019,0.02897,Some use this
29,steaks of meat,522,18019,0.02897,Some use this
29,fish-based snack food,520,18019,0.02886,Some use this
29,cream,517,18019,0.02869,Some use this
29,rice milk,512,18019,0.02841,Some use this
29,processed meat,511,18019,0.02836,Some use this
29,broth,509,18019,0.02825,Some use this
29,pickled vegetables,509,18019,0.02825,Some use this
29,vegetable crisps,509,18019,0.02825,Some use this
29,salted nuts,506,18019,0.02808,Some use this
29,marmalade,505,18019,0.02803,Some use this
29,cooked chicken,503,18019,0.02791,Some use this
29,"vegetables, preserved",501,18019,0.0278,Some use this
29,dried fruit products,500,18019,0.02775,Some use this
29,powdered milk,500,18019,0.02775,Some use this
29,nut-based spreads,498,18019,0.02764,Some use this
29,candied fruit snacks,495,18019,0.02747,Some use this
29,yoghurt drinks,494,18019,0.02742,Some use this
29,fried meat,493,18019,0.02736,Some use this
29,"meat, preserved",493,18019,0.02736,Some use this
29,milk-based snacks,489,18019,0.02714,Some use this
29,prepared meals consisting primarily of vegetables,489,18019,0.02714,Some use this
29,seafood,489,18019,0.02714,Some use this
29,mixtures of fruit and nuts,488,18019,0.02708,Some use this
29,"fish, not live",485,18019,0.02692,Some use this
29,tofu-based snacks,482,18019,0.02675,Some use this
29,meat jellies,481,18019,0.02669,Some use this
29,"meat, frozen",481,18019,0.02669,Some use this
29,sliced meat,476,18019,0.02642,Some use this
29,fish fillets,475,18019,0.02636,Some use this
29,french fries,473,18019,0.02625,Some use this
29,processed vegetables,472,18019,0.02619,Some use this
29,desserts made from milk products,469,18019,0.02603,Some use this
29,snack foods based on vegetables,469,18019,0.02603,Some use this
29,organic nut and seed-based snack bars,465,18019,0.02581,Some use this
29,coconut oil,464,18019,0.02575,Some use this
29,olive oil for food,463,18019,0.0257,Some use this
29,vegetable-based meat substitutes,463,18019,0.0257,Some use this
29,potato crisps in the form of snack foods,460,18019,0.02553,Some use this
29,flavoured nuts,457,18019,0.02536,Some use this
29,cream [dairy products],456,18019,0.02531,Some use this
29,vegetable chips,456,18019,0.02531,Some use this
29,fruit preserves,455,18019,0.02525,Some use this
29,frozen fish,454,18019,0.0252,Some use this
29,chilled dairy desserts,452,18019,0.02508,Some use this
29,chicken nuggets,451,18019,0.02503,Some use this
29,snack mixes consisting of dehydrated fruit and processed nuts,451,18019,0.02503,Some use this
29,frozen meals consisting primarily of meat,449,18019,0.02492,Some use this
29,spiced nuts,447,18019,0.02481,Some use this
29,whey,447,18019,0.02481,Some use this
29,prepared meals made from meat [meat predominating],445,18019,0.0247,Some use this
29,vegetable juices for cooking,444,18019,0.02464,Some use this
29,yoghurts,443,18019,0.02459,Some use this
29,vegetarian sausages,441,18019,0.02447,Some use this
29,salted meats,440,18019,0.02442,Some use this
29,turkey meat,438,18019,0.02431,Some use this
29,yogurt drinks,437,18019,0.02425,Some use this
29,nut-based food bars,435,18019,0.02414,Some use this
29,edible seeds,431,18019,0.02392,Some use this
29,dairy-based beverages,430,18019,0.02386,Some use this
29,fruit jams,429,18019,0.02381,Some use this
29,preserved meat,425,18019,0.02359,Some use this
29,potato fries,424,18019,0.02353,Some use this
29,margarine,423,18019,0.02348,Some use this
29,flavoured milk beverages,422,18019,0.02342,Some use this
29,preparations for making soup,422,18019,0.02342,Some use this
29,dried fruit mixes,421,18019,0.02336,Some use this
29,condensed milk,413,18019,0.02292,Some use this
29,candied nuts,412,18019,0.02286,Some use this
29,prepared vegetable dishes,412,18019,0.02286,Some use this
29,chicken wings,410,18019,0.02275,Some use this
29,raisins,410,18019,0.02275,Some use this
29,prepared meals consisting primarily of fish,409,18019,0.0227,Some use this
29,minced meat,407,18019,0.02259,Some use this
29,"soups and stocks, meat extracts",406,18019,0.02253,Some use this
29,chocolate nut butter,404,18019,0.02242,Some use this
29,preserved fruits,404,18019,0.02242,Some use this
29,cheese spreads,401,18019,0.02225,Some use this
29,milk powder,401,18019,0.02225,Some use this
29,fruit pulp,400,18019,0.0222,Some use this
29,canned meat,392,18019,0.02175,Some use this
29,meat products being in the form of burgers,392,18019,0.02175,Some use this
29,dairy spreads,390,18019,0.02164,Some use this
29,olive oils,378,18019,0.02098,Some use this
29,sesame oil,378,18019,0.02098,Some use this
29,chicken sausages,377,18019,0.02092,Some use this
29,frozen meals consisting primarily of vegetables,377,18019,0.02092,Some use this
29,meat preserves,377,18019,0.02092,Some use this
29,cream cheese,376,18019,0.02087,Some use this
29,salted fish,376,18019,0.02087,Some use this
29,cooking oils,375,18019,0.02081,Some use this
29,canned vegetables,373,18019,0.0207,Some use this
29,formed textured vegetable protein for use as a meat substitute,373,18019,0.0207,Some use this
29,hummus,373,18019,0.0207,Some use this
29,cheeses,372,18019,0.02064,Some use this
29,vegetable soup preparations,371,18019,0.02059,Some use this
29,freeze-dried meat,370,18019,0.02053,Some use this
29,fruit jellies,369,18019,0.02048,Some use this
29,"meat, tinned",369,18019,0.02048,Some use this
29,coconut butter,367,18019,0.02037,Some use this
29,tomato paste,366,18019,0.02031,Some use this
29,cheese substitutes,365,18019,0.02026,Some use this
29,roast meat,365,18019,0.02026,Some use this
29,beans,364,18019,0.0202,Some use this
29,dates,363,18019,0.02015,Some use this
29,dried pulses,362,18019,0.02009,Some use this
29,meat spreads,362,18019,0.02009,Some use this
29,broth concentrates,361,18019,0.02003,Some use this
29,cheese dips,361,18019,0.02003,Some use this
29,cooking oil,361,18019,0.02003,Some use this
29,cured meats,361,18019,0.02003,Some use this
29,peanut milk,361,18019,0.02003,Some use this
29,coconut milk-based beverages,359,18019,0.01992,Some use this
29,falafel,358,18019,0.01987,Some use this
29,chicken pieces,357,18019,0.01981,Some use this
29,chicken salad,357,18019,0.01981,Some use this
29,coconut milk powder,357,18019,0.01981,Some use this
29,seasoned nuts,356,18019,0.01976,Some use this
29,cocoa butter,353,18019,0.01959,Some use this
29,casseroles [food],352,18019,0.01953,Some use this
29,fermented milk,352,18019,0.01953,Some use this
29,fish-based foodstuffs,351,18019,0.01948,Some use this
29,frozen chicken,351,18019,0.01948,Some use this
29,beef steaks,350,18019,0.01942,Some use this
29,ground nuts,350,18019,0.01942,Some use this
29,drinks made from dairy products,349,18019,0.01937,Some use this
29,snack foods based on legumes,349,18019,0.01937,Some use this
29,vegetable fats for food,349,18019,0.01937,Some use this
29,coconut-based snacks,348,18019,0.01931,Some use this
29,ready cooked meals consisting primarily of meat,348,18019,0.01931,Some use this
29,salted meat,348,18019,0.01931,Some use this
29,chilli oil,347,18019,0.01926,Some use this
29,plant-based milk substitutes,347,18019,0.01926,Some use this
29,flavoured milk,344,18019,0.01909,Some use this
29,prepared meals consisting principally of vegetables,344,18019,0.01909,Some use this
29,nut oils,343,18019,0.01904,Some use this
29,preserved nuts,343,18019,0.01904,Some use this
29,canned cooked meat,342,18019,0.01898,Some use this
29,smoked meats,342,18019,0.01898,Some use this
29,vegetable preserves,338,18019,0.01876,Some use this
29,lentils,337,18019,0.0187,Some use this
29,"preserves, pickles",337,18019,0.0187,Some use this
29,veggie burger patties,337,18019,0.0187,Some use this
29,cooked poultry,336,18019,0.01865,Some use this
29,dairy puddings,336,18019,0.01865,Some use this
29,"fish, preserved",336,18019,0.01865,Some use this
29,frozen prepared meals consisting principally of vegetables,336,18019,0.01865,Some use this
29,soup,334,18019,0.01854,Some use this
29,caviar,332,18019,0.01842,Some use this
29,legume-based snacks,332,18019,0.01842,Some use this
29,tinned meat,332,18019,0.01842,Some use this
29,nuts,330,18019,0.01831,Some use this
29,prepared meals consisting primarily of poultry,330,18019,0.01831,Some use this
29,frozen cooked fish,329,18019,0.01826,Some use this
29,fruit peel,329,18019,0.01826,Some use this
29,dried milk,328,18019,0.0182,Some use this
29,whipped cream,327,18019,0.01815,Some use this
29,prepared fruits,326,18019,0.01809,Some use this
29,processed seeds,326,18019,0.01809,Some use this
29,tomato purée,326,18019,0.01809,Some use this
29,fruit spreads,325,18019,0.01804,Some use this
29,snacks of edible seaweed,324,18019,0.01798,Some use this
29,"fish, seafood and molluscs, not live",323,18019,0.01793,Some use this
29,freeze-dried vegetables,323,18019,0.01793,Some use this
29,"fruit, stewed",323,18019,0.01793,Some use this
29,milk-based beverages,323,18019,0.01793,Some use this
29,nut-based meal replacement bars,323,18019,0.01793,Some use this
29,organic milk,322,18019,0.01787,Some use this
29,"seeds, prepared",322,18019,0.01787,Some use this
29,dried edible mushrooms,321,18019,0.01781,Some use this
29,dried fish meat,321,18019,0.01781,Some use this
29,frozen meals consisting primarily of fish,321,18019,0.01781,Some use this
29,"milk, cheese, butter, yoghurt and other milk products",320,18019,0.01776,Some use this
29,"poultry, not live",320,18019,0.01776,Some use this
29,almond milk-based beverages,319,18019,0.0177,Some use this
30,coffee,6182,30384,0.20346,Most use this
30,chocolate,5582,30384,0.18372,Most use this
30,spices,4835,30384,0.15913,Most use this
30,cakes,4508,30384,0.14837,Most use this
30,confectionery,4369,30384,0.14379,Most use this
30,biscuits,3887,30384,0.12793,Most use this
30,bread,3766,30384,0.12395,Most use this
30,rice,3546,30384,0.11671,Recommended
30,pastries,3293,30384,0.10838,Recommended
30,sauces,3082,30384,0.10143,Recommended
30,flour and preparations made from cereals,3043,30384,0.10015,Recommended
30,ice cream,2949,30384,0.09706,Recommended
30,honey,2856,30384,0.094,Recommended
30,sandwiches,2849,30384,0.09377,Recommended
30,sugar,2653,30384,0.08732,Recommended
30,cocoa,2590,30384,0.08524,Recommended
30,"yeast, baking-powder",2556,30384,0.08412,Recommended
30,salt,2539,30384,0.08356,Recommended
30,"sugar, honey, treacle",2459,30384,0.08093,Recommended
30,coffee drinks,2416,30384,0.07952,Recommended
30,coffee beverages,2415,30384,0.07948,Recommended
30,sweets,2393,30384,0.07876,Recommended
30,cookies,2332,30384,0.07675,Recommended
30,coffee beans,2321,30384,0.07639,Recommended
30,condiments,2294,30384,0.0755,Recommended
30,seasonings,2288,30384,0.0753,Recommended
30,pasta,2241,30384,0.07376,Recommended
30,mustard,2232,30384,0.07346,Recommended
30,iced coffee,2204,30384,0.07254,Recommended
30,decaffeinated coffee,2186,30384,0.07195,Recommended
30,tapioca and sago,2169,30384,0.07139,Recommended
30,iced tea,2089,30384,0.06875,Recommended
30,bakery goods,2030,30384,0.06681,Recommended
30,vinegar,2004,30384,0.06596,Recommended
30,ground coffee,1997,30384,0.06573,Recommended
30,tea-based beverages,1979,30384,0.06513,Recommended
30,coffee beverages with milk,1922,30384,0.06326,Recommended
30,noodles,1910,30384,0.06286,Recommended
30,pies,1794,30384,0.05904,Recommended
30,flour,1780,30384,0.05858,Recommended
30,puddings,1766,30384,0.05812,Recommended
30,chocolate coffee,1744,30384,0.0574,Recommended
30,"bread, pastries and confectionery",1734,30384,0.05707,Recommended
30,cereal-based snack food,1730,30384,0.05694,Recommended
30,flavoured coffee,1729,30384,0.0569,Recommended
30,roasted coffee beans,1691,30384,0.05565,Recommended
30,tea beverages,1685,30384,0.05546,Recommended
30,pizzas,1679,30384,0.05526,Recommended
30,chocolate confectionery,1655,30384,0.05447,Recommended
30,coffee based drinks,1654,30384,0.05444,Recommended
30,"pastries, cakes, tarts and biscuits (cookies)",1649,30384,0.05427,Recommended
30,coffee-based beverages,1612,30384,0.05305,Recommended
30,instant coffee,1595,30384,0.05249,Recommended
30,coffee bags,1584,30384,0.05213,Recommended
30,coffee based beverages,1582,30384,0.05207,Recommended
30,"coffee, tea, cocoa and artificial coffee",1564,30384,0.05147,Recommended
30,chai tea,1557,30384,0.05124,Recommended
30,chocolate desserts,1551,30384,0.05105,Recommended
30,herbal tea,1551,30384,0.05105,Recommended
30,coffee pods,1546,30384,0.05088,Recommended
30,yeast,1517,30384,0.04993,Recommended
30,sauces [condiments],1516,30384,0.04989,Recommended
30,"rice, pasta and noodles",1514,30384,0.04983,Recommended
30,pastry,1510,30384,0.0497,Recommended
30,edible ices,1489,30384,0.04901,Recommended
30,coffee substitutes,1485,30384,0.04887,Recommended
30,cereal bars,1484,30384,0.04884,Recommended
30,tea beverages with milk,1472,30384,0.04845,Recommended
30,coffee flavourings,1460,30384,0.04805,Recommended
30,"coffee, teas and cocoa and substitutes therefor",1451,30384,0.04776,Recommended
30,chocolate cakes,1447,30384,0.04762,Recommended
30,coffee capsules,1442,30384,0.04746,Recommended
30,green tea,1424,30384,0.04687,Recommended
30,crackers,1420,30384,0.04674,Recommended
30,candy,1418,30384,0.04667,Recommended
30,chocolates,1412,30384,0.04647,Recommended
30,chocolate sweets,1410,30384,0.04641,Recommended
30,chocolate bars,1402,30384,0.04614,Recommended
30,caffeine-free coffee,1391,30384,0.04578,Recommended
30,"ice cream, sorbets and other edible ices",1391,30384,0.04578,Recommended
30,tea bags,1389,30384,0.04571,Recommended
30,unroasted coffee,1388,30384,0.04568,Recommended
30,popcorn,1371,30384,0.04512,Recommended
30,herbal teas,1356,30384,0.04463,Recommended
30,cereals,1341,30384,0.04414,Recommended
30,rice-based snack food,1337,30384,0.044,Recommended
30,ground coffee beans,1333,30384,0.04387,Recommended
30,prepared coffee and coffee-based beverages,1325,30384,0.04361,Recommended
30,"salt, seasonings, spices, preserved herbs",1317,30384,0.04335,Recommended
30,"vinegar, sauces and other condiments",1295,30384,0.04262,Recommended
30,tapioca,1292,30384,0.04252,Recommended
30,teas,1286,30384,0.04232,Recommended
30,chocolate confectionary,1278,30384,0.04206,Recommended
30,cereal preparations,1249,30384,0.04111,Recommended
30,beverages with coffee base,1241,30384,0.04084,Recommended
30,rice cakes,1240,30384,0.04081,Recommended
30,beverages made from coffee,1235,30384,0.04065,Recommended
30,coffee mixtures,1231,30384,0.04051,Recommended
30,beverages made of coffee,1227,30384,0.04038,Recommended
30,cooking sauces,1227,30384,0.04038,Recommended
30,artificial coffee,1207,30384,0.03972,Some use this
30,chocolate confections,1197,30384,0.0394,Some use this
30,pizza,1197,30384,0.0394,Some use this
30,chocolate beverages,1196,30384,0.03936,Some use this
30,pancakes,1196,30384,0.03936,Some use this
30,sugar confectionery,1194,30384,0.0393,Some use this
30,prepared coffee beverages,1185,30384,0.039,Some use this
30,food seasonings,1174,30384,0.03864,Some use this
30,coffee extracts,1171,30384,0.03854,Some use this
30,chocolate pastries,1168,30384,0.03844,Some use this
30,beverages with a coffee base,1164,30384,0.03831,Some use this
30,chocolate candies,1147,30384,0.03775,Some use this
30,tea leaves,1145,30384,0.03768,Some use this
30,waffles,1142,30384,0.03759,Some use this
30,chocolate-based beverages,1135,30384,0.03736,Some use this
30,fruit teas,1132,30384,0.03726,Some use this
30,mayonnaise,1131,30384,0.03722,Some use this
30,chocolate biscuits,1130,30384,0.03719,Some use this
30,coffee flavorings,1123,30384,0.03696,Some use this
30,tarts,1114,30384,0.03666,Some use this
30,sago,1113,30384,0.03663,Some use this
30,hot chocolate,1110,30384,0.03653,Some use this
30,marinades,1097,30384,0.0361,Some use this
30,mixtures of coffee,1087,30384,0.03578,Some use this
30,"salts, seasonings, flavourings and condiments",1083,30384,0.03564,Some use this
30,ices,1081,30384,0.03558,Some use this
30,breakfast cereals,1068,30384,0.03515,Some use this
30,coffee in whole-bean form,1066,30384,0.03508,Some use this
30,spicy sauces,1063,30384,0.03499,Some use this
30,tea cakes,1057,30384,0.03479,Some use this
30,high-protein cereal bars,1054,30384,0.03469,Some use this
30,chocolate confectionery products,1052,30384,0.03462,Some use this
30,coffee in brewed form,1047,30384,0.03446,Some use this
30,baking powder,1044,30384,0.03436,Some use this
30,coffee (unroasted -),1042,30384,0.03429,Some use this
30,black tea,1040,30384,0.03423,Some use this
30,chocolate cake,1023,30384,0.03367,Some use this
30,"vinegar, sauces (condiments)",1019,30384,0.03354,Some use this
30,prepared desserts [confectionery],1004,30384,0.03304,Some use this
30,coffee concentrates,995,30384,0.03275,Some use this
30,freeze-dried coffee,991,30384,0.03262,Some use this
30,brownies,976,30384,0.03212,Some use this
30,ice cream desserts,973,30384,0.03202,Some use this
30,espresso,964,30384,0.03173,Some use this
30,confectionery chocolate products,963,30384,0.03169,Some use this
30,chocolate for confectionery and bread,959,30384,0.03156,Some use this
30,salad dressings,959,30384,0.03156,Some use this
30,chocolate brownies,958,30384,0.03153,Some use this
30,chutneys,958,30384,0.03153,Some use this
30,fruit cakes,952,30384,0.03133,Some use this
30,treacle,952,30384,0.03133,Some use this
30,cereal bars and energy bars,950,30384,0.03127,Some use this
30,chocolate decorations for cakes,949,30384,0.03123,Some use this
30,coffee essences,947,30384,0.03117,Some use this
30,drinking chocolate,945,30384,0.0311,Some use this
30,jasmine tea,945,30384,0.0311,Some use this
30,tea mixtures,942,30384,0.031,Some use this
30,oat-based food,940,30384,0.03094,Some use this
30,candies,939,30384,0.0309,Some use this
30,dessert puddings,939,30384,0.0309,Some use this
30,fruit sauces,937,30384,0.03084,Some use this
30,tea extracts,937,30384,0.03084,Some use this
30,tea for infusions,937,30384,0.03084,Some use this
30,fruit jellies [confectionery],929,30384,0.03058,Some use this
30,tea substitutes,928,30384,0.03054,Some use this
30,ginger tea,927,30384,0.03051,Some use this
30,candies [sweets],926,30384,0.03048,Some use this
30,drip bag coffee,926,30384,0.03048,Some use this
30,tea (iced -),926,30384,0.03048,Some use this
30,coffee extracts for use as substitutes for coffee,920,30384,0.03028,Some use this
30,cupcakes,920,30384,0.03028,Some use this
30,muffins,919,30384,0.03025,Some use this
30,chocolate beverages with milk,917,30384,0.03018,Some use this
30,curry sauces,908,30384,0.02988,Some use this
30,instant tea,905,30384,0.02979,Some use this
30,noodle-based prepared meals,901,30384,0.02965,Some use this
30,malt coffee,896,30384,0.02949,Some use this
30,chewing gum,895,30384,0.02946,Some use this
30,prepared desserts [pastries],895,30384,0.02946,Some use this
30,sweets [candy],895,30384,0.02946,Some use this
30,beverages made of tea,894,30384,0.02942,Some use this
30,muesli,893,30384,0.02939,Some use this
30,vegan cakes,893,30384,0.02939,Some use this
30,cappuccino,892,30384,0.02936,Some use this
30,"honey, treacle",892,30384,0.02936,Some use this
30,cream cakes,889,30384,0.02926,Some use this
30,confectionery bars,886,30384,0.02916,Some use this
30,chocolate flavoured confectionery,884,30384,0.02909,Some use this
30,tomato sauce,884,30384,0.02909,Some use this
30,pasta sauce,881,30384,0.029,Some use this
30,preparations made from cereals,881,30384,0.029,Some use this
30,savoury sauces,871,30384,0.02867,Some use this
30,coffee oils,870,30384,0.02863,Some use this
30,coffee essence,869,30384,0.0286,Some use this
30,black tea [english tea],866,30384,0.0285,Some use this
30,drinks flavoured with chocolate,863,30384,0.0284,Some use this
30,cocoa-based beverages,856,30384,0.02817,Some use this
30,grain-based snack foods,852,30384,0.02804,Some use this
30,oolong tea,852,30384,0.02804,Some use this
30,starch for food,851,30384,0.02801,Some use this
30,meat pies,848,30384,0.02791,Some use this
30,bread rolls,847,30384,0.02788,Some use this
30,"coffee [roasted, powdered, granulated, or in drinks]",844,30384,0.02778,Some use this
30,mixtures of malt coffee with coffee,844,30384,0.02778,Some use this
30,"aerated beverages [with coffee, cocoa or chocolate base]",840,30384,0.02765,Some use this
30,ginseng tea,840,30384,0.02765,Some use this
30,rice cake snacks,838,30384,0.02758,Some use this
30,ice-cream cakes,836,30384,0.02751,Some use this
30,dried herbs,834,30384,0.02745,Some use this
30,fruit cake snacks,834,30384,0.02745,Some use this
30,ice beverages with a coffee base,834,30384,0.02745,Some use this
30,milk chocolate,831,30384,0.02735,Some use this
30,fruit confectionery,828,30384,0.02725,Some use this
30,cereal snacks,826,30384,0.02719,Some use this
30,sushi,825,30384,0.02715,Some use this
30,tea essences,824,30384,0.02712,Some use this
30,almond confectionery,822,30384,0.02705,Some use this
30,"aerated drinks [with coffee, cocoa or chocolate base]",820,30384,0.02699,Some use this
30,chamomile tea,820,30384,0.02699,Some use this
30,chocolate-coated sugar confectionery,817,30384,0.02689,Some use this
30,peppermint tea,817,30384,0.02689,Some use this
30,herb tea [infusions],815,30384,0.02682,Some use this
30,coffee essences for use as substitutes for coffee,814,30384,0.02679,Some use this
30,pepper,810,30384,0.02666,Some use this
30,chocolate sauces,807,30384,0.02656,Some use this
30,"salt, mustard",804,30384,0.02646,Some use this
30,desserts,802,30384,0.0264,Some use this
30,iced teas,800,30384,0.02633,Some use this
30,"savory sauces, chutneys and pastes",800,30384,0.02633,Some use this
30,sugar-coated coffee beans,796,30384,0.0262,Some use this
30,curry spices,795,30384,0.02617,Some use this
30,croissants,794,30384,0.02613,Some use this
30,spice mixes,794,30384,0.02613,Some use this
30,food flavourings,793,30384,0.0261,Some use this
30,mixtures of coffee essences and coffee extracts,792,30384,0.02607,Some use this
30,buns,789,30384,0.02597,Some use this
30,rice-based snack foods,789,30384,0.02597,Some use this
30,white tea,788,30384,0.02593,Some use this
30,chocolate covered cakes,782,30384,0.02574,Some use this
30,japanese green tea,782,30384,0.02574,Some use this
30,doughnuts,781,30384,0.0257,Some use this
30,flavourings of tea,781,30384,0.0257,Some use this
30,"sweets (candy), candy bars and chewing gum",781,30384,0.0257,Some use this
30,milk chocolates,780,30384,0.02567,Some use this
30,cake bars,776,30384,0.02554,Some use this
30,frozen confectionery,776,30384,0.02554,Some use this
30,mixtures of malt coffee extracts with coffee,773,30384,0.02544,Some use this
30,chocolate confectionery containing pralines,762,30384,0.02508,Some use this
30,pasta sauces,762,30384,0.02508,Some use this
30,food dressings [sauces],761,30384,0.02505,Some use this
30,chocolate flavoured beverages,757,30384,0.02491,Some use this
30,sorbets,757,30384,0.02491,Some use this
30,beverages with tea base,756,30384,0.02488,Some use this
30,cereal based snack foods,756,30384,0.02488,Some use this
30,rooibos tea,755,30384,0.02485,Some use this
30,chocolate truffles,750,30384,0.02468,Some use this
30,chili sauce,747,30384,0.02459,Some use this
30,oolong tea [chinese tea],744,30384,0.02449,Some use this
30,tea pods,744,30384,0.02449,Some use this
30,truffles [confectionery],744,30384,0.02449,Some use this
30,herbal teas [infusions],743,30384,0.02445,Some use this
30,hot sauce,742,30384,0.02442,Some use this
30,mixed spices,741,30384,0.02439,Some use this
30,sugar-free sweets,739,30384,0.02432,Some use this
30,chocolate powder,737,30384,0.02426,Some use this
30,pizza sauces,737,30384,0.02426,Some use this
30,rice snacks,737,30384,0.02426,Some use this
30,substitutes (coffee -),737,30384,0.02426,Some use this
30,darjeeling tea,732,30384,0.02409,Some use this
30,iced cakes,731,30384,0.02406,Some use this
30,milk chocolate bars,729,30384,0.02399,Some use this
30,pepper sauces,728,30384,0.02396,Some use this
30,gum sweets,724,30384,0.02383,Some use this
30,chocolate fudge,721,30384,0.02373,Some use this
30,snack food (cereal-based -),721,30384,0.02373,Some use this
30,rosemary tea,716,30384,0.02357,Some use this
30,confectionery items coated with chocolate,714,30384,0.0235,Some use this
30,savory pastries,712,30384,0.02343,Some use this
30,flavourings of tea for food or beverages,711,30384,0.0234,Some use this
30,non-medicinal herbal tea,708,30384,0.0233,Some use this
30,herb sauces,707,30384,0.02327,Some use this
30,chocolate sauce,705,30384,0.0232,Some use this
30,chocolate-based fillings for cakes and pies,700,30384,0.02304,Some use this
30,ice creams,699,30384,0.02301,Some use this
30,nut confectionery,699,30384,0.02301,Some use this
30,chicory [coffee substitute],698,30384,0.02297,Some use this
30,savory sauces used as condiments,698,30384,0.02297,Some use this
30,chocolate fillings for bakery products,693,30384,0.02281,Some use this
30,frozen cakes,690,30384,0.02271,Some use this
30,savory sauces,689,30384,0.02268,Some use this
30,fermented tea,688,30384,0.02264,Some use this
30,honey [for food],687,30384,0.02261,Some use this
30,pizza sauce,687,30384,0.02261,Some use this
30,tea bags for making non-medicated tea,686,30384,0.02258,Some use this
30,bread and buns,683,30384,0.02248,Some use this
30,lollipops [confectionery],683,30384,0.02248,Some use this
30,chocolate candy with fillings,682,30384,0.02245,Some use this
30,dairy-free chocolate,680,30384,0.02238,Some use this
30,cake mixes,678,30384,0.02231,Some use this
30,spice rubs,676,30384,0.02225,Some use this
31,pet food,1917,11017,0.174,Most use this
31,natural plants and flowers,1394,11017,0.12653,Most use this
31,edible pet treats,1326,11017,0.12036,Most use this
31,dog food,1163,11017,0.10556,Recommended
31,malt,993,11017,0.09013,Recommended
31,live animals,991,11017,0.08995,Recommended
31,pet food for dogs,955,11017,0.08668,Recommended
31,fresh fruits and vegetables,887,11017,0.08051,Recommended
31,seeds,866,11017,0.07861,Recommended
31,pet foods,847,11017,0.07688,Recommended
31,beverages for pets,766,11017,0.06953,Recommended
31,raw and unprocessed grains and seeds,759,11017,0.06889,Recommended
31,food for dogs,757,11017,0.06871,Recommended
31,dog biscuits,748,11017,0.0679,Recommended
31,cat food,736,11017,0.06681,Recommended
31,foodstuffs for animals,730,11017,0.06626,Recommended
31,plants,730,11017,0.06626,Recommended
31,dog foods,727,11017,0.06599,Recommended
31,animal foodstuffs,713,11017,0.06472,Recommended
31,food (pet -),712,11017,0.06463,Recommended
31,pet foodstuffs,709,11017,0.06436,Recommended
31,flowers,659,11017,0.05982,Recommended
31,pet foods in the form of chews,652,11017,0.05918,Recommended
31,foodstuffs for pet animals,651,11017,0.05909,Recommended
31,edible dog treats,629,11017,0.05709,Recommended
31,dog treats [edible],608,11017,0.05519,Recommended
31,pet beverages,599,11017,0.05437,Recommended
31,animal food,567,11017,0.05147,Recommended
31,foodstuffs and beverages for animals,545,11017,0.04947,Recommended
31,"bulbs, seedlings and seeds for planting",540,11017,0.04902,Recommended
31,food for cats,533,11017,0.04838,Recommended
31,edible chews for animals,525,11017,0.04765,Recommended
31,"fresh fruits and vegetables, fresh herbs",521,11017,0.04729,Recommended
31,edible chews for dogs,512,11017,0.04647,Recommended
31,foodstuff for dogs,505,11017,0.04584,Recommended
31,food for animals,496,11017,0.04502,Recommended
31,animal feed,483,11017,0.04384,Recommended
31,plant seeds,482,11017,0.04375,Recommended
31,fresh herbs,462,11017,0.04194,Recommended
31,bones for dogs,450,11017,0.04085,Recommended
31,pet animals,449,11017,0.04076,Recommended
31,pet food for birds,444,11017,0.0403,Recommended
31,food preparations for dogs,441,11017,0.04003,Recommended
31,dried flowers,437,11017,0.03967,Some use this
31,fresh vegetables,434,11017,0.03939,Some use this
31,food products for animals,427,11017,0.03876,Some use this
31,bird food,425,11017,0.03858,Some use this
31,foodstuffs for dogs,425,11017,0.03858,Some use this
31,seeds for planting,415,11017,0.03767,Some use this
31,flowering plants,403,11017,0.03658,Some use this
31,cut flowers,401,11017,0.0364,Some use this
31,biscuits for dogs,391,11017,0.03549,Some use this
31,cat litter,385,11017,0.03495,Some use this
31,flower seeds,375,11017,0.03404,Some use this
31,pet rabbit food,372,11017,0.03377,Some use this
31,edible treats for animals,370,11017,0.03358,Some use this
31,animal litter,369,11017,0.03349,Some use this
31,fresh fruits,361,11017,0.03277,Some use this
31,"fruit, fresh",343,11017,0.03113,Some use this
31,natural plants,342,11017,0.03104,Some use this
31,canned foods for dogs,340,11017,0.03086,Some use this
31,fresh flowers,335,11017,0.03041,Some use this
31,biscuits (dog -),334,11017,0.03032,Some use this
31,animal biscuits,329,11017,0.02986,Some use this
31,chewing bones for dogs,325,11017,0.0295,Some use this
31,foods containing chicken for feeding dogs,325,11017,0.0295,Some use this
31,fresh fruit,325,11017,0.0295,Some use this
31,natural flowers,320,11017,0.02905,Some use this
31,"agricultural and aquacultural crops, horticulture and forestry products",311,11017,0.02823,Some use this
31,"flowers, dried, for decoration",305,11017,0.02768,Some use this
31,bouquets of dried flowers,304,11017,0.02759,Some use this
31,"fresh fruits, nuts, vegetables and herbs",304,11017,0.02759,Some use this
31,litter for animals,303,11017,0.0275,Some use this
31,foods flavoured with chicken for feeding dogs,298,11017,0.02705,Some use this
31,live plants,296,11017,0.02687,Some use this
31,dried plants,294,11017,0.02669,Some use this
31,seeds for flowers,293,11017,0.0266,Some use this
31,fish food,292,11017,0.0265,Some use this
31,trees,292,11017,0.0265,Some use this
31,beverages for dogs,291,11017,0.02641,Some use this
31,potted plants,289,11017,0.02623,Some use this
31,food for racing dogs,288,11017,0.02614,Some use this
31,dogs,285,11017,0.02587,Some use this
31,agricultural seeds,284,11017,0.02578,Some use this
31,foliage plants,283,11017,0.02569,Some use this
31,flower bulbs,281,11017,0.02551,Some use this
31,"vegetables, fresh",277,11017,0.02514,Some use this
31,house plants,275,11017,0.02496,Some use this
31,seedlings,275,11017,0.02496,Some use this
31,vegetable seeds,270,11017,0.02451,Some use this
31,cat treats [edible],269,11017,0.02442,Some use this
31,fruit plants,268,11017,0.02433,Some use this
31,seeds for growing plants,267,11017,0.02424,Some use this
31,food for fish,266,11017,0.02414,Some use this
31,"plants, dried, for decoration",266,11017,0.02414,Some use this
31,biscuits for animals,265,11017,0.02405,Some use this
31,"flowers, natural",265,11017,0.02405,Some use this
31,digestible chewing bones for dogs,264,11017,0.02396,Some use this
31,nuts [fruits],264,11017,0.02396,Some use this
31,wreaths of natural flowers,264,11017,0.02396,Some use this
31,bouquets of fresh flowers,259,11017,0.02351,Some use this
31,foods flavoured with beef for feeding dogs,259,11017,0.02351,Some use this
31,dried flowers for decoration,256,11017,0.02324,Some use this
31,edible food for animals for chewing,254,11017,0.02306,Some use this
31,pet birds,252,11017,0.02287,Some use this
31,canned foodstuffs for dogs,251,11017,0.02278,Some use this
31,stall food for animals,251,11017,0.02278,Some use this
31,animal feed preparations,250,11017,0.02269,Some use this
31,fodder,250,11017,0.02269,Some use this
31,fresh nuts,250,11017,0.02269,Some use this
31,grains for animal consumption,248,11017,0.02251,Some use this
31,roses [plants],248,11017,0.02251,Some use this
31,foodstuffs and fodder for animals,247,11017,0.02242,Some use this
31,"garden herbs, fresh",241,11017,0.02188,Some use this
31,natural flowering plants,240,11017,0.02178,Some use this
31,animal litter for cats,239,11017,0.02169,Some use this
31,"seeds, bulbs and seedlings for plant breeding",239,11017,0.02169,Some use this
31,arrangements of natural flowers,238,11017,0.0216,Some use this
31,fresh garden herbs,238,11017,0.0216,Some use this
31,dried flower arrangements,236,11017,0.02142,Some use this
31,fresh plants,235,11017,0.02133,Some use this
31,bedding and litter for animals,233,11017,0.02115,Some use this
31,sowing seeds,232,11017,0.02106,Some use this
31,bird seed,231,11017,0.02097,Some use this
31,fruit seeds,231,11017,0.02097,Some use this
31,edible silvervine powder for pet cats,230,11017,0.02088,Some use this
31,roses,226,11017,0.02051,Some use this
31,cat biscuits,224,11017,0.02033,Some use this
31,dried flower wreaths,224,11017,0.02033,Some use this
31,grass seeds,224,11017,0.02033,Some use this
31,foods containing beef for feeding dogs,221,11017,0.02006,Some use this
31,mixed animal feed,221,11017,0.02006,Some use this
31,litter for cats,220,11017,0.01997,Some use this
31,crop seeds,219,11017,0.01988,Some use this
31,food preparations for cats,218,11017,0.01979,Some use this
31,foods flavoured with liver for feeding dogs,218,11017,0.01979,Some use this
31,nursery plants,218,11017,0.01979,Some use this
31,foods containing liver for feeding dogs,217,11017,0.0197,Some use this
31,grasses [plants],217,11017,0.0197,Some use this
31,sand for pet toilets,216,11017,0.01961,Some use this
31,pet treats in the nature of bully sticks,215,11017,0.01952,Some use this
31,grains [cereals],214,11017,0.01942,Some use this
31,seeds (plant -),214,11017,0.01942,Some use this
31,fresh flower arrangements,211,11017,0.01915,Some use this
31,preserved flowers,211,11017,0.01915,Some use this
31,"agricultural, horticultural and forestry products",209,11017,0.01897,Some use this
31,food for aquarium fish,209,11017,0.01897,Some use this
31,wheat,209,11017,0.01897,Some use this
31,vine plants,207,11017,0.01879,Some use this
31,dried plants for decoration,206,11017,0.0187,Some use this
31,food for birds,206,11017,0.0187,Some use this
31,natural seeds,206,11017,0.0187,Some use this
31,bulbs (plant -),204,11017,0.01852,Some use this
31,live flowers,204,11017,0.01852,Some use this
31,animal feeds,202,11017,0.01834,Some use this
31,litter for dogs,201,11017,0.01824,Some use this
31,living plants,200,11017,0.01815,Some use this
31,edible bird treats,199,11017,0.01806,Some use this
31,oats,198,11017,0.01797,Some use this
31,bulbs,195,11017,0.0177,Some use this
31,cat litter and litter for small animals,195,11017,0.0177,Some use this
31,fresh edible flowers,195,11017,0.0177,Some use this
31,rabbit food,194,11017,0.01761,Some use this
31,seedlings for planting,193,11017,0.01752,Some use this
31,beverages for animals,192,11017,0.01743,Some use this
31,wheat proteins for animal food,192,11017,0.01743,Some use this
31,seeds for vegetables,191,11017,0.01734,Some use this
31,seeds for growing herbs,190,11017,0.01725,Some use this
31,meal for animals,189,11017,0.01716,Some use this
31,unprocessed fruits,188,11017,0.01706,Some use this
31,seeds for sowing,187,11017,0.01697,Some use this
31,foods flavoured with chicken for feeding cats,186,11017,0.01688,Some use this
31,animal beverages,185,11017,0.01679,Some use this
31,aromatic sand [litter] for pets,185,11017,0.01679,Some use this
31,oat-based food for animals,184,11017,0.0167,Some use this
31,"cereal seeds, unprocessed",183,11017,0.01661,Some use this
31,"edible flowers, fresh",183,11017,0.01661,Some use this
31,canned foodstuffs for cats,182,11017,0.01652,Some use this
31,cattle food,181,11017,0.01643,Some use this
31,unprocessed nuts,181,11017,0.01643,Some use this
31,fish meal for animal consumption,180,11017,0.01634,Some use this
31,raw seeds,180,11017,0.01634,Some use this
31,raw vegetables,180,11017,0.01634,Some use this
31,living flowers,176,11017,0.01598,Some use this
31,citrus fruit,174,11017,0.01579,Some use this
31,flowers [natural],174,11017,0.01579,Some use this
31,grains [seeds],174,11017,0.01579,Some use this
31,raw and unprocessed seeds,174,11017,0.01579,Some use this
31,sanded paper [litter] for pets,174,11017,0.01579,Some use this
31,almonds [fruits],171,11017,0.01552,Some use this
31,foodstuffs for cats,171,11017,0.01552,Some use this
31,sunflower seeds,171,11017,0.01552,Some use this
31,raw nuts,170,11017,0.01543,Some use this
31,shrubs,168,11017,0.01525,Some use this
31,christmas trees,167,11017,0.01516,Some use this
31,cuttings (plant -),167,11017,0.01516,Some use this
31,organic fresh vegetables,167,11017,0.01516,Some use this
31,edible bones and sticks for pets,166,11017,0.01507,Some use this
31,edible horse treats,166,11017,0.01507,Some use this
31,hamster food,166,11017,0.01507,Some use this
31,strengthening animal forage,166,11017,0.01507,Some use this
31,garlands of natural flowers,165,11017,0.01498,Some use this
31,bedding materials for animals,164,11017,0.01489,Some use this
31,grass seed,164,11017,0.01489,Some use this
31,flower corms,163,11017,0.0148,Some use this
31,animal foodstuffs derived from hay,162,11017,0.0147,Some use this
31,foods containing chicken for feeding cats,161,11017,0.01461,Some use this
31,organic fresh fruit,161,11017,0.01461,Some use this
31,preserved flowers for decoration,161,11017,0.01461,Some use this
31,animal feedstuffs,158,11017,0.01434,Some use this
31,"berries, fresh fruits",156,11017,0.01416,Some use this
31,food for goldfish,156,11017,0.01416,Some use this
31,unprocessed seeds,156,11017,0.01416,Some use this
31,bulbs (flower -),155,11017,0.01407,Some use this
31,cat litters,155,11017,0.01407,Some use this
31,foods flavoured with beef for feeding cats,155,11017,0.01407,Some use this
31,formula animal feed,155,11017,0.01407,Some use this
31,seeds for fruit,155,11017,0.01407,Some use this
31,raw fruit,154,11017,0.01398,Some use this
31,beverages for cats,153,11017,0.01389,Some use this
31,live flower wreaths,153,11017,0.01389,Some use this
31,unprocessed vegetables,153,11017,0.01389,Some use this
31,cheese flavoured foodstuffs for dogs,152,11017,0.0138,Some use this
31,cannabis plants,151,11017,0.01371,Some use this
31,living fruit plants,150,11017,0.01362,Some use this
31,"mushrooms, fresh",150,11017,0.01362,Some use this
31,seeds for horticultural use,150,11017,0.01362,Some use this
31,biscuits for puppies,149,11017,0.01352,Some use this
31,livestock feed,149,11017,0.01352,Some use this
31,arrangements of dried flowers for decorative purposes,148,11017,0.01343,Some use this
31,salad vegetables [fresh],148,11017,0.01343,Some use this
31,live flower arrangements,147,11017,0.01334,Some use this
31,organic fresh herbs,147,11017,0.01334,Some use this
31,seeds for horticultural purposes,147,11017,0.01334,Some use this
31,floral decorations [dried],145,11017,0.01316,Some use this
31,milk for use as foodstuffs for dogs,145,11017,0.01316,Some use this
31,fruit trees,144,11017,0.01307,Some use this
31,climbing plants,142,11017,0.01289,Some use this
31,catnip,141,11017,0.0128,Some use this
31,flowers (wreaths of natural -),141,11017,0.0128,Some use this
31,fresh pulses,141,11017,0.0128,Some use this
31,food for rodents,140,11017,0.01271,Some use this
31,foodstuffs (animal -),140,11017,0.01271,Some use this
31,fortified food substances for animals,140,11017,0.01271,Some use this
31,hydroponic seeds,140,11017,0.01271,Some use this
31,"nuts, unprocessed",140,11017,0.01271,Some use this
31,peppers [plants],140,11017,0.01271,Some use this
31,living natural flowers,139,11017,0.01262,Some use this
31,food for hamsters,138,11017,0.01253,Some use this
31,aromatic sand for pets [litter],137,11017,0.01244,Some use this
31,foods in the form of rings for feeding to dogs,135,11017,0.01225,Some use this
31,sanded paper for pets [litter],135,11017,0.01225,Some use this
31,barley,134,11017,0.01216,Some use this
31,raw fruits,134,11017,0.01216,Some use this
31,edible chewing products for domestic animals,133,11017,0.01207,Some use this
31,plants (live -),133,11017,0.01207,Some use this
31,bulbs for planting,132,11017,0.01198,Some use this
31,foodstuff for animals,132,11017,0.01198,Some use this
31,hydroponic plants,132,11017,0.01198,Some use this
31,"olives, fresh",132,11017,0.01198,Some use this
31,"potatoes, fresh",132,11017,0.01198,Some use this
31,natural turf,131,11017,0.01189,Some use this
31,"beans, fresh",129,11017,0.01171,Some use this
31,fresh citrus fruits,129,11017,0.01171,Some use this
31,fresh mushrooms,129,11017,0.01171,Some use this
31,seed germ for botanical purposes,129,11017,0.01171,Some use this
31,"seeds, natural plants and flowers",129,11017,0.01171,Some use this
31,fresh berries,128,11017,0.01162,Some use this
31,wildlife seed mixtures,127,11017,0.01153,Some use this
31,dried herbs for decoration,125,11017,0.01135,Some use this
31,maize,125,11017,0.01135,Some use this
31,"onions, fresh vegetables",125,11017,0.01135,Some use this
31,unprocessed cereal seeds,124,11017,0.01126,Some use this
31,"by-products of the processing of cereals, for animal consumption",123,11017,0.01116,Some use this
31,raw agricultural products,123,11017,0.01116,Some use this
31,rose bushes,123,11017,0.01116,Some use this
31,animal foodstuffs for the weaning of animals,122,11017,0.01107,Some use this
31,fresh fruit and vegetables,122,11017,0.01107,Some use this
31,coconuts,121,11017,0.01098,Some use this
31,live roses,121,11017,0.01098,Some use this
31,natural plants [live],120,11017,0.01089,Some use this
31,seed potatoes,120,11017,0.01089,Some use this
31,fresh beans,119,11017,0.0108,Some use this
31,seeds for agricultural use,118,11017,0.01071,Some use this
31,fish meal [animal feed],117,11017,0.01062,Some use this
31,"herbs, fresh (garden -)",117,11017,0.01062,Some use this
31,fresh citrus fruit,116,11017,0.01053,Some use this
31,horse feed,116,11017,0.01053,Some use this
31,"citrus fruit, fresh",115,11017,0.01044,Some use this
31,floral decorations [fresh],115,11017,0.01044,Some use this
31,fresh pistachio nuts,115,11017,0.01044,Some use this
31,wheat seed,115,11017,0.01044,Some use this
31,herbs (fresh -),114,11017,0.01035,Some use this
31,aloe vera plants,113,11017,0.01026,Some use this
31,animal foodstuffs in the form of pellets,113,11017,0.01026,Some use this
31,arrangements of fresh fruit,113,11017,0.01026,Some use this
31,edible nuts [unprocessed],113,11017,0.01026,Some use this
32,non-alcoholic beverages,6499,16229,0.40046,Essential
32,beers,4223,16229,0.26021,Most use this
32,energy drinks,3555,16229,0.21905,Most use this
32,soft drinks,3416,16229,0.21049,Most use this
32,beer,3010,16229,0.18547,Most use this
32,non-alcoholic drinks,2929,16229,0.18048,Most use this
32,fruit beverages and fruit juices,2561,16229,0.1578,Most use this
32,mineral and aerated waters,2521,16229,0.15534,Most use this
32,carbonated non-alcoholic drinks,2062,16229,0.12706,Most use this
32,fruit drinks,1945,16229,0.11985,Recommended
32,sports drinks,1904,16229,0.11732,Recommended
32,non-alcoholic fruit drinks,1689,16229,0.10407,Recommended
32,fruit juices,1581,16229,0.09742,Recommended
32,smoothies,1470,16229,0.09058,Recommended
32,syrups and other preparations for making beverages,1470,16229,0.09058,Recommended
32,isotonic beverages,1468,16229,0.09046,Recommended
32,non-alcoholic carbonated beverages,1458,16229,0.08984,Recommended
32,juice drinks,1434,16229,0.08836,Recommended
32,non-alcoholic beer,1418,16229,0.08737,Recommended
32,non-alcoholic fruit juice beverages,1404,16229,0.08651,Recommended
32,isotonic drinks,1360,16229,0.0838,Recommended
32,non-alcoholic beers,1354,16229,0.08343,Recommended
32,non-alcoholic cocktails,1354,16229,0.08343,Recommended
32,beverages (non-alcoholic -),1327,16229,0.08177,Recommended
32,syrups and other non-alcoholic preparations for making beverages,1274,16229,0.0785,Recommended
32,carbonated soft drinks,1266,16229,0.07801,Recommended
32,fruit flavoured drinks,1206,16229,0.07431,Recommended
32,beer-based beverages,1173,16229,0.07228,Recommended
32,fruit drinks and fruit juices,1169,16229,0.07203,Recommended
32,vegetable drinks,1152,16229,0.07098,Recommended
32,fruit juice drinks,1137,16229,0.07006,Recommended
32,cola drinks,1132,16229,0.06975,Recommended
32,fruit beverages (non-alcoholic),1130,16229,0.06963,Recommended
32,non-alcoholic beverages flavoured with coffee,1127,16229,0.06944,Recommended
32,non-alcoholic beverages flavoured with tea,1112,16229,0.06852,Recommended
32,fruit flavored drinks,1096,16229,0.06753,Recommended
32,fruit flavoured carbonated drinks,1058,16229,0.06519,Recommended
32,beer and brewery products,1021,16229,0.06291,Recommended
32,lager,1015,16229,0.06254,Recommended
32,non-alcoholic flavored carbonated beverages,1015,16229,0.06254,Recommended
32,non-alcoholic malt beverages,1011,16229,0.0623,Recommended
32,non-alcoholic malt drinks,1010,16229,0.06223,Recommended
32,craft beer,1004,16229,0.06186,Recommended
32,energy drinks containing caffeine,1003,16229,0.0618,Recommended
32,"cocktails, non-alcoholic",998,16229,0.06149,Recommended
32,non-carbonated soft drinks,992,16229,0.06113,Recommended
32,malt beer,988,16229,0.06088,Recommended
32,non-alcoholic sparkling fruit juice drinks,987,16229,0.06082,Recommended
32,non-alcoholic beer flavored beverages,984,16229,0.06063,Recommended
32,isotonic non-alcoholic drinks,982,16229,0.06051,Recommended
32,flavoured carbonated beverages,977,16229,0.0602,Recommended
32,low-alcohol beer,976,16229,0.06014,Recommended
32,carbohydrate drinks,972,16229,0.05989,Recommended
32,fruit-based beverages,957,16229,0.05897,Recommended
32,fruit beverages,954,16229,0.05878,Recommended
32,syrups for beverages,954,16229,0.05878,Recommended
32,juices,950,16229,0.05854,Recommended
32,low alcohol beer,948,16229,0.05841,Recommended
32,non-alcoholic soda beverages flavoured with tea,945,16229,0.05823,Recommended
32,non-alcoholic beverages flavored with coffee,940,16229,0.05792,Recommended
32,craft beers,938,16229,0.0578,Recommended
32,non-alcoholic beverages flavored with tea,937,16229,0.05774,Recommended
32,fruit juice beverages (non-alcoholic -),930,16229,0.0573,Recommended
32,non-alcoholic beverages with tea flavor,927,16229,0.05712,Recommended
32,protein drinks,922,16229,0.05681,Recommended
32,smoothies [non-alcoholic fruit beverages],918,16229,0.05657,Recommended
32,drinking water,913,16229,0.05626,Recommended
32,flavoured beers,901,16229,0.05552,Recommended
32,alcohol-free beers,882,16229,0.05435,Recommended
32,cordials (non-alcoholic beverages),881,16229,0.05429,Recommended
32,sports drinks containing electrolytes,852,16229,0.0525,Recommended
32,non-alcoholic vegetable juice drinks,850,16229,0.05238,Recommended
32,fruit-flavoured beverages,848,16229,0.05225,Recommended
32,soda water,839,16229,0.0517,Recommended
32,beer-based cocktails,836,16229,0.05151,Recommended
32,apple juice drinks,830,16229,0.05114,Recommended
32,alcohol free beverages,826,16229,0.0509,Recommended
32,beverages containing vitamins,820,16229,0.05053,Recommended
32,"root beers, non-alcoholic beverages",814,16229,0.05016,Recommended
32,soft drinks flavored with tea,814,16229,0.05016,Recommended
32,fruit flavored soft drinks,809,16229,0.04985,Recommended
32,non-alcoholic beverages containing fruit juices,802,16229,0.04942,Recommended
32,drinking water with vitamins,799,16229,0.04923,Recommended
32,low-calorie soft drinks,798,16229,0.04917,Recommended
32,vegetable juices [beverages],797,16229,0.04911,Recommended
32,mineral water [beverages],789,16229,0.04862,Recommended
32,ginger beer,775,16229,0.04775,Recommended
32,orange juice drinks,772,16229,0.04757,Recommended
32,mineral water,770,16229,0.04745,Recommended
32,preparations for making beverages,770,16229,0.04745,Recommended
32,frozen fruit drinks,765,16229,0.04714,Recommended
32,fruit-flavored soft drinks,764,16229,0.04708,Recommended
32,bottled drinking water,761,16229,0.04689,Recommended
32,fruit juice,760,16229,0.04683,Recommended
32,aerated water,756,16229,0.04658,Recommended
32,fruit juice beverages,756,16229,0.04658,Recommended
32,non-alcoholic honey-based beverages,748,16229,0.04609,Recommended
32,"cider, non-alcoholic",746,16229,0.04597,Recommended
32,whey beverages,738,16229,0.04547,Recommended
32,non-alcoholic fruit cocktails,726,16229,0.04473,Recommended
32,wheat beer,718,16229,0.04424,Recommended
32,non-alcoholic wine,717,16229,0.04418,Recommended
32,slush drinks,717,16229,0.04418,Recommended
32,sarsaparilla [non-alcoholic beverage],713,16229,0.04393,Recommended
32,syrups for making beverages,710,16229,0.04375,Recommended
32,protein-enriched sports beverages,703,16229,0.04332,Recommended
32,non-alcoholic wines,701,16229,0.04319,Recommended
32,ales,699,16229,0.04307,Recommended
32,fruit-based soft drinks flavored with tea,689,16229,0.04245,Recommended
32,non-alcoholic grape juice beverages,686,16229,0.04227,Recommended
32,colas [soft drinks],677,16229,0.04172,Recommended
32,flavored beer,660,16229,0.04067,Recommended
32,kvass [non-alcoholic beverages],654,16229,0.0403,Recommended
32,flavoured waters,653,16229,0.04024,Recommended
32,waters [beverages],652,16229,0.04017,Recommended
32,fruit-flavored beverages,650,16229,0.04005,Recommended
32,guarana drinks,650,16229,0.04005,Recommended
32,lagers,644,16229,0.03968,Some use this
32,de-alcoholised drinks,643,16229,0.03962,Some use this
32,bottled water,637,16229,0.03925,Some use this
32,soft drinks for energy supply,636,16229,0.03919,Some use this
32,non-alcoholic fruit extracts,618,16229,0.03808,Some use this
32,water,615,16229,0.0379,Some use this
32,sparkling water,610,16229,0.03759,Some use this
32,carbonated water,606,16229,0.03734,Some use this
32,flavored beers,606,16229,0.03734,Some use this
32,frozen fruit-based drinks,596,16229,0.03672,Some use this
32,syrups and other preparations for making non-alcoholic beverages,592,16229,0.03648,Some use this
32,squashes [non-alcoholic beverages],590,16229,0.03635,Some use this
32,non-alcoholic cocktail mixes,586,16229,0.03611,Some use this
32,syrups for making non-alcoholic beverages,585,16229,0.03605,Some use this
32,alcohol free wine,578,16229,0.03562,Some use this
32,mineral and aerated waters and other non-alcoholic beverages,576,16229,0.03549,Some use this
32,beer wort,574,16229,0.03537,Some use this
32,kvass [non-alcoholic beverage],573,16229,0.03531,Some use this
32,waters,573,16229,0.03531,Some use this
32,barley wine [beer],572,16229,0.03525,Some use this
32,stout,571,16229,0.03518,Some use this
32,iced fruit beverages,570,16229,0.03512,Some use this
32,fruit smoothies,560,16229,0.03451,Some use this
32,honey-based beverages (non-alcoholic -),559,16229,0.03444,Some use this
32,low calorie soft drinks,556,16229,0.03426,Some use this
32,coffee-flavored soft drinks,550,16229,0.03389,Some use this
32,seltzer water,542,16229,0.0334,Some use this
32,drinking mineral water,540,16229,0.03327,Some use this
32,syrups for making soft drinks,540,16229,0.03327,Some use this
32,alcohol free cider,533,16229,0.03284,Some use this
32,lemonades,532,16229,0.03278,Some use this
32,vitamin fortified non-alcoholic beverages,528,16229,0.03253,Some use this
32,non-alcoholic syrups for making beverages,520,16229,0.03204,Some use this
32,"fruit nectars, non-alcoholic",518,16229,0.03192,Some use this
32,non-alcoholic drinks enriched with vitamins and mineral salts,502,16229,0.03093,Some use this
32,apple juice beverages,501,16229,0.03087,Some use this
32,black beer [toasted-malt beer],496,16229,0.03056,Some use this
32,sherbets [beverages],496,16229,0.03056,Some use this
32,coffee-flavored beer,492,16229,0.03032,Some use this
32,de-alcoholized beer,487,16229,0.03001,Some use this
32,de-alcoholised beer,485,16229,0.02988,Some use this
32,mineral and aerated waters and other non-alcoholic drinks,484,16229,0.02982,Some use this
32,tonic water,484,16229,0.02982,Some use this
32,distilled drinking water,481,16229,0.02964,Some use this
32,powders for effervescing beverages,479,16229,0.02952,Some use this
32,black beer,476,16229,0.02933,Some use this
32,sorbets [beverages],475,16229,0.02927,Some use this
32,"aloe vera drinks, non-alcoholic",472,16229,0.02908,Some use this
32,non-alcoholic beer-based cocktails,472,16229,0.02908,Some use this
32,de-alcoholized drinks,468,16229,0.02884,Some use this
32,frozen carbonated beverages,464,16229,0.02859,Some use this
32,saison beer,464,16229,0.02859,Some use this
32,bock beer,463,16229,0.02853,Some use this
32,non-alcoholic dried fruit beverages,462,16229,0.02847,Some use this
32,non-alcoholic beverages containing vegetable juices,461,16229,0.02841,Some use this
32,drinking spring water,457,16229,0.02816,Some use this
32,imitation beer,454,16229,0.02797,Some use this
32,non-alcoholic cocktail bases,453,16229,0.02791,Some use this
32,"aperitifs, non-alcoholic",446,16229,0.02748,Some use this
32,purified drinking water,446,16229,0.02748,Some use this
32,beverages consisting of a blend of fruit and vegetable juices,441,16229,0.02717,Some use this
32,vegetable juices,429,16229,0.02643,Some use this
32,essences for making beverages,424,16229,0.02613,Some use this
32,non-alcoholic preparations for making beverages,418,16229,0.02576,Some use this
32,shandy,418,16229,0.02576,Some use this
32,pastilles for effervescing beverages,417,16229,0.02569,Some use this
32,pineapple juice beverages,417,16229,0.02569,Some use this
32,syrups used in the preparation of soft drinks,417,16229,0.02569,Some use this
32,ginger ale,414,16229,0.02551,Some use this
32,sherbet beverages,413,16229,0.02545,Some use this
32,fruit nectars,410,16229,0.02526,Some use this
32,mineral waters,410,16229,0.02526,Some use this
32,vegetable juice,410,16229,0.02526,Some use this
32,root beer,409,16229,0.0252,Some use this
32,tomato juice [beverage],409,16229,0.0252,Some use this
32,mixed fruit juice,408,16229,0.02514,Some use this
32,syrups for making fruit-flavored drinks,408,16229,0.02514,Some use this
32,spring water,404,16229,0.02489,Some use this
32,fruit juice concentrates,403,16229,0.02483,Some use this
32,grape juice beverages,400,16229,0.02465,Some use this
32,extracts of hops for making beer,398,16229,0.02452,Some use this
32,malt syrup for beverages,396,16229,0.0244,Some use this
32,non-alcoholic cordials,389,16229,0.02397,Some use this
32,ginger juice beverages,386,16229,0.02378,Some use this
32,coconut water as a beverage,382,16229,0.02354,Some use this
32,nutritionally fortified beverages,382,16229,0.02354,Some use this
32,porter,380,16229,0.02341,Some use this
32,root beers,371,16229,0.02286,Some use this
32,concentrates for use in the preparation of soft drinks,370,16229,0.0228,Some use this
32,non-alcoholic essences for making beverages,370,16229,0.0228,Some use this
32,mixed fruit juices,358,16229,0.02206,Some use this
32,coconut water,357,16229,0.022,Some use this
32,drinking waters,357,16229,0.022,Some use this
32,fruit squashes,354,16229,0.02181,Some use this
32,frozen fruit beverages,349,16229,0.0215,Some use this
32,preparations for making non-alcoholic beverages,349,16229,0.0215,Some use this
32,cordials,348,16229,0.02144,Some use this
32,"smoothies [fruit beverages, fruit predominating]",347,16229,0.02138,Some use this
32,fruit juice for use as beverages,345,16229,0.02126,Some use this
32,juice (fruit -),341,16229,0.02101,Some use this
32,aerated fruit juices,340,16229,0.02095,Some use this
32,organic fruit juice,340,16229,0.02095,Some use this
32,aloe juice beverages,336,16229,0.0207,Some use this
32,orange juice beverages,334,16229,0.02058,Some use this
32,orange juice,333,16229,0.02052,Some use this
32,powders used in the preparation of fruit-based drinks,332,16229,0.02046,Some use this
32,vegetable-based beverages,332,16229,0.02046,Some use this
32,vitamin enriched sparkling water [beverages],332,16229,0.02046,Some use this
32,concentrated fruit juice,331,16229,0.0204,Some use this
32,green vegetable juice beverages,327,16229,0.02015,Some use this
32,vegetable juices [beverage],327,16229,0.02015,Some use this
32,hop extracts for manufacturing beer,326,16229,0.02009,Some use this
32,pale ale,321,16229,0.01978,Some use this
32,hops (extracts of -) for making beer,320,16229,0.01972,Some use this
32,coconut water as beverage,317,16229,0.01953,Some use this
32,table waters,317,16229,0.01953,Some use this
32,frozen fruit-based beverages,316,16229,0.01947,Some use this
32,powders used in the preparation of soft drinks,316,16229,0.01947,Some use this
32,powders for the preparation of beverages,315,16229,0.01941,Some use this
32,cordials [non-alcoholic],313,16229,0.01929,Some use this
32,coconut-based beverages,312,16229,0.01922,Some use this
32,extracts for making non-alcoholic beverages,310,16229,0.0191,Some use this
32,part frozen slush drinks,307,16229,0.01892,Some use this
32,tomato juice beverages,307,16229,0.01892,Some use this
32,alcohol free aperitifs,305,16229,0.01879,Some use this
32,non-alcoholic fruit extracts used in the preparation of beverages,302,16229,0.01861,Some use this
32,vegetable smoothies,302,16229,0.01861,Some use this
32,concentrated fruit juices,297,16229,0.0183,Some use this
32,concentrates for making fruit drinks,297,16229,0.0183,Some use this
32,carbonated mineral water,296,16229,0.01824,Some use this
32,aerated waters,295,16229,0.01818,Some use this
32,fruit juice bases,292,16229,0.01799,Some use this
32,energy drinks [not for medical purposes],285,16229,0.01756,Some use this
32,aerated water [soda water],284,16229,0.0175,Some use this
32,coconut juice,284,16229,0.0175,Some use this
32,aerated juices,274,16229,0.01688,Some use this
32,non-alcoholic fruit vinegar beverages,270,16229,0.01664,Some use this
32,concentrates for making fruit juices,268,16229,0.01651,Some use this
32,mango juice,265,16229,0.01633,Some use this
32,beers enriched with minerals,263,16229,0.01621,Some use this
32,beverages (whey -),259,16229,0.01596,Some use this
32,powders for making soft drinks,258,16229,0.0159,Some use this
32,coffee-flavored ale,257,16229,0.01584,Some use this
32,red ginseng juice beverages,252,16229,0.01553,Some use this
32,essences for making non-alcoholic beverages,249,16229,0.01534,Some use this
32,grape juice,249,16229,0.01534,Some use this
32,flavoured mineral water,248,16229,0.01528,Some use this
32,powders used in the preparation of fruit-based beverages,248,16229,0.01528,Some use this
32,lemonade,246,16229,0.01516,Some use this
32,powders used in the preparation of coconut water drinks,245,16229,0.0151,Some use this
32,malt wort,244,16229,0.01503,Some use this
32,lithia water,243,16229,0.01497,Some use this
32,beverages consisting principally of fruit juices,242,16229,0.01491,Some use this
32,cranberry juice,242,16229,0.01491,Some use this
32,non-alcoholic fruit punch,241,16229,0.01485,Some use this
32,carbonated waters,240,16229,0.01479,Some use this
32,non alcoholic aperitifs,239,16229,0.01473,Some use this
32,still water,238,16229,0.01467,Some use this
32,watermelon juice,237,16229,0.0146,Some use this
32,extracts for making beverages,234,16229,0.01442,Some use this
32,ipa (indian pale ale),234,16229,0.01442,Some use this
32,syrups for lemonade,231,16229,0.01423,Some use this
32,guava juice,230,16229,0.01417,Some use this
32,smoked plum juice beverages,229,16229,0.01411,Some use this
32,tonic water [non-medicated beverages],227,16229,0.01399,Some use this
32,fruit extracts (non-alcoholic -),224,16229,0.0138,Some use this
32,pomegranate juice,224,16229,0.0138,Some use this
32,functional water-based beverages,223,16229,0.01374,Some use this
32,concentrates used in the preparation of soft drinks,221,16229,0.01362,Some use this
32,nut and soy based beverages,221,16229,0.01362,Some use this
32,blackcurrant juice,218,16229,0.01343,Some use this
32,grapefruit juice,215,16229,0.01325,Some use this
32,"nectars (fruit -), non-alcoholic",214,16229,0.01319,Some use this
33,wine,3015,14364,0.2099,Most use this
33,alcoholic beverages (except beer),2514,14364,0.17502,Most use this
33,alcoholic beverages (except beers),2372,14364,0.16514,Most use this
33,spirits,2232,14364,0.15539,Most use this
33,liqueurs,2225,14364,0.1549,Most use this
33,"alcoholic beverages, except beer",2188,14364,0.15233,Most use this
33,whisky,2132,14364,0.14843,Most use this
33,alcoholic cocktails,2066,14364,0.14383,Most use this
33,wines,2054,14364,0.143,Most use this
33,vodka,2039,14364,0.14195,Most use this
33,alcoholic preparations for making beverages,1753,14364,0.12204,Most use this
33,cocktails,1734,14364,0.12072,Most use this
33,pre-mixed alcoholic beverages,1601,14364,0.11146,Recommended
33,spirits [beverages],1515,14364,0.10547,Recommended
33,distilled beverages,1459,14364,0.10157,Recommended
33,alcoholic wines,1418,14364,0.09872,Recommended
33,alcoholic fruit cocktail drinks,1374,14364,0.09566,Recommended
33,brandy,1296,14364,0.09023,Recommended
33,distilled spirits,1272,14364,0.08855,Recommended
33,alcoholic cocktail mixes,1259,14364,0.08765,Recommended
33,alcoholic beverages except beers,1256,14364,0.08744,Recommended
33,low alcoholic drinks,1226,14364,0.08535,Recommended
33,alcoholic beverages containing fruit,1223,14364,0.08514,Recommended
33,sparkling wines,1211,14364,0.08431,Recommended
33,prepared alcoholic cocktails,1205,14364,0.08389,Recommended
33,"alcoholic beverages, except beers",1192,14364,0.08299,Recommended
33,cider,1185,14364,0.0825,Recommended
33,rum [alcoholic beverage],1183,14364,0.08236,Recommended
33,alcoholic fruit beverages,1099,14364,0.07651,Recommended
33,sparkling wine,1071,14364,0.07456,Recommended
33,"beverages (alcoholic -), except beer",1048,14364,0.07296,Recommended
33,alcoholic beverages [except beers],1031,14364,0.07178,Recommended
33,"alcoholic carbonated beverages, except beer",1004,14364,0.0699,Recommended
33,whiskey,947,14364,0.06593,Recommended
33,alcoholic essences,941,14364,0.06551,Recommended
33,wine-based drinks,940,14364,0.06544,Recommended
33,alcoholic extracts,919,14364,0.06398,Recommended
33,alcoholic energy drinks,906,14364,0.06307,Recommended
33,red wine,905,14364,0.063,Recommended
33,white wine,898,14364,0.06252,Recommended
33,wine-based beverages,891,14364,0.06203,Recommended
33,preparations for making alcoholic beverages,890,14364,0.06196,Recommended
33,alcoholic beverages of fruit,845,14364,0.05883,Recommended
33,alcoholic bitters,837,14364,0.05827,Recommended
33,alcoholic cordials,835,14364,0.05813,Recommended
33,alcoholic beverages,820,14364,0.05709,Recommended
33,alcoholic aperitifs,777,14364,0.05409,Recommended
33,grain-based distilled alcoholic beverages,763,14364,0.05312,Recommended
33,aperitifs,742,14364,0.05166,Recommended
33,alcoholic tea-based beverage,739,14364,0.05145,Recommended
33,rose wines,732,14364,0.05096,Recommended
33,beverages containing wine [spritzers],729,14364,0.05075,Recommended
33,rum-based beverages,724,14364,0.0504,Recommended
33,whiskey [whisky],721,14364,0.05019,Recommended
33,cordials [alcoholic beverages],717,14364,0.04992,Recommended
33,low-alcoholic wine,717,14364,0.04992,Recommended
33,alcoholic coffee-based beverage,710,14364,0.04943,Recommended
33,fortified wines,710,14364,0.04943,Recommended
33,aperitifs with a distilled alcoholic liquor base,708,14364,0.04929,Recommended
33,malt whisky,706,14364,0.04915,Recommended
33,alcoholic punches,687,14364,0.04783,Recommended
33,prepared wine cocktails,653,14364,0.04546,Recommended
33,wine coolers [drinks],653,14364,0.04546,Recommended
33,white wines,645,14364,0.0449,Recommended
33,alcoholic cocktails containing milk,644,14364,0.04483,Recommended
33,still wine,641,14364,0.04463,Recommended
33,red wines,635,14364,0.04421,Recommended
33,digestifs [liqueurs and spirits],629,14364,0.04379,Recommended
33,sugarcane-based alcoholic beverages,619,14364,0.04309,Recommended
33,blended whisky,608,14364,0.04233,Recommended
33,alcoholic aperitif bitters,606,14364,0.04219,Recommended
33,rice alcohol,572,14364,0.03982,Some use this
33,grape wine,563,14364,0.0392,Some use this
33,fruit wine,549,14364,0.03822,Some use this
33,beverages (distilled -),545,14364,0.03794,Some use this
33,dessert wines,542,14364,0.03773,Some use this
33,"fruit extracts, alcoholic",542,14364,0.03773,Some use this
33,fruit (alcoholic beverages containing -),522,14364,0.03634,Some use this
33,sweet wine,519,14364,0.03613,Some use this
33,table wines,513,14364,0.03571,Some use this
33,perry,492,14364,0.03425,Some use this
33,sparkling white wines,492,14364,0.03425,Some use this
33,mulled wines,483,14364,0.03363,Some use this
33,nira [sugarcane-based alcoholic beverage],481,14364,0.03349,Some use this
33,bitters,478,14364,0.03328,Some use this
33,natural sparkling wines,473,14364,0.03293,Some use this
33,sparkling grape wine,469,14364,0.03265,Some use this
33,sweet wines,466,14364,0.03244,Some use this
33,sparkling red wines,460,14364,0.03202,Some use this
33,baijiu [chinese distilled alcoholic beverage],455,14364,0.03168,Some use this
33,aperitif wines,452,14364,0.03147,Some use this
33,ciders,449,14364,0.03126,Some use this
33,mulled wine,449,14364,0.03126,Some use this
33,naturally sparkling wines,433,14364,0.03014,Some use this
33,wine-based aperitifs,425,14364,0.02959,Some use this
33,sake,410,14364,0.02854,Some use this
33,sparkling fruit wine,403,14364,0.02806,Some use this
33,alcopops,389,14364,0.02708,Some use this
33,alcoholic fruit extracts,384,14364,0.02673,Some use this
33,digesters [liqueurs and spirits],379,14364,0.02639,Some use this
33,tequila,375,14364,0.02611,Some use this
33,cooking wine,374,14364,0.02604,Some use this
33,wine punch,372,14364,0.0259,Some use this
33,rum punch,350,14364,0.02437,Some use this
33,coffee-based liqueurs,349,14364,0.0243,Some use this
33,alcoholic jellies,336,14364,0.02339,Some use this
33,alcohol (rice -),327,14364,0.02277,Some use this
33,alcoholic seltzers,326,14364,0.0227,Some use this
33,alcoholic cocktails in the form of chilled gelatins,319,14364,0.02221,Some use this
33,strawberry wine,307,14364,0.02137,Some use this
33,"flavoured brewed alcoholic malt beverages, except beers",304,14364,0.02116,Some use this
33,schnapps,304,14364,0.02116,Some use this
33,flavored tonic liquors,299,14364,0.02082,Some use this
33,cream liqueurs,297,14364,0.02068,Some use this
33,dry cider,295,14364,0.02054,Some use this
33,fermented spirit,281,14364,0.01956,Some use this
33,sweet cider,279,14364,0.01942,Some use this
33,vermouth,278,14364,0.01935,Some use this
33,peppermint liqueurs,277,14364,0.01928,Some use this
33,spirits and liqueurs,272,14364,0.01894,Some use this
33,extracts of spiritous liquors,266,14364,0.01852,Some use this
33,potable spirits,266,14364,0.01852,Some use this
33,herb liqueurs,262,14364,0.01824,Some use this
33,"flavored brewed alcoholic malt beverages, except beers",261,14364,0.01817,Some use this
33,yellow rice wine,257,14364,0.01789,Some use this
33,blackberry wine,252,14364,0.01754,Some use this
33,aguardiente [sugarcane spirits],250,14364,0.0174,Some use this
33,absinthe,242,14364,0.01685,Some use this
33,anisette [liqueur],238,14364,0.01657,Some use this
33,ginseng liquor,229,14364,0.01594,Some use this
33,kirsch,223,14364,0.01552,Some use this
33,sugar cane juice rum,223,14364,0.01552,Some use this
33,cooking brandy,221,14364,0.01539,Some use this
33,shochu (spirits),219,14364,0.01525,Some use this
33,distilled spirits of rice (awamori),216,14364,0.01504,Some use this
33,distilled rice spirits [awamori],209,14364,0.01455,Some use this
33,korean distilled spirits (soju),207,14364,0.01441,Some use this
33,alcoholic egg nog,206,14364,0.01434,Some use this
33,rum infused with vitamins,206,14364,0.01434,Some use this
33,scotch whisky,203,14364,0.01413,Some use this
33,sangria,199,14364,0.01385,Some use this
33,anise [liqueur],197,14364,0.01371,Some use this
33,black raspberry wine (bokbunjaju),190,14364,0.01323,Some use this
33,blackcurrant liqueur,182,14364,0.01267,Some use this
33,cachaca,176,14364,0.01225,Some use this
33,spirits and liquors,170,14364,0.01184,Some use this
33,wines of protected appellation of origin,169,14364,0.01177,Some use this
33,canadian whisky,164,14364,0.01142,Some use this
33,cherry brandy,161,14364,0.01121,Some use this
33,acanthopanax wine (ogapiju),160,14364,0.01114,Some use this
33,korean traditional rice wine (makgeoli),160,14364,0.01114,Some use this
33,wines of protected geographical indication,159,14364,0.01107,Some use this
33,piquette,152,14364,0.01058,Some use this
33,tonic liquor flavored with japanese plum extracts (umeshu),151,14364,0.01051,Some use this
33,curacao,150,14364,0.01044,Some use this
33,sherry,143,14364,0.00996,Some use this
33,aquavit,141,14364,0.00982,Some use this
33,hydromel [mead],135,14364,0.0094,Some use this
33,chinese spirit of sorghum (gaolian-jiou),132,14364,0.00919,Some use this
33,anisette,131,14364,0.00912,Some use this
33,alcoholic essences and extracts,130,14364,0.00905,Some use this
33,sorghum-based chinese spirits,127,14364,0.00884,Some use this
33,tonic liquor flavored with pine needle extracts (matsuba-zake),122,14364,0.00849,Some use this
33,rice wine,121,14364,0.00842,Some use this
33,port,117,14364,0.00815,Some use this
33,soju,114,14364,0.00794,Some use this
33,spirits (beverages),112,14364,0.0078,Some use this
33,liquors,111,14364,0.00773,Some use this
33,gaolian-jiou [sorghum-based chinese spirits],110,14364,0.00766,Some use this
33,liqueurs containing cream,106,14364,0.00738,Some use this
33,bourbon whiskey,103,14364,0.00717,Some use this
33,calvados,103,14364,0.00717,Some use this
33,low alcohol cider,103,14364,0.00717,Some use this
33,japanese sweet grape wine containing extracts of ginseng and cinchona bark,100,14364,0.00696,Some use this
33,liquor-based aperitifs,97,14364,0.00675,Some use this
33,arrack,96,14364,0.00668,Some use this
33,japanese white liquor (shochu),96,14364,0.00668,Some use this
33,red ginseng liquor,96,14364,0.00668,Some use this
33,hulless barley liquor,94,14364,0.00654,Some use this
33,champagne,93,14364,0.00647,Some use this
33,grappa,92,14364,0.0064,Some use this
33,bourbon,88,14364,0.00613,Some use this
33,arrack [arak],87,14364,0.00606,Some use this
33,mead [hydromel],87,14364,0.00606,Some use this
33,japanese white liquor [shochu],86,14364,0.00599,Some use this
33,japanese liquor flavored with pine needle extracts,84,14364,0.00585,Some use this
33,tonic liquor containing herb extracts (homeishu),84,14364,0.00585,Some use this
33,fortified wine,83,14364,0.00578,Some use this
33,flavoured gin,82,14364,0.00571,Some use this
33,arak [arrack],75,14364,0.00522,Some use this
33,wines and sparkling wines,75,14364,0.00522,Some use this
33,hard seltzers,74,14364,0.00515,Some use this
33,port wines,74,14364,0.00515,Some use this
33,tonic liquor containing mamushi-snake extracts (mamushi-zake),70,14364,0.00487,Some use this
33,alcoholic beverages except beer,68,14364,0.00473,Some use this
33,alcoholic cider,67,14364,0.00466,Some use this
33,distilled alcoholic beverages,66,14364,0.00459,Some use this
33,low alcoholic wine,64,14364,0.00446,Some use this
33,mezcal,61,14364,0.00425,Some use this
33,sake substitutes,60,14364,0.00418,Some use this
33,cognac,59,14364,0.00411,Some use this
33,rose wine,59,14364,0.00411,Some use this
33,fruit wines,56,14364,0.0039,Some use this
33,digesters (liqueurs and spirits),54,14364,0.00376,Some use this
33,chinese brewed liquor (laojiou),53,14364,0.00369,Some use this
33,"wines, spirits and liqueurs",53,14364,0.00369,Some use this
33,spiced rum,52,14364,0.00362,Some use this
33,japanese sweet rice-based mixed liquor (shiro-zake),49,14364,0.00341,Some use this
33,mixed alcoholic drinks containing vodka,49,14364,0.00341,Some use this
33,arak,48,14364,0.00334,Some use this
33,flavoured tonic liquors,47,14364,0.00327,Some use this
33,alcoholic cocktails in the form of chilled gelatines,46,14364,0.0032,Some use this
33,chinese white liquor (baiganr),46,14364,0.0032,Some use this
33,alcoholic beverages containing vodka,45,14364,0.00313,Some use this
33,blended whiskey,45,14364,0.00313,Some use this
33,japanese liquor containing herb extracts,45,14364,0.00313,Some use this
33,rums,45,14364,0.00313,Some use this
33,"alcoholic beverages containing fruit, fruit juice or fruit essence",44,14364,0.00306,Some use this
33,japanese sweet rice-based mixed liquor [shiro-zake],44,14364,0.00306,Some use this
33,low alcohol drinks,43,14364,0.00299,Some use this
33,alcoholic carbonated drinks or beverages,42,14364,0.00292,Some use this
33,alcoholic cordials containing vodka,42,14364,0.00292,Some use this
33,alcoholic extracts containing vodka,42,14364,0.00292,Some use this
33,chinese mixed liquor (wujiapie-jiou),42,14364,0.00292,Some use this
33,vodka mixtures,42,14364,0.00292,Some use this
33,chinese white liquor [baiganr],41,14364,0.00285,Some use this
33,scotch,40,14364,0.00278,Some use this
33,whisky based liqueurs,40,14364,0.00278,Some use this
33,"alcoholic beverages containing vegetables, vegetable juice or vegetable essence",38,14364,0.00265,Some use this
33,alcoholic spirits,38,14364,0.00265,Some use this
33,japanese liquor flavored with japanese plum extracts,38,14364,0.00265,Some use this
33,rosé wine,38,14364,0.00265,Some use this
33,digestifs,37,14364,0.00258,Some use this
33,scotch whisky based liqueurs,37,14364,0.00258,Some use this
33,pre-mixed alcoholic cocktails,36,14364,0.00251,Some use this
33,liquor,35,14364,0.00244,Some use this
33,mead,35,14364,0.00244,Some use this
33,prepared alcoholic cocktail,35,14364,0.00244,Some use this
33,still wines,35,14364,0.00244,Some use this
34,electronic cigarettes,4141,6923,0.59815,Essential
34,liquid solutions for use in electronic cigarettes,2212,6923,0.31951,Essential
34,cigarettes,2049,6923,0.29597,Most use this
34,oral vaporizers for smokers,1892,6923,0.27329,Most use this
34,cigarette filters,1681,6923,0.24281,Most use this
34,liquids for electronic cigarettes,1678,6923,0.24238,Most use this
34,lighters for smokers,1633,6923,0.23588,Most use this
34,liquid nicotine solutions for use in electronic cigarettes,1607,6923,0.23212,Most use this
34,matches,1546,6923,0.22331,Most use this
34,tobacco,1479,6923,0.21364,Most use this
34,cigars,1461,6923,0.21104,Most use this
34,electronic cigarette atomizers,1428,6923,0.20627,Most use this
34,cartridges for electronic cigarettes,1351,6923,0.19515,Most use this
34,"cigarettes containing tobacco substitutes, not for medical purposes",1336,6923,0.19298,Most use this
34,cigarette cases,1293,6923,0.18677,Most use this
34,electronic cigarettes for use as an alternative to traditional cigarettes,1092,6923,0.15774,Most use this
34,electric cigarettes [electronic cigarettes],1082,6923,0.15629,Most use this
34,liquid for electronic cigarettes,1042,6923,0.15051,Most use this
34,electronic cigarette liquid [e-liquid] comprised of propylene glycol,1004,6923,0.14502,Most use this
34,electronic cigarette cartomizers,988,6923,0.14271,Most use this
34,electronic cigarette liquid [e-liquid] comprised of vegetable glycerin,956,6923,0.13809,Most use this
34,electronic cigarette cases,941,6923,0.13592,Most use this
34,electronic cigars,926,6923,0.13376,Most use this
34,refill cartridges for electronic cigarettes,916,6923,0.13231,Most use this
34,tobacco products,892,6923,0.12885,Most use this
34,liquid nicotine solutions for electronic cigarettes,877,6923,0.12668,Most use this
34,tobacco pipes,864,6923,0.1248,Most use this
34,smoking sets for electronic cigarettes,814,6923,0.11758,Recommended
34,herbs for smoking,792,6923,0.1144,Recommended
34,cigarette paper,768,6923,0.11093,Recommended
34,devices for heating tobacco for the purpose of inhalation,746,6923,0.10776,Recommended
34,cigarillos,736,6923,0.10631,Recommended
34,cigarette tubes,724,6923,0.10458,Recommended
34,tobacco pouches,717,6923,0.10357,Recommended
34,chewing tobacco,708,6923,0.10227,Recommended
34,tobacco substitutes (not for medical purposes),708,6923,0.10227,Recommended
34,electronic smoking pipes,703,6923,0.10155,Recommended
34,electronic nicotine inhalation devices,689,6923,0.09952,Recommended
34,electronic cigarette boxes,682,6923,0.09851,Recommended
34,cigarette holders,680,6923,0.09822,Recommended
34,tobacco products for the purpose of being heated,678,6923,0.09793,Recommended
34,"tobacco, raw or manufactured",677,6923,0.09779,Recommended
34,cigarette lighters,615,6923,0.08883,Recommended
34,smokeless cigarette vaporizer pipes,612,6923,0.0884,Recommended
34,cases for electronic cigarettes,597,6923,0.08623,Recommended
34,cigarettes containing tobacco substitutes,592,6923,0.08551,Recommended
34,snus without tobacco,584,6923,0.08436,Recommended
34,replaceable cartridges for electronic cigarettes,571,6923,0.08248,Recommended
34,cigarette tips,560,6923,0.08089,Recommended
34,snus with tobacco,549,6923,0.0793,Recommended
34,snus,544,6923,0.07858,Recommended
34,hookahs,541,6923,0.07815,Recommended
34,smokers' articles,539,6923,0.07786,Recommended
34,electronic devices for the inhalation of nicotine containing aerosol,531,6923,0.0767,Recommended
34,ashtrays for smokers,529,6923,0.07641,Recommended
34,electronic cigarette cleaners,524,6923,0.07569,Recommended
34,snuff,509,6923,0.07352,Recommended
34,electronic hookahs,497,6923,0.07179,Recommended
34,snuff with tobacco,467,6923,0.06746,Recommended
34,vaporizers for smoking purposes,466,6923,0.06731,Recommended
34,pipe tobacco,453,6923,0.06543,Recommended
34,tobacco free oral nicotine pouches [not for medical use],453,6923,0.06543,Recommended
34,tobacco tar for use in electronic cigarettes,432,6923,0.0624,Recommended
34,cigarette boxes,427,6923,0.06168,Recommended
34,pocket apparatus for rolling cigarettes,424,6923,0.06125,Recommended
34,inhalers for use as an alternative to tobacco cigarettes,418,6923,0.06038,Recommended
34,hand held machines for injecting tobacco into paper tubes,415,6923,0.05995,Recommended
34,holders for electronic cigarettes,413,6923,0.05966,Recommended
34,cigarette tobacco,411,6923,0.05937,Recommended
34,tobacco and tobacco substitutes,404,6923,0.05836,Recommended
34,snuff without tobacco,403,6923,0.05821,Recommended
34,tobacco free oral nicotine pouches (not for medical use),401,6923,0.05792,Recommended
34,tobacco substitutes,382,6923,0.05518,Recommended
34,tobacco jars,375,6923,0.05417,Recommended
34,smokers’ articles,366,6923,0.05287,Recommended
34,mouthpieces for cigarette holders,361,6923,0.05215,Recommended
34,"cigarettes, cigars, cigarillos and other ready-for-use smoking articles",356,6923,0.05142,Recommended
34,smoking tobacco,356,6923,0.05142,Recommended
34,hookah tobacco,354,6923,0.05113,Recommended
34,flavourings for tobacco,353,6923,0.05099,Recommended
34,smokeless tobacco,350,6923,0.05056,Recommended
34,shisha tobacco,348,6923,0.05027,Recommended
34,electronic shisha pipes,346,6923,0.04998,Recommended
34,cigar cases,345,6923,0.04983,Recommended
34,tobacco substitutes not for medical purposes,343,6923,0.04954,Recommended
34,tobacco and tobacco products (including substitutes),338,6923,0.04882,Recommended
34,flavored tobacco,326,6923,0.04709,Recommended
34,mouthpieces for cigarettes,317,6923,0.04579,Recommended
34,cigar lighters,313,6923,0.04521,Recommended
34,gas containers for cigar lighters,313,6923,0.04521,Recommended
34,ashtrays,312,6923,0.04507,Recommended
34,pipe racks for tobacco pipes,311,6923,0.04492,Recommended
34,smoking pipes,300,6923,0.04333,Recommended
34,cigarette papers,299,6923,0.04319,Recommended
34,pocket machines for rolling cigarettes,298,6923,0.04304,Recommended
34,"devices for extinguishing heated cigarettes, cigars and heated tobacco sticks",292,6923,0.04218,Recommended
34,menthol cigarettes,292,6923,0.04218,Recommended
34,tobacco substitutes for the purpose of inhalation,291,6923,0.04203,Recommended
34,lighters for smokers [cigarette lighters] [not for automobiles],288,6923,0.0416,Recommended
34,articles for use with tobacco,287,6923,0.04146,Recommended
34,electronic smoking devices,287,6923,0.04146,Recommended
34,cigars for use as an alternative to tobacco cigarettes,285,6923,0.04117,Recommended
34,tobacco containers and humidors,274,6923,0.03958,Some use this
34,cigar cutters,267,6923,0.03857,Some use this
34,devices and parts for devices for heating tobacco,267,6923,0.03857,Some use this
34,humidors,266,6923,0.03842,Some use this
34,pipes for smoking mentholated tobacco substitutes,264,6923,0.03813,Some use this
34,filter-tipped cigarettes,263,6923,0.03799,Some use this
34,cigar holders,257,6923,0.03712,Some use this
34,pipe cleaners for tobacco pipes,253,6923,0.03654,Some use this
34,pouches (tobacco -),249,6923,0.03597,Some use this
34,menthol pipe tobacco,243,6923,0.0351,Some use this
34,tea for smoking as a tobacco substitute,242,6923,0.03496,Some use this
34,mentholated tobacco,240,6923,0.03467,Some use this
34,devices for heating tobacco substitutes for the purpose of inhalation,236,6923,0.03409,Some use this
34,tobacco filters,236,6923,0.03409,Some use this
34,smokers (lighters for -),232,6923,0.03351,Some use this
34,snuff boxes,231,6923,0.03337,Some use this
34,spittoons for tobacco users,226,6923,0.03264,Some use this
34,shisha pipes,225,6923,0.0325,Some use this
34,electronic rechargeable cigarette cases,223,6923,0.03221,Some use this
34,hand-rolling tobacco,223,6923,0.03221,Some use this
34,roll-your-own tobacco,222,6923,0.03207,Some use this
34,humidifiers for tobacco,220,6923,0.03178,Some use this
34,tobacco tins,217,6923,0.03134,Some use this
34,hemp for smoking,211,6923,0.03048,Some use this
34,smoking pipe cleaners,206,6923,0.02976,Some use this
34,tobacco powder,203,6923,0.02932,Some use this
34,portable cigarette ash pouches,202,6923,0.02918,Some use this
34,tobacco pipe cleaners,195,6923,0.02817,Some use this
34,books of cigarette papers,194,6923,0.02802,Some use this
34,tips of yellow amber for cigar and cigarette holders,190,6923,0.02744,Some use this
34,absorbent paper for tobacco pipes,189,6923,0.0273,Some use this
34,cigarette rolling papers,188,6923,0.02716,Some use this
34,cigarette rolling machines,185,6923,0.02672,Some use this
34,roll your own tobacco,185,6923,0.02672,Some use this
34,pouches for tobacco,184,6923,0.02658,Some use this
34,"tobacco substitutes, none being for medicinal or curative purposes",181,6923,0.02614,Some use this
34,filters for tobacco products,178,6923,0.02571,Some use this
34,filters (cigarette -),176,6923,0.02542,Some use this
34,cigar pouches,174,6923,0.02513,Some use this
34,cigarette packets,174,6923,0.02513,Some use this
34,filter tips,167,6923,0.02412,Some use this
34,cigar humidifiers,166,6923,0.02398,Some use this
34,electronic cigarettes as substitute for traditional cigarettes,166,6923,0.02398,Some use this
34,cigarette lighter holders,162,6923,0.0234,Some use this
34,pipes (tobacco -),162,6923,0.0234,Some use this
34,wicks adapted for cigarette lighters,162,6923,0.0234,Some use this
34,electronic cigarettes and oral vaporizers for smokers,161,6923,0.02326,Some use this
34,flavourings for use in electronic cigarettes,161,6923,0.02326,Some use this
34,wired vaporizer for electronic cigarettes and electronic smoking devices,158,6923,0.02282,Some use this
34,cigarette cutters,157,6923,0.02268,Some use this
34,matchboxes,156,6923,0.02253,Some use this
34,"tobacco, whether manufactured or unmanufactured",156,6923,0.02253,Some use this
34,cigar filters,155,6923,0.02239,Some use this
34,cigar tubes,150,6923,0.02167,Some use this
34,gas containers for cigarette lighters,150,6923,0.02167,Some use this
34,cigar lighters (gas containers for -),149,6923,0.02152,Some use this
34,tobacco substitute,149,6923,0.02152,Some use this
34,leaf tobacco,148,6923,0.02138,Some use this
34,firestones for lighters for smokers,147,6923,0.02123,Some use this
34,"oral vaporising devices for smokers, tobacco products and tobacco substitutes",147,6923,0.02123,Some use this
34,smoker's articles for electronic cigarettes,146,6923,0.02109,Some use this
34,filter tips for cigarettes,143,6923,0.02066,Some use this
34,cigarette ash receptacles,138,6923,0.01993,Some use this
34,cigar clippers,137,6923,0.01979,Some use this
34,humidified cigar boxes,135,6923,0.0195,Some use this
34,cigar boxes,133,6923,0.01921,Some use this
34,humidifiers for cigars,133,6923,0.01921,Some use this
34,manufactured tobacco,133,6923,0.01921,Some use this
34,"vaporising devices for tobacco, tobacco products and tobacco substitutes",133,6923,0.01921,Some use this
34,herbal molasses [tobacco substitutes],132,6923,0.01907,Some use this
34,rolling tobacco,132,6923,0.01907,Some use this
34,tobacco cases,132,6923,0.01907,Some use this
34,cases (cigarette -),130,6923,0.01878,Some use this
34,lighters,128,6923,0.01849,Some use this
34,cigarettes and cigars,127,6923,0.01834,Some use this
34,electronic tobacco pipes,126,6923,0.0182,Some use this
34,tobacco spittoons,126,6923,0.0182,Some use this
34,cigarette lighters of precious metal,122,6923,0.01762,Some use this
34,"flavorings, for use in electronic cigarettes",121,6923,0.01748,Some use this
34,tobacco storage tins,120,6923,0.01733,Some use this
34,cigarette holders (mouthpieces for -),118,6923,0.01704,Some use this
34,"loose, rolling and pipe tobacco",118,6923,0.01704,Some use this
34,absorbent paper for tobacco,116,6923,0.01676,Some use this
34,hand-held machines for making cigarettes,116,6923,0.01676,Some use this
34,raw tobacco,116,6923,0.01676,Some use this
34,tips (cigarette -),115,6923,0.01661,Some use this
34,firestones,114,6923,0.01647,Some use this
34,liquefied gas cylinders for cigarette lighters,112,6923,0.01618,Some use this
34,smoking urns,112,6923,0.01618,Some use this
34,match holders,109,6923,0.01574,Some use this
34,tobacco pipe scrapers,109,6923,0.01574,Some use this
34,asian long tobacco pipes (kiseru),104,6923,0.01502,Some use this
34,japanese shredded tobacco (kizami tobacco),104,6923,0.01502,Some use this
34,"cigarette lighters, not of precious metal",99,6923,0.0143,Some use this
34,pipes,97,6923,0.01401,Some use this
34,smoker`s articles for electronic cigarettes,96,6923,0.01387,Some use this
34,asian long tobacco pipe sheaths,95,6923,0.01372,Some use this
34,asian long tobacco pipes [kiseru],93,6923,0.01343,Some use this
34,tipping paper for cigarettes,93,6923,0.01343,Some use this
34,"tobacco pipes, not of precious metal",93,6923,0.01343,Some use this
34,kiseru [long japanese tobacco pipes],89,6923,0.01286,Some use this
34,tobacco pipes of precious metal,87,6923,0.01257,Some use this
34,devices and parts for devices for heating tobacco substitutes,85,6923,0.01228,Some use this
34,electronic smokers' pipes,85,6923,0.01228,Some use this
34,ready-made cigarette tubes with filters,82,6923,0.01184,Some use this
34,automatic cigarette cases,81,6923,0.0117,Some use this
34,yellow amber (tips of -) for cigar and cigarette holders,81,6923,0.0117,Some use this
34,cigarette papers (books of -),80,6923,0.01156,Some use this
34,cigarette lighter holders of precious metal,75,6923,0.01083,Some use this
34,cigarette lighters not for land vehicles,75,6923,0.01083,Some use this
34,cigarettes (pocket machines for rolling -),75,6923,0.01083,Some use this
34,matches and smokers' articles,75,6923,0.01083,Some use this
34,tobacco whether manufactured or unmanufactured,72,6923,0.0104,Some use this
34,cigarette holders of precious metal,68,6923,0.00982,Some use this
34,oral vaporizers for smoking purposes sold filled with vegetable glycerin,68,6923,0.00982,Some use this
34,steam stones for hookahs,68,6923,0.00982,Some use this
34,containers for cigars,67,6923,0.00968,Some use this
34,match boxes,67,6923,0.00968,Some use this
34,cigarette boxes of precious metal,66,6923,0.00953,Some use this
34,cartridges sold filled with vegetable glycerin for electronic cigarettes,65,6923,0.00939,Some use this
34,electronic cigarette liquids,65,6923,0.00939,Some use this
34,electronic cigarette mouthpieces,65,6923,0.00939,Some use this
34,cases for electronic cigarettes and electronic cigarette accessories,64,6923,0.00924,Some use this
34,"cigarette lighter holders, not of precious metal",64,6923,0.00924,Some use this
34,pipe stands [smokers requisites],62,6923,0.00896,Some use this
34,cigarette holders not of precious metal,60,6923,0.00867,Some use this
34,replacement and structural parts for electronic cigarettes,60,6923,0.00867,Some use this
34,pocket cigarette-rolling machines,59,6923,0.00852,Some use this
34,safety matches,59,6923,0.00852,Some use this
34,flints for lighters,58,6923,0.00838,Some use this
34,cigarette cases made of precious metal,57,6923,0.00823,Some use this
34,cigarette cases not of precious metal,57,6923,0.00823,Some use this
34,pocket lighters not of precious metal,57,6923,0.00823,Some use this
34,ashtrays for smokers made of non-precious metals,56,6923,0.00809,Some use this
34,lighter flints,56,6923,0.00809,Some use this
34,small cigars,56,6923,0.00809,Some use this
34,electronic smoking vaporizers,54,6923,0.0078,Some use this
34,apparatus for heating tobacco and tobacco products,53,6923,0.00766,Some use this
34,cigar lighters for smokers,53,6923,0.00766,Some use this
34,cigarette lighters for smokers,53,6923,0.00766,Some use this
34,smokers' articles for electronic cigarettes,53,6923,0.00766,Some use this
34,vaping devices,53,6923,0.00766,Some use this
34,"cartridges for electronic cigarettes, electronic cigars and electronic pipes",52,6923,0.00751,Some use this
34,electronic cigarette cartridges,52,6923,0.00751,Some use this
34,electronic pipes,52,6923,0.00751,Some use this
34,humidors for cigars of precious metal,52,6923,0.00751,Some use this
34,"liquids for electronic cigarettes, electronic cigars and electronic pipes",52,6923,0.00751,Some use this
34,pipe pouches,52,6923,0.00751,Some use this
34,"tobacco sticks, heated tobacco products, electronic devices that heat cigarettes",52,6923,0.00751,Some use this
34,personal vaporisers and electronic cigarettes,51,6923,0.00737,Some use this
34,"substances for inhalation using water pipes, in particular aromatic substances",51,6923,0.00737,Some use this
34,"inhalable aerosols and carrier substances therefor, for use in water pipes",50,6923,0.00722,Some use this
34,ashtrays of precious metal,49,6923,0.00708,Some use this
34,cutters (cigar -),49,6923,0.00708,Some use this
34,pipe cleaners,49,6923,0.00708,Some use this
34,pipe filters,49,6923,0.00708,Some use this
35,advertising,21742,138197,0.15733,Most use this
35,business management,14527,138197,0.10512,Recommended
35,business administration,12750,138197,0.09226,Recommended
35,marketing,11226,138197,0.08123,Recommended
35,office functions,10406,138197,0.0753,Recommended
35,"advertising, marketing and promotional services",7968,138197,0.05766,Recommended
35,marketing services,6298,138197,0.04557,Recommended
35,business consultancy,6193,138197,0.04481,Recommended
35,advertising and marketing,6032,138197,0.04365,Recommended
35,advertising services,5910,138197,0.04277,Recommended
35,online marketing,5531,138197,0.04002,Recommended
35,retail services connected with the sale of clothing and clothing accessories,5195,138197,0.03759,Some use this
35,advertising and marketing services,4911,138197,0.03554,Some use this
35,provision of an online marketplace for buyers and sellers of goods and services,4895,138197,0.03542,Some use this
35,online advertising,4839,138197,0.03502,Some use this
35,sales promotion for others,4836,138197,0.03499,Some use this
35,business management consultancy,4810,138197,0.03481,Some use this
35,business consultancy services,4726,138197,0.0342,Some use this
35,digital marketing,4572,138197,0.03308,Some use this
35,online ordering services,4340,138197,0.0314,Some use this
35,"presentation of goods on communication media, for retail purposes",4265,138197,0.03086,Some use this
35,promotional marketing,4165,138197,0.03014,Some use this
35,data processing,4122,138197,0.02983,Some use this
35,online retail services relating to clothing,4086,138197,0.02957,Some use this
35,marketing consultancy,4023,138197,0.02911,Some use this
35,"advertising, marketing and promotion services",3948,138197,0.02857,Some use this
35,advertising and marketing services provided by means of social media,3894,138197,0.02818,Some use this
35,advertising and marketing consultancy,3871,138197,0.02801,Some use this
35,online retail store services relating to clothing,3726,138197,0.02696,Some use this
35,business marketing consultancy,3723,138197,0.02694,Some use this
35,business marketing services,3678,138197,0.02661,Some use this
35,online advertising services,3672,138197,0.02657,Some use this
35,business consultancy and advisory services,3666,138197,0.02653,Some use this
35,"marketing, advertising and promotion services",3648,138197,0.0264,Some use this
35,business research,3598,138197,0.02604,Some use this
35,business consulting,3591,138197,0.02598,Some use this
35,marketing research,3576,138197,0.02588,Some use this
35,event marketing,3479,138197,0.02517,Some use this
35,online advertising on a computer network,3479,138197,0.02517,Some use this
35,"promotion, advertising and marketing of on-line websites",3432,138197,0.02483,Some use this
35,"advertising, promotional and marketing services",3411,138197,0.02468,Some use this
35,on-line advertising and marketing services,3401,138197,0.02461,Some use this
35,digital advertising services,3371,138197,0.02439,Some use this
35,professional business consultancy,3357,138197,0.02429,Some use this
35,marketing consulting,3254,138197,0.02355,Some use this
35,promotional services,3247,138197,0.0235,Some use this
35,market research,3246,138197,0.02349,Some use this
35,online retail store services in relation to clothing,3238,138197,0.02343,Some use this
35,business management and organization consultancy,3230,138197,0.02337,Some use this
35,business management services,3214,138197,0.02326,Some use this
35,retail services relating to clothing,3185,138197,0.02305,Some use this
35,product marketing,3153,138197,0.02282,Some use this
35,online retail services relating to cosmetics,3094,138197,0.02239,Some use this
35,business information,3078,138197,0.02227,Some use this
35,business management assistance,3060,138197,0.02214,Some use this
35,advertising and promotional services,3052,138197,0.02208,Some use this
35,retail services in relation to clothing,3046,138197,0.02204,Some use this
35,"marketing, advertising, and promotional services",3014,138197,0.02181,Some use this
35,online retail store services relating to cosmetic and beauty products,2941,138197,0.02128,Some use this
35,business marketing consulting services,2930,138197,0.0212,Some use this
35,business management consulting,2924,138197,0.02116,Some use this
35,business consulting services,2901,138197,0.02099,Some use this
35,influencer marketing,2899,138197,0.02098,Some use this
35,internet marketing,2897,138197,0.02096,Some use this
35,promotion [advertising] of business,2882,138197,0.02085,Some use this
35,online advertisements,2880,138197,0.02084,Some use this
35,recruitment services,2865,138197,0.02073,Some use this
35,"distribution of advertising, marketing and promotional material",2864,138197,0.02072,Some use this
35,business data analysis,2856,138197,0.02067,Some use this
35,compilation of information into computer databases,2845,138197,0.02059,Some use this
35,business networking services,2777,138197,0.02009,Some use this
35,strategic business consultancy,2775,138197,0.02008,Some use this
35,online business networking services,2754,138197,0.01993,Some use this
35,personnel management consultancy,2741,138197,0.01983,Some use this
35,online retail services relating to jewelry,2723,138197,0.0197,Some use this
35,public relations,2694,138197,0.01949,Some use this
35,rental of advertising space,2669,138197,0.01931,Some use this
35,advertising services for the promotion of e-commerce,2655,138197,0.01921,Some use this
35,commercial administration of the licensing of the goods and services of others,2631,138197,0.01904,Some use this
35,online retail services relating to toys,2627,138197,0.01901,Some use this
35,advertising agency services,2620,138197,0.01896,Some use this
35,advertising and publicity,2613,138197,0.01891,Some use this
35,demonstration of goods,2602,138197,0.01883,Some use this
35,online retail services relating to handbags,2598,138197,0.0188,Some use this
35,advertising and promotion services,2596,138197,0.01878,Some use this
35,"business assistance, management and administrative services",2587,138197,0.01872,Some use this
35,personnel recruitment,2577,138197,0.01865,Some use this
35,business advisory services,2560,138197,0.01852,Some use this
35,data management,2541,138197,0.01839,Some use this
35,business organization consultancy,2540,138197,0.01838,Some use this
35,promotional advertising services,2526,138197,0.01828,Some use this
35,business networking,2513,138197,0.01818,Some use this
35,advertising and advertisement services,2501,138197,0.0181,Some use this
35,television advertising,2497,138197,0.01807,Some use this
35,retail services relating to food,2490,138197,0.01802,Some use this
35,direct mail advertising,2477,138197,0.01792,Some use this
35,retail services in relation to fashion accessories,2459,138197,0.01779,Some use this
35,recruitment advertising,2452,138197,0.01774,Some use this
35,promotional and advertising services,2448,138197,0.01771,Some use this
35,retail services relating to jewelry,2438,138197,0.01764,Some use this
35,sales promotion,2433,138197,0.01761,Some use this
35,marketing agency services,2430,138197,0.01758,Some use this
35,advertising copywriting,2420,138197,0.01751,Some use this
35,database management,2418,138197,0.0175,Some use this
35,business information services,2415,138197,0.01748,Some use this
35,advertising and publicity services,2409,138197,0.01743,Some use this
35,business management and consultancy,2401,138197,0.01737,Some use this
35,providing marketing consulting in the field of social media,2382,138197,0.01724,Some use this
35,accounting,2363,138197,0.0171,Some use this
35,publicity and advertising,2346,138197,0.01698,Some use this
35,business management and consultancy services,2342,138197,0.01695,Some use this
35,import-export agency services,2340,138197,0.01693,Some use this
35,retail services in relation to bags,2340,138197,0.01693,Some use this
35,brand creation services (advertising and promotion),2330,138197,0.01686,Some use this
35,on-line advertising,2326,138197,0.01683,Some use this
35,public relations services,2326,138197,0.01683,Some use this
35,opinion polling,2312,138197,0.01673,Some use this
35,retail services in relation to clothing accessories,2296,138197,0.01661,Some use this
35,business advisory and consultancy services,2294,138197,0.0166,Some use this
35,management consulting,2291,138197,0.01658,Some use this
35,organization of exhibitions for commercial or advertising purposes,2275,138197,0.01646,Some use this
35,business strategy services,2271,138197,0.01643,Some use this
35,retail services in relation to footwear,2271,138197,0.01643,Some use this
35,targeted marketing,2252,138197,0.0163,Some use this
35,affiliate marketing,2248,138197,0.01627,Some use this
35,outdoor advertising,2244,138197,0.01624,Some use this
35,business management consultancy services,2206,138197,0.01596,Some use this
35,marketing studies,2177,138197,0.01575,Some use this
35,business auditing,2171,138197,0.01571,Some use this
35,business project management,2169,138197,0.01569,Some use this
35,management consultancy services,2162,138197,0.01564,Some use this
35,business organisation consultancy,2154,138197,0.01559,Some use this
35,consultancy (professional business -),2120,138197,0.01534,Some use this
35,retail services in relation to jewellery,2116,138197,0.01531,Some use this
35,dissemination of advertising matter,2111,138197,0.01528,Some use this
35,professional business consulting,2103,138197,0.01522,Some use this
35,"business management, organization and administration",2099,138197,0.01519,Some use this
35,retail store services in the field of clothing,2097,138197,0.01517,Some use this
35,providing business information via a website,2096,138197,0.01517,Some use this
35,"consultancy services relating to advertising, publicity and marketing",2094,138197,0.01515,Some use this
35,radio advertising,2094,138197,0.01515,Some use this
35,business management consultancy and advisory services,2092,138197,0.01514,Some use this
35,business marketing consultation services,2092,138197,0.01514,Some use this
35,compilation of statistics,2086,138197,0.01509,Some use this
35,price comparison services,2069,138197,0.01497,Some use this
35,business recruitment consultancy,2053,138197,0.01486,Some use this
35,business assistance,2049,138197,0.01483,Some use this
35,business advice,2046,138197,0.0148,Some use this
35,sponsorship search,2030,138197,0.01469,Some use this
35,business consultancy (professional -),2020,138197,0.01462,Some use this
35,business appraisals,2013,138197,0.01457,Some use this
35,business management of wholesale and retail outlets,2011,138197,0.01455,Some use this
35,direct marketing,2009,138197,0.01454,Some use this
35,marketing advice,2000,138197,0.01447,Some use this
35,advisory services for business management,1979,138197,0.01432,Some use this
35,business administration services,1964,138197,0.01421,Some use this
35,"loyalty, incentive and bonus program services",1960,138197,0.01418,Some use this
35,business management of retail outlets,1958,138197,0.01417,Some use this
35,modelling for advertising or sales promotion,1952,138197,0.01412,Some use this
35,business management and consulting,1949,138197,0.0141,Some use this
35,advertising planning,1942,138197,0.01405,Some use this
35,planning of marketing strategies,1936,138197,0.01401,Some use this
35,professional business consultancy services,1934,138197,0.01399,Some use this
35,employment agency services,1930,138197,0.01397,Some use this
35,mail order retail services for clothing,1914,138197,0.01385,Some use this
35,online retail services relating to luggage,1908,138197,0.01381,Some use this
35,advertising research,1902,138197,0.01376,Some use this
35,business administration consultancy,1898,138197,0.01373,Some use this
35,preparation of advertising campaigns,1892,138197,0.01369,Some use this
35,brand strategy services,1890,138197,0.01368,Some use this
35,copywriting for advertising and promotional purposes,1874,138197,0.01356,Some use this
35,recruitment consultancy services,1860,138197,0.01346,Some use this
35,database management services,1856,138197,0.01343,Some use this
35,promotional marketing services using audiovisual media,1851,138197,0.01339,Some use this
35,marketing information,1850,138197,0.01339,Some use this
35,business management and organisation consultancy,1848,138197,0.01337,Some use this
35,provision of business information,1836,138197,0.01329,Some use this
35,marketing analysis,1832,138197,0.01326,Some use this
35,business planning consultancy,1828,138197,0.01323,Some use this
35,business management and consulting services,1824,138197,0.0132,Some use this
35,retail services connected with stationery,1821,138197,0.01318,Some use this
35,business organisation and management consulting services,1819,138197,0.01316,Some use this
35,data processing services,1819,138197,0.01316,Some use this
35,publicity,1819,138197,0.01316,Some use this
35,market research services,1815,138197,0.01313,Some use this
35,business management consulting services,1807,138197,0.01308,Some use this
35,business organisation and management consulting,1806,138197,0.01307,Some use this
35,banner advertising,1801,138197,0.01303,Some use this
35,business organisation consulting,1795,138197,0.01299,Some use this
35,systemization of information into computer databases,1791,138197,0.01296,Some use this
35,direct marketing consulting,1790,138197,0.01295,Some use this
35,consultancy and advisory services in the field of business strategy,1772,138197,0.01282,Some use this
35,production of advertising films,1771,138197,0.01282,Some use this
35,distribution of samples,1768,138197,0.01279,Some use this
35,design of advertising brochures,1759,138197,0.01273,Some use this
35,market research for advertising,1746,138197,0.01263,Some use this
35,merchandising,1746,138197,0.01263,Some use this
35,creative marketing plan development services,1739,138197,0.01258,Some use this
35,mail order retail services for clothing accessories,1739,138197,0.01258,Some use this
35,business consultancy to firms,1736,138197,0.01256,Some use this
35,referral marketing,1735,138197,0.01255,Some use this
35,consultancy and advisory services for business management,1733,138197,0.01254,Some use this
35,provision of an on-line marketplace for buyers and sellers of goods and services,1731,138197,0.01253,Some use this
35,retail services in relation to toys,1731,138197,0.01253,Some use this
35,consultancy relating to marketing,1718,138197,0.01243,Some use this
35,corporate management consultancy,1711,138197,0.01238,Some use this
35,marketing research services,1711,138197,0.01238,Some use this
35,business planning,1710,138197,0.01237,Some use this
35,marketing consultation services,1703,138197,0.01232,Some use this
35,rental of advertising time on communication media,1688,138197,0.01221,Some use this
35,marketing advisory services,1678,138197,0.01214,Some use this
35,marketing management advice,1675,138197,0.01212,Some use this
35,business management and organisation consultancy services,1670,138197,0.01208,Some use this
35,database marketing,1668,138197,0.01207,Some use this
35,human resources management and recruitment services,1668,138197,0.01207,Some use this
35,marketing assistance,1662,138197,0.01203,Some use this
35,on-line advertising on a computer network,1651,138197,0.01195,Some use this
35,development of promotional campaigns,1645,138197,0.0119,Some use this
35,"dissemination of advertising, marketing and publicity materials",1635,138197,0.01183,Some use this
35,research services relating to advertising and marketing,1633,138197,0.01182,Some use this
35,retail services relating to furniture,1632,138197,0.01181,Some use this
35,business analysis,1631,138197,0.0118,Some use this
35,professional consultancy relating to marketing,1630,138197,0.01179,Some use this
35,providing online marketplaces for sellers of goods and or services,1623,138197,0.01174,Some use this
35,employment recruitment,1621,138197,0.01173,Some use this
35,retail services in relation to pet products,1619,138197,0.01172,Some use this
35,updating and maintenance of data in computer databases,1619,138197,0.01172,Some use this
35,direct market advertising,1618,138197,0.01171,Some use this
35,development of marketing concepts,1612,138197,0.01166,Some use this
35,publicity services,1610,138197,0.01165,Some use this
35,development of advertising concepts,1607,138197,0.01163,Some use this
35,advertising agencies,1602,138197,0.01159,Some use this
35,business promotion,1602,138197,0.01159,Some use this
35,design of advertising materials,1602,138197,0.01159,Some use this
35,business organization consulting,1597,138197,0.01156,Some use this
35,online community management services,1597,138197,0.01156,Some use this
35,advice in the field of business management and marketing,1596,138197,0.01155,Some use this
35,direct marketing services,1587,138197,0.01148,Some use this
35,consultancy relating to business management,1569,138197,0.01135,Some use this
35,publication of publicity texts,1566,138197,0.01133,Some use this
35,retail services relating to sporting goods,1566,138197,0.01133,Some use this
35,business management and organization consultancy services,1565,138197,0.01132,Some use this
35,design of advertising logos,1554,138197,0.01124,Some use this
35,business investigations,1550,138197,0.01122,Some use this
35,business project management services,1550,138197,0.01122,Some use this
35,employment consultancy,1545,138197,0.01118,Some use this
35,promotion of special events,1534,138197,0.0111,Some use this
35,sales promotion using audiovisual media,1533,138197,0.01109,Some use this
35,magazine advertising,1530,138197,0.01107,Some use this
35,business consultation,1529,138197,0.01106,Some use this
35,consultancy and advisory services relating to business management,1528,138197,0.01106,Some use this
35,search engine marketing services,1526,138197,0.01104,Some use this
35,computerized file management,1525,138197,0.01103,Some use this
35,mail order retail services for cosmetics,1523,138197,0.01102,Some use this
35,marketing research and analysis,1516,138197,0.01097,Some use this
35,retail services in relation to toiletries,1516,138197,0.01097,Some use this
35,business organization and management consulting,1515,138197,0.01096,Some use this
35,retail services in relation to furnishings,1514,138197,0.01096,Some use this
35,business research services,1512,138197,0.01094,Some use this
35,advertising and marketing services provided by means of blogging,1511,138197,0.01093,Some use this
35,promotion [advertising] of travel,1508,138197,0.01091,Some use this
35,consultancy regarding advertising communication strategies,1507,138197,0.0109,Some use this
35,financial marketing,1504,138197,0.01088,Some use this
35,retail services relating to bakery products,1504,138197,0.01088,Some use this
35,publicity and sales promotion services,1502,138197,0.01087,Some use this
35,planning services for advertising,1501,138197,0.01086,Some use this
35,consulting services in the field of internet marketing,1497,138197,0.01083,Some use this
35,business organisation and management consultancy,1494,138197,0.01081,Some use this
35,copywriting,1494,138197,0.01081,Some use this
35,retail services relating to home textiles,1490,138197,0.01078,Some use this
35,retail services in relation to furniture,1483,138197,0.01073,Some use this
35,collection of data,1480,138197,0.01071,Some use this
35,marketing analysis services,1475,138197,0.01067,Some use this
35,retail services in relation to coffee,1475,138197,0.01067,Some use this
35,advertising research services,1474,138197,0.01067,Some use this
35,retail services in relation to stationery supplies,1474,138197,0.01067,Some use this
35,advertising consultation,1468,138197,0.01062,Some use this
35,retail services in relation to headgear,1468,138197,0.01062,Some use this
35,retail services in relation to games,1466,138197,0.01061,Some use this
35,development of marketing strategies and concepts,1460,138197,0.01056,Some use this
35,graphic advertising services,1459,138197,0.01056,Some use this
35,retail services in relation to foodstuffs,1459,138197,0.01056,Some use this
35,retail services in relation to confectionery,1456,138197,0.01054,Some use this
35,auctioneering,1453,138197,0.01051,Some use this
35,accountancy,1451,138197,0.0105,Some use this
35,marketing forecasting,1449,138197,0.01049,Some use this
35,accounting services,1448,138197,0.01048,Some use this
35,providing business information in the field of social media,1445,138197,0.01046,Some use this
35,outsourcing services [business assistance],1444,138197,0.01045,Some use this
35,business strategy development services,1436,138197,0.01039,Some use this
35,online retail services for downloadable digital music,1432,138197,0.01036,Some use this
35,advertising analysis,1430,138197,0.01035,Some use this
35,advertising of business web sites,1426,138197,0.01032,Some use this
35,advertising services provided via the internet,1423,138197,0.0103,Some use this
35,consulting services relating to marketing,1421,138197,0.01028,Some use this
35,real estate marketing,1414,138197,0.01023,Some use this
35,"advertising, including on-line advertising on a computer network",1411,138197,0.01021,Some use this
35,business management organisation consultancy,1407,138197,0.01018,Some use this
35,advertising for others,1405,138197,0.01017,Some use this
36,financial services,7215,41753,0.1728,Most use this
36,insurance services,4600,41753,0.11017,Recommended
36,real estate affairs,3778,41753,0.09048,Recommended
36,financial affairs,3512,41753,0.08411,Recommended
36,monetary affairs,3444,41753,0.08249,Recommended
36,real estate services,3328,41753,0.07971,Recommended
36,insurance,3279,41753,0.07853,Recommended
36,investment services,3194,41753,0.0765,Recommended
36,real estate management,2657,41753,0.06364,Recommended
36,financial management,2638,41753,0.06318,Recommended
36,charitable fundraising,2254,41753,0.05398,Recommended
36,financial analysis,2147,41753,0.05142,Recommended
36,financial consultancy,2115,41753,0.05066,Recommended
36,property management,1919,41753,0.04596,Recommended
36,real estate agency services,1857,41753,0.04448,Recommended
36,financial sponsorship,1853,41753,0.04438,Recommended
36,electronic payment services,1816,41753,0.04349,Recommended
36,banking services,1809,41753,0.04333,Recommended
36,real estate and property management services,1659,41753,0.03973,Some use this
36,property portfolio management,1613,41753,0.03863,Some use this
36,investment management,1601,41753,0.03834,Some use this
36,rental of real estate,1595,41753,0.0382,Some use this
36,capital investment,1546,41753,0.03703,Some use this
36,rental of real estate and property,1546,41753,0.03703,Some use this
36,real estate property management,1541,41753,0.03691,Some use this
36,property management services,1512,41753,0.03621,Some use this
36,real estate investment,1511,41753,0.03619,Some use this
36,financial advisory services,1506,41753,0.03607,Some use this
36,charitable fundraising services,1495,41753,0.03581,Some use this
36,insurance brokerage,1494,41753,0.03578,Some use this
36,rental of property,1471,41753,0.03523,Some use this
36,financial investment services,1453,41753,0.0348,Some use this
36,financing services,1453,41753,0.0348,Some use this
36,financial information,1442,41753,0.03454,Some use this
36,finance services,1425,41753,0.03413,Some use this
36,charitable fund raising,1418,41753,0.03396,Some use this
36,real estate appraisal,1417,41753,0.03394,Some use this
36,real estate brokerage,1417,41753,0.03394,Some use this
36,leasing of real estate,1365,41753,0.03269,Some use this
36,"financial, monetary and banking services",1358,41753,0.03252,Some use this
36,financial management services,1349,41753,0.03231,Some use this
36,charitable collections,1338,41753,0.03205,Some use this
36,payment processing services,1334,41753,0.03195,Some use this
36,insurance underwriting,1324,41753,0.03171,Some use this
36,management of property,1324,41753,0.03171,Some use this
36,financial advice,1305,41753,0.03126,Some use this
36,banking,1275,41753,0.03054,Some use this
36,property (real estate -) management,1275,41753,0.03054,Some use this
36,financial planning services,1268,41753,0.03037,Some use this
36,financial investment,1257,41753,0.03011,Some use this
36,real estate consultancy,1257,41753,0.03011,Some use this
36,financial payment services,1252,41753,0.02999,Some use this
36,leasing of property,1246,41753,0.02984,Some use this
36,property (real estate -) investment,1229,41753,0.02944,Some use this
36,real estate management services,1203,41753,0.02881,Some use this
36,property investment services,1196,41753,0.02864,Some use this
36,financial research,1179,41753,0.02824,Some use this
36,mortgage services,1160,41753,0.02778,Some use this
36,electronic funds transfer,1135,41753,0.02718,Some use this
36,financial and monetary services,1127,41753,0.02699,Some use this
36,leasing of real estate property,1122,41753,0.02687,Some use this
36,e-wallet payment services,1108,41753,0.02654,Some use this
36,real estate investment services,1088,41753,0.02606,Some use this
36,asset management,1087,41753,0.02603,Some use this
36,financial information services,1080,41753,0.02587,Some use this
36,property leasing [real estate property only],1073,41753,0.0257,Some use this
36,real estate financing,1070,41753,0.02563,Some use this
36,property (real estate -) finance,1060,41753,0.02539,Some use this
36,property (real estate -) consultancy services,1058,41753,0.02534,Some use this
36,financial transaction services,1057,41753,0.02532,Some use this
36,"financial evaluation [insurance, banking, real estate]",1052,41753,0.0252,Some use this
36,investment management services,1041,41753,0.02493,Some use this
36,real property management,1027,41753,0.0246,Some use this
36,bill payment services,1023,41753,0.0245,Some use this
36,financial planning,1017,41753,0.02436,Some use this
36,fundraising and financial sponsorship,1013,41753,0.02426,Some use this
36,real estate agencies,1012,41753,0.02424,Some use this
36,insurance consultancy,1005,41753,0.02407,Some use this
36,fundraising,997,41753,0.02388,Some use this
36,real estate administration,976,41753,0.02338,Some use this
36,real estate agency,975,41753,0.02335,Some use this
36,investment advice,974,41753,0.02333,Some use this
36,investment of funds,971,41753,0.02326,Some use this
36,valuation of real estate property,969,41753,0.02321,Some use this
36,agency services for the leasing of real estate property,965,41753,0.02311,Some use this
36,real estate leasing,961,41753,0.02302,Some use this
36,"financial transfers and transactions, and payment services",957,41753,0.02292,Some use this
36,online banking,954,41753,0.02285,Some use this
36,fund investment services,953,41753,0.02282,Some use this
36,management of real estate,950,41753,0.02275,Some use this
36,financial investment management services,939,41753,0.02249,Some use this
36,estate management,935,41753,0.02239,Some use this
36,real property letting,924,41753,0.02213,Some use this
36,fundraising and sponsorship,923,41753,0.02211,Some use this
36,payment processing,918,41753,0.02199,Some use this
36,financial transactions via blockchain,915,41753,0.02191,Some use this
36,property valuation,914,41753,0.02189,Some use this
36,financial research services,903,41753,0.02163,Some use this
36,providing financial information,900,41753,0.02156,Some use this
36,real estate investment management,890,41753,0.02132,Some use this
36,property asset management services,889,41753,0.02129,Some use this
36,financial consultancy services,883,41753,0.02115,Some use this
36,loans [financing],883,41753,0.02115,Some use this
36,commercial property investment services,880,41753,0.02108,Some use this
36,financing of property development,878,41753,0.02103,Some use this
36,real estate services related to management of property investments,878,41753,0.02103,Some use this
36,estate agency services,874,41753,0.02093,Some use this
36,estate management services relating to transactions in real property,872,41753,0.02088,Some use this
36,real estate management services relating to residential buildings,871,41753,0.02086,Some use this
36,credit card services,861,41753,0.02062,Some use this
36,credit services,859,41753,0.02057,Some use this
36,provision of financial information,858,41753,0.02055,Some use this
36,financial and investment consultancy services,851,41753,0.02038,Some use this
36,financial transactions,848,41753,0.02031,Some use this
36,financial investments,846,41753,0.02026,Some use this
36,property (real estate -) evaluations,841,41753,0.02014,Some use this
36,real estate investment advice,841,41753,0.02014,Some use this
36,residential real estate agency services,841,41753,0.02014,Some use this
36,fund raising for charity,834,41753,0.01997,Some use this
36,issuance of tokens of value,832,41753,0.01993,Some use this
36,financial loan services,830,41753,0.01988,Some use this
36,insurance information,830,41753,0.01988,Some use this
36,property (real estate -) brokerage services,830,41753,0.01988,Some use this
36,rental of offices [real estate],830,41753,0.01988,Some use this
36,real estate acquisition services,828,41753,0.01983,Some use this
36,asset management services,827,41753,0.01981,Some use this
36,financial risk management,821,41753,0.01966,Some use this
36,financial investment advisory services,820,41753,0.01964,Some use this
36,investment consultancy,819,41753,0.01962,Some use this
36,investment of funds for charitable purposes,813,41753,0.01947,Some use this
36,automated payment services,809,41753,0.01938,Some use this
36,brokerage,807,41753,0.01933,Some use this
36,rent collection,806,41753,0.0193,Some use this
36,valuation services,805,41753,0.01928,Some use this
36,insurance brokerage services,797,41753,0.01909,Some use this
36,property (real estate -) appraisal [financial],796,41753,0.01906,Some use this
36,financial analysis services,793,41753,0.01899,Some use this
36,financial services relating to investment,793,41753,0.01899,Some use this
36,pension services,792,41753,0.01897,Some use this
36,valuation of property,788,41753,0.01887,Some use this
36,financing of loans,782,41753,0.01873,Some use this
36,banking and financial services,780,41753,0.01868,Some use this
36,investment advisory services,773,41753,0.01851,Some use this
36,management services for real estate investment,773,41753,0.01851,Some use this
36,providing real estate information relating to property and land,773,41753,0.01851,Some use this
36,financial brokerage services,772,41753,0.01849,Some use this
36,investment asset management,772,41753,0.01849,Some use this
36,financial planning and investment advisory services,771,41753,0.01847,Some use this
36,leasing of freehold property,771,41753,0.01847,Some use this
36,administration of property portfolios,769,41753,0.01842,Some use this
36,real estate appraisals,769,41753,0.01842,Some use this
36,"bank card, credit card, debit card and electronic payment card services",768,41753,0.01839,Some use this
36,financial grant services,767,41753,0.01837,Some use this
36,commercial real estate agency services,766,41753,0.01835,Some use this
36,financial asset management,766,41753,0.01835,Some use this
36,insurance administration,765,41753,0.01832,Some use this
36,real estate investment planning,762,41753,0.01825,Some use this
36,financial valuation of personal property and real estate,759,41753,0.01818,Some use this
36,real estate agents services,757,41753,0.01813,Some use this
36,financial investment fund services,755,41753,0.01808,Some use this
36,investment fund management,751,41753,0.01799,Some use this
36,financial risk management services,749,41753,0.01794,Some use this
36,payment administration services,748,41753,0.01791,Some use this
36,assessment and management of real estate,747,41753,0.01789,Some use this
36,investment analysis,745,41753,0.01784,Some use this
36,arranging letting of real estate,744,41753,0.01782,Some use this
36,"financial and monetary services, and banking",744,41753,0.01782,Some use this
36,real estate consultation,740,41753,0.01772,Some use this
36,valuation of real estate,740,41753,0.01772,Some use this
36,financial data analysis,739,41753,0.0177,Some use this
36,fund management,733,41753,0.01756,Some use this
36,fund investment,731,41753,0.01751,Some use this
36,virtual currency services,729,41753,0.01746,Some use this
36,monetary services,727,41753,0.01741,Some use this
36,capital investment in real estate,726,41753,0.01739,Some use this
36,"financial information, data, advice and consultancy services",721,41753,0.01727,Some use this
36,provision of information relating to property [real estate],721,41753,0.01727,Some use this
36,financial consulting,719,41753,0.01722,Some use this
36,arranging leases for the rental of property,717,41753,0.01717,Some use this
36,real estate investment consultancy,717,41753,0.01717,Some use this
36,corporate finance services,712,41753,0.01705,Some use this
36,brokerage of real estate,704,41753,0.01686,Some use this
36,real estate agency services relating to the purchase and sale of land,704,41753,0.01686,Some use this
36,lease of real estate,703,41753,0.01684,Some use this
36,actuarial services,699,41753,0.01674,Some use this
36,brokerage services,699,41753,0.01674,Some use this
36,private equity fund investment services,699,41753,0.01674,Some use this
36,safe deposit services,693,41753,0.0166,Some use this
36,processing of electronic payments,692,41753,0.01657,Some use this
36,processing of debit card payments,688,41753,0.01648,Some use this
36,estate management (real -),687,41753,0.01645,Some use this
36,philanthropic services concerning monetary donations,686,41753,0.01643,Some use this
36,financial consulting services,685,41753,0.01641,Some use this
36,real estate valuation services,685,41753,0.01641,Some use this
36,financial services relating to real estate property,684,41753,0.01638,Some use this
36,currency exchange services,681,41753,0.01631,Some use this
36,processing of credit card payments,679,41753,0.01626,Some use this
36,real estate agency services for the rental of buildings,679,41753,0.01626,Some use this
36,mortgage banking,678,41753,0.01624,Some use this
36,financial advice and consultancy services,677,41753,0.01621,Some use this
36,financial intermediary services,675,41753,0.01617,Some use this
36,arranging insurance,670,41753,0.01605,Some use this
36,financial portfolio management,670,41753,0.01605,Some use this
36,financial forecasting,665,41753,0.01593,Some use this
36,financial investment research services,665,41753,0.01593,Some use this
36,investment banking,663,41753,0.01588,Some use this
36,fund raising for charitable purposes,660,41753,0.01581,Some use this
36,leases (arranging of -) [real estate property only],659,41753,0.01578,Some use this
36,appraisal of real estate,658,41753,0.01576,Some use this
36,processing of payment transactions via the internet,657,41753,0.01574,Some use this
36,provision of finance for real estate development,656,41753,0.01571,Some use this
36,real estate agency services for the leasing of land,655,41753,0.01569,Some use this
36,financial brokerage,654,41753,0.01566,Some use this
36,financing and funding services,654,41753,0.01566,Some use this
36,insurance advice,651,41753,0.01559,Some use this
36,financial services relating to real estate property and buildings,649,41753,0.01554,Some use this
36,property (real estate -) insurance,649,41753,0.01554,Some use this
36,fundraising services,647,41753,0.0155,Some use this
36,payment card services,646,41753,0.01547,Some use this
36,real estate appraisal services,646,41753,0.01547,Some use this
36,administration of financial affairs,645,41753,0.01545,Some use this
36,evaluation of real estate,644,41753,0.01542,Some use this
36,financial appraisal services,644,41753,0.01542,Some use this
36,crowdfunding,638,41753,0.01528,Some use this
36,real estate consultations,638,41753,0.01528,Some use this
36,loan services,636,41753,0.01523,Some use this
36,computerised financial services,635,41753,0.01521,Some use this
36,financial evaluation,635,41753,0.01521,Some use this
36,corporate finance,634,41753,0.01518,Some use this
36,estate agency,633,41753,0.01516,Some use this
36,financial management of real estate projects,633,41753,0.01516,Some use this
36,provision of information relating to the property market [real estate],633,41753,0.01516,Some use this
36,investment banking services,632,41753,0.01514,Some use this
36,electronic commerce payment services,622,41753,0.0149,Some use this
36,electronic wallet services (payment services),622,41753,0.0149,Some use this
36,fund raising,622,41753,0.0149,Some use this
36,exchanging money,621,41753,0.01487,Some use this
36,payment transaction card services,621,41753,0.01487,Some use this
36,valuations (real estate -),621,41753,0.01487,Some use this
36,insurance broking,620,41753,0.01485,Some use this
36,estate agency services for sale and rental of buildings,619,41753,0.01483,Some use this
36,capital investment services,618,41753,0.0148,Some use this
36,financial fund management,617,41753,0.01478,Some use this
36,advisory services relating to real estate ownership,616,41753,0.01475,Some use this
36,investment research,615,41753,0.01473,Some use this
36,financial management relating to investment,614,41753,0.01471,Some use this
36,fund investments,614,41753,0.01471,Some use this
36,real estate appraisal and valuation,613,41753,0.01468,Some use this
36,estate agencies (real -),611,41753,0.01463,Some use this
36,evaluation of real property,611,41753,0.01463,Some use this
36,financial exchange of crypto assets,611,41753,0.01463,Some use this
36,financial services relating to property,609,41753,0.01459,Some use this
36,financing of property loans,609,41753,0.01459,Some use this
36,advisory services relating to real estate valuations,607,41753,0.01454,Some use this
36,charitable fundraising by means of entertainment events,607,41753,0.01454,Some use this
36,assisting in the acquisition of real estate,605,41753,0.01449,Some use this
36,trusteeship of real estate property,604,41753,0.01447,Some use this
36,currency trading and exchange services,603,41753,0.01444,Some use this
36,online financial transactions,603,41753,0.01444,Some use this
36,capital investments,602,41753,0.01442,Some use this
36,property investment banking services,602,41753,0.01442,Some use this
36,asset and portfolio management,601,41753,0.01439,Some use this
36,consultancy services relating to real estate,599,41753,0.01435,Some use this
36,real estate management services relating to commercial buildings,596,41753,0.01427,Some use this
36,real estate broking,595,41753,0.01425,Some use this
36,financial banking,594,41753,0.01423,Some use this
36,debit card services,593,41753,0.0142,Some use this
36,charitable fund raising services,592,41753,0.01418,Some use this
36,health insurance,591,41753,0.01415,Some use this
36,mortgage advice,591,41753,0.01415,Some use this
36,provision of finance for property development,591,41753,0.01415,Some use this
36,real estate (leasing of -),591,41753,0.01415,Some use this
36,consultancy in the purchasing of real estate,590,41753,0.01413,Some use this
36,investment advisory services relating to real estate,589,41753,0.01411,Some use this
36,investment in real estate (services for -),588,41753,0.01408,Some use this
36,securities brokerage,586,41753,0.01403,Some use this
36,real estate management services relating to housing estates,585,41753,0.01401,Some use this
36,financial services relating to wealth management,580,41753,0.01389,Some use this
36,financial valuation services,579,41753,0.01387,Some use this
36,consultancy (financial -),577,41753,0.01382,Some use this
36,real estate insurance services,577,41753,0.01382,Some use this
36,internet banking,576,41753,0.0138,Some use this
36,electronic banking services,574,41753,0.01375,Some use this
36,real estate lending services,573,41753,0.01372,Some use this
36,portfolio management,572,41753,0.0137,Some use this
36,equity capital investment,569,41753,0.01363,Some use this
36,financing of investments,569,41753,0.01363,Some use this
36,mutual funds,569,41753,0.01363,Some use this
36,financing of real estate development projects,568,41753,0.0136,Some use this
36,real estate procurement for others,567,41753,0.01358,Some use this
36,equity financing,564,41753,0.01351,Some use this
36,brokerage of insurance,563,41753,0.01348,Some use this
36,organisation of charitable collections,563,41753,0.01348,Some use this
36,real estate agency services relating to the purchase and sale of buildings,563,41753,0.01348,Some use this
36,accommodation bureaux (real estate property),562,41753,0.01346,Some use this
36,financial valuation of freehold property,562,41753,0.01346,Some use this
36,funds investment,562,41753,0.01346,Some use this
36,"evaluation (financial -) [insurance, banking, real estate]",561,41753,0.01344,Some use this
36,corporate real estate advisory services,560,41753,0.01341,Some use this
36,financial investment brokerage,559,41753,0.01339,Some use this
37,building construction,2260,27053,0.08354,Recommended
37,construction services,1937,27053,0.0716,Recommended
37,construction,1739,27053,0.06428,Recommended
37,cleaning services,1350,27053,0.0499,Recommended
37,construction of property,1103,27053,0.04077,Recommended
37,property maintenance,1081,27053,0.03996,Some use this
37,building and construction services,1068,27053,0.03948,Some use this
37,building construction services,1062,27053,0.03926,Some use this
37,building construction supervision,1054,27053,0.03896,Some use this
37,construction consultancy,934,27053,0.03452,Some use this
37,construction of buildings,895,27053,0.03308,Some use this
37,"building, construction and demolition",853,27053,0.03153,Some use this
37,cleaning of property,843,27053,0.03116,Some use this
37,renovation of property,822,27053,0.03038,Some use this
37,property development services [construction],794,27053,0.02935,Some use this
37,building construction and repair,740,27053,0.02735,Some use this
37,residential construction,732,27053,0.02706,Some use this
37,building construction consultancy,725,27053,0.0268,Some use this
37,maintenance of property,715,27053,0.02643,Some use this
37,plumbing,688,27053,0.02543,Some use this
37,construction project management services,685,27053,0.02532,Some use this
37,building services,683,27053,0.02525,Some use this
37,building maintenance,653,27053,0.02414,Some use this
37,plumbing services,641,27053,0.02369,Some use this
37,custom building construction,623,27053,0.02303,Some use this
37,building,617,27053,0.02281,Some use this
37,building maintenance and repair,613,27053,0.02266,Some use this
37,construction of houses,611,27053,0.02259,Some use this
37,building construction supervision services for building projects,610,27053,0.02255,Some use this
37,electrical installation services,609,27053,0.02251,Some use this
37,charging of electric vehicles,603,27053,0.02229,Some use this
37,vehicle battery charging,599,27053,0.02214,Some use this
37,commercial construction,582,27053,0.02151,Some use this
37,"machinery installation, maintenance and repair",575,27053,0.02125,Some use this
37,buildings (construction of -),571,27053,0.02111,Some use this
37,electric appliance installation and repair,558,27053,0.02063,Some use this
37,window cleaning,557,27053,0.02059,Some use this
37,construction management services,554,27053,0.02048,Some use this
37,building refurbishment services,548,27053,0.02026,Some use this
37,"plumbing installation, maintenance and repair",541,27053,0.02,Some use this
37,building cleaning,540,27053,0.01996,Some use this
37,building repair,529,27053,0.01955,Some use this
37,residential and commercial building construction,524,27053,0.01937,Some use this
37,vehicle cleaning,513,27053,0.01896,Some use this
37,construction supervision,505,27053,0.01867,Some use this
37,motor vehicle maintenance and repair,503,27053,0.01859,Some use this
37,building construction and demolition services,502,27053,0.01856,Some use this
37,infrastructure construction,498,27053,0.01841,Some use this
37,development of land [construction],496,27053,0.01833,Some use this
37,domestic cleaning,490,27053,0.01811,Some use this
37,carpet cleaning,487,27053,0.018,Some use this
37,cleaning of buildings,486,27053,0.01796,Some use this
37,"installation, maintenance and repair of computer hardware",485,27053,0.01793,Some use this
37,supervision (building construction -),484,27053,0.01789,Some use this
37,construction consultation,479,27053,0.01771,Some use this
37,building project management services,478,27053,0.01767,Some use this
37,construction of residential properties,458,27053,0.01693,Some use this
37,construction of walls,457,27053,0.01689,Some use this
37,industrial construction,456,27053,0.01686,Some use this
37,supervision of building construction,456,27053,0.01686,Some use this
37,vehicle maintenance,456,27053,0.01686,Some use this
37,construction of floors,454,27053,0.01678,Some use this
37,general building construction services,450,27053,0.01663,Some use this
37,services for the construction of buildings,449,27053,0.0166,Some use this
37,civil engineering construction,446,27053,0.01649,Some use this
37,roofing services,443,27053,0.01638,Some use this
37,building repairs,434,27053,0.01604,Some use this
37,consultancy relating to residential and building construction,433,27053,0.01601,Some use this
37,insulation construction,429,27053,0.01586,Some use this
37,maintenance and repair of buildings,429,27053,0.01586,Some use this
37,heating equipment installation and repair,428,27053,0.01582,Some use this
37,renovation of buildings,422,27053,0.0156,Some use this
37,cleaning of offices,421,27053,0.01556,Some use this
37,construction of buildings and other structures,421,27053,0.01556,Some use this
37,custom construction of buildings,420,27053,0.01553,Some use this
37,car cleaning,413,27053,0.01527,Some use this
37,building consultancy,412,27053,0.01523,Some use this
37,cleaning of windows,407,27053,0.01504,Some use this
37,supervision of construction,406,27053,0.01501,Some use this
37,house building,404,27053,0.01493,Some use this
37,electrical wiring services,400,27053,0.01479,Some use this
37,site preparation [construction],400,27053,0.01479,Some use this
37,domestic cleaning services,390,27053,0.01442,Some use this
37,building restoration,389,27053,0.01438,Some use this
37,construction information,386,27053,0.01427,Some use this
37,industrial cleaning services,384,27053,0.01419,Some use this
37,installation of plumbing,384,27053,0.01419,Some use this
37,construction of kitchens,381,27053,0.01408,Some use this
37,vehicle breakdown repair services,379,27053,0.01401,Some use this
37,cleaning of furniture,377,27053,0.01394,Some use this
37,pipeline construction and maintenance,377,27053,0.01394,Some use this
37,building repair and renovation,368,27053,0.0136,Some use this
37,maintenance of plumbing,367,27053,0.01357,Some use this
37,building construction supervision services for real estate projects,366,27053,0.01353,Some use this
37,office cleaning services,364,27053,0.01346,Some use this
37,advisory services relating to the renovation of property,363,27053,0.01342,Some use this
37,building insulation,363,27053,0.01342,Some use this
37,cleaning of upholstery,361,27053,0.01334,Some use this
37,carpentry services,357,27053,0.0132,Some use this
37,electrical contractor services,356,27053,0.01316,Some use this
37,building inspection [in the course of building construction],354,27053,0.01309,Some use this
37,refurbishment of buildings,353,27053,0.01305,Some use this
37,vehicle repair services,353,27053,0.01305,Some use this
37,services of electricians,351,27053,0.01297,Some use this
37,construction of foundations for buildings,348,27053,0.01286,Some use this
37,building insulating,342,27053,0.01264,Some use this
37,construction supervision of buildings,342,27053,0.01264,Some use this
37,recharging services for electric vehicles,342,27053,0.01264,Some use this
37,heating contractor services,337,27053,0.01246,Some use this
37,property development services,335,27053,0.01238,Some use this
37,building of houses,331,27053,0.01224,Some use this
37,construction of ceilings,331,27053,0.01224,Some use this
37,installation of solar powered systems,327,27053,0.01209,Some use this
37,janitorial cleaning services,325,27053,0.01201,Some use this
37,scaffolding construction,320,27053,0.01183,Some use this
37,consultation in building construction supervision,318,27053,0.01175,Some use this
37,upholstery cleaning services,307,27053,0.01135,Some use this
37,building construction advisory services,304,27053,0.01124,Some use this
37,painting and decorating services,304,27053,0.01124,Some use this
37,rug cleaning,304,27053,0.01124,Some use this
37,maintenance of buildings,303,27053,0.0112,Some use this
37,roofing repair,301,27053,0.01113,Some use this
37,renovation of plumbing,300,27053,0.01109,Some use this
37,installation of building insulation,299,27053,0.01105,Some use this
37,interior refurbishment of buildings,299,27053,0.01105,Some use this
37,demolition of buildings,297,27053,0.01098,Some use this
37,repair of electrical equipment,297,27053,0.01098,Some use this
37,civil infrastructure construction,293,27053,0.01083,Some use this
37,building consultancy services,292,27053,0.01079,Some use this
37,building of commercial properties,292,27053,0.01079,Some use this
37,erection of formwork for building and construction,292,27053,0.01079,Some use this
37,factory construction,292,27053,0.01079,Some use this
37,repair of buildings,292,27053,0.01079,Some use this
37,construction supervision of civil engineering projects,290,27053,0.01072,Some use this
37,vehicle maintenance and repair,289,27053,0.01068,Some use this
37,road construction,288,27053,0.01065,Some use this
37,construction advisory services,287,27053,0.01061,Some use this
37,dry cleaning,287,27053,0.01061,Some use this
37,insulation of buildings during construction,287,27053,0.01061,Some use this
37,polishing (cleaning),287,27053,0.01061,Some use this
37,installation of residential solar panel power systems,286,27053,0.01057,Some use this
37,property development,286,27053,0.01057,Some use this
37,vehicle washing,286,27053,0.01057,Some use this
37,cleaning of shops,285,27053,0.01053,Some use this
37,garage services for motor vehicle repair,284,27053,0.0105,Some use this
37,roofing installation,284,27053,0.0105,Some use this
37,installation of plumbing systems,283,27053,0.01046,Some use this
37,building demolition,282,27053,0.01042,Some use this
37,installation of doors and windows,280,27053,0.01035,Some use this
37,automobile cleaning,279,27053,0.01031,Some use this
37,car maintenance,278,27053,0.01028,Some use this
37,erection of scaffolding for building and construction,278,27053,0.01028,Some use this
37,cleaning of hotels,277,27053,0.01024,Some use this
37,general building contractor services,277,27053,0.01024,Some use this
37,construction land developing,276,27053,0.0102,Some use this
37,repair of roofing,274,27053,0.01013,Some use this
37,construction of partitioning,273,27053,0.01009,Some use this
37,construction of partitions,272,27053,0.01005,Some use this
37,plumbing and gas and water installation,272,27053,0.01005,Some use this
37,plastering,270,27053,0.00998,Some use this
37,restroom cleaning services,270,27053,0.00998,Some use this
37,fireproofing during construction,268,27053,0.00991,Some use this
37,buildings (waterproofing of -) during construction,267,27053,0.00987,Some use this
37,motor vehicle repair,266,27053,0.00983,Some use this
37,buildings (damp-proofing of -) during construction,264,27053,0.00976,Some use this
37,vehicle polishing,262,27053,0.00968,Some use this
37,vehicle repair and maintenance,261,27053,0.00965,Some use this
37,"renovation, repair and maintenance of electrical wiring",260,27053,0.00961,Some use this
37,vehicle servicing,260,27053,0.00961,Some use this
37,buildings (insulation of -) during construction,257,27053,0.0095,Some use this
37,construction of factories,257,27053,0.0095,Some use this
37,construction of steel structures for buildings,257,27053,0.0095,Some use this
37,cleaning of furnishings,256,27053,0.00946,Some use this
37,installation of solar heating systems,256,27053,0.00946,Some use this
37,emptying [cleaning] services,254,27053,0.00939,Some use this
37,hygienic cleaning [buildings],254,27053,0.00939,Some use this
37,heavy engineering construction,253,27053,0.00935,Some use this
37,building services relating to building for habitation,250,27053,0.00924,Some use this
37,pipeline construction,250,27053,0.00924,Some use this
37,rental of construction equipment,250,27053,0.00924,Some use this
37,construction of roads,249,27053,0.0092,Some use this
37,garage services for vehicle repair,249,27053,0.0092,Some use this
37,boiler cleaning and repair,247,27053,0.00913,Some use this
37,buildings (supervision during construction of -),247,27053,0.00913,Some use this
37,installation and repair of heating equipment,247,27053,0.00913,Some use this
37,maintenance and repair of residential buildings,245,27053,0.00906,Some use this
37,construction of chimneys,244,27053,0.00902,Some use this
37,renovation and restoration of buildings,244,27053,0.00902,Some use this
37,installation and maintenance of photovoltaic installations,243,27053,0.00898,Some use this
37,installation of non-residential solar panel power systems,243,27053,0.00898,Some use this
37,carpentry,242,27053,0.00895,Some use this
37,construction of steel fabrications,242,27053,0.00895,Some use this
37,installation of security systems,242,27053,0.00895,Some use this
37,insulation services,241,27053,0.00891,Some use this
37,maintenance and repair of solar power installations,241,27053,0.00891,Some use this
37,facade cleaning,240,27053,0.00887,Some use this
37,steel structure construction works,240,27053,0.00887,Some use this
37,waste removal [cleaning],240,27053,0.00887,Some use this
37,drain cleaning services,239,27053,0.00883,Some use this
37,"installation, repair and maintenance of heating equipment",238,27053,0.0088,Some use this
37,buildings (fire-proofing of -) during construction,237,27053,0.00876,Some use this
37,clearing and cleaning gutters,237,27053,0.00876,Some use this
37,maintenance and repair of heating installations,237,27053,0.00876,Some use this
37,cleaning of schools,236,27053,0.00872,Some use this
37,construction of educational buildings,236,27053,0.00872,Some use this
37,construction of sunrooms,236,27053,0.00872,Some use this
37,heating equipment installation,235,27053,0.00869,Some use this
37,insulation of roofing,235,27053,0.00869,Some use this
37,"painting, interior and exterior",235,27053,0.00869,Some use this
37,underground construction,234,27053,0.00865,Some use this
37,building of industrial properties,233,27053,0.00861,Some use this
37,construction of manufacturing and industrial buildings,233,27053,0.00861,Some use this
37,installation of roofing,233,27053,0.00861,Some use this
37,maintenance and repair of solar heating installations,233,27053,0.00861,Some use this
37,building of apartment buildings,232,27053,0.00858,Some use this
37,construction of healthcare buildings,232,27053,0.00858,Some use this
37,vehicle detailing,232,27053,0.00858,Some use this
37,construction of greenhouses,230,27053,0.0085,Some use this
37,"maintenance, servicing and repair of vehicles",230,27053,0.0085,Some use this
37,street cleaning,230,27053,0.0085,Some use this
37,construction of multihome buildings,229,27053,0.00846,Some use this
37,installation and repair services,229,27053,0.00846,Some use this
37,boiler cleaning services,228,27053,0.00843,Some use this
37,laundry services,228,27053,0.00843,Some use this
37,automobile cleaning and car washing,226,27053,0.00835,Some use this
37,painting,225,27053,0.00832,Some use this
37,renovation of electrical wiring,225,27053,0.00832,Some use this
37,battery charging service for motor vehicles,224,27053,0.00828,Some use this
37,cleaning of vehicles,223,27053,0.00824,Some use this
37,renovation and repair of buildings,221,27053,0.00817,Some use this
37,car valet services,218,27053,0.00806,Some use this
37,decorating of buildings,218,27053,0.00806,Some use this
37,furniture maintenance,218,27053,0.00806,Some use this
37,boiler repair services,217,27053,0.00802,Some use this
37,construction management [supervision],217,27053,0.00802,Some use this
37,construction of institutional buildings,217,27053,0.00802,Some use this
37,"mining extraction, oil and gas drilling",217,27053,0.00802,Some use this
37,street construction,217,27053,0.00802,Some use this
37,vehicle service stations [refuelling and maintenance],217,27053,0.00802,Some use this
37,automobile repair,216,27053,0.00798,Some use this
37,furniture installation,216,27053,0.00798,Some use this
37,maintenance and repair of gas and electricity installations,216,27053,0.00798,Some use this
37,construction of bridges,214,27053,0.00791,Some use this
37,interior and exterior cleaning of buildings,214,27053,0.00791,Some use this
37,plumbing and glazing services,214,27053,0.00791,Some use this
37,roof repair,214,27053,0.00791,Some use this
37,civil engineering [construction] consultancy,213,27053,0.00787,Some use this
37,on site building project management,213,27053,0.00787,Some use this
37,supervision of building renovation,213,27053,0.00787,Some use this
37,construction of utility solar installations,212,27053,0.00784,Some use this
37,housekeeping services [cleaning services],212,27053,0.00784,Some use this
37,motor vehicle maintenance and repair services,212,27053,0.00784,Some use this
37,building of offices,211,27053,0.0078,Some use this
37,civil construction services,211,27053,0.0078,Some use this
37,cleaning of hospitals,211,27053,0.0078,Some use this
37,rail infrastructure construction,211,27053,0.0078,Some use this
37,restoration of buildings,211,27053,0.0078,Some use this
37,cleaning of factories,210,27053,0.00776,Some use this
37,damp-proofing during construction,210,27053,0.00776,Some use this
37,repair of electrical equipment and electrotechnical installations,210,27053,0.00776,Some use this
37,repair information,209,27053,0.00773,Some use this
37,motor vehicle repair and maintenance services,208,27053,0.00769,Some use this
37,offshore construction,208,27053,0.00769,Some use this
37,real estate development,208,27053,0.00769,Some use this
37,buildings (renovation of -),207,27053,0.00765,Some use this
37,sealing of buildings during construction,207,27053,0.00765,Some use this
37,construction of pipelines,206,27053,0.00761,Some use this
37,building damp-proofing,205,27053,0.00758,Some use this
37,car washing,204,27053,0.00754,Some use this
37,cleaning of mats,204,27053,0.00754,Some use this
37,on site project management relating to the construction of buildings,204,27053,0.00754,Some use this
37,repair of energy supply installations,204,27053,0.00754,Some use this
37,maintenance and repair of vehicles,203,27053,0.0075,Some use this
37,recharging of batteries,203,27053,0.0075,Some use this
37,carpentry contractor services,202,27053,0.00747,Some use this
37,installation of lighting systems,202,27053,0.00747,Some use this
37,buildings (sealing of -) during construction,200,27053,0.00739,Some use this
37,rental of building construction machinery,200,27053,0.00739,Some use this
37,cleaning of drains,199,27053,0.00736,Some use this
37,garage services for the maintenance and repair of motor vehicles,199,27053,0.00736,Some use this
37,scaffolding,199,27053,0.00736,Some use this
37,cleaning of structures,198,27053,0.00732,Some use this
37,construction of railways,198,27053,0.00732,Some use this
37,garage services for automobile repair,198,27053,0.00732,Some use this
37,maintenance and repair of electric vehicles,198,27053,0.00732,Some use this
37,masonry,198,27053,0.00732,Some use this
37,installation of energy-saving apparatus,197,27053,0.00728,Some use this
37,plumbing maintenance advisory services,197,27053,0.00728,Some use this
37,plumbing repair advisory services,197,27053,0.00728,Some use this
37,underwater construction,197,27053,0.00728,Some use this
37,construction of house extensions,196,27053,0.00725,Some use this
37,construction of piles,196,27053,0.00725,Some use this
37,maintenance and repair of flooring,196,27053,0.00725,Some use this
37,painting of buildings,196,27053,0.00725,Some use this
37,repair and maintenance of vehicles,196,27053,0.00725,Some use this
37,central heating installation,195,27053,0.00721,Some use this
37,underwater building and construction,195,27053,0.00721,Some use this
37,building sealing,194,27053,0.00717,Some use this
37,car wash,194,27053,0.00717,Some use this
38,telecommunications,3242,23929,0.13548,Most use this
38,telecommunication services,2625,23929,0.1097,Recommended
38,telecommunications services,2575,23929,0.10761,Recommended
38,broadcasting services,2215,23929,0.09257,Recommended
38,providing access to databases,1953,23929,0.08162,Recommended
38,providing online forums,1857,23929,0.0776,Recommended
38,podcasting,1566,23929,0.06544,Recommended
38,podcasting services,1497,23929,0.06256,Recommended
38,electronic mail services,1417,23929,0.05922,Recommended
38,transmission of podcasts,1388,23929,0.058,Recommended
38,transmission of digital files,1338,23929,0.05592,Recommended
38,radio broadcasting,1295,23929,0.05412,Recommended
38,television broadcasting,1292,23929,0.05399,Recommended
38,"video, audio and television streaming services",1289,23929,0.05387,Recommended
38,streaming audio and video material on the internet,1231,23929,0.05144,Recommended
38,video broadcasting,1196,23929,0.04998,Recommended
38,message sending,1148,23929,0.04798,Recommended
38,streaming of data,1146,23929,0.04789,Recommended
38,communication services,1052,23929,0.04396,Recommended
38,providing internet chatrooms,1038,23929,0.04338,Recommended
38,communications by computer terminals,1014,23929,0.04238,Recommended
38,streaming of video material on the internet,1010,23929,0.04221,Recommended
38,webcasting services,997,23929,0.04166,Recommended
38,computer aided transmission of messages and images,995,23929,0.04158,Recommended
38,communication by online blogs,981,23929,0.041,Recommended
38,chat room services,961,23929,0.04016,Recommended
38,providing telecommunications connections to a global computer network,959,23929,0.04008,Recommended
38,audio broadcasting,926,23929,0.0387,Some use this
38,providing user access to global computer networks,896,23929,0.03744,Some use this
38,online messaging services,875,23929,0.03657,Some use this
38,teleconferencing services,841,23929,0.03515,Some use this
38,music broadcasting,817,23929,0.03414,Some use this
38,cable television broadcasting,815,23929,0.03406,Some use this
38,streaming of audio material on the internet,790,23929,0.03301,Some use this
38,news agency services,787,23929,0.03289,Some use this
38,"provision of access to content, websites and portals",781,23929,0.03264,Some use this
38,broadcasting of video and audio programming over the internet,779,23929,0.03255,Some use this
38,chatroom services for social networking,776,23929,0.03243,Some use this
38,broadcasting,754,23929,0.03151,Some use this
38,communications services,750,23929,0.03134,Some use this
38,digital audio broadcasting,713,23929,0.0298,Some use this
38,wireless broadcasting,692,23929,0.02892,Some use this
38,data streaming,689,23929,0.02879,Some use this
38,instant messaging services,683,23929,0.02854,Some use this
38,radio and television broadcasting,666,23929,0.02783,Some use this
38,mobile telecommunications services,656,23929,0.02741,Some use this
38,providing access to multimedia content online,656,23929,0.02741,Some use this
38,telephone services,639,23929,0.0267,Some use this
38,providing access to platforms and portals on the internet,635,23929,0.02654,Some use this
38,internet broadcasting services,630,23929,0.02633,Some use this
38,rental of access time to global computer networks,624,23929,0.02608,Some use this
38,digital network telecommunications services,622,23929,0.02599,Some use this
38,data transmission,609,23929,0.02545,Some use this
38,telecommunications routing and junction services,602,23929,0.02516,Some use this
38,"access to content, websites and portals",597,23929,0.02495,Some use this
38,audio and video broadcasting services provided via the internet,595,23929,0.02487,Some use this
38,television broadcasting services,595,23929,0.02487,Some use this
38,internet communication services,589,23929,0.02461,Some use this
38,electronic communication services,582,23929,0.02432,Some use this
38,telecommunications portal services,575,23929,0.02403,Some use this
38,rental of telecommunication equipment,570,23929,0.02382,Some use this
38,chat room services for social networking,568,23929,0.02374,Some use this
38,web messaging,562,23929,0.02349,Some use this
38,electronic bulletin board services [telecommunications services],553,23929,0.02311,Some use this
38,forums [chat rooms] for social networking,553,23929,0.02311,Some use this
38,satellite transmission,548,23929,0.0229,Some use this
38,electronic mail,546,23929,0.02282,Some use this
38,communications by telephone,544,23929,0.02273,Some use this
38,television and radio broadcasting,539,23929,0.02252,Some use this
38,mobile telecommunications network services,532,23929,0.02223,Some use this
38,subscription television broadcasting,530,23929,0.02215,Some use this
38,videocasting,526,23929,0.02198,Some use this
38,online communications services,525,23929,0.02194,Some use this
38,information about telecommunication,517,23929,0.02161,Some use this
38,providing on-line chat rooms for social networking,510,23929,0.02131,Some use this
38,videoconferencing services,510,23929,0.02131,Some use this
38,computer communication and internet access,501,23929,0.02094,Some use this
38,messaging services,499,23929,0.02085,Some use this
38,data communication services,494,23929,0.02064,Some use this
38,providing user access to the internet,493,23929,0.0206,Some use this
38,radio program broadcasting,488,23929,0.02039,Some use this
38,electronic bulletin board services,486,23929,0.02031,Some use this
38,electronic messaging,481,23929,0.0201,Some use this
38,digital communication services,478,23929,0.01998,Some use this
38,broadcasting of audiovisual and multimedia content via the internet,474,23929,0.01981,Some use this
38,video conferencing services,473,23929,0.01977,Some use this
38,video-on-demand transmission services,473,23929,0.01977,Some use this
38,video-on-demand transmission,464,23929,0.01939,Some use this
38,wireless communication services,464,23929,0.01939,Some use this
38,"providing access to computer, electronic and online databases",463,23929,0.01935,Some use this
38,telecommunication network services,462,23929,0.01931,Some use this
38,telecommunication access services,461,23929,0.01927,Some use this
38,voice mail services,451,23929,0.01885,Some use this
38,telecommunications consultancy,449,23929,0.01876,Some use this
38,"electronic exchange of messages via chat lines, chatrooms and internet forums",448,23929,0.01872,Some use this
38,internet access services,440,23929,0.01839,Some use this
38,transmission of electronic mail,439,23929,0.01835,Some use this
38,internet based telecommunication services,431,23929,0.01801,Some use this
38,digital communications services,429,23929,0.01793,Some use this
38,interactive television and radio broadcasting,429,23929,0.01793,Some use this
38,radio and television program broadcasting,429,23929,0.01793,Some use this
38,providing online chat rooms and electronic bulletin boards,428,23929,0.01789,Some use this
38,radio communications,423,23929,0.01768,Some use this
38,data transmission services,421,23929,0.01759,Some use this
38,providing access to computer databases,414,23929,0.0173,Some use this
38,providing telecommunication channels for teleshopping services,412,23929,0.01722,Some use this
38,provision of broadband telecommunications access,412,23929,0.01722,Some use this
38,mobile telecommunication network services,410,23929,0.01713,Some use this
38,providing internet chat rooms,409,23929,0.01709,Some use this
38,rental of message sending apparatus,406,23929,0.01697,Some use this
38,internet communication,403,23929,0.01684,Some use this
38,providing access to e-commerce platforms on the internet,400,23929,0.01672,Some use this
38,radio broadcasting services,399,23929,0.01667,Some use this
38,data streaming services,397,23929,0.01659,Some use this
38,internet portal services,396,23929,0.01655,Some use this
38,internet radio broadcasting services,393,23929,0.01642,Some use this
38,electronic data transmission,392,23929,0.01638,Some use this
38,providing access to online computer databases,391,23929,0.01634,Some use this
38,chatroom services,389,23929,0.01626,Some use this
38,"electronic communication by means of chatrooms, chat lines and internet forums",383,23929,0.01601,Some use this
38,transmission of greeting cards online,381,23929,0.01592,Some use this
38,operating chat rooms,380,23929,0.01588,Some use this
38,telecommunication,380,23929,0.01588,Some use this
38,data transmission services over telecommunications networks,379,23929,0.01584,Some use this
38,wireless broadband communication services,378,23929,0.0158,Some use this
38,electronic messaging services,375,23929,0.01567,Some use this
38,broadcasting of programmes via the internet,373,23929,0.01559,Some use this
38,e-mail services,371,23929,0.0155,Some use this
38,providing access to platforms on the internet,363,23929,0.01517,Some use this
38,broadcasting of radio programmes,360,23929,0.01504,Some use this
38,data transmission and data broadcasting,360,23929,0.01504,Some use this
38,streaming of television over the internet,358,23929,0.01496,Some use this
38,radio programme broadcasting,357,23929,0.01492,Some use this
38,cellular telephone communication,356,23929,0.01488,Some use this
38,radio and television programme broadcasting,356,23929,0.01488,Some use this
38,video uploading services,355,23929,0.01484,Some use this
38,interactive telecommunications services,353,23929,0.01475,Some use this
38,telecommunications access services,351,23929,0.01467,Some use this
38,mobile phone communication services,350,23929,0.01463,Some use this
38,facsimile transmission,348,23929,0.01454,Some use this
38,broadcasting of radio programs,347,23929,0.0145,Some use this
38,broadcast of radio programmes,344,23929,0.01438,Some use this
38,telecommunications information,339,23929,0.01417,Some use this
38,broadcasting of television programs via the internet,332,23929,0.01387,Some use this
38,telecommunication of information (including web pages),332,23929,0.01387,Some use this
38,satellite television broadcasting,329,23929,0.01375,Some use this
38,communications by fibre optic networks,328,23929,0.01371,Some use this
38,providing telecommunications connections to the internet or databases,328,23929,0.01371,Some use this
38,delivery of messages by electronic media,327,23929,0.01367,Some use this
38,electronic transmission of data,326,23929,0.01362,Some use this
38,telecommunications consultancy services,324,23929,0.01354,Some use this
38,electronic communications services,323,23929,0.0135,Some use this
38,delivery of digital music by telecommunications,322,23929,0.01346,Some use this
38,radio telecommunications,321,23929,0.01341,Some use this
38,video messaging services,321,23929,0.01341,Some use this
38,broadcasting services relating to internet protocol tv,319,23929,0.01333,Some use this
38,telecommunication gateway services,317,23929,0.01325,Some use this
38,data broadcasting services,315,23929,0.01316,Some use this
38,providing virtual facilities for real-time interaction among computer users,315,23929,0.01316,Some use this
38,rental of modems,315,23929,0.01316,Some use this
38,rental of telephones,315,23929,0.01316,Some use this
38,transmission of videocasts,313,23929,0.01308,Some use this
38,video communication services,313,23929,0.01308,Some use this
38,transmission of audio and video content via satellite,312,23929,0.01304,Some use this
38,transmission of multimedia content via the internet,312,23929,0.01304,Some use this
38,providing access to the internet,311,23929,0.013,Some use this
38,providing internet chatrooms and internet forums,310,23929,0.01295,Some use this
38,provision of on-line forums,308,23929,0.01287,Some use this
38,"operation of a network, being telecommunication services",307,23929,0.01283,Some use this
38,mobile communications services,306,23929,0.01279,Some use this
38,telecommunication services provided via internet platforms and portals,306,23929,0.01279,Some use this
38,audio teleconferencing,304,23929,0.0127,Some use this
38,transmission of audio and video content via computer networks,303,23929,0.01266,Some use this
38,"paging services [radio, telephone or other means of electronic communication]",302,23929,0.01262,Some use this
38,interactive broadcasting and communications services,300,23929,0.01254,Some use this
38,providing on-line forums for transmission of messages among computer users,300,23929,0.01254,Some use this
38,telecommunication of information,300,23929,0.01254,Some use this
38,telephone and telecommunication services,300,23929,0.01254,Some use this
38,email services,297,23929,0.01241,Some use this
38,providing user access to platforms on the internet,297,23929,0.01241,Some use this
38,"transmission of data, audio, video and multimedia files",297,23929,0.01241,Some use this
38,broadcasting of radio and television programmes,296,23929,0.01237,Some use this
38,telecommunications gateway services,295,23929,0.01233,Some use this
38,transmission of data,295,23929,0.01233,Some use this
38,providing access to portals on the internet,294,23929,0.01229,Some use this
38,telegraph services,294,23929,0.01229,Some use this
38,electronic network communications,293,23929,0.01224,Some use this
38,communications services for accessing a database,292,23929,0.0122,Some use this
38,delivery of messages by audiovisual media,292,23929,0.0122,Some use this
38,digital transmission of data,292,23929,0.0122,Some use this
38,radio and television broadcasting services,290,23929,0.01212,Some use this
38,mobile telephone communication services,289,23929,0.01208,Some use this
38,telecommunications consultation,289,23929,0.01208,Some use this
38,fibre optic telecommunications services,288,23929,0.01204,Some use this
38,transfer of data by telecommunications,288,23929,0.01204,Some use this
38,interactive communication services,285,23929,0.01191,Some use this
38,communications by cellular phones,284,23929,0.01187,Some use this
38,wireless communications services,284,23929,0.01187,Some use this
38,telecommunications services between computer networks,282,23929,0.01178,Some use this
38,broadcasting of cable television programmes,280,23929,0.0117,Some use this
38,providing online facilities for real-time interaction with other computer users,279,23929,0.01166,Some use this
38,electronic data communications,275,23929,0.01149,Some use this
38,electronic mail and messaging services,275,23929,0.01149,Some use this
38,broadcasting of cable television programs,274,23929,0.01145,Some use this
38,data transfer services,274,23929,0.01145,Some use this
38,broadcasting of television programmes,272,23929,0.01137,Some use this
38,cellular telecommunications services,271,23929,0.01133,Some use this
38,telex services,271,23929,0.01133,Some use this
38,fixed line telecommunication services,270,23929,0.01128,Some use this
38,providing telecommunications connections to the internet,269,23929,0.01124,Some use this
38,on-line communication services,268,23929,0.0112,Some use this
38,operation of a telecommunications network,268,23929,0.0112,Some use this
38,on-line transmission of electronic publications,267,23929,0.01116,Some use this
38,data communications services,266,23929,0.01112,Some use this
38,video teleconferencing,266,23929,0.01112,Some use this
38,subscription television broadcasting services,265,23929,0.01107,Some use this
38,transmission of telegrams,265,23929,0.01107,Some use this
38,computer network communication services,264,23929,0.01103,Some use this
38,providing wireless telecommunications via electronic communications networks,264,23929,0.01103,Some use this
38,providing access to an internet discussion website,262,23929,0.01095,Some use this
38,internet telephony services,259,23929,0.01082,Some use this
38,message sending via a website,259,23929,0.01082,Some use this
38,rental of radio and television broadcasting facilities,258,23929,0.01078,Some use this
38,communications via a global computer network or the internet,257,23929,0.01074,Some use this
38,providing access to a video sharing portal,255,23929,0.01066,Some use this
38,computer communication services,252,23929,0.01053,Some use this
38,providing access to telecommunication networks,252,23929,0.01053,Some use this
38,transmission of video films,252,23929,0.01053,Some use this
38,electronic data interchange services,251,23929,0.01049,Some use this
38,providing access to internet forums,251,23929,0.01049,Some use this
38,rental of telecommunications equipment,251,23929,0.01049,Some use this
38,television and radio broadcasting services,251,23929,0.01049,Some use this
38,mobile communication services,250,23929,0.01045,Some use this
38,network conferencing services,250,23929,0.01045,Some use this
38,telecommunications services relating to electronic commerce,250,23929,0.01045,Some use this
38,providing access to computer networks,249,23929,0.01041,Some use this
38,providing access to electronic communications networks and electronic databases,247,23929,0.01032,Some use this
38,transmission of messages over electronic media,247,23929,0.01032,Some use this
38,broadcasting of television programs,246,23929,0.01028,Some use this
38,mobile communication,246,23929,0.01028,Some use this
38,telecommunications services for the distribution of data,246,23929,0.01028,Some use this
38,wireless transmission and broadcasting of television programmes,246,23929,0.01028,Some use this
38,transmission of radio and television programmes,244,23929,0.0102,Some use this
38,portal services,243,23929,0.01016,Some use this
38,providing electronic telecommunication connections,243,23929,0.01016,Some use this
38,"radio, television and cable broadcasting services",243,23929,0.01016,Some use this
38,text messaging services,243,23929,0.01016,Some use this
38,operation of telecommunications systems,241,23929,0.01007,Some use this
38,communications services provided over the internet,240,23929,0.01003,Some use this
38,transmission of digital information,240,23929,0.01003,Some use this
38,telematics services,239,23929,0.00999,Some use this
38,digital transmission services,238,23929,0.00995,Some use this
38,telecommunications services by satellite,238,23929,0.00995,Some use this
38,transfer of information and data via online services and the internet,238,23929,0.00995,Some use this
38,broadcast services,237,23929,0.0099,Some use this
38,digital transmission services for audio and video data,237,23929,0.0099,Some use this
38,communication of data by means of telecommunications,236,23929,0.00986,Some use this
38,internet service provider services,235,23929,0.00982,Some use this
38,broadcasting of radio and television programs,234,23929,0.00978,Some use this
38,geolocation services [telecommunications services],234,23929,0.00978,Some use this
38,"radio and television broadcasting, also via cable networks",234,23929,0.00978,Some use this
38,providing an online interactive bulletin board,233,23929,0.00974,Some use this
38,video telephone services,233,23929,0.00974,Some use this
38,optical fibre telecommunications services,231,23929,0.00965,Some use this
38,providing access to information on the internet,231,23929,0.00965,Some use this
38,satellite telecommunications services,231,23929,0.00965,Some use this
38,interactive telecommunication services,230,23929,0.00961,Some use this
38,television and/or radio broadcasting,230,23929,0.00961,Some use this
38,routing and connecting services for telecommunications,229,23929,0.00957,Some use this
38,providing user access to portals on the internet,228,23929,0.00953,Some use this
38,telephone and mobile telephone services,228,23929,0.00953,Some use this
38,broadcasting and transmission of radio programs,227,23929,0.00949,Some use this
38,broadcasting and transmission of television programs,227,23929,0.00949,Some use this
38,electronic message transmission,226,23929,0.00944,Some use this
38,providing access to digital music websites on the internet,226,23929,0.00944,Some use this
38,"transmission of data, messages and information",226,23929,0.00944,Some use this
38,broadcasting (television -),224,23929,0.00936,Some use this
38,broadcasting programs via a global computer network,224,23929,0.00936,Some use this
38,radio broadcasting of information and other programs,224,23929,0.00936,Some use this
38,arranging access to databases on the internet,223,23929,0.00932,Some use this
38,electronic and telecommunication transmission services,223,23929,0.00932,Some use this
38,internet provider services,222,23929,0.00928,Some use this
38,message collection and transmission services,222,23929,0.00928,Some use this
38,news agencies,222,23929,0.00928,Some use this
38,providing access to web sites on the internet,221,23929,0.00924,Some use this
38,leasing of access time to a computer database,220,23929,0.00919,Some use this
38,broadcasting of television and radio programs via cable or wireless networks,219,23929,0.00915,Some use this
38,communications by fiber [fibre] optic networks,219,23929,0.00915,Some use this
38,message transmission services,219,23929,0.00915,Some use this
38,video on demand transmissions,217,23929,0.00907,Some use this
38,wire service,217,23929,0.00907,Some use this
38,consultancy services relating to telecommunications,216,23929,0.00903,Some use this
38,wireless digital messaging services,216,23929,0.00903,Some use this
38,broadband services,215,23929,0.00898,Some use this
38,communications via multinational telecommunication networks,215,23929,0.00898,Some use this
38,remote data access services,215,23929,0.00898,Some use this
38,web conferencing services,215,23929,0.00898,Some use this
38,communication services over computer networks,214,23929,0.00894,Some use this
39,transport,3196,22011,0.1452,Most use this
39,packaging and storage of goods,2601,22011,0.11817,Recommended
39,travel arrangement,2174,22011,0.09877,Recommended
39,transportation logistics,1302,22011,0.05915,Recommended
39,transport services,1185,22011,0.05384,Recommended
39,travel services,1119,22011,0.05084,Recommended
39,delivery of goods,1116,22011,0.0507,Recommended
39,delivery services,1090,22011,0.04952,Recommended
39,food delivery,1039,22011,0.0472,Recommended
39,food delivery services,930,22011,0.04225,Recommended
39,storage of goods,926,22011,0.04207,Recommended
39,transportation services,900,22011,0.04089,Recommended
39,travel reservation,883,22011,0.04012,Recommended
39,delivery of food and drink prepared for consumption,850,22011,0.03862,Some use this
39,delivery of food by restaurants,827,22011,0.03757,Some use this
39,delivery of food,820,22011,0.03725,Some use this
39,travel information,819,22011,0.03721,Some use this
39,vehicle rental,811,22011,0.03685,Some use this
39,packaging of goods,758,22011,0.03444,Some use this
39,transportation and delivery of goods,747,22011,0.03394,Some use this
39,chauffeur services,713,22011,0.03239,Some use this
39,travel consultancy,696,22011,0.03162,Some use this
39,travel arrangements,690,22011,0.03135,Some use this
39,courier services,686,22011,0.03117,Some use this
39,travel guide and travel information services,673,22011,0.03058,Some use this
39,car transport,667,22011,0.0303,Some use this
39,packaging of food,649,22011,0.02949,Some use this
39,travel agency services for arranging travel,641,22011,0.02912,Some use this
39,travel agency services for arranging holiday travel,639,22011,0.02903,Some use this
39,storage,638,22011,0.02899,Some use this
39,parcel delivery,637,22011,0.02894,Some use this
39,taxi services,633,22011,0.02876,Some use this
39,taxi transport,627,22011,0.02849,Some use this
39,transportation information,624,22011,0.02835,Some use this
39,travel and passenger transportation,619,22011,0.02812,Some use this
39,travel guide services,616,22011,0.02799,Some use this
39,booking of holiday travel and tours,614,22011,0.0279,Some use this
39,travel arrangement services,614,22011,0.0279,Some use this
39,travel reservation services,604,22011,0.02744,Some use this
39,passenger transport,596,22011,0.02708,Some use this
39,escorting of travellers,590,22011,0.0268,Some use this
39,itinerary travel advice services,589,22011,0.02676,Some use this
39,travel booking agencies,588,22011,0.02671,Some use this
39,travel organisation,585,22011,0.02658,Some use this
39,arranging travel tours,580,22011,0.02635,Some use this
39,travel information services,580,22011,0.02635,Some use this
39,transport and delivery of goods,579,22011,0.02631,Some use this
39,holiday travel reservation services,576,22011,0.02617,Some use this
39,car rental,573,22011,0.02603,Some use this
39,transport of food,566,22011,0.02571,Some use this
39,transportation,564,22011,0.02562,Some use this
39,travel route planning,556,22011,0.02526,Some use this
39,arranging of transportation for travel tours,547,22011,0.02485,Some use this
39,storage services,546,22011,0.02481,Some use this
39,transportation of food,545,22011,0.02476,Some use this
39,travel reservations,544,22011,0.02471,Some use this
39,transport reservation,542,22011,0.02462,Some use this
39,arranging holiday travel,537,22011,0.0244,Some use this
39,travel agents services for arranging travel,535,22011,0.02431,Some use this
39,booking of seats for travel,531,22011,0.02412,Some use this
39,distribution of energy,517,22011,0.02349,Some use this
39,transport of goods,516,22011,0.02344,Some use this
39,travel agency services for business travel,516,22011,0.02344,Some use this
39,warehousing services,515,22011,0.0234,Some use this
39,organisation of travel tours,514,22011,0.02335,Some use this
39,travel agency services,514,22011,0.02335,Some use this
39,booking agency services for travel,498,22011,0.02263,Some use this
39,tourist travel reservation services,497,22011,0.02258,Some use this
39,warehousing,494,22011,0.02244,Some use this
39,packing of food,489,22011,0.02222,Some use this
39,arranging of travel tours,485,22011,0.02203,Some use this
39,tour operator services for the booking of travel,484,22011,0.02199,Some use this
39,services for the booking of travel,481,22011,0.02185,Some use this
39,storage of food,481,22011,0.02185,Some use this
39,organisation of travel,480,22011,0.02181,Some use this
39,distribution of renewable energy,478,22011,0.02172,Some use this
39,food transportation services,477,22011,0.02167,Some use this
39,organisation of holiday travel,471,22011,0.0214,Some use this
39,arranging of travel,469,22011,0.02131,Some use this
39,freight forwarding,468,22011,0.02126,Some use this
39,transport brokerage,466,22011,0.02117,Some use this
39,distribution services,464,22011,0.02108,Some use this
39,rental of storage containers,464,22011,0.02108,Some use this
39,travel reservation and booking services,456,22011,0.02072,Some use this
39,air transport,450,22011,0.02044,Some use this
39,transport of travellers,450,22011,0.02044,Some use this
39,arrangement of travel,447,22011,0.02031,Some use this
39,organization of travel tours,446,22011,0.02026,Some use this
39,travel and transport reservation services,446,22011,0.02026,Some use this
39,ticketing services for travel,445,22011,0.02022,Some use this
39,travel ticket reservation services,426,22011,0.01935,Some use this
39,organising of travel,423,22011,0.01922,Some use this
39,agency services for arranging travel,421,22011,0.01913,Some use this
39,arranging and booking of travel,417,22011,0.01895,Some use this
39,reservation services for travel,416,22011,0.0189,Some use this
39,warehouse storage,414,22011,0.01881,Some use this
39,car parking,413,22011,0.01876,Some use this
39,"planning, arranging and booking of travel",409,22011,0.01858,Some use this
39,travel organization,408,22011,0.01854,Some use this
39,package holiday services for arranging travel,400,22011,0.01817,Some use this
39,booking of tickets for travel,398,22011,0.01808,Some use this
39,tours (arranging of travel -),398,22011,0.01808,Some use this
39,delivery of goods by mail order,394,22011,0.0179,Some use this
39,freight brokerage,393,22011,0.01785,Some use this
39,arranging of transport and travel,391,22011,0.01776,Some use this
39,freight transportation,390,22011,0.01772,Some use this
39,transportation of goods,390,22011,0.01772,Some use this
39,organization of travel,389,22011,0.01767,Some use this
39,arranging for travel visas and travel documents for persons travelling abroad,386,22011,0.01754,Some use this
39,booking agency services relating to travel,381,22011,0.01731,Some use this
39,air travel services,380,22011,0.01726,Some use this
39,rental of warehouses,380,22011,0.01726,Some use this
39,freight [shipping of goods],378,22011,0.01717,Some use this
39,energy distribution,377,22011,0.01713,Some use this
39,consultancy for travel planning of routes,376,22011,0.01708,Some use this
39,providing tourist travel information,375,22011,0.01704,Some use this
39,arranging of business travel,374,22011,0.01699,Some use this
39,"collection, transport and delivery of goods",368,22011,0.01672,Some use this
39,arranging and booking of travel for package holidays,367,22011,0.01667,Some use this
39,storage and delivery of goods,366,22011,0.01663,Some use this
39,"travel agency services, namely arranging transportation for travelers",366,22011,0.01663,Some use this
39,bus transport,365,22011,0.01658,Some use this
39,organising of foreign travel,365,22011,0.01658,Some use this
39,transportation of freight,363,22011,0.01649,Some use this
39,passenger transport services,361,22011,0.0164,Some use this
39,removal services,361,22011,0.0164,Some use this
39,travel and tour ticket reservation service,361,22011,0.0164,Some use this
39,agents for arranging travel,358,22011,0.01626,Some use this
39,storage of energy and fuels,357,22011,0.01622,Some use this
39,ticket booking services for travel,357,22011,0.01622,Some use this
39,travel courier services,357,22011,0.01622,Some use this
39,arrangement of taxi transport,356,22011,0.01617,Some use this
39,organizing of travel,354,22011,0.01608,Some use this
39,delivery of hampers containing food and drink,353,22011,0.01604,Some use this
39,reservation (travel -),352,22011,0.01599,Some use this
39,vehicle rental services,348,22011,0.01581,Some use this
39,organization of travel and boat trips,347,22011,0.01576,Some use this
39,booking agency services for airline travel,344,22011,0.01563,Some use this
39,freight and cargo transportation and removal services,340,22011,0.01545,Some use this
39,booking of travel through tourist offices,333,22011,0.01513,Some use this
39,packaging services,333,22011,0.01513,Some use this
39,reservation services for airline travel,331,22011,0.01504,Some use this
39,cargo transportation,329,22011,0.01495,Some use this
39,arrangement of travel to and from hotels,327,22011,0.01486,Some use this
39,arranging of coach travel,327,22011,0.01486,Some use this
39,warehouse storage services,327,22011,0.01486,Some use this
39,cargo delivery services,326,22011,0.01481,Some use this
39,transport and storage,326,22011,0.01481,Some use this
39,guide services (travel -),321,22011,0.01458,Some use this
39,vehicle hire,318,22011,0.01445,Some use this
39,delivery and storage of goods,317,22011,0.0144,Some use this
39,issuing of tickets for travel,316,22011,0.01436,Some use this
39,provision of tourist travel information,315,22011,0.01431,Some use this
39,arranging of air travel,313,22011,0.01422,Some use this
39,road transport services,312,22011,0.01417,Some use this
39,storage information,312,22011,0.01417,Some use this
39,flower delivery,311,22011,0.01413,Some use this
39,railway transport,311,22011,0.01413,Some use this
39,courier services for the transportation of cargo,306,22011,0.0139,Some use this
39,booking of seats (travel),304,22011,0.01381,Some use this
39,marine transport,302,22011,0.01372,Some use this
39,"sightseeing, tour guide and excursion services",298,22011,0.01354,Some use this
39,boat transport,297,22011,0.01349,Some use this
39,courier services for the delivery of goods,297,22011,0.01349,Some use this
39,arranging of tours,295,22011,0.0134,Some use this
39,shipping services,295,22011,0.0134,Some use this
39,freight transportation services,294,22011,0.01336,Some use this
39,parcel delivery services,292,22011,0.01327,Some use this
39,car transport services,291,22011,0.01322,Some use this
39,transportation and storage,288,22011,0.01308,Some use this
39,transport and storage of goods,287,22011,0.01304,Some use this
39,cargo handling and freight services,286,22011,0.01299,Some use this
39,delivery of groceries,286,22011,0.01299,Some use this
39,electricity distribution,285,22011,0.01295,Some use this
39,booking of transport,284,22011,0.0129,Some use this
39,ticket reservation services for travel,284,22011,0.0129,Some use this
39,car rental services,283,22011,0.01286,Some use this
39,wrapping of goods,280,22011,0.01272,Some use this
39,ticket reservation services (travel -),276,22011,0.01254,Some use this
39,transportation of cargo,276,22011,0.01254,Some use this
39,distribution [transport] of retail goods,273,22011,0.0124,Some use this
39,freight services,273,22011,0.0124,Some use this
39,tour reservation services,273,22011,0.0124,Some use this
39,transport services for sightseeing tours,273,22011,0.0124,Some use this
39,package delivery,272,22011,0.01236,Some use this
39,packaging of products,272,22011,0.01236,Some use this
39,delivery [distribution] of goods,271,22011,0.01231,Some use this
39,travel agency services relating to travel by omnibus,271,22011,0.01231,Some use this
39,courier services [messages or merchandise],270,22011,0.01227,Some use this
39,"planning and booking of travel and transport, via electronic means",270,22011,0.01227,Some use this
39,passenger transportation services,269,22011,0.01222,Some use this
39,car hire services,268,22011,0.01218,Some use this
39,car sharing services,268,22011,0.01218,Some use this
39,transport of travellers by taxi,268,22011,0.01218,Some use this
39,food storage services,267,22011,0.01213,Some use this
39,freight forwarding services,267,22011,0.01213,Some use this
39,freighting,266,22011,0.01208,Some use this
39,travel courier,265,22011,0.01204,Some use this
39,booking of tickets for air travel,264,22011,0.01199,Some use this
39,courier services (travel -),264,22011,0.01199,Some use this
39,gift delivery,264,22011,0.01199,Some use this
39,minibus transport services,264,22011,0.01199,Some use this
39,tour organising,264,22011,0.01199,Some use this
39,transport of travelers,264,22011,0.01199,Some use this
39,vehicle transport services,264,22011,0.01199,Some use this
39,waste removal,264,22011,0.01199,Some use this
39,chauffeur driven car hire services,263,22011,0.01195,Some use this
39,freight and cargo services,263,22011,0.01195,Some use this
39,traffic information,263,22011,0.01195,Some use this
39,provision of travel information,262,22011,0.0119,Some use this
39,making travel bookings (services for -),261,22011,0.01186,Some use this
39,services for transportation,261,22011,0.01186,Some use this
39,transport of passengers,261,22011,0.01186,Some use this
39,travel arrangement and reservation services,261,22011,0.01186,Some use this
39,goods warehousing,260,22011,0.01181,Some use this
39,sightseeing [tourism],258,22011,0.01172,Some use this
39,tour guide services,258,22011,0.01172,Some use this
39,booking agency services for sightseeing tours,257,22011,0.01168,Some use this
39,"transport information, advice and reservation services",257,22011,0.01168,Some use this
39,"planning and booking of airline travel, via electronic means",256,22011,0.01163,Some use this
39,shipping of goods,256,22011,0.01163,Some use this
39,freight warehousing,255,22011,0.01159,Some use this
39,express delivery of goods,253,22011,0.01149,Some use this
39,truck transport,253,22011,0.01149,Some use this
39,freight and transport brokerage,252,22011,0.01145,Some use this
39,arranging the delivery of goods,247,22011,0.01122,Some use this
39,mail delivery and courier services,246,22011,0.01118,Some use this
39,wrapping and packaging of goods,245,22011,0.01113,Some use this
39,booking of tickets for train travel,244,22011,0.01109,Some use this
39,reservation services for air travel,244,22011,0.01109,Some use this
39,car hire,243,22011,0.01104,Some use this
39,transportation and storage of goods,243,22011,0.01104,Some use this
39,providing transport and travel information,242,22011,0.01099,Some use this
39,providing transportation information,242,22011,0.01099,Some use this
39,freight ship transport,241,22011,0.01095,Some use this
39,arranging of cruises,239,22011,0.01086,Some use this
39,waste transport,238,22011,0.01081,Some use this
39,storage of goods for transportation,237,22011,0.01077,Some use this
39,"arranging of excursions, day trips and sightseeing tours",236,22011,0.01072,Some use this
39,transportation of vehicles,236,22011,0.01072,Some use this
39,boat rental,231,22011,0.01049,Some use this
39,courier services for the delivery of parcels,231,22011,0.01049,Some use this
39,electricity storage,231,22011,0.01049,Some use this
39,waste removal [transport],231,22011,0.01049,Some use this
39,container storage,230,22011,0.01045,Some use this
39,message delivery,229,22011,0.0104,Some use this
39,gps navigation services,226,22011,0.01027,Some use this
39,rental of storage space,225,22011,0.01022,Some use this
39,waste collection,225,22011,0.01022,Some use this
39,car parking services,224,22011,0.01018,Some use this
39,pickup and delivery of parcels and goods,224,22011,0.01018,Some use this
39,warehousing of goods,224,22011,0.01018,Some use this
39,freight transportation brokerage,222,22011,0.01009,Some use this
39,storage of goods in warehouses,222,22011,0.01009,Some use this
39,transportation of passengers in chauffeur driven vehicles,222,22011,0.01009,Some use this
39,transport and storage of waste,221,22011,0.01004,Some use this
39,arranging of transport,220,22011,0.01,Some use this
39,passenger road transport services,220,22011,0.01,Some use this
39,passenger vehicle hire,220,22011,0.01,Some use this
39,rental of vehicles,220,22011,0.01,Some use this
39,arranging of passenger transport,219,22011,0.00995,Some use this
39,garage rental,219,22011,0.00995,Some use this
39,planning and arranging of sightseeing tours and day trips,218,22011,0.0099,Some use this
39,removal of waste,218,22011,0.0099,Some use this
39,aircraft rental,217,22011,0.00986,Some use this
39,arranging transportation of goods,217,22011,0.00986,Some use this
39,tour operating and organising,217,22011,0.00986,Some use this
39,booking and reservation services for tours,216,22011,0.00981,Some use this
39,goods (delivery of -),215,22011,0.00977,Some use this
39,packaging and storage services,214,22011,0.00972,Some use this
39,bus transport services,213,22011,0.00968,Some use this
39,rental and hire of vehicles,213,22011,0.00968,Some use this
39,vehicle hire services,213,22011,0.00968,Some use this
39,vehicle parking services,213,22011,0.00968,Some use this
39,services for the booking of seats for travel,212,22011,0.00963,Some use this
39,arranging of travel by bus,211,22011,0.00959,Some use this
39,booking of seats for air travel,211,22011,0.00959,Some use this
39,courier services for cargo,211,22011,0.00959,Some use this
39,tour operating,211,22011,0.00959,Some use this
39,booking of hire cars,210,22011,0.00954,Some use this
39,arrangement of transportation,209,22011,0.0095,Some use this
39,transportation of travellers,209,22011,0.0095,Some use this
39,arranging and booking of excursions and sightseeing tours,208,22011,0.00945,Some use this
39,"collection, transport and delivery of palletised goods",208,22011,0.00945,Some use this
39,delivery of parcels by courier,208,22011,0.00945,Some use this
39,operating of tours,208,22011,0.00945,Some use this
39,transport and freight brokerage,208,22011,0.00945,Some use this
39,transportation of passengers,208,22011,0.00945,Some use this
39,booking agency services for car hire,207,22011,0.0094,Some use this
39,collection of goods,206,22011,0.00936,Some use this
39,delivery of parcels,206,22011,0.00936,Some use this
39,organization of sightseeing tours,206,22011,0.00936,Some use this
39,palletised freight distribution services,206,22011,0.00936,Some use this
39,unloading cargo,206,22011,0.00936,Some use this
39,tourist guide services,205,22011,0.00931,Some use this
39,courier services for the delivery packages,204,22011,0.00927,Some use this
39,freight shipping,204,22011,0.00927,Some use this
39,luggage storage,204,22011,0.00927,Some use this
40,printing services,906,13870,0.06532,Recommended
40,printing,817,13870,0.0589,Recommended
40,digital printing,571,13870,0.04117,Recommended
40,energy production,537,13870,0.03872,Some use this
40,recycling services,524,13870,0.03778,Some use this
40,treatment of materials,519,13870,0.03742,Some use this
40,recycling of waste and trash,480,13870,0.03461,Some use this
40,production of energy,466,13870,0.0336,Some use this
40,photographic printing,444,13870,0.03201,Some use this
40,3d printing,418,13870,0.03014,Some use this
40,recycling of waste,387,13870,0.0279,Some use this
40,t-shirt printing,377,13870,0.02718,Some use this
40,textile printing,373,13870,0.02689,Some use this
40,digital printing services,356,13870,0.02567,Some use this
40,generation of electricity from solar energy,347,13870,0.02502,Some use this
40,recycling and waste treatment,345,13870,0.02487,Some use this
40,generation of energy,342,13870,0.02466,Some use this
40,printing of books,333,13870,0.02401,Some use this
40,recycling,328,13870,0.02365,Some use this
40,3d printing services,323,13870,0.02329,Some use this
40,custom 3d printing for others,322,13870,0.02322,Some use this
40,food and drink preservation,304,13870,0.02192,Some use this
40,screen printing,299,13870,0.02156,Some use this
40,waste recycling services,297,13870,0.02141,Some use this
40,pattern printing,295,13870,0.02127,Some use this
40,silkscreen printing,282,13870,0.02033,Some use this
40,upcycling [waste recycling],279,13870,0.02012,Some use this
40,waste management services [recycling],275,13870,0.01983,Some use this
40,lithographic printing,268,13870,0.01932,Some use this
40,production of electrical power from renewable sources,263,13870,0.01896,Some use this
40,generation of electricity,254,13870,0.01831,Some use this
40,coffee roasting and processing,253,13870,0.01824,Some use this
40,printing (photographic -),250,13870,0.01802,Some use this
40,generation of electricity from wind energy,240,13870,0.0173,Some use this
40,recycling of waste materials,233,13870,0.0168,Some use this
40,custom assembling of materials for others,222,13870,0.01601,Some use this
40,treatment of waste,220,13870,0.01586,Some use this
40,recycling of waste products,218,13870,0.01572,Some use this
40,waste processing,218,13870,0.01572,Some use this
40,printing of photos,217,13870,0.01565,Some use this
40,recycling of plastics,216,13870,0.01557,Some use this
40,portrait printing,215,13870,0.0155,Some use this
40,engraving,210,13870,0.01514,Some use this
40,brewing of beer,209,13870,0.01507,Some use this
40,waste treatment,209,13870,0.01507,Some use this
40,production of renewable green energy,208,13870,0.015,Some use this
40,generation of power,206,13870,0.01485,Some use this
40,letterpress printing,205,13870,0.01478,Some use this
40,leasing of energy generating equipment,203,13870,0.01464,Some use this
40,water treatment,199,13870,0.01435,Some use this
40,food processing,197,13870,0.0142,Some use this
40,custom tailoring,196,13870,0.01413,Some use this
40,dressmaking,191,13870,0.01377,Some use this
40,offset printing,191,13870,0.01377,Some use this
40,air purification,187,13870,0.01348,Some use this
40,electricity generation,183,13870,0.01319,Some use this
40,printing (pattern -),180,13870,0.01298,Some use this
40,t-shirt embroidering services,178,13870,0.01283,Some use this
40,sorting of waste and recyclable material,177,13870,0.01276,Some use this
40,stationery printing services,176,13870,0.01269,Some use this
40,waste treatment [transformation],175,13870,0.01262,Some use this
40,air purification and treatment of water,174,13870,0.01255,Some use this
40,printing (lithographic -),174,13870,0.01255,Some use this
40,printing of photographic images from digital media,174,13870,0.01255,Some use this
40,treatment [recycling] of waste,170,13870,0.01226,Some use this
40,waste water treatment,170,13870,0.01226,Some use this
40,sorting of waste and recyclable material [transformation],169,13870,0.01218,Some use this
40,custom imprinting of clothing with decorative designs,168,13870,0.01211,Some use this
40,embroidery services,167,13870,0.01204,Some use this
40,production of energy by power plants,167,13870,0.01204,Some use this
40,clothing alterations,160,13870,0.01154,Some use this
40,metal treating,159,13870,0.01146,Some use this
40,recycling of clothing,159,13870,0.01146,Some use this
40,clothing alteration,154,13870,0.0111,Some use this
40,printing of documents from digital media,153,13870,0.01103,Some use this
40,treatment of waste materials,153,13870,0.01103,Some use this
40,woodworking,153,13870,0.01103,Some use this
40,water treatment services,150,13870,0.01081,Some use this
40,reclamation of material from waste,148,13870,0.01067,Some use this
40,recycling of waste and rubbish,148,13870,0.01067,Some use this
40,waste disposal [treatment of waste],147,13870,0.0106,Some use this
40,food and beverage treatment,145,13870,0.01045,Some use this
40,framing of works of art,143,13870,0.01031,Some use this
40,custom clothing alteration,141,13870,0.01017,Some use this
40,photogravure printing,141,13870,0.01017,Some use this
40,consultancy relating to the recycling of waste and trash,140,13870,0.01009,Some use this
40,recycling of metals,140,13870,0.01009,Some use this
40,photo-printing,139,13870,0.01002,Some use this
40,recycling of plastic,139,13870,0.01002,Some use this
40,material treatment information,137,13870,0.00988,Some use this
40,grinding of coffee,136,13870,0.00981,Some use this
40,embroidering,134,13870,0.00966,Some use this
40,generation of electricity from geothermal energy,133,13870,0.00959,Some use this
40,laser engraving,132,13870,0.00952,Some use this
40,chemical recycling of waste products,131,13870,0.00944,Some use this
40,water treatment and purification,131,13870,0.00944,Some use this
40,electricity generating,128,13870,0.00923,Some use this
40,tee-shirt embroidering services,128,13870,0.00923,Some use this
40,metal casting,126,13870,0.00908,Some use this
40,recycling of chemicals,126,13870,0.00908,Some use this
40,recycling of scrap,126,13870,0.00908,Some use this
40,rental of generators,126,13870,0.00908,Some use this
40,design printing for others,125,13870,0.00901,Some use this
40,metal plating,125,13870,0.00901,Some use this
40,treatment and recycling of packaging,125,13870,0.00901,Some use this
40,destruction of waste and trash,124,13870,0.00894,Some use this
40,water treating,124,13870,0.00894,Some use this
40,generation of electricity from wave energy,122,13870,0.0088,Some use this
40,custom manufacture of furniture,121,13870,0.00872,Some use this
40,air and water conditioning and purification,120,13870,0.00865,Some use this
40,brewing services,120,13870,0.00865,Some use this
40,custom manufacture and assembly services,120,13870,0.00865,Some use this
40,intaglio printing,119,13870,0.00858,Some use this
40,treatment of chemical waste,119,13870,0.00858,Some use this
40,recycling of refuse and waste,118,13870,0.00851,Some use this
40,silk screen printing,118,13870,0.00851,Some use this
40,waste destruction,118,13870,0.00851,Some use this
40,pattern printing on fabric,116,13870,0.00836,Some use this
40,printing (offset -),116,13870,0.00836,Some use this
40,incineration of waste and trash,115,13870,0.00829,Some use this
40,treatment of waste water,115,13870,0.00829,Some use this
40,custom tailoring services,114,13870,0.00822,Some use this
40,metal fabrication and finishing services,114,13870,0.00822,Some use this
40,treatment of water,114,13870,0.00822,Some use this
40,decontamination of hazardous materials,112,13870,0.00807,Some use this
40,water purification,112,13870,0.00807,Some use this
40,applying finishes to textiles,111,13870,0.008,Some use this
40,energy (production of -),111,13870,0.008,Some use this
40,hazardous waste management,111,13870,0.008,Some use this
40,treatment and transformation of materials,111,13870,0.008,Some use this
40,welding services,111,13870,0.008,Some use this
40,sewing (custom manufacture),110,13870,0.00793,Some use this
40,joinery [custom manufacture],109,13870,0.00786,Some use this
40,tailoring or dressmaking,109,13870,0.00786,Some use this
40,tailoring services,109,13870,0.00786,Some use this
40,custom tailoring or dressmaking,107,13870,0.00771,Some use this
40,tailoring [custom manufacture],107,13870,0.00771,Some use this
40,waste management services,107,13870,0.00771,Some use this
40,food smoking,106,13870,0.00764,Some use this
40,print finishing services,105,13870,0.00757,Some use this
40,refining services,105,13870,0.00757,Some use this
40,wool printing,105,13870,0.00757,Some use this
40,generation of gas and electricity,104,13870,0.0075,Some use this
40,energy production services,103,13870,0.00743,Some use this
40,production of green energy,103,13870,0.00743,Some use this
40,sewing,103,13870,0.00743,Some use this
40,embroidery [embroidering],101,13870,0.00728,Some use this
40,metalworking,101,13870,0.00728,Some use this
40,food canning,100,13870,0.00721,Some use this
40,power generation,100,13870,0.00721,Some use this
40,spirits distillery services,100,13870,0.00721,Some use this
40,custom manufacture of pharmaceuticals,98,13870,0.00707,Some use this
40,printing of advertising matter,98,13870,0.00707,Some use this
40,waste water reprocessing,98,13870,0.00707,Some use this
40,rental of electricity generators,97,13870,0.00699,Some use this
40,pattern printing on textiles,96,13870,0.00692,Some use this
40,treatment of materials using chemicals,96,13870,0.00692,Some use this
40,discharge printing,95,13870,0.00685,Some use this
40,printing of images on objects,95,13870,0.00685,Some use this
40,treatment [reclamation] of material from waste,95,13870,0.00685,Some use this
40,treatment of hazardous waste,95,13870,0.00685,Some use this
40,treatment of industrial waste,95,13870,0.00685,Some use this
40,treatment of waste materials in the field of environmental pollution control,95,13870,0.00685,Some use this
40,destruction of waste,93,13870,0.00671,Some use this
40,generating of electricity,93,13870,0.00671,Some use this
40,printing of photographic transparencies,93,13870,0.00671,Some use this
40,waste and trash (recycling of -),93,13870,0.00671,Some use this
40,food preservation,92,13870,0.00663,Some use this
40,bookbinding,91,13870,0.00656,Some use this
40,printing of digitally stored pictures and photographs,91,13870,0.00656,Some use this
40,printing of photographic film,91,13870,0.00656,Some use this
40,assembly of products for others,90,13870,0.00649,Some use this
40,treatment of toxic waste,88,13870,0.00634,Some use this
40,dyeing of clothing,87,13870,0.00627,Some use this
40,alteration of clothing [custom manufacture],86,13870,0.0062,Some use this
40,soldering,85,13870,0.00613,Some use this
40,clean energy production,84,13870,0.00606,Some use this
40,photographic film development,84,13870,0.00606,Some use this
40,recycling of valuable materials,84,13870,0.00606,Some use this
40,fuel processing,83,13870,0.00598,Some use this
40,reproduction of photographic prints,83,13870,0.00598,Some use this
40,treatment [reclamation] of industrial waste,83,13870,0.00598,Some use this
40,custom manufacture of metal hardware,82,13870,0.00591,Some use this
40,"printing, and photographic and cinematographic development",82,13870,0.00591,Some use this
40,production of electrical energy from renewable sources,82,13870,0.00591,Some use this
40,paper finishing,80,13870,0.00577,Some use this
40,processing of chemicals,80,13870,0.00577,Some use this
40,treatment of waste water from industrial processes,80,13870,0.00577,Some use this
40,waste incineration,80,13870,0.00577,Some use this
40,preservation of food,79,13870,0.0057,Some use this
40,production of energy by nuclear power plants,79,13870,0.0057,Some use this
40,cloth cutting,78,13870,0.00562,Some use this
40,clothing alterations [custom manufacture],78,13870,0.00562,Some use this
40,dental technician services,78,13870,0.00562,Some use this
40,needlework and dressmaking,78,13870,0.00562,Some use this
40,processing of plastics,78,13870,0.00562,Some use this
40,providing information relating to the recycling of waste,78,13870,0.00562,Some use this
40,incineration of waste,77,13870,0.00555,Some use this
40,laser scribing,77,13870,0.00555,Some use this
40,offset printing services,77,13870,0.00555,Some use this
40,printing of patterns on textiles,77,13870,0.00555,Some use this
40,printing of stamps,77,13870,0.00555,Some use this
40,rental of 3d printers,77,13870,0.00555,Some use this
40,treatment and processing of plastics,77,13870,0.00555,Some use this
40,consultancy services relating to the generation of electrical power,76,13870,0.00548,Some use this
40,providing information relating to material treatment,76,13870,0.00548,Some use this
40,production of hydroelectric power,75,13870,0.00541,Some use this
40,treatment [purification] of water,74,13870,0.00534,Some use this
40,generation of energy from renewable sources,73,13870,0.00526,Some use this
40,monogramming of clothing,73,13870,0.00526,Some use this
40,"soil, waste or water treatment services [environmental remediation services]",73,13870,0.00526,Some use this
40,treatment [transformation] of waste,73,13870,0.00526,Some use this
40,welding,73,13870,0.00526,Some use this
40,freezing of foods,72,13870,0.00519,Some use this
40,joinery services [custom manufacturing of woodwork],72,13870,0.00519,Some use this
40,metal coating,72,13870,0.00519,Some use this
40,processing of cinematographic films,72,13870,0.00519,Some use this
40,food grinding,71,13870,0.00512,Some use this
40,grinding,71,13870,0.00512,Some use this
40,hazardous waste treatment services,71,13870,0.00512,Some use this
40,recycling of paper,71,13870,0.00512,Some use this
40,textile dyeing,71,13870,0.00512,Some use this
40,metal finishing,70,13870,0.00505,Some use this
40,paper treating,70,13870,0.00505,Some use this
40,processing of oil,69,13870,0.00497,Some use this
40,coffee-grinding,68,13870,0.0049,Some use this
40,dyeing services,68,13870,0.0049,Some use this
40,quilting,68,13870,0.0049,Some use this
40,film printing (photographic -),67,13870,0.00483,Some use this
40,imprinting messages on tee-shirts,67,13870,0.00483,Some use this
40,printing of decorative patterns on gift wrap,67,13870,0.00483,Some use this
40,processing of oil and gas,67,13870,0.00483,Some use this
40,three-dimensional printing [3dp] services,67,13870,0.00483,Some use this
40,clothing (hot-pressing of -) [forming of clothing],66,13870,0.00476,Some use this
40,etching,66,13870,0.00476,Some use this
40,gold plating,66,13870,0.00476,Some use this
40,photographic image processing,66,13870,0.00476,Some use this
40,processing of waste oil,66,13870,0.00476,Some use this
40,recycling of minerals,66,13870,0.00476,Some use this
40,sewing services,66,13870,0.00476,Some use this
40,waste disposal,66,13870,0.00476,Some use this
40,covering of books,65,13870,0.00469,Some use this
40,food milling,65,13870,0.00469,Some use this
40,fuel refining,65,13870,0.00469,Some use this
40,purification of industrial waste water,65,13870,0.00469,Some use this
40,three-dimensional printing [3dp],64,13870,0.00461,Some use this
40,treatment of industrial waste to sequester carbon,64,13870,0.00461,Some use this
40,treatment of metals,64,13870,0.00461,Some use this
40,air freshening,63,13870,0.00454,Some use this
40,treatment and coating of metal surfaces,63,13870,0.00454,Some use this
40,beer brewing for others,62,13870,0.00447,Some use this
40,consultancy relating to the destruction of waste and trash,62,13870,0.00447,Some use this
40,energy generation,62,13870,0.00447,Some use this
40,gas production services,62,13870,0.00447,Some use this
40,laminating,62,13870,0.00447,Some use this
40,metal tempering,62,13870,0.00447,Some use this
40,needlework [custom manufacture],62,13870,0.00447,Some use this
40,rental of water treatment equipment,62,13870,0.00447,Some use this
40,waste recycling,62,13870,0.00447,Some use this
40,custom manufacture of prototypes,61,13870,0.0044,Some use this
40,processing of fuel materials,61,13870,0.0044,Some use this
40,regeneration of water,61,13870,0.0044,Some use this
40,treatment [recycling] of chemicals,61,13870,0.0044,Some use this
40,digital enhancement of photographs,60,13870,0.00433,Some use this
40,digital on-demand printing services of books and other documents,60,13870,0.00433,Some use this
40,dyeing of cloth or clothing,60,13870,0.00433,Some use this
40,enlarging of photographic prints,60,13870,0.00433,Some use this
40,framing of pictures,60,13870,0.00433,Some use this
40,pasteurizing of food and beverages,60,13870,0.00433,Some use this
40,photographic retouching,60,13870,0.00433,Some use this
40,recycling of solvents,60,13870,0.00433,Some use this
40,rental of electric power generators,60,13870,0.00433,Some use this
40,abrasion,59,13870,0.00425,Some use this
40,disposal of waste water from industrial processes,59,13870,0.00425,Some use this
40,metal cutting,59,13870,0.00425,Some use this
40,pasteurising of food and beverages,59,13870,0.00425,Some use this
40,refining,59,13870,0.00425,Some use this
40,rental of batteries,59,13870,0.00425,Some use this
40,timber felling and processing,59,13870,0.00425,Some use this
40,transfer of photographic prints,59,13870,0.00425,Some use this
40,works of art (framing of -),59,13870,0.00425,Some use this
40,dental laboratories,58,13870,0.00418,Some use this
40,metal treatment,58,13870,0.00418,Some use this
40,metal treatment services,58,13870,0.00418,Some use this
40,photo finishing,58,13870,0.00418,Some use this
40,sewage treatment services,58,13870,0.00418,Some use this
40,consultancy relating to the incineration of waste and trash,57,13870,0.00411,Some use this
40,fuel treatment services,57,13870,0.00411,Some use this
40,incineration and destruction of waste,57,13870,0.00411,Some use this
41,education,16871,116677,0.1446,Most use this
41,entertainment,12830,116677,0.10996,Recommended
41,entertainment services,11902,116677,0.10201,Recommended
41,providing of training,10149,116677,0.08698,Recommended
41,sporting and cultural activities,9053,116677,0.07759,Recommended
41,training,8291,116677,0.07106,Recommended
41,education and training,7869,116677,0.06744,Recommended
41,education services,7147,116677,0.06125,Recommended
41,education and training services,6867,116677,0.05885,Recommended
41,coaching [training],6066,116677,0.05199,Recommended
41,training services,5518,116677,0.04729,Recommended
41,coaching,5416,116677,0.04642,Recommended
41,"education, teaching and training",5372,116677,0.04604,Recommended
41,online education services,5287,116677,0.04531,Recommended
41,training courses,5036,116677,0.04316,Recommended
41,educational services,4795,116677,0.0411,Recommended
41,publishing services,4617,116677,0.03957,Some use this
41,education and training consultancy,4600,116677,0.03943,Some use this
41,training and education services,4357,116677,0.03734,Some use this
41,coaching services,4331,116677,0.03712,Some use this
41,personal coaching [training],4140,116677,0.03548,Some use this
41,publication of books,4105,116677,0.03518,Some use this
41,life coaching (training),4002,116677,0.0343,Some use this
41,business training,3862,116677,0.0331,Some use this
41,educational and training services,3689,116677,0.03162,Some use this
41,personal development training,3644,116677,0.03123,Some use this
41,training consultancy,3594,116677,0.0308,Some use this
41,musical entertainment,3570,116677,0.0306,Some use this
41,music production,3485,116677,0.02987,Some use this
41,music entertainment services,3481,116677,0.02983,Some use this
41,production of music,3439,116677,0.02947,Some use this
41,education information,3359,116677,0.02879,Some use this
41,music performances,3257,116677,0.02791,Some use this
41,production of podcasts,3120,116677,0.02674,Some use this
41,music recording,3112,116677,0.02667,Some use this
41,providing online training seminars,3112,116677,0.02667,Some use this
41,health education,3111,116677,0.02666,Some use this
41,health and wellness training,3104,116677,0.0266,Some use this
41,education and instruction,3060,116677,0.02623,Some use this
41,training and further training consultancy,3043,116677,0.02608,Some use this
41,health and fitness training,3021,116677,0.02589,Some use this
41,provision of training courses,3020,116677,0.02588,Some use this
41,live music performances,3010,116677,0.0258,Some use this
41,music publishing,2974,116677,0.02549,Some use this
41,training and instruction,2944,116677,0.02523,Some use this
41,provision of education and training,2936,116677,0.02516,Some use this
41,education and instruction services,2911,116677,0.02495,Some use this
41,music concerts,2908,116677,0.02492,Some use this
41,provision of training and education,2894,116677,0.0248,Some use this
41,provision of training,2884,116677,0.02472,Some use this
41,training or education services in the field of life coaching,2843,116677,0.02437,Some use this
41,music publishing and music recording services,2842,116677,0.02436,Some use this
41,recording of music,2822,116677,0.02419,Some use this
41,publishing,2803,116677,0.02402,Some use this
41,provision of education courses,2675,116677,0.02293,Some use this
41,online entertainment services,2668,116677,0.02287,Some use this
41,providing courses of training,2628,116677,0.02252,Some use this
41,television entertainment,2620,116677,0.02246,Some use this
41,"providing online videos, not downloadable",2615,116677,0.02241,Some use this
41,performance of music,2611,116677,0.02238,Some use this
41,providing training,2582,116677,0.02213,Some use this
41,live music concerts,2579,116677,0.0221,Some use this
41,organisation of training courses,2552,116677,0.02187,Some use this
41,educational services for providing courses of education,2533,116677,0.02171,Some use this
41,arranging professional workshop and training courses,2513,116677,0.02154,Some use this
41,"education, entertainment and sports",2484,116677,0.02129,Some use this
41,sports training,2469,116677,0.02116,Some use this
41,organisation of training seminars,2468,116677,0.02115,Some use this
41,sports and fitness,2457,116677,0.02106,Some use this
41,business mentoring services,2436,116677,0.02088,Some use this
41,conducting workshops [training],2429,116677,0.02082,Some use this
41,teaching,2425,116677,0.02078,Some use this
41,online publication of electronic books and journals,2414,116677,0.02069,Some use this
41,training in business skills,2409,116677,0.02065,Some use this
41,music festival services,2400,116677,0.02057,Some use this
41,educational and teaching services,2396,116677,0.02054,Some use this
41,live entertainment,2384,116677,0.02043,Some use this
41,organisation of entertainment events,2373,116677,0.02034,Some use this
41,business training services,2370,116677,0.02031,Some use this
41,exercise and fitness classes,2369,116677,0.0203,Some use this
41,music publishing services,2361,116677,0.02024,Some use this
41,book publishing,2359,116677,0.02022,Some use this
41,entertainment information,2341,116677,0.02006,Some use this
41,providing of education,2309,116677,0.01979,Some use this
41,"education, entertainment and sport services",2286,116677,0.01959,Some use this
41,sports and fitness services,2283,116677,0.01957,Some use this
41,fitness training services,2282,116677,0.01956,Some use this
41,music production services,2266,116677,0.01942,Some use this
41,"audio, video and multimedia production, and photography",2261,116677,0.01938,Some use this
41,interactive entertainment,2257,116677,0.01934,Some use this
41,organisation of educational events,2255,116677,0.01933,Some use this
41,sports coaching,2243,116677,0.01922,Some use this
41,music composition services,2239,116677,0.01919,Some use this
41,"conducting courses, seminars and workshops",2238,116677,0.01918,Some use this
41,interactive entertainment services,2223,116677,0.01905,Some use this
41,publishing of books,2221,116677,0.01904,Some use this
41,musical entertainment services,2214,116677,0.01898,Some use this
41,academies [education],2203,116677,0.01888,Some use this
41,film production,2188,116677,0.01875,Some use this
41,conducting fitness classes,2184,116677,0.01872,Some use this
41,publishing of music,2175,116677,0.01864,Some use this
41,live music shows,2157,116677,0.01849,Some use this
41,live musical concerts,2157,116677,0.01849,Some use this
41,"providing online electronic publications, not downloadable",2129,116677,0.01825,Some use this
41,production of live entertainment events,2108,116677,0.01807,Some use this
41,publication of music,2105,116677,0.01804,Some use this
41,organization of competitions [education or entertainment],2098,116677,0.01798,Some use this
41,sports club services,2094,116677,0.01795,Some use this
41,conducting training seminars,2088,116677,0.0179,Some use this
41,instructional and training services,2081,116677,0.01784,Some use this
41,photography,2080,116677,0.01783,Some use this
41,career counselling and coaching,2064,116677,0.01769,Some use this
41,cultural activities,2055,116677,0.01761,Some use this
41,organisation of training,2042,116677,0.0175,Some use this
41,presentation of live performances,2032,116677,0.01742,Some use this
41,creation [writing] of podcasts,2031,116677,0.01741,Some use this
41,personal trainer services [fitness training],2028,116677,0.01738,Some use this
41,provision of online training,2027,116677,0.01737,Some use this
41,vocational education and training services,2016,116677,0.01728,Some use this
41,music concert services,2009,116677,0.01722,Some use this
41,music education,2004,116677,0.01718,Some use this
41,physical fitness training services,1998,116677,0.01712,Some use this
41,management training services,1988,116677,0.01704,Some use this
41,publication of electronic books and journals on-line,1986,116677,0.01702,Some use this
41,adult education services,1985,116677,0.01701,Some use this
41,practical training,1972,116677,0.0169,Some use this
41,organization of entertainment events,1969,116677,0.01688,Some use this
41,educational seminars,1968,116677,0.01687,Some use this
41,physical health education,1964,116677,0.01683,Some use this
41,conducting of entertainment events,1963,116677,0.01682,Some use this
41,live music services,1961,116677,0.01681,Some use this
41,radio entertainment,1959,116677,0.01679,Some use this
41,vocational education,1956,116677,0.01676,Some use this
41,online interactive entertainment,1952,116677,0.01673,Some use this
41,"providing of training, teaching and tuition",1944,116677,0.01666,Some use this
41,gaming services,1934,116677,0.01658,Some use this
41,educational consultancy,1907,116677,0.01634,Some use this
41,health club services [health and fitness training],1907,116677,0.01634,Some use this
41,live entertainment services,1907,116677,0.01634,Some use this
41,fitness and exercise training services,1892,116677,0.01622,Some use this
41,video production,1891,116677,0.01621,Some use this
41,music performance services,1887,116677,0.01617,Some use this
41,arranging and conducting of workshops [training],1883,116677,0.01614,Some use this
41,physical education,1883,116677,0.01614,Some use this
41,workshops for training purposes,1881,116677,0.01612,Some use this
41,production of music concerts,1878,116677,0.0161,Some use this
41,provision of training courses in personal development,1863,116677,0.01597,Some use this
41,education information services,1855,116677,0.0159,Some use this
41,production of sound and music recordings,1851,116677,0.01586,Some use this
41,education services relating to health,1841,116677,0.01578,Some use this
41,organisation of entertainment and cultural events,1840,116677,0.01577,Some use this
41,business training consultancy services,1839,116677,0.01576,Some use this
41,publication of multimedia material online,1834,116677,0.01572,Some use this
41,entertainment services in the nature of organizing social entertainment events,1831,116677,0.01569,Some use this
41,meditation training,1831,116677,0.01569,Some use this
41,educational research,1817,116677,0.01557,Some use this
41,"digital video, audio and multimedia entertainment publishing services",1813,116677,0.01554,Some use this
41,publication of audio books,1810,116677,0.01551,Some use this
41,sports entertainment services,1810,116677,0.01551,Some use this
41,online gaming services,1808,116677,0.0155,Some use this
41,entertainment services in the nature of arranging social entertainment events,1801,116677,0.01544,Some use this
41,video entertainment services,1801,116677,0.01544,Some use this
41,provision of entertainment via podcast,1800,116677,0.01543,Some use this
41,on-line entertainment,1796,116677,0.01539,Some use this
41,performance of music and singing,1786,116677,0.01531,Some use this
41,management training consultancy services,1784,116677,0.01529,Some use this
41,personnel training,1780,116677,0.01526,Some use this
41,hospitality services (entertainment),1778,116677,0.01524,Some use this
41,career and vocational training,1777,116677,0.01523,Some use this
41,providing online courses of instruction,1765,116677,0.01513,Some use this
41,gambling services,1761,116677,0.01509,Some use this
41,personal fitness training services,1757,116677,0.01506,Some use this
41,presentation of live entertainment events,1755,116677,0.01504,Some use this
41,arranging and conducting of conferences,1750,116677,0.015,Some use this
41,music mixing services,1748,116677,0.01498,Some use this
41,providing online electronic publications,1747,116677,0.01497,Some use this
41,arranging of musical entertainment,1745,116677,0.01496,Some use this
41,employment training,1739,116677,0.0149,Some use this
41,online digital publishing services,1720,116677,0.01474,Some use this
41,academy education services,1717,116677,0.01472,Some use this
41,educational services in the nature of coaching,1717,116677,0.01472,Some use this
41,physical fitness instruction,1717,116677,0.01472,Some use this
41,production of shows,1714,116677,0.01469,Some use this
41,"entertainment, sporting and cultural activities",1710,116677,0.01466,Some use this
41,vocational training,1707,116677,0.01463,Some use this
41,fitness and exercise instruction,1702,116677,0.01459,Some use this
41,"performance of dance, music and drama",1701,116677,0.01458,Some use this
41,written training courses,1699,116677,0.01456,Some use this
41,"audio and video production, and photography",1697,116677,0.01454,Some use this
41,training in sports,1696,116677,0.01454,Some use this
41,"entertainment, education and instruction services",1692,116677,0.0145,Some use this
41,education academy services,1687,116677,0.01446,Some use this
41,production of radio and television programmes,1684,116677,0.01443,Some use this
41,musical performances,1674,116677,0.01435,Some use this
41,production of video and audio recordings,1673,116677,0.01434,Some use this
41,vocational skills training,1672,116677,0.01433,Some use this
41,workshops for educational purposes,1671,116677,0.01432,Some use this
41,computer education training,1661,116677,0.01424,Some use this
41,performing of music and singing,1656,116677,0.01419,Some use this
41,business educational services,1655,116677,0.01418,Some use this
41,health and fitness club services,1655,116677,0.01418,Some use this
41,organization of exhibitions for cultural or educational purposes,1655,116677,0.01418,Some use this
41,publication of educational materials,1653,116677,0.01417,Some use this
41,organisation of music concerts,1645,116677,0.0141,Some use this
41,arranging of educational events,1637,116677,0.01403,Some use this
41,advanced training,1634,116677,0.014,Some use this
41,electronic publishing services,1630,116677,0.01397,Some use this
41,exercise [fitness] training services,1628,116677,0.01395,Some use this
41,university education services,1628,116677,0.01395,Some use this
41,audio and video recording services,1624,116677,0.01392,Some use this
41,organisation of cultural events,1622,116677,0.0139,Some use this
41,staff training services,1612,116677,0.01382,Some use this
41,publication of electronic books and journals online,1609,116677,0.01379,Some use this
41,adult training,1608,116677,0.01378,Some use this
41,organising events for entertainment purposes,1608,116677,0.01378,Some use this
41,arranging of music performances,1603,116677,0.01374,Some use this
41,electronic publishing,1603,116677,0.01374,Some use this
41,exercise classes,1603,116677,0.01374,Some use this
41,live musical performances,1602,116677,0.01373,Some use this
41,sound recording and video entertainment services,1588,116677,0.01361,Some use this
41,practical training [demonstration],1582,116677,0.01356,Some use this
41,musical concert services,1581,116677,0.01355,Some use this
41,arranging of training courses,1579,116677,0.01353,Some use this
41,creation [writing] of educational content for podcasts,1579,116677,0.01353,Some use this
41,organising of sports and sports events,1579,116677,0.01353,Some use this
41,publication of educational books,1578,116677,0.01352,Some use this
41,publishing of educational material,1576,116677,0.01351,Some use this
41,sports education services,1569,116677,0.01345,Some use this
41,organizing cultural and arts events,1568,116677,0.01344,Some use this
41,training courses (provision of -),1564,116677,0.0134,Some use this
41,publication services,1560,116677,0.01337,Some use this
41,sporting activities,1558,116677,0.01335,Some use this
41,sports activities,1557,116677,0.01334,Some use this
41,production of music shows,1556,116677,0.01334,Some use this
41,"publishing of books, magazines",1556,116677,0.01334,Some use this
41,educational information,1554,116677,0.01332,Some use this
41,vocational guidance [education or training advice],1547,116677,0.01326,Some use this
41,career counseling [education],1545,116677,0.01324,Some use this
41,career counselling [training and education advice],1543,116677,0.01322,Some use this
41,music recording studio services,1543,116677,0.01322,Some use this
41,education and training in the field of business management,1538,116677,0.01318,Some use this
41,educational consultancy services,1538,116677,0.01318,Some use this
41,photography services,1532,116677,0.01313,Some use this
41,further education,1519,116677,0.01302,Some use this
41,game services provided online from a computer network,1519,116677,0.01302,Some use this
41,information (education -),1517,116677,0.013,Some use this
41,entertainment club services,1516,116677,0.01299,Some use this
41,services of schools [education],1514,116677,0.01298,Some use this
41,providing online games,1513,116677,0.01297,Some use this
41,training in business management,1507,116677,0.01292,Some use this
41,personal development courses,1506,116677,0.01291,Some use this
41,provision of online tutorials,1501,116677,0.01286,Some use this
41,production of live entertainment,1495,116677,0.01281,Some use this
41,educational instruction,1494,116677,0.0128,Some use this
41,medical education services,1493,116677,0.0128,Some use this
41,arranging and conducting of seminars,1492,116677,0.01279,Some use this
41,music group services,1487,116677,0.01274,Some use this
41,conducting of educational events,1486,116677,0.01274,Some use this
41,theatre entertainment,1485,116677,0.01273,Some use this
41,audio entertainment services,1483,116677,0.01271,Some use this
41,organising community cultural events,1473,116677,0.01262,Some use this
41,conducting of live entertainment events,1468,116677,0.01258,Some use this
41,recording studio services,1466,116677,0.01256,Some use this
41,health club services,1464,116677,0.01255,Some use this
41,entertainer services,1452,116677,0.01244,Some use this
41,organization of sports competitions,1447,116677,0.0124,Some use this
41,teaching of music,1447,116677,0.0124,Some use this
41,club entertainment services,1440,116677,0.01234,Some use this
41,special event planning,1440,116677,0.01234,Some use this
41,primary education services,1438,116677,0.01232,Some use this
41,online electronic publishing of books and periodicals,1431,116677,0.01226,Some use this
41,dance events,1427,116677,0.01223,Some use this
41,"providing on-line electronic publications, not downloadable",1427,116677,0.01223,Some use this
41,providing sports facilities,1425,116677,0.01221,Some use this
41,presentation of music concerts,1421,116677,0.01218,Some use this
41,"publishing, reporting, and writing of texts",1411,116677,0.01209,Some use this
41,physical fitness education services,1410,116677,0.01208,Some use this
41,computer education training services,1409,116677,0.01208,Some use this
41,practical training services,1408,116677,0.01207,Some use this
41,publishing of electronic publications,1400,116677,0.012,Some use this
41,video film production,1399,116677,0.01199,Some use this
41,organising of recreational events,1398,116677,0.01198,Some use this
41,higher education services,1396,116677,0.01196,Some use this
41,fitness club services,1394,116677,0.01195,Some use this
41,books (publication of -),1391,116677,0.01192,Some use this
41,"audio, film, video and television recording services",1389,116677,0.0119,Some use this
41,multimedia publishing,1389,116677,0.0119,Some use this
41,"organisation of conferences, exhibitions and competitions",1388,116677,0.0119,Some use this
41,gym activity classes,1384,116677,0.01186,Some use this
41,publication of music books,1381,116677,0.01184,Some use this
41,personal training services,1380,116677,0.01183,Some use this
41,video game entertainment services,1380,116677,0.01183,Some use this
41,organisation of sporting competitions and sports events,1378,116677,0.01181,Some use this
41,management education services,1372,116677,0.01176,Some use this
41,publishing of electronic books and journals online,1372,116677,0.01176,Some use this
41,academy services (education -),1371,116677,0.01175,Some use this
41,career advisory services (education or training advice),1369,116677,0.01173,Some use this
41,conducting of educational courses,1369,116677,0.01173,Some use this
42,software as a service [saas],10666,90528,0.11782,Recommended
42,design and development of computer hardware and software,6315,90528,0.06976,Recommended
42,platform as a service [paas],6010,90528,0.06639,Recommended
42,computer programming,5159,90528,0.05699,Recommended
42,scientific and technological services and research and design relating thereto,4961,90528,0.0548,Recommended
42,design services,4957,90528,0.05476,Recommended
42,computer software design,4647,90528,0.05133,Recommended
42,software as a service,4150,90528,0.04584,Recommended
42,software development,4091,90528,0.04519,Recommended
42,computer software consultancy,3673,90528,0.04057,Recommended
42,electronic data storage,3379,90528,0.03733,Some use this
42,software as a service (saas),3184,90528,0.03517,Some use this
42,software design,3150,90528,0.0348,Some use this
42,industrial analysis and research services,3096,90528,0.0342,Some use this
42,design and development of computer software,2890,90528,0.03192,Some use this
42,maintenance of computer software,2825,90528,0.03121,Some use this
42,cloud computing services,2818,90528,0.03113,Some use this
42,software engineering,2780,90528,0.03071,Some use this
42,software as a service [saas] services,2745,90528,0.03032,Some use this
42,computer software development,2699,90528,0.02981,Some use this
42,platforms for artificial intelligence as software as a service [saas],2575,90528,0.02844,Some use this
42,cloud computing,2552,90528,0.02819,Some use this
42,updating of computer software,2513,90528,0.02776,Some use this
42,it services,2426,90528,0.0268,Some use this
42,graphic design,2394,90528,0.02644,Some use this
42,design consultancy,2392,90528,0.02642,Some use this
42,software as a service [saas] featuring software for machine learning,2336,90528,0.0258,Some use this
42,graphic design services,2259,90528,0.02495,Some use this
42,platform as a service (paas),2221,90528,0.02453,Some use this
42,software design and development,2119,90528,0.02341,Some use this
42,engineering services,2101,90528,0.02321,Some use this
42,development of computer software application solutions,2088,90528,0.02306,Some use this
42,installation of computer software,2087,90528,0.02305,Some use this
42,development of computer software,2073,90528,0.0229,Some use this
42,website design,2026,90528,0.02238,Some use this
42,computer software integration,1987,90528,0.02195,Some use this
42,quality control and authentication services,1979,90528,0.02186,Some use this
42,design of software,1927,90528,0.02129,Some use this
42,"software development, programming and implementation",1886,90528,0.02083,Some use this
42,development of computer platforms,1880,90528,0.02077,Some use this
42,industrial design,1872,90528,0.02068,Some use this
42,packaging design,1838,90528,0.0203,Some use this
42,information technology [it] consultancy,1831,90528,0.02023,Some use this
42,"hosting services, software as a service, and rental of software",1782,90528,0.01968,Some use this
42,computer services,1767,90528,0.01952,Some use this
42,development of software,1740,90528,0.01922,Some use this
42,website design consultancy,1737,90528,0.01919,Some use this
42,graphic art design,1711,90528,0.0189,Some use this
42,computer technology consultancy,1701,90528,0.01879,Some use this
42,technological research,1701,90528,0.01879,Some use this
42,data security services,1699,90528,0.01877,Some use this
42,artificial intelligence consultancy,1697,90528,0.01875,Some use this
42,graphic arts design,1691,90528,0.01868,Some use this
42,product design,1676,90528,0.01851,Some use this
42,consulting services in the field of software as a service [saas],1663,90528,0.01837,Some use this
42,"industrial analysis, industrial research and industrial design services",1654,90528,0.01827,Some use this
42,scientific research,1642,90528,0.01814,Some use this
42,interior design,1640,90528,0.01812,Some use this
42,visual design,1638,90528,0.01809,Some use this
42,"providing online, non-downloadable software",1629,90528,0.01799,Some use this
42,computer software engineering,1628,90528,0.01798,Some use this
42,technical data analysis,1628,90528,0.01798,Some use this
42,rental of computer software,1616,90528,0.01785,Some use this
42,software development services,1616,90528,0.01785,Some use this
42,technological consultancy,1596,90528,0.01763,Some use this
42,computer system design,1578,90528,0.01743,Some use this
42,computer software consulting,1563,90528,0.01727,Some use this
42,"it consultancy, advisory and information services",1551,90528,0.01713,Some use this
42,computer security consultancy,1522,90528,0.01681,Some use this
42,scientific and technological services,1522,90528,0.01681,Some use this
42,design of computer software,1505,90528,0.01662,Some use this
42,data encryption services,1501,90528,0.01658,Some use this
42,website design services,1490,90528,0.01646,Some use this
42,interior design services,1488,90528,0.01644,Some use this
42,software installation,1476,90528,0.0163,Some use this
42,information technology services,1473,90528,0.01627,Some use this
42,computer software design services,1465,90528,0.01618,Some use this
42,website design and development,1454,90528,0.01606,Some use this
42,software consulting services,1433,90528,0.01583,Some use this
42,hosting platforms on the internet,1432,90528,0.01582,Some use this
42,software development in the framework of software publishing,1422,90528,0.01571,Some use this
42,consultancy (computer software -),1417,90528,0.01565,Some use this
42,development of computer hardware and software,1402,90528,0.01549,Some use this
42,art work design,1394,90528,0.0154,Some use this
42,science and technology services,1390,90528,0.01535,Some use this
42,software consultancy services,1387,90528,0.01532,Some use this
42,research services,1378,90528,0.01522,Some use this
42,brand design services,1352,90528,0.01493,Some use this
42,software authoring,1349,90528,0.0149,Some use this
42,software creation,1343,90528,0.01484,Some use this
42,hosting of digital content,1342,90528,0.01482,Some use this
42,data security consultancy,1330,90528,0.01469,Some use this
42,research and development of new products for others,1328,90528,0.01467,Some use this
42,computer software programming services,1325,90528,0.01464,Some use this
42,"it security, protection and restoration",1322,90528,0.0146,Some use this
42,engineering,1301,90528,0.01437,Some use this
42,research in the field of artificial intelligence technology,1294,90528,0.01429,Some use this
42,design of websites,1292,90528,0.01427,Some use this
42,computer consultancy services,1288,90528,0.01423,Some use this
42,data mining,1287,90528,0.01422,Some use this
42,computer software maintenance,1274,90528,0.01407,Some use this
42,design of artwork,1272,90528,0.01405,Some use this
42,developing computer software,1270,90528,0.01403,Some use this
42,internet security consultancy,1257,90528,0.01389,Some use this
42,hosting of databases,1242,90528,0.01372,Some use this
42,hosting of digital content online,1225,90528,0.01353,Some use this
42,computer system analysis,1209,90528,0.01335,Some use this
42,cloud hosting provider services,1207,90528,0.01333,Some use this
42,graphic illustration design,1197,90528,0.01322,Some use this
42,providing artificial intelligence computer programs on data networks,1195,90528,0.0132,Some use this
42,information technology [it] consulting services,1193,90528,0.01318,Some use this
42,technical research,1182,90528,0.01306,Some use this
42,computer services for the analysis of data,1181,90528,0.01305,Some use this
42,engineering design,1166,90528,0.01288,Some use this
42,conversion of data or documents from physical to electronic media,1161,90528,0.01282,Some use this
42,medical research,1161,90528,0.01282,Some use this
42,technical data analysis services,1151,90528,0.01271,Some use this
42,research and development services,1150,90528,0.0127,Some use this
42,consultancy in the design and development of computer hardware,1146,90528,0.01266,Some use this
42,design consultation,1142,90528,0.01261,Some use this
42,server hosting,1141,90528,0.0126,Some use this
42,product design and development,1140,90528,0.01259,Some use this
42,software design (computer -),1135,90528,0.01254,Some use this
42,design of clothing,1133,90528,0.01252,Some use this
42,software customisation services,1130,90528,0.01248,Some use this
42,architectural design,1127,90528,0.01245,Some use this
42,fashion design,1122,90528,0.01239,Some use this
42,logo design services,1120,90528,0.01237,Some use this
42,information technology consultancy,1115,90528,0.01232,Some use this
42,design and development of software in the field of mobile applications,1112,90528,0.01228,Some use this
42,blockchain as a service [baas],1108,90528,0.01224,Some use this
42,design planning,1101,90528,0.01216,Some use this
42,computer programming services,1099,90528,0.01214,Some use this
42,software engineering services,1099,90528,0.01214,Some use this
42,computer software technical support services,1091,90528,0.01205,Some use this
42,services for the design of computer software,1088,90528,0.01202,Some use this
42,providing search engines for the internet,1087,90528,0.01201,Some use this
42,software research,1085,90528,0.01199,Some use this
42,construction design,1077,90528,0.0119,Some use this
42,design and graphic arts design for the creation of web sites,1074,90528,0.01186,Some use this
42,computer software installation,1069,90528,0.01181,Some use this
42,research in the field of artificial intelligence,1068,90528,0.0118,Some use this
42,software as a service [saas] featuring software for deep learning,1065,90528,0.01176,Some use this
42,development of computer database software,1064,90528,0.01175,Some use this
42,testing of computer software,1058,90528,0.01169,Some use this
42,configuration of computer software,1056,90528,0.01166,Some use this
42,design (graphic arts -),1054,90528,0.01164,Some use this
42,providing virtual computer systems through cloud computing,1051,90528,0.01161,Some use this
42,database design and development,1049,90528,0.01159,Some use this
42,commercial art design,1043,90528,0.01152,Some use this
42,information technology consulting,1043,90528,0.01152,Some use this
42,hosting of websites,1042,90528,0.01151,Some use this
42,website development services,1041,90528,0.0115,Some use this
42,design of products,1034,90528,0.01142,Some use this
42,scientific research and development,1030,90528,0.01138,Some use this
42,brochure design,1016,90528,0.01122,Some use this
42,information technology consulting services,1014,90528,0.0112,Some use this
42,computer software design and development,1010,90528,0.01116,Some use this
42,providing temporary use of online non-downloadable software,1005,90528,0.0111,Some use this
42,quality control,1002,90528,0.01107,Some use this
42,architectural services,1000,90528,0.01105,Some use this
42,computer hardware and software design,1000,90528,0.01105,Some use this
42,online data storage,992,90528,0.01096,Some use this
42,computer software (design of -),989,90528,0.01092,Some use this
42,hosting of digital content on the internet,989,90528,0.01092,Some use this
42,furniture design,988,90528,0.01091,Some use this
42,data authentication via blockchain,986,90528,0.01089,Some use this
42,data storage via blockchain,984,90528,0.01087,Some use this
42,custom design services,978,90528,0.0108,Some use this
42,graphic illustration design services,976,90528,0.01078,Some use this
42,telecommunications technology consultancy,975,90528,0.01077,Some use this
42,website hosting services,974,90528,0.01076,Some use this
42,design of packaging,973,90528,0.01075,Some use this
42,design of computer hardware and software,968,90528,0.01069,Some use this
42,engineering consultancy,963,90528,0.01064,Some use this
42,information technology support services,956,90528,0.01056,Some use this
42,web site design consultancy,955,90528,0.01055,Some use this
42,design of interior decor,953,90528,0.01053,Some use this
42,technology consultation in the field of artificial intelligence,952,90528,0.01052,Some use this
42,computer website design,951,90528,0.01051,Some use this
42,recovery of computer data,951,90528,0.01051,Some use this
42,environmental consultancy services,949,90528,0.01048,Some use this
42,graphic design of promotional materials,941,90528,0.01039,Some use this
42,computer software consultancy services,939,90528,0.01037,Some use this
42,energy auditing,939,90528,0.01037,Some use this
42,engineering design services,939,90528,0.01037,Some use this
42,illustration services (design),938,90528,0.01036,Some use this
42,surveying,936,90528,0.01034,Some use this
42,leasing of computer software,918,90528,0.01014,Some use this
42,application service provider services,916,90528,0.01012,Some use this
42,technical design,913,90528,0.01009,Some use this
42,user authentication services using blockchain technology,906,90528,0.01001,Some use this
42,providing temporary use of non-downloadable software,905,90528,0.01,Some use this
42,rental of web servers,903,90528,0.00997,Some use this
42,architectural design services,896,90528,0.0099,Some use this
42,"installation, maintenance and repair of computer software",895,90528,0.00989,Some use this
42,computer and information technology consultancy services,893,90528,0.00986,Some use this
42,computer software research,891,90528,0.00984,Some use this
42,design of computer database software,890,90528,0.00983,Some use this
42,"testing, authentication and quality control",888,90528,0.00981,Some use this
42,update of computer software,881,90528,0.00973,Some use this
42,monitoring of computer systems by remote access,879,90528,0.00971,Some use this
42,installation of software,877,90528,0.00969,Some use this
42,computer software consulting services,876,90528,0.00968,Some use this
42,upgrading of computer software,875,90528,0.00967,Some use this
42,infrastructure as a service [iaas],871,90528,0.00962,Some use this
42,hosting online web facilities for others for sharing online content,870,90528,0.00961,Some use this
42,it project management,869,90528,0.0096,Some use this
42,computer security threat analysis for protecting data,866,90528,0.00957,Some use this
42,technological services,866,90528,0.00957,Some use this
42,graphic arts designing,862,90528,0.00952,Some use this
42,web site design,860,90528,0.0095,Some use this
42,building design services,858,90528,0.00948,Some use this
42,cloud storage services for electronic data,855,90528,0.00944,Some use this
42,data migration services,854,90528,0.00943,Some use this
42,computer and software consultancy services,846,90528,0.00935,Some use this
42,hosting of platforms on the internet,844,90528,0.00932,Some use this
42,architecture design services,842,90528,0.0093,Some use this
42,computer virus protection services,842,90528,0.0093,Some use this
42,"design, development and implementation of software",842,90528,0.0093,Some use this
42,certification of data via blockchain,840,90528,0.00928,Some use this
42,software as a service [saas] featuring software platforms for electronic gaming,837,90528,0.00925,Some use this
42,product design services,834,90528,0.00921,Some use this
42,graphic designing,832,90528,0.00919,Some use this
42,hosting websites,832,90528,0.00919,Some use this
42,computer consultancy,829,90528,0.00916,Some use this
42,design and development of operating software for cloud computing networks,829,90528,0.00916,Some use this
42,information technology [it] support services [troubleshooting of software],827,90528,0.00914,Some use this
42,engineering design and consultancy,826,90528,0.00912,Some use this
42,web portal design,819,90528,0.00905,Some use this
42,packaging design services,817,90528,0.00902,Some use this
42,programming of software for e-commerce platforms,817,90528,0.00902,Some use this
42,development and design of mobile applications,814,90528,0.00899,Some use this
42,designing,812,90528,0.00897,Some use this
42,hosting of e-commerce platforms on the internet,807,90528,0.00891,Some use this
42,architectural design for interior decoration,802,90528,0.00886,Some use this
42,application service provider (asp),799,90528,0.00883,Some use this
42,engineering consultancy services,795,90528,0.00878,Some use this
42,database design,792,90528,0.00875,Some use this
42,design of furniture,788,90528,0.0087,Some use this
42,design of building interiors,784,90528,0.00866,Some use this
42,hosting of web portals,776,90528,0.00857,Some use this
42,hosting of mobile applications,775,90528,0.00856,Some use this
42,commercial interior design,772,90528,0.00853,Some use this
42,platforms for gaming as software as a service [saas],771,90528,0.00852,Some use this
42,"design of clothing, footwear and headgear",767,90528,0.00847,Some use this
42,design and development of electronic data security systems,766,90528,0.00846,Some use this
42,it service management [itsm],763,90528,0.00843,Some use this
42,hosting of podcasts,756,90528,0.00835,Some use this
42,product research and development,754,90528,0.00833,Some use this
42,computer software (maintenance of -),751,90528,0.0083,Some use this
42,computer software (updating of -),751,90528,0.0083,Some use this
42,biological research,749,90528,0.00827,Some use this
42,design and development of multimedia products,749,90528,0.00827,Some use this
42,design of stationery,748,90528,0.00826,Some use this
42,hosting web portals,746,90528,0.00824,Some use this
42,scientific laboratory services,746,90528,0.00824,Some use this
42,styling [industrial design],745,90528,0.00823,Some use this
42,design and development of software for website development,744,90528,0.00822,Some use this
42,"creating, maintaining and hosting the web sites of others",742,90528,0.0082,Some use this
42,maintaining databases,742,90528,0.0082,Some use this
42,software as a service [saas] featuring software for deep neural networks,742,90528,0.0082,Some use this
42,design and graphic arts design for the creation of web pages on the internet,738,90528,0.00815,Some use this
42,design of prototypes,736,90528,0.00813,Some use this
42,designing of clothing,736,90528,0.00813,Some use this
42,platform as a service,736,90528,0.00813,Some use this
42,data warehousing,733,90528,0.0081,Some use this
42,off-site data backup,725,90528,0.00801,Some use this
42,software maintenance services,725,90528,0.00801,Some use this
42,computer security system monitoring services,723,90528,0.00799,Some use this
42,design of interior decoration,722,90528,0.00798,Some use this
42,conducting technical project studies,720,90528,0.00795,Some use this
42,space planning [design] of interiors,718,90528,0.00793,Some use this
42,design of buildings,716,90528,0.00791,Some use this
42,scientific research and analysis,716,90528,0.00791,Some use this
42,"hosting of digital content, namely, on-line journals and blogs",715,90528,0.0079,Some use this
42,industrial and graphic art design,712,90528,0.00786,Some use this
42,material testing,711,90528,0.00785,Some use this
42,technical project studies,711,90528,0.00785,Some use this
42,computer software (installation of -),710,90528,0.00784,Some use this
42,software engineering services for data processing,710,90528,0.00784,Some use this
42,user authentication services using technology for e-commerce transactions,708,90528,0.00782,Some use this
42,designing (graphic arts -),707,90528,0.00781,Some use this
42,design of games,704,90528,0.00778,Some use this
42,pattern design,704,90528,0.00778,Some use this
42,research and development of computer software,704,90528,0.00778,Some use this
42,programming of software for internet platforms,703,90528,0.00777,Some use this
42,interior decorating design,701,90528,0.00774,Some use this
42,consultancy relating to the creation and design of websites for e-commerce,700,90528,0.00773,Some use this
42,computer design,697,90528,0.0077,Some use this
42,computing consultancy,697,90528,0.0077,Some use this
42,architecture,696,90528,0.00769,Some use this
42,medical research services,695,90528,0.00768,Some use this
42,design services for architecture,694,90528,0.00767,Some use this
42,software (updating of computer -),693,90528,0.00766,Some use this
42,design services for art-work,691,90528,0.00763,Some use this
42,application service provider [asp] services,687,90528,0.00759,Some use this
42,engineering project management services,687,90528,0.00759,Some use this
43,restaurant services,9164,33581,0.27289,Most use this
43,services for providing food and drink,6850,33581,0.20398,Most use this
43,catering services,5707,33581,0.16995,Most use this
43,restaurants,5683,33581,0.16923,Most use this
43,food and drink catering,5659,33581,0.16852,Most use this
43,bar services,4443,33581,0.13231,Most use this
43,provision of food and drink,4389,33581,0.1307,Most use this
43,café services,4321,33581,0.12867,Most use this
43,takeaway food and drink services,4310,33581,0.12835,Most use this
43,temporary accommodation,4218,33581,0.12561,Most use this
43,fast food restaurants,4155,33581,0.12373,Most use this
43,takeaway food services,3887,33581,0.11575,Recommended
43,provision of food and drink in restaurants,3857,33581,0.11486,Recommended
43,restaurant and bar services,3807,33581,0.11337,Recommended
43,take-away food and drink services,3791,33581,0.11289,Recommended
43,bar and restaurant services,3786,33581,0.11274,Recommended
43,catering of food and drinks,3615,33581,0.10765,Recommended
43,catering of food and drink,3593,33581,0.107,Recommended
43,serving food and drink for guests in restaurants,3577,33581,0.10652,Recommended
43,take-away restaurant services,3473,33581,0.10342,Recommended
43,take-out restaurant services,3432,33581,0.1022,Recommended
43,providing food and drink for guests in restaurants,3423,33581,0.10193,Recommended
43,serving food and drinks,3381,33581,0.10068,Recommended
43,fast-food restaurant services,3364,33581,0.10018,Recommended
43,hospitality services [food and drink],3321,33581,0.0989,Recommended
43,catering (food and drink -),3216,33581,0.09577,Recommended
43,serving food and drink in restaurants and bars,3184,33581,0.09482,Recommended
43,providing food and drink in restaurants and bars,3047,33581,0.09074,Recommended
43,preparation of food and drink,2931,33581,0.08728,Recommended
43,take-away food services,2899,33581,0.08633,Recommended
43,restaurant services for the provision of fast food,2869,33581,0.08544,Recommended
43,self-service restaurant services,2850,33581,0.08487,Recommended
43,self-service restaurants,2699,33581,0.08037,Recommended
43,take-away fast food services,2667,33581,0.07942,Recommended
43,catering for the provision of food and drink,2613,33581,0.07781,Recommended
43,cafe services,2586,33581,0.07701,Recommended
43,providing food and drink,2574,33581,0.07665,Recommended
43,food preparation,2549,33581,0.07591,Recommended
43,food and drink catering for banquets,2490,33581,0.07415,Recommended
43,mobile restaurant services,2481,33581,0.07388,Recommended
43,hotel services,2425,33581,0.07221,Recommended
43,restaurant services incorporating licensed bar facilities,2318,33581,0.06903,Recommended
43,grill restaurants,2287,33581,0.0681,Recommended
43,catering for the provision of food and beverages,2229,33581,0.06638,Recommended
43,coffee shop services,2221,33581,0.06614,Recommended
43,coffee bar services,2183,33581,0.06501,Recommended
43,restaurant reservation services,2172,33581,0.06468,Recommended
43,food and drink catering for institutions,2135,33581,0.06358,Recommended
43,providing restaurant services,2117,33581,0.06304,Recommended
43,catering,2099,33581,0.06251,Recommended
43,providing food and drink in bistros,2093,33581,0.06233,Recommended
43,carry-out restaurants,2080,33581,0.06194,Recommended
43,catering services for the provision of food and drink,2068,33581,0.06158,Recommended
43,coffee shops,2050,33581,0.06105,Recommended
43,providing of food and drink,2021,33581,0.06018,Recommended
43,preparation of food and beverages,2011,33581,0.05989,Recommended
43,food and drink preparation services,1999,33581,0.05953,Recommended
43,snack bar services,1991,33581,0.05929,Recommended
43,hotel restaurant services,1975,33581,0.05881,Recommended
43,services for the preparation of food and drink,1955,33581,0.05822,Recommended
43,cafés,1903,33581,0.05667,Recommended
43,serving food and drink for guests,1809,33581,0.05387,Recommended
43,delicatessens [restaurants],1769,33581,0.05268,Recommended
43,providing food and beverages,1727,33581,0.05143,Recommended
43,restaurants (self-service -),1726,33581,0.0514,Recommended
43,provision of food and beverages,1720,33581,0.05122,Recommended
43,food and drink catering for cocktail parties,1685,33581,0.05018,Recommended
43,providing food and drink in doughnut shops,1658,33581,0.04937,Recommended
43,corporate hospitality (provision of food and drink),1656,33581,0.04931,Recommended
43,cafeteria services,1654,33581,0.04925,Recommended
43,bistro services,1639,33581,0.04881,Recommended
43,catering in fast-food cafeterias,1620,33581,0.04824,Recommended
43,food preparation services,1548,33581,0.0461,Recommended
43,salad bars [restaurant services],1540,33581,0.04586,Recommended
43,wine bar services,1536,33581,0.04574,Recommended
43,hotel accommodation services,1514,33581,0.04509,Recommended
43,bars,1510,33581,0.04497,Recommended
43,reservation and booking services for restaurants and meals,1509,33581,0.04494,Recommended
43,serving food and drink in internet cafes,1487,33581,0.04428,Recommended
43,tourist restaurants,1483,33581,0.04416,Recommended
43,booking of restaurant seats,1465,33581,0.04363,Recommended
43,hotel catering services,1439,33581,0.04285,Recommended
43,restaurant information services,1421,33581,0.04232,Recommended
43,mobile catering services,1419,33581,0.04226,Recommended
43,providing food and drink for guests,1414,33581,0.04211,Recommended
43,restaurant services provided by hotels,1378,33581,0.04104,Recommended
43,eateries,1349,33581,0.04017,Recommended
43,carvery restaurant services,1348,33581,0.04014,Recommended
43,takeaway services,1340,33581,0.0399,Some use this
43,providing food and drink in internet cafes,1326,33581,0.03949,Some use this
43,snack-bar services,1325,33581,0.03946,Some use this
43,accommodation services,1298,33581,0.03865,Some use this
43,rental of temporary accommodation,1295,33581,0.03856,Some use this
43,serving food and drink in doughnut shops,1294,33581,0.03853,Some use this
43,reservation of restaurants,1292,33581,0.03847,Some use this
43,hotel reservations,1261,33581,0.03755,Some use this
43,providing food and drink catering services for exhibition facilities,1259,33581,0.03749,Some use this
43,take away food and drink services,1249,33581,0.03719,Some use this
43,consultancy services in the field of food and drink catering,1241,33581,0.03696,Some use this
43,canteen services,1238,33581,0.03687,Some use this
43,rental of meeting rooms,1214,33581,0.03615,Some use this
43,providing food and drink catering services for convention facilities,1207,33581,0.03594,Some use this
43,making reservations and bookings for restaurants and meals,1183,33581,0.03523,Some use this
43,club services for the provision of food and drink,1182,33581,0.0352,Some use this
43,sushi restaurant services,1174,33581,0.03496,Some use this
43,cocktail lounge services,1171,33581,0.03487,Some use this
43,providing food and drink catering services for fair and exhibition facilities,1170,33581,0.03484,Some use this
43,beer bar services,1138,33581,0.03389,Some use this
43,cafeterias,1135,33581,0.0338,Some use this
43,ramen restaurant services,1117,33581,0.03326,Some use this
43,services for the provision of food and drink,1115,33581,0.0332,Some use this
43,contract food services,1105,33581,0.03291,Some use this
43,hotel reservation services,1061,33581,0.0316,Some use this
43,japanese restaurant services,1033,33581,0.03076,Some use this
43,brasserie services,1017,33581,0.03028,Some use this
43,wine bars,1014,33581,0.0302,Some use this
43,providing of food and drink via a mobile truck,996,33581,0.02966,Some use this
43,tempura restaurant services,980,33581,0.02918,Some use this
43,washoku restaurant services,979,33581,0.02915,Some use this
43,catering services for the provision of food,968,33581,0.02883,Some use this
43,provision of temporary accommodation,961,33581,0.02862,Some use this
43,catering services for company cafeterias,947,33581,0.0282,Some use this
43,resort hotel services,945,33581,0.02814,Some use this
43,business catering services,927,33581,0.0276,Some use this
43,udon and soba restaurant services,923,33581,0.02749,Some use this
43,hospitality services [accommodation],922,33581,0.02746,Some use this
43,mobile catering,918,33581,0.02734,Some use this
43,decorating of food,907,33581,0.02701,Some use this
43,providing reviews of restaurants and bars,889,33581,0.02647,Some use this
43,snack-bars,875,33581,0.02606,Some use this
43,agency services for reservation of restaurants,864,33581,0.02573,Some use this
43,provision of holiday accommodation,853,33581,0.0254,Some use this
43,spanish restaurant services,849,33581,0.02528,Some use this
43,outside catering services,846,33581,0.02519,Some use this
43,preparation and provision of food and drink for immediate consumption,833,33581,0.02481,Some use this
43,hotel accommodation reservation services,821,33581,0.02445,Some use this
43,cocktail lounge buffets,805,33581,0.02397,Some use this
43,reservation of hotel accommodation,802,33581,0.02388,Some use this
43,providing reviews of restaurants,798,33581,0.02376,Some use this
43,tapas bars,793,33581,0.02361,Some use this
43,self-service cafeteria services,789,33581,0.0235,Some use this
43,temporary accommodation services,783,33581,0.02332,Some use this
43,holiday accommodation services,771,33581,0.02296,Some use this
43,rental of holiday accommodation,769,33581,0.0229,Some use this
43,banqueting services,762,33581,0.02269,Some use this
43,catering services for providing european-style cuisine,756,33581,0.02251,Some use this
43,"hotels, hostels and boarding houses, holiday and tourist accommodation",744,33581,0.02216,Some use this
43,temporary accommodation reservations,729,33581,0.02171,Some use this
43,hotel room booking services,723,33581,0.02153,Some use this
43,private members dining club services,722,33581,0.0215,Some use this
43,pubs,720,33581,0.02144,Some use this
43,providing hotel and motel services,713,33581,0.02123,Some use this
43,providing room reservation and hotel reservation services,711,33581,0.02117,Some use this
43,canteens,700,33581,0.02085,Some use this
43,pizza parlors,693,33581,0.02064,Some use this
43,hotels,684,33581,0.02037,Some use this
43,catering services for hospitality suites,662,33581,0.01971,Some use this
43,provision of information relating to the preparation of food and drink,659,33581,0.01962,Some use this
43,services for providing food,657,33581,0.01956,Some use this
43,accommodation reservation services,654,33581,0.01948,Some use this
43,"charitable services, namely providing food and drink catering",654,33581,0.01948,Some use this
43,night club services [provision of food],652,33581,0.01942,Some use this
43,providing temporary accommodation,647,33581,0.01927,Some use this
43,arranging of wedding receptions [food and drink],643,33581,0.01915,Some use this
43,cafes,642,33581,0.01912,Some use this
43,hookah bar services,642,33581,0.01912,Some use this
43,catering services for providing japanese cuisine,640,33581,0.01906,Some use this
43,personal chef services,636,33581,0.01894,Some use this
43,booking of hotel accommodation,632,33581,0.01882,Some use this
43,outside catering,631,33581,0.01879,Some use this
43,providing hotel accommodation,621,33581,0.01849,Some use this
43,office catering services for the provision of coffee,614,33581,0.01828,Some use this
43,booking services for holiday accommodation,599,33581,0.01784,Some use this
43,guesthouse,598,33581,0.01781,Some use this
43,travel agency services for booking restaurants,594,33581,0.01769,Some use this
43,travel agency services for booking accommodation,593,33581,0.01766,Some use this
43,hospitality services,589,33581,0.01754,Some use this
43,"information, advice and reservation services for the provision of food and drink",586,33581,0.01745,Some use this
43,take away food services,586,33581,0.01745,Some use this
43,catering services for providing spanish cuisine,579,33581,0.01724,Some use this
43,services for reserving holiday accommodation,578,33581,0.01721,Some use this
43,booking of temporary accommodation,572,33581,0.01703,Some use this
43,public house services,567,33581,0.01688,Some use this
43,provision of information relating to restaurants,564,33581,0.0168,Some use this
43,holiday camp services [lodging],558,33581,0.01662,Some use this
43,provision of hotel accommodation,553,33581,0.01647,Some use this
43,retirement home services,553,33581,0.01647,Some use this
43,"restaurant, bar and catering services",544,33581,0.0162,Some use this
43,booking services for accommodation,541,33581,0.01611,Some use this
43,"accommodation bureau services [hotels, boarding houses]",538,33581,0.01602,Some use this
43,food reviewing services [provision of information about food and drinks],534,33581,0.0159,Some use this
43,cocktail lounges,533,33581,0.01587,Some use this
43,"provision of conference, exhibition and meeting facilities",525,33581,0.01563,Some use this
43,holiday lodgings,520,33581,0.01548,Some use this
43,"temporary accommodation information, advice and reservation services",520,33581,0.01548,Some use this
43,salad bars,513,33581,0.01528,Some use this
43,food sculpting,506,33581,0.01507,Some use this
43,providing temporary accommodation as part of hospitality packages,505,33581,0.01504,Some use this
43,accommodation reservations,497,33581,0.0148,Some use this
43,travel agency services for reserving hotel accommodation,497,33581,0.0148,Some use this
43,arranging holiday accommodation,491,33581,0.01462,Some use this
43,booking agency services for holiday accommodation,491,33581,0.01462,Some use this
43,pet hotel services,483,33581,0.01438,Some use this
43,providing information about restaurant services,483,33581,0.01438,Some use this
43,juice bar services,478,33581,0.01423,Some use this
43,letting of holiday accommodation,478,33581,0.01423,Some use this
43,booking agency services for hotel accommodation,477,33581,0.0142,Some use this
43,consultancy services relating to food preparation,465,33581,0.01385,Some use this
43,arranging hotel accommodation,464,33581,0.01382,Some use this
43,arranging of hotel accommodation,461,33581,0.01373,Some use this
43,child care services,461,33581,0.01373,Some use this
43,reservation of tourist accommodation,458,33581,0.01364,Some use this
43,providing accommodation in hotels and motels,456,33581,0.01358,Some use this
43,reservation services for accommodation,455,33581,0.01355,Some use this
43,juice bars,452,33581,0.01346,Some use this
43,agency services for booking hotel accommodation,445,33581,0.01325,Some use this
43,tea rooms,444,33581,0.01322,Some use this
43,holiday planning services [accommodation],437,33581,0.01301,Some use this
43,provision of event facilities and temporary office and meeting facilities,437,33581,0.01301,Some use this
43,providing drink services,433,33581,0.01289,Some use this
43,arranging of holiday accommodation,432,33581,0.01286,Some use this
43,reservation of temporary accommodation,431,33581,0.01283,Some use this
43,travel agency services for booking temporary accommodation,429,33581,0.01278,Some use this
43,preparation of meals,428,33581,0.01275,Some use this
43,boarding for animals,427,33581,0.01272,Some use this
43,booking of accommodation for travellers,426,33581,0.01269,Some use this
43,arranging of accommodation for holiday makers,423,33581,0.0126,Some use this
43,event facilities and temporary office and meeting facilities,423,33581,0.0126,Some use this
43,rental of cooking apparatus,421,33581,0.01254,Some use this
43,rental of temporary accommodation in holiday homes and flats,419,33581,0.01248,Some use this
43,teahouse services,415,33581,0.01236,Some use this
43,tea room services,411,33581,0.01224,Some use this
43,organisation of catering for birthday parties,407,33581,0.01212,Some use this
43,providing campground facilities,407,33581,0.01212,Some use this
43,"rental of chairs, tables, table linen, glassware",405,33581,0.01206,Some use this
43,booking services for hotels,404,33581,0.01203,Some use this
43,resort lodging services,401,33581,0.01194,Some use this
43,catering services for educational establishments,400,33581,0.01191,Some use this
43,booking of hotel rooms for travellers,393,33581,0.0117,Some use this
43,providing temporary accommodation in holiday homes,393,33581,0.0117,Some use this
43,rental of conference rooms,393,33581,0.0117,Some use this
43,reservation services for booking meals,392,33581,0.01167,Some use this
43,rental of vacation accommodation,391,33581,0.01164,Some use this
43,tourist camp services [accommodation],386,33581,0.01149,Some use this
43,rental of holiday homes,375,33581,0.01117,Some use this
43,catering services for conference centers,374,33581,0.01114,Some use this
43,rental of rooms,374,33581,0.01114,Some use this
43,room hire services,374,33581,0.01114,Some use this
43,resort hotels,371,33581,0.01105,Some use this
43,serving of alcoholic beverages,370,33581,0.01102,Some use this
43,temporary accommodation reservation services,369,33581,0.01099,Some use this
43,reservation of accommodation in hotels,363,33581,0.01081,Some use this
43,shisha bars,363,33581,0.01081,Some use this
43,wine tasting services (provision of beverages),363,33581,0.01081,Some use this
43,catering services for schools,362,33581,0.01078,Some use this
43,"accommodation bureaux [hotels, boarding houses]",360,33581,0.01072,Some use this
43,tourist agency services for booking accommodation,360,33581,0.01072,Some use this
43,travel agency services for making hotel reservations,360,33581,0.01072,Some use this
43,arranging and providing temporary accommodation,359,33581,0.01069,Some use this
43,consultancy services relating to food,358,33581,0.01066,Some use this
43,lounge services (cocktail -),358,33581,0.01066,Some use this
43,services for providing drink,357,33581,0.01063,Some use this
43,rental of catering equipment,355,33581,0.01057,Some use this
43,snack bars,355,33581,0.01057,Some use this
43,accommodation (rental of temporary -),350,33581,0.01042,Some use this
43,providing accommodation for meetings,350,33581,0.01042,Some use this
43,rental of rooms as temporary living accommodations,347,33581,0.01033,Some use this
43,providing accommodation for functions,344,33581,0.01024,Some use this
43,rating holiday accommodation,344,33581,0.01024,Some use this
43,rental of food service equipment,343,33581,0.01021,Some use this
43,reservation services for the booking of accommodation,343,33581,0.01021,Some use this
43,arranging of wedding receptions [venues],342,33581,0.01018,Some use this
43,reservation of temporary accommodation in the nature of holiday homes,342,33581,0.01018,Some use this
43,travel agencies for arranging accommodation,340,33581,0.01012,Some use this
43,rental of holiday cabins,336,33581,0.01001,Some use this
43,providing temporary accommodation in holiday flats,335,33581,0.00998,Some use this
43,booking of campground accommodation,333,33581,0.00992,Some use this
43,providing banquet and social function facilities for special occasions,333,33581,0.00992,Some use this
43,rental of transportable buildings,333,33581,0.00992,Some use this
43,private members drinking club services,332,33581,0.00989,Some use this
43,rental of tents,330,33581,0.00983,Some use this
43,accommodation services for meetings,327,33581,0.00974,Some use this
43,rental of accommodation [temporary],326,33581,0.00971,Some use this
43,catering services for hospitals,325,33581,0.00968,Some use this
43,catering services for nursing homes,324,33581,0.00965,Some use this
43,information and advice in relation to the preparation of meals,324,33581,0.00965,Some use this
43,rental of dishes,320,33581,0.00953,Some use this
43,arranging temporary housing accommodations,319,33581,0.0095,Some use this
43,arranging of meals in hotels,316,33581,0.00941,Some use this
43,advice concerning cooking recipes,315,33581,0.00938,Some use this
43,motel services,315,33581,0.00938,Some use this
44,medical services,4372,34689,0.12603,Most use this
44,therapy services,2656,34689,0.07657,Recommended
44,beauty salon services,2508,34689,0.0723,Recommended
44,health care,2351,34689,0.06777,Recommended
44,mental health services,2295,34689,0.06616,Recommended
44,healthcare services,1987,34689,0.05728,Recommended
44,beauty treatment services,1949,34689,0.05618,Recommended
44,medical and healthcare services,1929,34689,0.05561,Recommended
44,health counselling,1928,34689,0.05558,Recommended
44,beauty treatment,1866,34689,0.05379,Recommended
44,beauty salons,1851,34689,0.05336,Recommended
44,beauty care,1752,34689,0.05051,Recommended
44,beauty care services,1729,34689,0.04984,Recommended
44,facial beauty treatment services,1710,34689,0.0493,Recommended
44,beauty therapy treatments,1687,34689,0.04863,Recommended
44,beauty therapy services,1657,34689,0.04777,Recommended
44,medical health assessment services,1626,34689,0.04687,Recommended
44,medical care,1588,34689,0.04578,Recommended
44,health spa services,1560,34689,0.04497,Recommended
44,medical clinic services,1559,34689,0.04494,Recommended
44,medical treatment services,1509,34689,0.0435,Recommended
44,beauty spa services,1476,34689,0.04255,Recommended
44,health clinic services,1456,34689,0.04197,Recommended
44,veterinary services,1431,34689,0.04125,Recommended
44,human hygiene and beauty care,1408,34689,0.04059,Recommended
44,health consultancy,1376,34689,0.03967,Some use this
44,health counseling,1367,34689,0.03941,Some use this
44,medical and healthcare clinics,1367,34689,0.03941,Some use this
44,services of a hair and beauty salon,1342,34689,0.03869,Some use this
44,health clinic services [medical],1338,34689,0.03857,Some use this
44,medical care services,1311,34689,0.03779,Some use this
44,hygienic and beauty care,1291,34689,0.03722,Some use this
44,salon services (beauty -),1272,34689,0.03667,Some use this
44,massage services,1268,34689,0.03655,Some use this
44,provision of health care services,1267,34689,0.03652,Some use this
44,health advice and information services,1265,34689,0.03647,Some use this
44,salons (beauty -),1210,34689,0.03488,Some use this
44,home health care services,1204,34689,0.03471,Some use this
44,medical diagnostic services,1204,34689,0.03471,Some use this
44,health assessment services,1203,34689,0.03468,Some use this
44,human healthcare services,1183,34689,0.0341,Some use this
44,consulting services relating to health care,1170,34689,0.03373,Some use this
44,beauty consultation services,1164,34689,0.03356,Some use this
44,beauty consultancy,1163,34689,0.03353,Some use this
44,beauty consultation,1158,34689,0.03338,Some use this
44,hygienic and beauty care services,1145,34689,0.03301,Some use this
44,health care relating to relaxation therapy,1131,34689,0.0326,Some use this
44,health care consultancy services [medical],1123,34689,0.03237,Some use this
44,hygienic and beauty care for human beings,1123,34689,0.03237,Some use this
44,healthcare,1120,34689,0.03229,Some use this
44,psychological counselling,1119,34689,0.03226,Some use this
44,providing health information,1117,34689,0.0322,Some use this
44,medical clinics,1109,34689,0.03197,Some use this
44,massage,1101,34689,0.03174,Some use this
44,information services relating to health care,1097,34689,0.03162,Some use this
44,beauty care services provided by a health spa,1079,34689,0.0311,Some use this
44,health screening services,1047,34689,0.03018,Some use this
44,consultancy relating to health care,1046,34689,0.03015,Some use this
44,advisory services relating to health care,1020,34689,0.0294,Some use this
44,consultancy services relating to health care,1011,34689,0.02914,Some use this
44,spa services,1009,34689,0.02909,Some use this
44,skin care salon services,993,34689,0.02863,Some use this
44,medical assistance,988,34689,0.02848,Some use this
44,advisory services relating to health,978,34689,0.02819,Some use this
44,beauty consultancy services,977,34689,0.02816,Some use this
44,skin care salons,975,34689,0.02811,Some use this
44,health-care services,972,34689,0.02802,Some use this
44,cosmetic treatment,969,34689,0.02793,Some use this
44,beauty information services,960,34689,0.02767,Some use this
44,managed health care services,946,34689,0.02727,Some use this
44,professional consultancy relating to health care,946,34689,0.02727,Some use this
44,medical consultations,941,34689,0.02713,Some use this
44,health care relating to therapeutic massage,937,34689,0.02701,Some use this
44,hair salon services,935,34689,0.02695,Some use this
44,health screening,931,34689,0.02684,Some use this
44,beauty advisory services,929,34689,0.02678,Some use this
44,beauty counselling,911,34689,0.02626,Some use this
44,medical counselling,911,34689,0.02626,Some use this
44,consultancy in the field of body and beauty care,900,34689,0.02594,Some use this
44,psychotherapy services,900,34689,0.02594,Some use this
44,mental health screening services,893,34689,0.02574,Some use this
44,psychological care,888,34689,0.0256,Some use this
44,beauty care for human beings,875,34689,0.02522,Some use this
44,consultation services relating to beauty care,874,34689,0.0252,Some use this
44,medical screening,869,34689,0.02505,Some use this
44,beauty treatment services especially for eyelashes,861,34689,0.02482,Some use this
44,provision of health information,856,34689,0.02468,Some use this
44,medical testing,855,34689,0.02465,Some use this
44,physiotherapy,855,34689,0.02465,Some use this
44,advisory services relating to beauty treatment,849,34689,0.02447,Some use this
44,clinic services (medical -),841,34689,0.02424,Some use this
44,telemedicine services,834,34689,0.02404,Some use this
44,nursing care services,822,34689,0.0237,Some use this
44,provision of health care services in domestic homes,822,34689,0.0237,Some use this
44,health centre services,819,34689,0.02361,Some use this
44,information relating to health,818,34689,0.02358,Some use this
44,"cosmetic treatment services for the body, face and hair",813,34689,0.02344,Some use this
44,hygienic and beauty care for humans,810,34689,0.02335,Some use this
44,health-care,808,34689,0.02329,Some use this
44,medical consultation,804,34689,0.02318,Some use this
44,medical information,800,34689,0.02306,Some use this
44,nutrition counselling,789,34689,0.02274,Some use this
44,facial treatment services,783,34689,0.02257,Some use this
44,advisory services relating to beauty care,777,34689,0.0224,Some use this
44,dietary and nutritional advice,777,34689,0.0224,Some use this
44,providing information about beauty,774,34689,0.02231,Some use this
44,cosmetic make-up services,773,34689,0.02228,Some use this
44,clinic (medical -) services,770,34689,0.0222,Some use this
44,provision of hygienic and beauty care services,769,34689,0.02217,Some use this
44,psychotherapy,766,34689,0.02208,Some use this
44,consultancy services relating to beauty,750,34689,0.02162,Some use this
44,healthcare consultancy services,750,34689,0.02162,Some use this
44,healthcare information services,743,34689,0.02142,Some use this
44,meditation services,737,34689,0.02125,Some use this
44,information relating to beauty,732,34689,0.0211,Some use this
44,hairdressing services,731,34689,0.02107,Some use this
44,hygienic and beauty care for human beings or animals,731,34689,0.02107,Some use this
44,information relating to beauty care,728,34689,0.02099,Some use this
44,cosmetic facial and body treatment services,725,34689,0.0209,Some use this
44,hair styling,720,34689,0.02076,Some use this
44,hairdressing salons,716,34689,0.02064,Some use this
44,hair salon services for women,715,34689,0.02061,Some use this
44,aromatherapy services,713,34689,0.02055,Some use this
44,clinics (medical -),703,34689,0.02027,Some use this
44,hair treatment,701,34689,0.02021,Some use this
44,psychological treatment,698,34689,0.02012,Some use this
44,medical spa services,696,34689,0.02006,Some use this
44,"agriculture, horticulture and forestry services",695,34689,0.02004,Some use this
44,health assessment surveys,695,34689,0.02004,Some use this
44,beauty care of feet,690,34689,0.01989,Some use this
44,advisory services relating to beauty,688,34689,0.01983,Some use this
44,hairdressing,686,34689,0.01978,Some use this
44,providing information relating to beauty salon services,684,34689,0.01972,Some use this
44,professional consultancy relating to health,681,34689,0.01963,Some use this
44,nutrition consultancy,679,34689,0.01957,Some use this
44,hairdressing salon services,678,34689,0.01955,Some use this
44,holistic psychotherapy,677,34689,0.01952,Some use this
44,psychological counseling,675,34689,0.01946,Some use this
44,physiotherapy services,674,34689,0.01943,Some use this
44,health center services,672,34689,0.01937,Some use this
44,nutritional advice,671,34689,0.01934,Some use this
44,bodywork therapy,661,34689,0.01906,Some use this
44,physical therapy,655,34689,0.01888,Some use this
44,pharmacy advice,648,34689,0.01868,Some use this
44,cosmetic treatment for the hair,644,34689,0.01856,Some use this
44,dietary and nutritional guidance,643,34689,0.01854,Some use this
44,nail salon services,639,34689,0.01842,Some use this
44,hair dressing salon services,637,34689,0.01836,Some use this
44,cosmetic laser treatment of skin,634,34689,0.01828,Some use this
44,medical evaluation services,629,34689,0.01813,Some use this
44,medical treatment services provided by a health spa,629,34689,0.01813,Some use this
44,health risk assessment,625,34689,0.01802,Some use this
44,health centres,622,34689,0.01793,Some use this
44,nursing care,622,34689,0.01793,Some use this
44,nutrition counseling,622,34689,0.01793,Some use this
44,healthcare advisory services,621,34689,0.0179,Some use this
44,cosmetic body care services,619,34689,0.01784,Some use this
44,medical counseling,616,34689,0.01776,Some use this
44,health resort services [medical],614,34689,0.0177,Some use this
44,health care in the nature of health maintenance organizations,613,34689,0.01767,Some use this
44,"nursing, medical",612,34689,0.01764,Some use this
44,medical imaging services,608,34689,0.01753,Some use this
44,hair care services,606,34689,0.01747,Some use this
44,sports massage,604,34689,0.01741,Some use this
44,therapeutic treatment of the body,594,34689,0.01712,Some use this
44,personality assessment services [mental health services],589,34689,0.01698,Some use this
44,personality testing [mental health services],589,34689,0.01698,Some use this
44,public health counseling,589,34689,0.01698,Some use this
44,pharmaceutical services,587,34689,0.01692,Some use this
44,pharmacy services,587,34689,0.01692,Some use this
44,gardening,582,34689,0.01678,Some use this
44,massages,580,34689,0.01672,Some use this
44,health centers,578,34689,0.01666,Some use this
44,medical nursing services,578,34689,0.01666,Some use this
44,medical nursing,576,34689,0.0166,Some use this
44,medical examinations,570,34689,0.01643,Some use this
44,psychological assessment services,570,34689,0.01643,Some use this
44,medical tele-reporting [medical services],568,34689,0.01637,Some use this
44,providing information relating to dietary and nutritional supplements,568,34689,0.01637,Some use this
44,health care relating to remedial exercise,567,34689,0.01635,Some use this
44,medical services for treatment of the skin,565,34689,0.01629,Some use this
44,food nutrition consultation,564,34689,0.01626,Some use this
44,health care relating to naturopathy,560,34689,0.01614,Some use this
44,hospital services,559,34689,0.01611,Some use this
44,rental of equipment for human hygiene and beauty care,558,34689,0.01609,Some use this
44,psychological consultation,556,34689,0.01603,Some use this
44,medical analysis services,553,34689,0.01594,Some use this
44,hair salon services for men,549,34689,0.01583,Some use this
44,dental services,548,34689,0.0158,Some use this
44,medical information services,548,34689,0.0158,Some use this
44,nutritional guidance,547,34689,0.01577,Some use this
44,preparation of reports relating to health care matters,547,34689,0.01577,Some use this
44,dentistry services,542,34689,0.01562,Some use this
44,alternative medicine services,540,34689,0.01557,Some use this
44,medical counselling services,540,34689,0.01557,Some use this
44,rental of medical and health care equipment,539,34689,0.01554,Some use this
44,"agriculture, aquaculture, horticulture and forestry services",538,34689,0.01551,Some use this
44,injectable filler treatments for cosmetic purposes,537,34689,0.01548,Some use this
44,providing information about dietary supplements and nutrition,536,34689,0.01545,Some use this
44,salons (hairdressing -),536,34689,0.01545,Some use this
44,sauna services,536,34689,0.01545,Some use this
44,physical therapy services,535,34689,0.01542,Some use this
44,beauty salons for wig cutting,532,34689,0.01534,Some use this
44,cosmetic treatment for the face,532,34689,0.01534,Some use this
44,beautician services,528,34689,0.01522,Some use this
44,cosmetic treatment for the body,528,34689,0.01522,Some use this
44,health care relating to acupuncture,528,34689,0.01522,Some use this
44,salon services (hairdressing -),524,34689,0.01511,Some use this
44,hair styling services,520,34689,0.01499,Some use this
44,medical counseling services,518,34689,0.01493,Some use this
44,hair treatment services,517,34689,0.0149,Some use this
44,medical consultancy services,517,34689,0.0149,Some use this
44,physiotherapy [physical therapy],517,34689,0.0149,Some use this
44,landscape gardening,514,34689,0.01482,Some use this
44,mobile medical clinic services,514,34689,0.01482,Some use this
44,medical advisory services,511,34689,0.01473,Some use this
44,counselling relating to the psychological treatment of medical ailments,505,34689,0.01456,Some use this
44,manicure and pedicure services,505,34689,0.01456,Some use this
44,barber services,504,34689,0.01453,Some use this
44,providing medical information in the healthcare sector,503,34689,0.0145,Some use this
44,consultancy provided via the internet in the field of body and beauty care,498,34689,0.01436,Some use this
44,pet grooming,498,34689,0.01436,Some use this
44,remote monitoring of medical data for medical diagnosis and treatment,497,34689,0.01433,Some use this
44,nutrition and dietetic consultancy,496,34689,0.0143,Some use this
44,laser skin rejuvenation services,493,34689,0.01421,Some use this
44,provision of medical treatment,492,34689,0.01418,Some use this
44,rental of machines and apparatus for use in beauty salons or barbers' shops,491,34689,0.01415,Some use this
44,"horticulture, gardening and landscaping",490,34689,0.01413,Some use this
44,technical consultancy services relating to medical health,490,34689,0.01413,Some use this
44,pet beauty salon services,488,34689,0.01407,Some use this
44,shampooing of the hair,485,34689,0.01398,Some use this
44,providing medical information,484,34689,0.01395,Some use this
44,reiki services,484,34689,0.01395,Some use this
44,providing health care information by telephone,483,34689,0.01392,Some use this
44,dental clinic services,481,34689,0.01387,Some use this
44,medical care and analysis services relating to patient treatment,479,34689,0.01381,Some use this
44,animal healthcare services,477,34689,0.01375,Some use this
44,individual and group psychology services,476,34689,0.01372,Some use this
44,providing information relating to dietary and nutritional guidance,470,34689,0.01355,Some use this
44,health care relating to fasting,468,34689,0.01349,Some use this
44,hair cutting,467,34689,0.01346,Some use this
44,health care relating to osteopathy,462,34689,0.01332,Some use this
44,cosmetic body care services provided by health spas,461,34689,0.01329,Some use this
44,health risk assessment surveys,458,34689,0.0132,Some use this
44,massage and therapeutic shiatsu massage,456,34689,0.01315,Some use this
44,palliative care,454,34689,0.01309,Some use this
44,advice relating to nutrition,452,34689,0.01303,Some use this
44,gardening services,452,34689,0.01303,Some use this
44,hair braiding services,449,34689,0.01294,Some use this
44,microneedling treatment services,447,34689,0.01289,Some use this
44,nursing home services,446,34689,0.01286,Some use this
44,services for the care of the skin,445,34689,0.01283,Some use this
44,clinics,443,34689,0.01277,Some use this
44,arranging of medical treatment,442,34689,0.01274,Some use this
44,spas,442,34689,0.01274,Some use this
44,aesthetician services,441,34689,0.01271,Some use this
44,services of a psychologist,439,34689,0.01266,Some use this
44,health care relating to homeopathy,438,34689,0.01263,Some use this
44,home-visit nursing care,436,34689,0.01257,Some use this
44,nursing services (medical -),435,34689,0.01254,Some use this
44,cosmetic and plastic surgery clinic services,433,34689,0.01248,Some use this
44,dental consultations,433,34689,0.01248,Some use this
44,health care services,433,34689,0.01248,Some use this
44,hygienic and beauty care for animals,431,34689,0.01242,Some use this
44,information relating to nutrition,431,34689,0.01242,Some use this
44,acupuncture services,428,34689,0.01234,Some use this
44,"medical and health services relating to dna, genetics and genetic testing",428,34689,0.01234,Some use this
44,counselling relating to nutrition,427,34689,0.01231,Some use this
44,occupational therapy services,425,34689,0.01225,Some use this
44,provision of nursing care,423,34689,0.01219,Some use this
44,barber shop services,422,34689,0.01217,Some use this
44,dentistry,422,34689,0.01217,Some use this
44,garden maintenance,421,34689,0.01214,Some use this
44,providing health information via a website,421,34689,0.01214,Some use this
44,cosmetic dentistry,420,34689,0.01211,Some use this
44,health care relating to hydrotherapy,418,34689,0.01205,Some use this
44,hair salon services for children,414,34689,0.01193,Some use this
44,acupressure therapy,412,34689,0.01188,Some use this
44,health farm services [medical],411,34689,0.01185,Some use this
44,hypnotherapy,411,34689,0.01185,Some use this
44,hair cutting services,410,34689,0.01182,Some use this
44,beauty care for animals,407,34689,0.01173,Some use this
44,foot massage services,406,34689,0.0117,Some use this
44,medical treatment services provided by clinics and hospitals,403,34689,0.01162,Some use this
44,hair perming services,402,34689,0.01159,Some use this
44,dietetic counselling services [medical],400,34689,0.01153,Some use this
44,barber shops,397,34689,0.01144,Some use this
44,nail care services,397,34689,0.01144,Some use this
44,provision of medical services,396,34689,0.01142,Some use this
44,pregnancy massage services,395,34689,0.01139,Some use this
44,dental hygienist services,394,34689,0.01136,Some use this
44,occupational therapy and rehabilitation,393,34689,0.01133,Some use this
44,hot stone massage therapy services,392,34689,0.0113,Some use this
44,medical analysis for the diagnosis and treatment of persons,392,34689,0.0113,Some use this
44,advisory services relating to nutrition,391,34689,0.01127,Some use this
44,dermatology services,390,34689,0.01124,Some use this
44,physical rehabilitation,389,34689,0.01121,Some use this
44,garden design services,388,34689,0.01119,Some use this
44,advice relating to the personal welfare of elderly people [health],387,34689,0.01116,Some use this
45,legal services,4482,24708,0.1814,Most use this
45,online social networking services,3094,24708,0.12522,Most use this
45,legal research,1282,24708,0.05189,Recommended
45,legal support services,1170,24708,0.04735,Recommended
45,legal advice,1152,24708,0.04662,Recommended
45,legal consultancy services,1134,24708,0.0459,Recommended
45,software licensing,1058,24708,0.04282,Recommended
45,security services,1049,24708,0.04246,Recommended
45,internet-based social networking services,1033,24708,0.04181,Recommended
45,security services for the protection of property and individuals,1031,24708,0.04173,Recommended
45,legal information services,967,24708,0.03914,Some use this
45,legal document preparation services,955,24708,0.03865,Some use this
45,on-line social networking services,933,24708,0.03776,Some use this
45,licensing of intellectual property,886,24708,0.03586,Some use this
45,legal services relating to business,823,24708,0.03331,Some use this
45,legal advice and representation,783,24708,0.03169,Some use this
45,security consultancy,762,24708,0.03084,Some use this
45,licensing of computer software,759,24708,0.03072,Some use this
45,computer software licensing,755,24708,0.03056,Some use this
45,licensing of software,752,24708,0.03044,Some use this
45,legal advocacy services,751,24708,0.0304,Some use this
45,legal consultation services,745,24708,0.03015,Some use this
45,legal compliance auditing,740,24708,0.02995,Some use this
45,dating services,730,24708,0.02955,Some use this
45,reviewing standards and practices to assure compliance with laws and regulations,725,24708,0.02934,Some use this
45,legal research services,722,24708,0.02922,Some use this
45,regulatory compliance auditing,718,24708,0.02906,Some use this
45,provision of legal information,713,24708,0.02886,Some use this
45,"information, advisory and consultancy services relating to legal matters",683,24708,0.02764,Some use this
45,consultancy services relating to health and safety,656,24708,0.02655,Some use this
45,licensing services,645,24708,0.0261,Some use this
45,litigation services,636,24708,0.02574,Some use this
45,legal services in relation to the negotiation of contracts for others,620,24708,0.02509,Some use this
45,legal investigation services,598,24708,0.0242,Some use this
45,legal mediation services,594,24708,0.02404,Some use this
45,security monitoring services,593,24708,0.024,Some use this
45,mentoring [spiritual],591,24708,0.02392,Some use this
45,dating services provided through social networking,584,24708,0.02364,Some use this
45,information services relating to legal matters,582,24708,0.02356,Some use this
45,compilation of legal information,567,24708,0.02295,Some use this
45,legal information research services,565,24708,0.02287,Some use this
45,preparation of legal reports,553,24708,0.02238,Some use this
45,health and safety risk assessment services,550,24708,0.02226,Some use this
45,legal assistance in the drawing up of contracts,549,24708,0.02222,Some use this
45,dog walking services,542,24708,0.02194,Some use this
45,licensing of computer software [legal services],538,24708,0.02177,Some use this
45,health and safety risk management,536,24708,0.02169,Some use this
45,certification of legal documents,524,24708,0.02121,Some use this
45,security assessment of risks,518,24708,0.02096,Some use this
45,provision of information relating to legal services,512,24708,0.02072,Some use this
45,advisory services relating to the law,501,24708,0.02028,Some use this
45,expert consultancy relating to legal issues,493,24708,0.01995,Some use this
45,legal services relating to intellectual property rights,493,24708,0.01995,Some use this
45,legal services relating to wills,491,24708,0.01987,Some use this
45,provision of expert legal opinions,489,24708,0.01979,Some use this
45,monitoring of security systems,484,24708,0.01959,Some use this
45,arranging for the provision of legal services,483,24708,0.01955,Some use this
45,legal services relating to company formation and registration,481,24708,0.01947,Some use this
45,advisory services relating to regulatory affairs,471,24708,0.01906,Some use this
45,provision of legal research,469,24708,0.01898,Some use this
45,security guard services,463,24708,0.01874,Some use this
45,conveyancing services,457,24708,0.0185,Some use this
45,concierge services,447,24708,0.01809,Some use this
45,political lobbying services,445,24708,0.01801,Some use this
45,internet dating services,434,24708,0.01757,Some use this
45,counselling relating to spiritual direction,430,24708,0.0174,Some use this
45,mediation [legal services],429,24708,0.01736,Some use this
45,"safety, rescue, security and enforcement services",419,24708,0.01696,Some use this
45,intellectual property consultancy,418,24708,0.01692,Some use this
45,intellectual property services,416,24708,0.01684,Some use this
45,alternative dispute resolution services [legal services],411,24708,0.01663,Some use this
45,physical security consultancy,407,24708,0.01647,Some use this
45,providing information relating to legal affairs,405,24708,0.01639,Some use this
45,registration services (legal),404,24708,0.01635,Some use this
45,attorney services [legal services],402,24708,0.01627,Some use this
45,licensing of intellectual property [legal services],401,24708,0.01623,Some use this
45,pro bono legal services,401,24708,0.01623,Some use this
45,spiritual consultancy,399,24708,0.01615,Some use this
45,copyright management,392,24708,0.01587,Some use this
45,licensing of intellectual property rights,388,24708,0.0157,Some use this
45,spiritual advice,387,24708,0.01566,Some use this
45,legal services provided in relation to lawsuits,386,24708,0.01562,Some use this
45,monitoring intellectual property rights for legal advisory purposes,385,24708,0.01558,Some use this
45,litigation advice,384,24708,0.01554,Some use this
45,personal legal affairs consultancy,383,24708,0.0155,Some use this
45,legal services in the field of immigration,380,24708,0.01538,Some use this
45,computer dating services,377,24708,0.01526,Some use this
45,"internet based dating, matchmaking and personal introduction services",376,24708,0.01522,Some use this
45,registration of domain names [legal services],375,24708,0.01518,Some use this
45,legal services relating to copyright licensing,373,24708,0.0151,Some use this
45,licensing of technology,372,24708,0.01506,Some use this
45,safety evaluation,372,24708,0.01506,Some use this
45,legal consultation in the field of taxation,370,24708,0.01497,Some use this
45,pet sitting,370,24708,0.01497,Some use this
45,advisory services relating to consumers rights [legal advice],369,24708,0.01493,Some use this
45,mediation services,366,24708,0.01481,Some use this
45,conveyancing services [legal services],365,24708,0.01477,Some use this
45,legal consultancy relating to intellectual property rights,361,24708,0.01461,Some use this
45,security services for the protection of property,355,24708,0.01437,Some use this
45,arbitration services,353,24708,0.01429,Some use this
45,licensing [legal services] in the framework of software publishing,352,24708,0.01425,Some use this
45,legal aid services,350,24708,0.01417,Some use this
45,dating agency services,344,24708,0.01392,Some use this
45,legal conveyancing,341,24708,0.0138,Some use this
45,security services for buildings,339,24708,0.01372,Some use this
45,legal services relating to the acquisition of intellectual property,338,24708,0.01368,Some use this
45,legal watching services,338,24708,0.01368,Some use this
45,alternative dispute resolution services,336,24708,0.0136,Some use this
45,licensing of software [legal services],335,24708,0.01356,Some use this
45,mediation in legal procedures,335,24708,0.01356,Some use this
45,intellectual property licensing services,334,24708,0.01352,Some use this
45,physical security services,331,24708,0.0134,Some use this
45,software licensing [legal services],331,24708,0.0134,Some use this
45,astrological and spiritual services,330,24708,0.01336,Some use this
45,legal services relating to the registration of trademarks,328,24708,0.01328,Some use this
45,surveillance services,319,24708,0.01291,Some use this
45,litigation services [services of a lawyer],314,24708,0.01271,Some use this
45,computer software (licensing of -) [legal services],313,24708,0.01267,Some use this
45,electronic monitoring services for security purposes,313,24708,0.01267,Some use this
45,information services relating to health and safety,311,24708,0.01259,Some use this
45,funeral services,310,24708,0.01255,Some use this
45,legal services relating to the exploitation of intellectual property rights,309,24708,0.01251,Some use this
45,computer software licensing [legal services],308,24708,0.01247,Some use this
45,licensing of intellectual property in the field of trademarks [legal services],306,24708,0.01238,Some use this
45,licensing of intellectual property in the field of copyrights [legal services],303,24708,0.01226,Some use this
45,legal and judicial research services in the field of intellectual property,297,24708,0.01202,Some use this
45,legal services relating to licences,296,24708,0.01198,Some use this
45,licensing of databases,296,24708,0.01198,Some use this
45,legal advice relating to franchising,295,24708,0.01194,Some use this
45,security guarding for facilities,291,24708,0.01178,Some use this
45,mediation,288,24708,0.01166,Some use this
45,professional legal consultations relating to franchising,288,24708,0.01166,Some use this
45,advisory services relating to intellectual property rights,286,24708,0.01158,Some use this
45,consultancy services relating to the legal aspects of franchising,286,24708,0.01158,Some use this
45,personal shopper services,286,24708,0.01158,Some use this
45,security services for the protection of individuals,286,24708,0.01158,Some use this
45,identity verification,283,24708,0.01145,Some use this
45,litigation support services,283,24708,0.01145,Some use this
45,monitoring of burglar and security alarms,282,24708,0.01141,Some use this
45,trademark monitoring [legal services],280,24708,0.01133,Some use this
45,video dating services,280,24708,0.01133,Some use this
45,licensing of trademarks [legal services],279,24708,0.01129,Some use this
45,domain names (registration of -) [legal services],276,24708,0.01117,Some use this
45,bereavement counselling,274,24708,0.01109,Some use this
45,legal services for procedures relating to industrial property rights,274,24708,0.01109,Some use this
45,providing information about legal services via a website,270,24708,0.01093,Some use this
45,matchmaking services,269,24708,0.01089,Some use this
45,public events security services,268,24708,0.01085,Some use this
45,enforcement of intellectual property rights,265,24708,0.01073,Some use this
45,security guard services for buildings,262,24708,0.0106,Some use this
45,advisory services in relation to safety,261,24708,0.01056,Some use this
45,legal services relating to the exploitation of patents,261,24708,0.01056,Some use this
45,security inspection services for others,261,24708,0.01056,Some use this
45,planning and arranging of wedding ceremonies,260,24708,0.01052,Some use this
45,consultation in relation to data protection compliance,259,24708,0.01048,Some use this
45,legal services relating to social insurance claims,259,24708,0.01048,Some use this
45,management of intellectual property,255,24708,0.01032,Some use this
45,"arbitration, mediation and dispute resolution services",253,24708,0.01024,Some use this
45,legal research relating to real estate transactions,249,24708,0.01008,Some use this
45,licensing of intellectual property and copyright,248,24708,0.01004,Some use this
45,licensing of registered designs [legal services],245,24708,0.00992,Some use this
45,personal background investigations,244,24708,0.00988,Some use this
45,dispute resolution services,243,24708,0.00983,Some use this
45,granting of software licenses [legal services],239,24708,0.00967,Some use this
45,identity validation services,239,24708,0.00967,Some use this
45,legal advice in responding to calls for tenders,238,24708,0.00963,Some use this
45,copyright licensing,237,24708,0.00959,Some use this
45,patent licensing [legal services],235,24708,0.00951,Some use this
45,leasing of internet domain names,234,24708,0.00947,Some use this
45,advisory services relating to intellectual property licensing,233,24708,0.00943,Some use this
45,legal consultancy relating to patent mapping,233,24708,0.00943,Some use this
45,legal services relating to the exploitation of broadcasting rights,231,24708,0.00935,Some use this
45,legal administration of licences,228,24708,0.00923,Some use this
45,licensing of franchise concepts,227,24708,0.00919,Some use this
45,licensing of patent applications [legal services],227,24708,0.00919,Some use this
45,bailiff services (legal services),225,24708,0.00911,Some use this
45,clothing rental,224,24708,0.00907,Some use this
45,granting of software licences [legal services],223,24708,0.00903,Some use this
45,social introduction agency services,223,24708,0.00903,Some use this
45,personal introduction services,221,24708,0.00894,Some use this
45,company registration services,218,24708,0.00882,Some use this
45,security guard services for the protection of property and individuals,217,24708,0.00878,Some use this
45,company formation and registration services,216,24708,0.00874,Some use this
45,consulting in the field of personal relationships,215,24708,0.0087,Some use this
45,legal drafting,215,24708,0.0087,Some use this
45,security services for the physical protection of individuals,215,24708,0.0087,Some use this
45,religious services,214,24708,0.00866,Some use this
45,social introduction agencies,213,24708,0.00862,Some use this
45,rental of security surveillance apparatus,212,24708,0.00858,Some use this
45,pastoral counselling,211,24708,0.00854,Some use this
45,rental of security apparatus,211,24708,0.00854,Some use this
45,opening of security locks,210,24708,0.0085,Some use this
45,legal services relating to the exploitation of copyright for printed matter,209,24708,0.00846,Some use this
45,conveyancing,207,24708,0.00838,Some use this
45,legal services relating to the exploitation of transmission rights,207,24708,0.00838,Some use this
45,security guarding of facilities via remote monitoring systems,207,24708,0.00838,Some use this
45,consultancy relating to the licensing of intellectual property,206,24708,0.00834,Some use this
45,domain name registration services,204,24708,0.00826,Some use this
45,personal fashion consulting services,204,24708,0.00826,Some use this
45,professional advisory services relating to intellectual property rights,204,24708,0.00826,Some use this
45,trademark watch services for legal advisory purposes,204,24708,0.00826,Some use this
45,protection of intellectual property,202,24708,0.00818,Some use this
45,security services for the physical protection of tangible property,198,24708,0.00801,Some use this
45,legal process serving,197,24708,0.00797,Some use this
45,legal services relating to the exploitation of film copyright,197,24708,0.00797,Some use this
45,organization of religious meetings,196,24708,0.00793,Some use this
45,advocacy services,193,24708,0.00781,Some use this
45,"film, television and video licensing",192,24708,0.00777,Some use this
45,paralegal services,190,24708,0.00769,Some use this
45,agency services (dating -),188,24708,0.00761,Some use this
45,personal wardrobe styling consultancy,188,24708,0.00761,Some use this
45,preparation of legal reports in the field of human rights,187,24708,0.00757,Some use this
45,conducting religious ceremonies,186,24708,0.00753,Some use this
45,personal and social services rendered by others to meet the needs of individuals,186,24708,0.00753,Some use this
45,intellectual property management services,185,24708,0.00749,Some use this
45,internet based matchmaking services,184,24708,0.00745,Some use this
45,marriage guidance counselling,184,24708,0.00745,Some use this
45,religious prayer services,184,24708,0.00745,Some use this
45,consultancy relating to the management of intellectual property and copyright,183,24708,0.00741,Some use this
45,monitoring industrial property rights for legal advisory purposes,183,24708,0.00741,Some use this
45,political advisory services,183,24708,0.00741,Some use this
45,cartoon character licensing [legal services],181,24708,0.00733,Some use this
45,psychic consultancy,181,24708,0.00733,Some use this
45,notarial services,178,24708,0.0072,Some use this
45,copyright and industrial property rights management,176,24708,0.00712,Some use this
45,providing information in the field of law,176,24708,0.00712,Some use this
45,provision of emotional support to families,176,24708,0.00712,Some use this
45,security marking of goods,176,24708,0.00712,Some use this
45,"rental of equipment for safety, rescue, security and enforcement",175,24708,0.00708,Some use this
45,monitoring burglar and security alarms,174,24708,0.00704,Some use this
45,provision of personal tarot readings,174,24708,0.00704,Some use this
45,registration of domain names,174,24708,0.00704,Some use this
45,expert witness services,173,24708,0.007,Some use this
45,copyright (professional advisory services relating to licensing of -),172,24708,0.00696,Some use this
45,rental of clothing,172,24708,0.00696,Some use this
45,consultancy in the field of data theft and identity theft,171,24708,0.00692,Some use this
45,funeral home services,171,24708,0.00692,Some use this
45,personal wardrobe styling services,171,24708,0.00692,Some use this
45,intellectual property consultation,170,24708,0.00688,Some use this
45,political research and analysis,169,24708,0.00684,Some use this
45,attorney services,166,24708,0.00672,Some use this
45,chaperoning,166,24708,0.00672,Some use this
45,cremation services,166,24708,0.00672,Some use this
45,investigations in relation to intellectual property,166,24708,0.00672,Some use this
45,licensing industrial property rights,166,24708,0.00672,Some use this
45,advisory services relating to the preparation of standards,165,24708,0.00668,Some use this
45,airport security services,165,24708,0.00668,Some use this
45,litigation consultancy,165,24708,0.00668,Some use this
45,marriage counseling,164,24708,0.00664,Some use this
45,consultancy relating to intellectual property management,163,24708,0.0066,Some use this
45,political consulting,163,24708,0.0066,Some use this
45,providing information relating to security guard services,163,24708,0.0066,Some use this
45,social work services,163,24708,0.0066,Some use this
45,bereavement counseling,161,24708,0.00652,Some use this
45,rental of security surveillance equipment,161,24708,0.00652,Some use this
45,intellectual property (licensing of -),160,24708,0.00648,Some use this
45,patent attorney services,160,24708,0.00648,Some use this
45,social networking services,159,24708,0.00644,Some use this
45,social introduction and networking services,158,24708,0.00639,Some use this
45,licensing authority services,157,24708,0.00635,Some use this
45,advisory services relating to intellectual property protection,156,24708,0.00631,Some use this
45,copyright (professional advisory services relating to -),156,24708,0.00631,Some use this
45,licensing of research and development,156,24708,0.00631,Some use this
45,consultancy relating to the registration of domain names,155,24708,0.00627,Some use this
45,legal services relating to time share rights,155,24708,0.00627,Some use this
45,bereavement support,154,24708,0.00623,Some use this
45,"licensing of rights to films, television and video productions",154,24708,0.00623,Some use this
45,astrology consultancy,153,24708,0.00619,Some use this
45,conducting religious prayer services,153,24708,0.00619,Some use this
45,guard services,153,24708,0.00619,Some use this
45,political services,153,24708,0.00619,Some use this
45,preparation of regulations,153,24708,0.00619,Some use this
45,social work service,153,24708,0.00619,Some use this
45,legal research in the field of environmental protection,152,24708,0.00615,Some use this
45,consulting in the field of workplace safety,151,24708,0.00611,Some use this
45,private investigation services,151,24708,0.00611,Some use this
45,tracking of stolen property,151,24708,0.00611,Some use this
45,alarm monitoring services,150,24708,0.00607,Some use this
45,babysitting,150,24708,0.00607,Some use this
45,forensic advice for criminal investigations,148,24708,0.00599,Some use this
45,psychic reading services,148,24708,0.00599,Some use this
45,fashion information,147,24708,0.00595,Some use this
45,licensing of trademarks,147,24708,0.00595,Some use this
45,intellectual property agency services,143,24708,0.00579,Some use this
45,divorce mediation services,141,24708,0.00571,Some use this
45,intellectual property watching services,141,24708,0.00571,Some use this
45,tarot card reading services for others,141,24708,0.00571,Some use this
45,security screening of baggage,140,24708,0.00567,Some use this
