sic,nice_class,heading,frequency,band_label,n_marks,share,sic_total_marks
62012,9,"Scientific, research, navigation, surveying, photographic, cinematographic, audiovisual, optical, weighing, measuring, signalling, detecting, testing, inspecting, life-saving and teaching apparatus and instruments; apparatus and instruments for conducting, switching, transforming, accumulating, regulating or controlling the distribution or use of electricity; apparatus and instruments for recording, transmitting, reproducing or processing sound, images or data; recorded and downloadable media, computer software, blank digital or analogue recording and storage media; mechanisms for coin-operated apparatus; cash registers, calculating devices; computers and computer peripheral devices; diving suits, divers' masks, ear plugs for divers, nose clips for divers and swimmers, gloves for divers, breathing apparatus for underwater swimming; fire-extinguishing apparatus.",Always,Most use this,5353,0.706,7579
62012,42,"Scientific and technological services and research and design relating thereto; industrial analysis, industrial research and industrial design services; quality control and authentication services; design and development of computer hardware and software.",Always,Most use this,5214,0.688,7579
62012,35,"Advertising; business management, business administration and consultancy, office functions.",Sometimes,Some use this,2802,0.37,7579
62012,41,Education; providing of training; entertainment; sporting and cultural activities.,Sometimes,Some use this,1585,0.209,7579
62012,36,"Financial, monetary and banking services; insurance services; real estate affairs.",Sometimes,A few have this,941,0.124,7579
62012,45,Legal services; security services for the physical protection of tangible property and individuals; dating services; online social networking services; funeral services; babysitting.,Sometimes,A few have this,854,0.113,7579
62012,38,Telecommunications services.,Sometimes,A few have this,731,0.096,7579
62012,44,"Medical services; veterinary services; hygienic and beauty care for human beings or animals; agriculture, aquaculture, horticulture and forestry services.",Sometimes,A few have this,485,0.064,7579
64191,36,"Financial, monetary and banking services; insurance services; real estate affairs.",Always,Essential,2668,0.879,3034
64191,9,"Scientific, research, navigation, surveying, photographic, cinematographic, audiovisual, optical, weighing, measuring, signalling, detecting, testing, inspecting, life-saving and teaching apparatus and instruments; apparatus and instruments for conducting, switching, transforming, accumulating, regulating or controlling the distribution or use of electricity; apparatus and instruments for recording, transmitting, reproducing or processing sound, images or data; recorded and downloadable media, computer software, blank digital or analogue recording and storage media; mechanisms for coin-operated apparatus; cash registers, calculating devices; computers and computer peripheral devices; diving suits, divers' masks, ear plugs for divers, nose clips for divers and swimmers, gloves for divers, breathing apparatus for underwater swimming; fire-extinguishing apparatus.",Always,Recommended,1357,0.447,3034
64191,35,"Advertising; business management, business administration and consultancy, office functions.",Always,Recommended,1138,0.375,3034
64191,16,"Paper and cardboard; printed matter; bookbinding material; photographs; stationery and office requisites, except furniture; adhesives for stationery or household purposes; drawing materials and materials for artists; paintbrushes; instructional and teaching materials; plastic sheets, films and bags for wrapping and packaging; printers' type, printing blocks.",Sometimes,Recommended,884,0.291,3034
64191,42,"Scientific and technological services and research and design relating thereto; industrial analysis, industrial research and industrial design services; quality control and authentication services; design and development of computer hardware and software.",Sometimes,Worth considering,565,0.186,3034
64191,38,Telecommunications services.,Sometimes,Worth considering,405,0.133,3034
64191,41,Education; providing of training; entertainment; sporting and cultural activities.,Sometimes,Worth considering,369,0.122,3034
96020,44,"Medical services; veterinary services; hygienic and beauty care for human beings or animals; agriculture, aquaculture, horticulture and forestry services.",Always,Essential,3444,0.554,6213
96020,3,"Non-medicated cosmetics and toiletry preparations; non-medicated dentifrices; perfumery, essential oils; bleaching preparations and other substances for laundry use; cleaning, polishing, scouring and abrasive preparations.",Always,Recommended,2907,0.468,6213
96020,41,Education; providing of training; entertainment; sporting and cultural activities.,Sometimes,Worth considering,1051,0.169,6213
96020,35,"Advertising; business management, business administration and consultancy, office functions.",Sometimes,Worth considering,1047,0.169,6213
96020,26,"Lace, braid and embroidery, and haberdashery ribbons and bows; buttons, hooks and eyes, pins and needles; artificial flowers; hair decorations; false hair.",Sometimes,Worth considering,563,0.091,6213
96020,21,"Household or kitchen utensils and containers; cookware and tableware, except forks, knives and spoons; combs and sponges; brushes, except paintbrushes; brush-making materials; articles for cleaning purposes; unworked or semi-worked glass, except building glass; glassware, porcelain and earthenware.",Sometimes,Worth considering,506,0.081,6213
62,9,"Scientific, research, navigation, surveying, photographic, cinematographic, audiovisual, optical, weighing, measuring, signalling, detecting, testing, inspecting, life-saving and teaching apparatus and instruments; apparatus and instruments for conducting, switching, transforming, accumulating, regulating or controlling the distribution or use of electricity; apparatus and instruments for recording, transmitting, reproducing or processing sound, images or data; recorded and downloadable media, computer software, blank digital or analogue recording and storage media; mechanisms for coin-operated apparatus; cash registers, calculating devices; computers and computer peripheral devices; diving suits, divers' masks, ear plugs for divers, nose clips for divers and swimmers, gloves for divers, breathing apparatus for underwater swimming; fire-extinguishing apparatus.",Always,Essential,47154,0.623,75736
62,42,"Scientific and technological services and research and design relating thereto; industrial analysis, industrial research and industrial design services; quality control and authentication services; design and development of computer hardware and software.",Always,Essential,42024,0.555,75736
62,35,"Advertising; business management, business administration and consultancy, office functions.",Always,Recommended,27232,0.36,75736
62,41,Education; providing of training; entertainment; sporting and cultural activities.,Sometimes,Worth considering,18493,0.244,75736
62,38,Telecommunications services.,Sometimes,Worth considering,11801,0.156,75736
62,36,"Financial, monetary and banking services; insurance services; real estate affairs.",Sometimes,Worth considering,9666,0.128,75736
62,45,Legal services; security services for the physical protection of tangible property and individuals; dating services; online social networking services; funeral services; babysitting.,Sometimes,Worth considering,6917,0.091,75736
20420,3,"Non-medicated cosmetics and toiletry preparations; non-medicated dentifrices; perfumery, essential oils; bleaching preparations and other substances for laundry use; cleaning, polishing, scouring and abrasive preparations.",Always,All use this,701,0.881,796
20420,35,"Advertising; business management, business administration and consultancy, office functions.",Sometimes,Some use this,196,0.246,796
20420,5,"Pharmaceuticals, medical and veterinary preparations; sanitary preparations for medical purposes; dietetic food and substances adapted for medical or veterinary use, food for babies; dietary supplements for human beings and animals; plasters, materials for dressings; material for stopping teeth, dental wax; disinfectants; preparations for destroying vermin; fungicides, herbicides.",Sometimes,Some use this,156,0.196,796
20420,4,"Industrial oils and greases, wax; lubricants; dust absorbing, wetting and binding compositions; fuels and illuminants; candles and wicks for lighting.",Sometimes,A few have this,118,0.148,796
20420,21,"Household or kitchen utensils and containers; cookware and tableware, except forks, knives and spoons; combs and sponges; brushes, except paintbrushes; brush-making materials; articles for cleaning purposes; unworked or semi-worked glass, except building glass; glassware, porcelain and earthenware.",Sometimes,A few have this,92,0.116,796
20420,44,"Medical services; veterinary services; hygienic and beauty care for human beings or animals; agriculture, aquaculture, horticulture and forestry services.",Sometimes,A few have this,58,0.073,796
20420,25,"Clothing, footwear, headwear.",Sometimes,A few have this,48,0.06,796
20420,10,"Surgical, medical, dental and veterinary apparatus and instruments; artificial limbs, eyes and teeth; orthopaedic articles; suture materials; therapeutic and assistive devices adapted for persons with disabilities; massage apparatus; apparatus, devices and articles for nursing infants; sexual activity apparatus, devices and articles.",Sometimes,A few have this,44,0.055,796
11050,32,Beers; non-alcoholic beverages; mineral and aerated waters; fruit beverages and fruit juices; syrups and other non-alcoholic preparations for making beverages.,Always,All use this,578,0.815,709
11050,33,"Alcoholic beverages, except beers; alcoholic preparations for making beverages.",Sometimes,Some use this,148,0.209,709
11050,43,Services for providing food and drink; temporary accommodation.,Sometimes,Some use this,118,0.166,709
11050,25,"Clothing, footwear, headwear.",Sometimes,A few have this,55,0.078,709
11050,35,"Advertising; business management, business administration and consultancy, office functions.",Sometimes,A few have this,51,0.072,709
11050,21,"Household or kitchen utensils and containers; cookware and tableware, except forks, knives and spoons; combs and sponges; brushes, except paintbrushes; brush-making materials; articles for cleaning purposes; unworked or semi-worked glass, except building glass; glassware, porcelain and earthenware.",Sometimes,A few have this,48,0.068,709
11010,33,"Alcoholic beverages, except beers; alcoholic preparations for making beverages.",Always,Essential,6749,0.901,7493
11010,32,Beers; non-alcoholic beverages; mineral and aerated waters; fruit beverages and fruit juices; syrups and other non-alcoholic preparations for making beverages.,Sometimes,Worth considering,1244,0.166,7493
69202,35,"Advertising; business management, business administration and consultancy, office functions.",Always,Essential,801,0.68,1178
69202,36,"Financial, monetary and banking services; insurance services; real estate affairs.",Sometimes,Recommended,302,0.256,1178
69202,9,"Scientific, research, navigation, surveying, photographic, cinematographic, audiovisual, optical, weighing, measuring, signalling, detecting, testing, inspecting, life-saving and teaching apparatus and instruments; apparatus and instruments for conducting, switching, transforming, accumulating, regulating or controlling the distribution or use of electricity; apparatus and instruments for recording, transmitting, reproducing or processing sound, images or data; recorded and downloadable media, computer software, blank digital or analogue recording and storage media; mechanisms for coin-operated apparatus; cash registers, calculating devices; computers and computer peripheral devices; diving suits, divers' masks, ear plugs for divers, nose clips for divers and swimmers, gloves for divers, breathing apparatus for underwater swimming; fire-extinguishing apparatus.",Sometimes,Worth considering,216,0.183,1178
69202,41,Education; providing of training; entertainment; sporting and cultural activities.,Sometimes,Worth considering,162,0.138,1178
69202,42,"Scientific and technological services and research and design relating thereto; industrial analysis, industrial research and industrial design services; quality control and authentication services; design and development of computer hardware and software.",Sometimes,Worth considering,113,0.096,1178
70229,35,"Advertising; business management, business administration and consultancy, office functions.",Always,Essential,17321,0.509,34038
70229,41,Education; providing of training; entertainment; sporting and cultural activities.,Always,Recommended,12587,0.37,34038
70229,42,"Scientific and technological services and research and design relating thereto; industrial analysis, industrial research and industrial design services; quality control and authentication services; design and development of computer hardware and software.",Sometimes,Worth considering,7971,0.234,34038
70229,9,"Scientific, research, navigation, surveying, photographic, cinematographic, audiovisual, optical, weighing, measuring, signalling, detecting, testing, inspecting, life-saving and teaching apparatus and instruments; apparatus and instruments for conducting, switching, transforming, accumulating, regulating or controlling the distribution or use of electricity; apparatus and instruments for recording, transmitting, reproducing or processing sound, images or data; recorded and downloadable media, computer software, blank digital or analogue recording and storage media; mechanisms for coin-operated apparatus; cash registers, calculating devices; computers and computer peripheral devices; diving suits, divers' masks, ear plugs for divers, nose clips for divers and swimmers, gloves for divers, breathing apparatus for underwater swimming; fire-extinguishing apparatus.",Sometimes,Worth considering,7852,0.231,34038
70229,36,"Financial, monetary and banking services; insurance services; real estate affairs.",Sometimes,Worth considering,4172,0.123,34038
70229,16,"Paper and cardboard; printed matter; bookbinding material; photographs; stationery and office requisites, except furniture; adhesives for stationery or household purposes; drawing materials and materials for artists; paintbrushes; instructional and teaching materials; plastic sheets, films and bags for wrapping and packaging; printers' type, printing blocks.",Sometimes,Worth considering,4002,0.118,34038
70229,45,Legal services; security services for the physical protection of tangible property and individuals; dating services; online social networking services; funeral services; babysitting.,Sometimes,Worth considering,2753,0.081,34038
73110,35,"Advertising; business management, business administration and consultancy, office functions.",Always,Essential,6573,0.673,9768
73110,42,"Scientific and technological services and research and design relating thereto; industrial analysis, industrial research and industrial design services; quality control and authentication services; design and development of computer hardware and software.",Sometimes,Recommended,2875,0.294,9768
73110,41,Education; providing of training; entertainment; sporting and cultural activities.,Sometimes,Recommended,2772,0.284,9768
73110,9,"Scientific, research, navigation, surveying, photographic, cinematographic, audiovisual, optical, weighing, measuring, signalling, detecting, testing, inspecting, life-saving and teaching apparatus and instruments; apparatus and instruments for conducting, switching, transforming, accumulating, regulating or controlling the distribution or use of electricity; apparatus and instruments for recording, transmitting, reproducing or processing sound, images or data; recorded and downloadable media, computer software, blank digital or analogue recording and storage media; mechanisms for coin-operated apparatus; cash registers, calculating devices; computers and computer peripheral devices; diving suits, divers' masks, ear plugs for divers, nose clips for divers and swimmers, gloves for divers, breathing apparatus for underwater swimming; fire-extinguishing apparatus.",Sometimes,Worth considering,2289,0.234,9768
73110,16,"Paper and cardboard; printed matter; bookbinding material; photographs; stationery and office requisites, except furniture; adhesives for stationery or household purposes; drawing materials and materials for artists; paintbrushes; instructional and teaching materials; plastic sheets, films and bags for wrapping and packaging; printers' type, printing blocks.",Sometimes,Worth considering,1122,0.115,9768
73110,38,Telecommunications services.,Sometimes,Worth considering,1040,0.106,9768
56101,43,Services for providing food and drink; temporary accommodation.,Always,All use this,1245,0.809,1539
56101,30,"Coffee, tea, cocoa and artificial coffee; rice, pasta and noodles; tapioca and sago; flour and preparations made from cereals; bread, pastries and confectionery; chocolate; ice cream, sorbets and other edible ices; sugar, honey, treacle; yeast, baking-powder; salt, seasonings, spices, preserved herbs; vinegar, sauces and other condiments; ice (frozen water).",Sometimes,Some use this,418,0.272,1539
56101,35,"Advertising; business management, business administration and consultancy, office functions.",Sometimes,Some use this,355,0.231,1539
56101,29,"Meat, fish, poultry and game; meat extracts; preserved, frozen, dried and cooked fruits and vegetables; jellies, jams, compotes; eggs; milk, cheese, butter, yogurt and other milk products; oils and fats for food.",Sometimes,Some use this,251,0.163,1539
56101,41,Education; providing of training; entertainment; sporting and cultural activities.,Sometimes,Some use this,236,0.153,1539
56101,32,Beers; non-alcoholic beverages; mineral and aerated waters; fruit beverages and fruit juices; syrups and other non-alcoholic preparations for making beverages.,Sometimes,A few have this,156,0.101,1539
56101,33,"Alcoholic beverages, except beers; alcoholic preparations for making beverages.",Sometimes,A few have this,127,0.083,1539
56101,25,"Clothing, footwear, headwear.",Sometimes,A few have this,127,0.083,1539
56101,39,Transport; packaging and storage of goods; travel arrangement.,Sometimes,A few have this,114,0.074,1539
56101,16,"Paper and cardboard; printed matter; bookbinding material; photographs; stationery and office requisites, except furniture; adhesives for stationery or household purposes; drawing materials and materials for artists; paintbrushes; instructional and teaching materials; plastic sheets, films and bags for wrapping and packaging; printers' type, printing blocks.",Sometimes,A few have this,108,0.07,1539
56101,21,"Household or kitchen utensils and containers; cookware and tableware, except forks, knives and spoons; combs and sponges; brushes, except paintbrushes; brush-making materials; articles for cleaning purposes; unworked or semi-worked glass, except building glass; glassware, porcelain and earthenware.",Sometimes,A few have this,92,0.06,1539
69201,35,"Advertising; business management, business administration and consultancy, office functions.",Always,All use this,448,0.88,509
69201,36,"Financial, monetary and banking services; insurance services; real estate affairs.",Sometimes,Some use this,206,0.405,509
69201,41,Education; providing of training; entertainment; sporting and cultural activities.,Sometimes,Some use this,85,0.167,509
69201,9,"Scientific, research, navigation, surveying, photographic, cinematographic, audiovisual, optical, weighing, measuring, signalling, detecting, testing, inspecting, life-saving and teaching apparatus and instruments; apparatus and instruments for conducting, switching, transforming, accumulating, regulating or controlling the distribution or use of electricity; apparatus and instruments for recording, transmitting, reproducing or processing sound, images or data; recorded and downloadable media, computer software, blank digital or analogue recording and storage media; mechanisms for coin-operated apparatus; cash registers, calculating devices; computers and computer peripheral devices; diving suits, divers' masks, ear plugs for divers, nose clips for divers and swimmers, gloves for divers, breathing apparatus for underwater swimming; fire-extinguishing apparatus.",Sometimes,Some use this,77,0.151,509
69201,45,Legal services; security services for the physical protection of tangible property and individuals; dating services; online social networking services; funeral services; babysitting.,Sometimes,A few have this,69,0.136,509
69201,42,"Scientific and technological services and research and design relating thereto; industrial analysis, industrial research and industrial design services; quality control and authentication services; design and development of computer hardware and software.",Sometimes,A few have this,57,0.112,509
10710,30,"Coffee, tea, cocoa and artificial coffee; rice, pasta and noodles; tapioca and sago; flour and preparations made from cereals; bread, pastries and confectionery; chocolate; ice cream, sorbets and other edible ices; sugar, honey, treacle; yeast, baking-powder; salt, seasonings, spices, preserved herbs; vinegar, sauces and other condiments; ice (frozen water).",Always,All use this,430,0.923,466
10710,29,"Meat, fish, poultry and game; meat extracts; preserved, frozen, dried and cooked fruits and vegetables; jellies, jams, compotes; eggs; milk, cheese, butter, yogurt and other milk products; oils and fats for food.",Sometimes,Some use this,150,0.322,466
10710,43,Services for providing food and drink; temporary accommodation.,Sometimes,Some use this,125,0.268,466
10710,35,"Advertising; business management, business administration and consultancy, office functions.",Sometimes,Some use this,104,0.223,466
10710,32,Beers; non-alcoholic beverages; mineral and aerated waters; fruit beverages and fruit juices; syrups and other non-alcoholic preparations for making beverages.,Sometimes,A few have this,30,0.064,466
11030,33,"Alcoholic beverages, except beers; alcoholic preparations for making beverages.",Always,All use this,180,0.909,198
11030,32,Beers; non-alcoholic beverages; mineral and aerated waters; fruit beverages and fruit juices; syrups and other non-alcoholic preparations for making beverages.,Always,Most use this,110,0.556,198
11030,35,"Advertising; business management, business administration and consultancy, office functions.",Sometimes,A few have this,17,0.086,198
11030,25,"Clothing, footwear, headwear.",Sometimes,A few have this,10,0.051,198
11030,21,"Household or kitchen utensils and containers; cookware and tableware, except forks, knives and spoons; combs and sponges; brushes, except paintbrushes; brush-making materials; articles for cleaning purposes; unworked or semi-worked glass, except building glass; glassware, porcelain and earthenware.",Sometimes,A few have this,10,0.051,198
11020,33,"Alcoholic beverages, except beers; alcoholic preparations for making beverages.",Always,All use this,103,0.88,117
11020,32,Beers; non-alcoholic beverages; mineral and aerated waters; fruit beverages and fruit juices; syrups and other non-alcoholic preparations for making beverages.,Sometimes,Some use this,41,0.35,117
11020,41,Education; providing of training; entertainment; sporting and cultural activities.,Sometimes,Some use this,24,0.205,117
11020,35,"Advertising; business management, business administration and consultancy, office functions.",Sometimes,Some use this,20,0.171,117
11020,43,Services for providing food and drink; temporary accommodation.,Sometimes,Some use this,18,0.154,117
11020,30,"Coffee, tea, cocoa and artificial coffee; rice, pasta and noodles; tapioca and sago; flour and preparations made from cereals; bread, pastries and confectionery; chocolate; ice cream, sorbets and other edible ices; sugar, honey, treacle; yeast, baking-powder; salt, seasonings, spices, preserved herbs; vinegar, sauces and other condiments; ice (frozen water).",Sometimes,A few have this,13,0.111,117
11020,31,"Raw and unprocessed agricultural, aquacultural, horticultural and forestry products; raw and unprocessed grains and seeds; fresh fruits and vegetables, fresh herbs; natural plants and flowers; bulbs, seedlings and seeds for planting; live animals; foodstuffs and beverages for animals; malt.",Sometimes,A few have this,11,0.094,117
11020,29,"Meat, fish, poultry and game; meat extracts; preserved, frozen, dried and cooked fruits and vegetables; jellies, jams, compotes; eggs; milk, cheese, butter, yogurt and other milk products; oils and fats for food.",Sometimes,A few have this,11,0.094,117
11020,39,Transport; packaging and storage of goods; travel arrangement.,Sometimes,A few have this,10,0.085,117
11020,44,"Medical services; veterinary services; hygienic and beauty care for human beings or animals; agriculture, aquaculture, horticulture and forestry services.",Sometimes,A few have this,9,0.077,117
11020,40,Treatment of materials; recycling of waste and trash; air purification and treatment of water; printing services; food and drink preservation.,Sometimes,A few have this,6,0.051,117
10920,31,"Raw and unprocessed agricultural, aquacultural, horticultural and forestry products; raw and unprocessed grains and seeds; fresh fruits and vegetables, fresh herbs; natural plants and flowers; bulbs, seedlings and seeds for planting; live animals; foodstuffs and beverages for animals; malt.",Always,All use this,290,0.841,345
10920,5,"Pharmaceuticals, medical and veterinary preparations; sanitary preparations for medical purposes; dietetic food and substances adapted for medical or veterinary use, food for babies; dietary supplements for human beings and animals; plasters, materials for dressings; material for stopping teeth, dental wax; disinfectants; preparations for destroying vermin; fungicides, herbicides.",Sometimes,Some use this,98,0.284,345
10920,35,"Advertising; business management, business administration and consultancy, office functions.",Sometimes,A few have this,50,0.145,345
10920,28,"Games, toys and playthings; video game apparatus; gymnastic and sporting articles; decorations for Christmas trees.",Sometimes,A few have this,44,0.128,345
10920,18,"Leather and imitations of leather; animal skins and hides; luggage and carrying bags; umbrellas and parasols; walking sticks; whips, harness and saddlery; collars, leashes and clothing for animals.",Sometimes,A few have this,31,0.09,345
10920,44,"Medical services; veterinary services; hygienic and beauty care for human beings or animals; agriculture, aquaculture, horticulture and forestry services.",Sometimes,A few have this,27,0.078,345
10920,21,"Household or kitchen utensils and containers; cookware and tableware, except forks, knives and spoons; combs and sponges; brushes, except paintbrushes; brush-making materials; articles for cleaning purposes; unworked or semi-worked glass, except building glass; glassware, porcelain and earthenware.",Sometimes,A few have this,26,0.075,345
10920,20,"Furniture, mirrors, picture frames; containers, not of metal, for storage or transport; unworked or semi-worked bone, horn, whalebone or mother-of-pearl; shells; meerschaum; yellow amber.",Sometimes,A few have this,25,0.072,345
10920,41,Education; providing of training; entertainment; sporting and cultural activities.,Sometimes,A few have this,18,0.052,345
10890,30,"Coffee, tea, cocoa and artificial coffee; rice, pasta and noodles; tapioca and sago; flour and preparations made from cereals; bread, pastries and confectionery; chocolate; ice cream, sorbets and other edible ices; sugar, honey, treacle; yeast, baking-powder; salt, seasonings, spices, preserved herbs; vinegar, sauces and other condiments; ice (frozen water).",Sometimes,Some use this,863,0.475,1817
10890,5,"Pharmaceuticals, medical and veterinary preparations; sanitary preparations for medical purposes; dietetic food and substances adapted for medical or veterinary use, food for babies; dietary supplements for human beings and animals; plasters, materials for dressings; material for stopping teeth, dental wax; disinfectants; preparations for destroying vermin; fungicides, herbicides.",Sometimes,Some use this,709,0.39,1817
10890,29,"Meat, fish, poultry and game; meat extracts; preserved, frozen, dried and cooked fruits and vegetables; jellies, jams, compotes; eggs; milk, cheese, butter, yogurt and other milk products; oils and fats for food.",Sometimes,Some use this,673,0.37,1817
10890,35,"Advertising; business management, business administration and consultancy, office functions.",Sometimes,Some use this,334,0.184,1817
10890,32,Beers; non-alcoholic beverages; mineral and aerated waters; fruit beverages and fruit juices; syrups and other non-alcoholic preparations for making beverages.,Sometimes,Some use this,278,0.153,1817
10890,43,Services for providing food and drink; temporary accommodation.,Sometimes,A few have this,158,0.087,1817
10890,31,"Raw and unprocessed agricultural, aquacultural, horticultural and forestry products; raw and unprocessed grains and seeds; fresh fruits and vegetables, fresh herbs; natural plants and flowers; bulbs, seedlings and seeds for planting; live animals; foodstuffs and beverages for animals; malt.",Sometimes,A few have this,105,0.058,1817
10890,3,"Non-medicated cosmetics and toiletry preparations; non-medicated dentifrices; perfumery, essential oils; bleaching preparations and other substances for laundry use; cleaning, polishing, scouring and abrasive preparations.",Sometimes,A few have this,102,0.056,1817
10890,25,"Clothing, footwear, headwear.",Sometimes,A few have this,101,0.056,1817
11070,32,Beers; non-alcoholic beverages; mineral and aerated waters; fruit beverages and fruit juices; syrups and other non-alcoholic preparations for making beverages.,Always,All use this,679,0.805,843
11070,5,"Pharmaceuticals, medical and veterinary preparations; sanitary preparations for medical purposes; dietetic food and substances adapted for medical or veterinary use, food for babies; dietary supplements for human beings and animals; plasters, materials for dressings; material for stopping teeth, dental wax; disinfectants; preparations for destroying vermin; fungicides, herbicides.",Sometimes,Some use this,184,0.218,843
11070,30,"Coffee, tea, cocoa and artificial coffee; rice, pasta and noodles; tapioca and sago; flour and preparations made from cereals; bread, pastries and confectionery; chocolate; ice cream, sorbets and other edible ices; sugar, honey, treacle; yeast, baking-powder; salt, seasonings, spices, preserved herbs; vinegar, sauces and other condiments; ice (frozen water).",Sometimes,Some use this,176,0.209,843
11070,33,"Alcoholic beverages, except beers; alcoholic preparations for making beverages.",Sometimes,Some use this,127,0.151,843
11070,35,"Advertising; business management, business administration and consultancy, office functions.",Sometimes,A few have this,125,0.148,843
11070,25,"Clothing, footwear, headwear.",Sometimes,A few have this,81,0.096,843
11070,29,"Meat, fish, poultry and game; meat extracts; preserved, frozen, dried and cooked fruits and vegetables; jellies, jams, compotes; eggs; milk, cheese, butter, yogurt and other milk products; oils and fats for food.",Sometimes,A few have this,68,0.081,843
11070,43,Services for providing food and drink; temporary accommodation.,Sometimes,A few have this,58,0.069,843
14120,25,"Clothing, footwear, headwear.",Always,Most use this,35,0.593,59
14120,9,"Scientific, research, navigation, surveying, photographic, cinematographic, audiovisual, optical, weighing, measuring, signalling, detecting, testing, inspecting, life-saving and teaching apparatus and instruments; apparatus and instruments for conducting, switching, transforming, accumulating, regulating or controlling the distribution or use of electricity; apparatus and instruments for recording, transmitting, reproducing or processing sound, images or data; recorded and downloadable media, computer software, blank digital or analogue recording and storage media; mechanisms for coin-operated apparatus; cash registers, calculating devices; computers and computer peripheral devices; diving suits, divers' masks, ear plugs for divers, nose clips for divers and swimmers, gloves for divers, breathing apparatus for underwater swimming; fire-extinguishing apparatus.",Sometimes,Some use this,27,0.458,59
14120,35,"Advertising; business management, business administration and consultancy, office functions.",Sometimes,Some use this,15,0.254,59
14120,10,"Surgical, medical, dental and veterinary apparatus and instruments; artificial limbs, eyes and teeth; orthopaedic articles; suture materials; therapeutic and assistive devices adapted for persons with disabilities; massage apparatus; apparatus, devices and articles for nursing infants; sexual activity apparatus, devices and articles.",Sometimes,Some use this,10,0.169,59
14120,42,"Scientific and technological services and research and design relating thereto; industrial analysis, industrial research and industrial design services; quality control and authentication services; design and development of computer hardware and software.",Sometimes,A few have this,8,0.136,59
14120,7,"Machines, machine tools, power-operated tools; motors and engines, except for land vehicles; machine coupling and transmission components, except for land vehicles; agricultural implements, other than hand-operated hand tools; incubators for eggs; automatic vending machines.",Sometimes,A few have this,5,0.085,59
14120,17,"Unprocessed and semi-processed rubber, gutta-percha, gum, asbestos, mica and substitutes for all these materials; plastics and resins in extruded form for use in manufacture; packing, stopping and insulating materials; flexible pipes, tubes and hoses, not of metal.",Sometimes,A few have this,5,0.085,59
14120,6,"Common metals and their alloys, ores; metal materials for building and construction; transportable buildings of metal; non-electric cables and wires of common metal; small items of metal hardware; metal containers for storage or transport; safes.",Sometimes,A few have this,5,0.085,59
14120,21,"Household or kitchen utensils and containers; cookware and tableware, except forks, knives and spoons; combs and sponges; brushes, except paintbrushes; brush-making materials; articles for cleaning purposes; unworked or semi-worked glass, except building glass; glassware, porcelain and earthenware.",Sometimes,A few have this,5,0.085,59
14120,3,"Non-medicated cosmetics and toiletry preparations; non-medicated dentifrices; perfumery, essential oils; bleaching preparations and other substances for laundry use; cleaning, polishing, scouring and abrasive preparations.",Sometimes,A few have this,5,0.085,59
14120,16,"Paper and cardboard; printed matter; bookbinding material; photographs; stationery and office requisites, except furniture; adhesives for stationery or household purposes; drawing materials and materials for artists; paintbrushes; instructional and teaching materials; plastic sheets, films and bags for wrapping and packaging; printers' type, printing blocks.",Sometimes,A few have this,4,0.068,59
14120,37,"Construction services; installation and repair services; mining extraction, oil and gas drilling.",Sometimes,A few have this,4,0.068,59
14120,39,Transport; packaging and storage of goods; travel arrangement.,Sometimes,A few have this,4,0.068,59
14120,11,"Apparatus and installations for lighting, heating, cooling, steam generating, cooking, drying, ventilating, water supply and sanitary purposes.",Sometimes,A few have this,3,0.051,59
14120,26,"Lace, braid and embroidery, and haberdashery ribbons and bows; buttons, hooks and eyes, pins and needles; artificial flowers; hair decorations; false hair.",Sometimes,A few have this,3,0.051,59
14120,8,"Hand tools and hand-operated implements; cutlery; side arms, except firearms; razors.",Sometimes,A few have this,3,0.051,59
14120,18,"Leather and imitations of leather; animal skins and hides; luggage and carrying bags; umbrellas and parasols; walking sticks; whips, harness and saddlery; collars, leashes and clothing for animals.",Sometimes,A few have this,3,0.051,59
13300,24,Textiles and substitutes for textiles; household linen; curtains of textile or plastic.,Sometimes,Some use this,32,0.492,65
13300,25,"Clothing, footwear, headwear.",Sometimes,Some use this,20,0.308,65
13300,35,"Advertising; business management, business administration and consultancy, office functions.",Sometimes,Some use this,15,0.231,65
13300,40,Treatment of materials; recycling of waste and trash; air purification and treatment of water; printing services; food and drink preservation.,Sometimes,Some use this,14,0.215,65
13300,18,"Leather and imitations of leather; animal skins and hides; luggage and carrying bags; umbrellas and parasols; walking sticks; whips, harness and saddlery; collars, leashes and clothing for animals.",Sometimes,A few have this,6,0.092,65
13300,22,"Ropes and string; nets; tents and tarpaulins; awnings of textile or synthetic materials; sails; sacks for the transport and storage of materials in bulk; padding, cushioning and stuffing materials, except of paper, cardboard, rubber or plastics; raw fibrous textile materials and substitutes therefor.",Sometimes,A few have this,6,0.092,65
13300,21,"Household or kitchen utensils and containers; cookware and tableware, except forks, knives and spoons; combs and sponges; brushes, except paintbrushes; brush-making materials; articles for cleaning purposes; unworked or semi-worked glass, except building glass; glassware, porcelain and earthenware.",Sometimes,A few have this,5,0.077,65
13300,41,Education; providing of training; entertainment; sporting and cultural activities.,Sometimes,A few have this,5,0.077,65
13300,28,"Games, toys and playthings; video game apparatus; gymnastic and sporting articles; decorations for Christmas trees.",Sometimes,A few have this,5,0.077,65
13300,23,Yarns and threads for textile use.,Sometimes,A few have this,5,0.077,65
13300,9,"Scientific, research, navigation, surveying, photographic, cinematographic, audiovisual, optical, weighing, measuring, signalling, detecting, testing, inspecting, life-saving and teaching apparatus and instruments; apparatus and instruments for conducting, switching, transforming, accumulating, regulating or controlling the distribution or use of electricity; apparatus and instruments for recording, transmitting, reproducing or processing sound, images or data; recorded and downloadable media, computer software, blank digital or analogue recording and storage media; mechanisms for coin-operated apparatus; cash registers, calculating devices; computers and computer peripheral devices; diving suits, divers' masks, ear plugs for divers, nose clips for divers and swimmers, gloves for divers, breathing apparatus for underwater swimming; fire-extinguishing apparatus.",Sometimes,A few have this,4,0.062,65
13300,37,"Construction services; installation and repair services; mining extraction, oil and gas drilling.",Sometimes,A few have this,4,0.062,65
13300,20,"Furniture, mirrors, picture frames; containers, not of metal, for storage or transport; unworked or semi-worked bone, horn, whalebone or mother-of-pearl; shells; meerschaum; yellow amber.",Sometimes,A few have this,4,0.062,65
14190,25,"Clothing, footwear, headwear.",Always,All use this,593,0.792,749
14190,35,"Advertising; business management, business administration and consultancy, office functions.",Sometimes,Some use this,221,0.295,749
14190,18,"Leather and imitations of leather; animal skins and hides; luggage and carrying bags; umbrellas and parasols; walking sticks; whips, harness and saddlery; collars, leashes and clothing for animals.",Sometimes,Some use this,191,0.255,749
14190,9,"Scientific, research, navigation, surveying, photographic, cinematographic, audiovisual, optical, weighing, measuring, signalling, detecting, testing, inspecting, life-saving and teaching apparatus and instruments; apparatus and instruments for conducting, switching, transforming, accumulating, regulating or controlling the distribution or use of electricity; apparatus and instruments for recording, transmitting, reproducing or processing sound, images or data; recorded and downloadable media, computer software, blank digital or analogue recording and storage media; mechanisms for coin-operated apparatus; cash registers, calculating devices; computers and computer peripheral devices; diving suits, divers' masks, ear plugs for divers, nose clips for divers and swimmers, gloves for divers, breathing apparatus for underwater swimming; fire-extinguishing apparatus.",Sometimes,A few have this,76,0.101,749
14190,28,"Games, toys and playthings; video game apparatus; gymnastic and sporting articles; decorations for Christmas trees.",Sometimes,A few have this,63,0.084,749
14190,14,"Precious metals and their alloys; jewellery, precious and semi-precious stones; horological and chronometric instruments.",Sometimes,A few have this,57,0.076,749
14190,41,Education; providing of training; entertainment; sporting and cultural activities.,Sometimes,A few have this,52,0.069,749
14190,42,"Scientific and technological services and research and design relating thereto; industrial analysis, industrial research and industrial design services; quality control and authentication services; design and development of computer hardware and software.",Sometimes,A few have this,52,0.069,749
14190,3,"Non-medicated cosmetics and toiletry preparations; non-medicated dentifrices; perfumery, essential oils; bleaching preparations and other substances for laundry use; cleaning, polishing, scouring and abrasive preparations.",Sometimes,A few have this,49,0.065,749
14190,24,Textiles and substitutes for textiles; household linen; curtains of textile or plastic.,Sometimes,A few have this,46,0.061,749
15120,18,"Leather and imitations of leather; animal skins and hides; luggage and carrying bags; umbrellas and parasols; walking sticks; whips, harness and saddlery; collars, leashes and clothing for animals.",Always,Most use this,114,0.731,156
15120,25,"Clothing, footwear, headwear.",Sometimes,Some use this,70,0.449,156
15120,35,"Advertising; business management, business administration and consultancy, office functions.",Sometimes,Some use this,41,0.263,156
15120,9,"Scientific, research, navigation, surveying, photographic, cinematographic, audiovisual, optical, weighing, measuring, signalling, detecting, testing, inspecting, life-saving and teaching apparatus and instruments; apparatus and instruments for conducting, switching, transforming, accumulating, regulating or controlling the distribution or use of electricity; apparatus and instruments for recording, transmitting, reproducing or processing sound, images or data; recorded and downloadable media, computer software, blank digital or analogue recording and storage media; mechanisms for coin-operated apparatus; cash registers, calculating devices; computers and computer peripheral devices; diving suits, divers' masks, ear plugs for divers, nose clips for divers and swimmers, gloves for divers, breathing apparatus for underwater swimming; fire-extinguishing apparatus.",Sometimes,A few have this,22,0.141,156
15120,14,"Precious metals and their alloys; jewellery, precious and semi-precious stones; horological and chronometric instruments.",Sometimes,A few have this,21,0.135,156
15120,21,"Household or kitchen utensils and containers; cookware and tableware, except forks, knives and spoons; combs and sponges; brushes, except paintbrushes; brush-making materials; articles for cleaning purposes; unworked or semi-worked glass, except building glass; glassware, porcelain and earthenware.",Sometimes,A few have this,17,0.109,156
15120,28,"Games, toys and playthings; video game apparatus; gymnastic and sporting articles; decorations for Christmas trees.",Sometimes,A few have this,15,0.096,156
15120,24,Textiles and substitutes for textiles; household linen; curtains of textile or plastic.,Sometimes,A few have this,15,0.096,156
15120,16,"Paper and cardboard; printed matter; bookbinding material; photographs; stationery and office requisites, except furniture; adhesives for stationery or household purposes; drawing materials and materials for artists; paintbrushes; instructional and teaching materials; plastic sheets, films and bags for wrapping and packaging; printers' type, printing blocks.",Sometimes,A few have this,15,0.096,156
15120,4,"Industrial oils and greases, wax; lubricants; dust absorbing, wetting and binding compositions; fuels and illuminants; candles and wicks for lighting.",Sometimes,A few have this,13,0.083,156
15120,20,"Furniture, mirrors, picture frames; containers, not of metal, for storage or transport; unworked or semi-worked bone, horn, whalebone or mother-of-pearl; shells; meerschaum; yellow amber.",Sometimes,A few have this,12,0.077,156
15120,3,"Non-medicated cosmetics and toiletry preparations; non-medicated dentifrices; perfumery, essential oils; bleaching preparations and other substances for laundry use; cleaning, polishing, scouring and abrasive preparations.",Sometimes,A few have this,11,0.071,156
15200,25,"Clothing, footwear, headwear.",Always,All use this,83,0.761,109
15200,35,"Advertising; business management, business administration and consultancy, office functions.",Sometimes,Some use this,41,0.376,109
15200,18,"Leather and imitations of leather; animal skins and hides; luggage and carrying bags; umbrellas and parasols; walking sticks; whips, harness and saddlery; collars, leashes and clothing for animals.",Sometimes,Some use this,30,0.275,109
15200,9,"Scientific, research, navigation, surveying, photographic, cinematographic, audiovisual, optical, weighing, measuring, signalling, detecting, testing, inspecting, life-saving and teaching apparatus and instruments; apparatus and instruments for conducting, switching, transforming, accumulating, regulating or controlling the distribution or use of electricity; apparatus and instruments for recording, transmitting, reproducing or processing sound, images or data; recorded and downloadable media, computer software, blank digital or analogue recording and storage media; mechanisms for coin-operated apparatus; cash registers, calculating devices; computers and computer peripheral devices; diving suits, divers' masks, ear plugs for divers, nose clips for divers and swimmers, gloves for divers, breathing apparatus for underwater swimming; fire-extinguishing apparatus.",Sometimes,A few have this,14,0.128,109
15200,10,"Surgical, medical, dental and veterinary apparatus and instruments; artificial limbs, eyes and teeth; orthopaedic articles; suture materials; therapeutic and assistive devices adapted for persons with disabilities; massage apparatus; apparatus, devices and articles for nursing infants; sexual activity apparatus, devices and articles.",Sometimes,A few have this,11,0.101,109
15200,26,"Lace, braid and embroidery, and haberdashery ribbons and bows; buttons, hooks and eyes, pins and needles; artificial flowers; hair decorations; false hair.",Sometimes,A few have this,7,0.064,109
18129,16,"Paper and cardboard; printed matter; bookbinding material; photographs; stationery and office requisites, except furniture; adhesives for stationery or household purposes; drawing materials and materials for artists; paintbrushes; instructional and teaching materials; plastic sheets, films and bags for wrapping and packaging; printers' type, printing blocks.",Sometimes,Some use this,144,0.398,362
18129,35,"Advertising; business management, business administration and consultancy, office functions.",Sometimes,Some use this,124,0.343,362
18129,40,Treatment of materials; recycling of waste and trash; air purification and treatment of water; printing services; food and drink preservation.,Sometimes,Some use this,97,0.268,362
18129,9,"Scientific, research, navigation, surveying, photographic, cinematographic, audiovisual, optical, weighing, measuring, signalling, detecting, testing, inspecting, life-saving and teaching apparatus and instruments; apparatus and instruments for conducting, switching, transforming, accumulating, regulating or controlling the distribution or use of electricity; apparatus and instruments for recording, transmitting, reproducing or processing sound, images or data; recorded and downloadable media, computer software, blank digital or analogue recording and storage media; mechanisms for coin-operated apparatus; cash registers, calculating devices; computers and computer peripheral devices; diving suits, divers' masks, ear plugs for divers, nose clips for divers and swimmers, gloves for divers, breathing apparatus for underwater swimming; fire-extinguishing apparatus.",Sometimes,Some use this,71,0.196,362
18129,42,"Scientific and technological services and research and design relating thereto; industrial analysis, industrial research and industrial design services; quality control and authentication services; design and development of computer hardware and software.",Sometimes,Some use this,57,0.157,362
18129,25,"Clothing, footwear, headwear.",Sometimes,Some use this,57,0.157,362
18129,20,"Furniture, mirrors, picture frames; containers, not of metal, for storage or transport; unworked or semi-worked bone, horn, whalebone or mother-of-pearl; shells; meerschaum; yellow amber.",Sometimes,A few have this,39,0.108,362
18129,21,"Household or kitchen utensils and containers; cookware and tableware, except forks, knives and spoons; combs and sponges; brushes, except paintbrushes; brush-making materials; articles for cleaning purposes; unworked or semi-worked glass, except building glass; glassware, porcelain and earthenware.",Sometimes,A few have this,34,0.094,362
18129,30,"Coffee, tea, cocoa and artificial coffee; rice, pasta and noodles; tapioca and sago; flour and preparations made from cereals; bread, pastries and confectionery; chocolate; ice cream, sorbets and other edible ices; sugar, honey, treacle; yeast, baking-powder; salt, seasonings, spices, preserved herbs; vinegar, sauces and other condiments; ice (frozen water).",Sometimes,A few have this,29,0.08,362
18129,41,Education; providing of training; entertainment; sporting and cultural activities.,Sometimes,A few have this,28,0.077,362
20590,1,"Chemicals for use in industry, science and photography, as well as in agriculture, horticulture and forestry; unprocessed artificial resins, unprocessed plastics; fire extinguishing and fire prevention compositions; tempering and soldering preparations; substances for tanning animal skins and hides; adhesives for use in industry; putties and other paste fillers; compost, manures, fertilizers; biological preparations for use in industry and science.",Sometimes,Some use this,148,0.47,315
20590,3,"Non-medicated cosmetics and toiletry preparations; non-medicated dentifrices; perfumery, essential oils; bleaching preparations and other substances for laundry use; cleaning, polishing, scouring and abrasive preparations.",Sometimes,Some use this,75,0.238,315
20590,5,"Pharmaceuticals, medical and veterinary preparations; sanitary preparations for medical purposes; dietetic food and substances adapted for medical or veterinary use, food for babies; dietary supplements for human beings and animals; plasters, materials for dressings; material for stopping teeth, dental wax; disinfectants; preparations for destroying vermin; fungicides, herbicides.",Sometimes,Some use this,53,0.168,315
20590,40,Treatment of materials; recycling of waste and trash; air purification and treatment of water; printing services; food and drink preservation.,Sometimes,A few have this,45,0.143,315
20590,42,"Scientific and technological services and research and design relating thereto; industrial analysis, industrial research and industrial design services; quality control and authentication services; design and development of computer hardware and software.",Sometimes,A few have this,40,0.127,315
20590,2,"Paints, varnishes, lacquers; preservatives against rust and against deterioration of wood; colorants, dyes; inks for printing, marking and engraving; raw natural resins; metals in foil and powder form for use in painting, decorating, printing and art.",Sometimes,A few have this,35,0.111,315
20590,9,"Scientific, research, navigation, surveying, photographic, cinematographic, audiovisual, optical, weighing, measuring, signalling, detecting, testing, inspecting, life-saving and teaching apparatus and instruments; apparatus and instruments for conducting, switching, transforming, accumulating, regulating or controlling the distribution or use of electricity; apparatus and instruments for recording, transmitting, reproducing or processing sound, images or data; recorded and downloadable media, computer software, blank digital or analogue recording and storage media; mechanisms for coin-operated apparatus; cash registers, calculating devices; computers and computer peripheral devices; diving suits, divers' masks, ear plugs for divers, nose clips for divers and swimmers, gloves for divers, breathing apparatus for underwater swimming; fire-extinguishing apparatus.",Sometimes,A few have this,29,0.092,315
20590,37,"Construction services; installation and repair services; mining extraction, oil and gas drilling.",Sometimes,A few have this,26,0.083,315
20590,35,"Advertising; business management, business administration and consultancy, office functions.",Sometimes,A few have this,23,0.073,315
20590,19,"Materials, not of metal, for building and construction; rigid pipes, not of metal, for building; asphalt, pitch, tar and bitumen; transportable buildings, not of metal; monuments, not of metal.",Sometimes,A few have this,23,0.073,315
20590,11,"Apparatus and installations for lighting, heating, cooling, steam generating, cooking, drying, ventilating, water supply and sanitary purposes.",Sometimes,A few have this,19,0.06,315
20590,17,"Unprocessed and semi-processed rubber, gutta-percha, gum, asbestos, mica and substitutes for all these materials; plastics and resins in extruded form for use in manufacture; packing, stopping and insulating materials; flexible pipes, tubes and hoses, not of metal.",Sometimes,A few have this,18,0.057,315
20590,4,"Industrial oils and greases, wax; lubricants; dust absorbing, wetting and binding compositions; fuels and illuminants; candles and wicks for lighting.",Sometimes,A few have this,17,0.054,315
22220,16,"Paper and cardboard; printed matter; bookbinding material; photographs; stationery and office requisites, except furniture; adhesives for stationery or household purposes; drawing materials and materials for artists; paintbrushes; instructional and teaching materials; plastic sheets, films and bags for wrapping and packaging; printers' type, printing blocks.",Always,Most use this,28,0.609,46
22220,20,"Furniture, mirrors, picture frames; containers, not of metal, for storage or transport; unworked or semi-worked bone, horn, whalebone or mother-of-pearl; shells; meerschaum; yellow amber.",Sometimes,Some use this,21,0.457,46
22220,21,"Household or kitchen utensils and containers; cookware and tableware, except forks, knives and spoons; combs and sponges; brushes, except paintbrushes; brush-making materials; articles for cleaning purposes; unworked or semi-worked glass, except building glass; glassware, porcelain and earthenware.",Sometimes,Some use this,13,0.283,46
22220,40,Treatment of materials; recycling of waste and trash; air purification and treatment of water; printing services; food and drink preservation.,Sometimes,Some use this,9,0.196,46
22220,17,"Unprocessed and semi-processed rubber, gutta-percha, gum, asbestos, mica and substitutes for all these materials; plastics and resins in extruded form for use in manufacture; packing, stopping and insulating materials; flexible pipes, tubes and hoses, not of metal.",Sometimes,Some use this,9,0.196,46
22220,28,"Games, toys and playthings; video game apparatus; gymnastic and sporting articles; decorations for Christmas trees.",Sometimes,A few have this,6,0.13,46
22220,10,"Surgical, medical, dental and veterinary apparatus and instruments; artificial limbs, eyes and teeth; orthopaedic articles; suture materials; therapeutic and assistive devices adapted for persons with disabilities; massage apparatus; apparatus, devices and articles for nursing infants; sexual activity apparatus, devices and articles.",Sometimes,A few have this,5,0.109,46
22220,35,"Advertising; business management, business administration and consultancy, office functions.",Sometimes,A few have this,5,0.109,46
22220,1,"Chemicals for use in industry, science and photography, as well as in agriculture, horticulture and forestry; unprocessed artificial resins, unprocessed plastics; fire extinguishing and fire prevention compositions; tempering and soldering preparations; substances for tanning animal skins and hides; adhesives for use in industry; putties and other paste fillers; compost, manures, fertilizers; biological preparations for use in industry and science.",Sometimes,A few have this,5,0.109,46
22220,11,"Apparatus and installations for lighting, heating, cooling, steam generating, cooking, drying, ventilating, water supply and sanitary purposes.",Sometimes,A few have this,5,0.109,46
22220,42,"Scientific and technological services and research and design relating thereto; industrial analysis, industrial research and industrial design services; quality control and authentication services; design and development of computer hardware and software.",Sometimes,A few have this,4,0.087,46
22220,18,"Leather and imitations of leather; animal skins and hides; luggage and carrying bags; umbrellas and parasols; walking sticks; whips, harness and saddlery; collars, leashes and clothing for animals.",Sometimes,A few have this,4,0.087,46
22220,19,"Materials, not of metal, for building and construction; rigid pipes, not of metal, for building; asphalt, pitch, tar and bitumen; transportable buildings, not of metal; monuments, not of metal.",Sometimes,A few have this,4,0.087,46
22220,22,"Ropes and string; nets; tents and tarpaulins; awnings of textile or synthetic materials; sails; sacks for the transport and storage of materials in bulk; padding, cushioning and stuffing materials, except of paper, cardboard, rubber or plastics; raw fibrous textile materials and substitutes therefor.",Sometimes,A few have this,4,0.087,46
22220,39,Transport; packaging and storage of goods; travel arrangement.,Sometimes,A few have this,4,0.087,46
22220,3,"Non-medicated cosmetics and toiletry preparations; non-medicated dentifrices; perfumery, essential oils; bleaching preparations and other substances for laundry use; cleaning, polishing, scouring and abrasive preparations.",Sometimes,A few have this,3,0.065,46
25620,9,"Scientific, research, navigation, surveying, photographic, cinematographic, audiovisual, optical, weighing, measuring, signalling, detecting, testing, inspecting, life-saving and teaching apparatus and instruments; apparatus and instruments for conducting, switching, transforming, accumulating, regulating or controlling the distribution or use of electricity; apparatus and instruments for recording, transmitting, reproducing or processing sound, images or data; recorded and downloadable media, computer software, blank digital or analogue recording and storage media; mechanisms for coin-operated apparatus; cash registers, calculating devices; computers and computer peripheral devices; diving suits, divers' masks, ear plugs for divers, nose clips for divers and swimmers, gloves for divers, breathing apparatus for underwater swimming; fire-extinguishing apparatus.",Always,Most use this,39,0.52,75
25620,12,"Vehicles; apparatus for locomotion by land, air or water.",Sometimes,Some use this,32,0.427,75
25620,7,"Machines, machine tools, power-operated tools; motors and engines, except for land vehicles; machine coupling and transmission components, except for land vehicles; agricultural implements, other than hand-operated hand tools; incubators for eggs; automatic vending machines.",Sometimes,Some use this,28,0.373,75
25620,10,"Surgical, medical, dental and veterinary apparatus and instruments; artificial limbs, eyes and teeth; orthopaedic articles; suture materials; therapeutic and assistive devices adapted for persons with disabilities; massage apparatus; apparatus, devices and articles for nursing infants; sexual activity apparatus, devices and articles.",Sometimes,Some use this,14,0.187,75
25620,6,"Common metals and their alloys, ores; metal materials for building and construction; transportable buildings of metal; non-electric cables and wires of common metal; small items of metal hardware; metal containers for storage or transport; safes.",Sometimes,Some use this,12,0.16,75
25620,40,Treatment of materials; recycling of waste and trash; air purification and treatment of water; printing services; food and drink preservation.,Sometimes,A few have this,8,0.107,75
25620,20,"Furniture, mirrors, picture frames; containers, not of metal, for storage or transport; unworked or semi-worked bone, horn, whalebone or mother-of-pearl; shells; meerschaum; yellow amber.",Sometimes,A few have this,7,0.093,75
25620,35,"Advertising; business management, business administration and consultancy, office functions.",Sometimes,A few have this,6,0.08,75
25620,37,"Construction services; installation and repair services; mining extraction, oil and gas drilling.",Sometimes,A few have this,6,0.08,75
25620,42,"Scientific and technological services and research and design relating thereto; industrial analysis, industrial research and industrial design services; quality control and authentication services; design and development of computer hardware and software.",Sometimes,A few have this,6,0.08,75
25620,11,"Apparatus and installations for lighting, heating, cooling, steam generating, cooking, drying, ventilating, water supply and sanitary purposes.",Sometimes,A few have this,4,0.053,75
22290,19,"Materials, not of metal, for building and construction; rigid pipes, not of metal, for building; asphalt, pitch, tar and bitumen; transportable buildings, not of metal; monuments, not of metal.",Sometimes,Some use this,97,0.209,464
22290,20,"Furniture, mirrors, picture frames; containers, not of metal, for storage or transport; unworked or semi-worked bone, horn, whalebone or mother-of-pearl; shells; meerschaum; yellow amber.",Sometimes,Some use this,79,0.17,464
22290,9,"Scientific, research, navigation, surveying, photographic, cinematographic, audiovisual, optical, weighing, measuring, signalling, detecting, testing, inspecting, life-saving and teaching apparatus and instruments; apparatus and instruments for conducting, switching, transforming, accumulating, regulating or controlling the distribution or use of electricity; apparatus and instruments for recording, transmitting, reproducing or processing sound, images or data; recorded and downloadable media, computer software, blank digital or analogue recording and storage media; mechanisms for coin-operated apparatus; cash registers, calculating devices; computers and computer peripheral devices; diving suits, divers' masks, ear plugs for divers, nose clips for divers and swimmers, gloves for divers, breathing apparatus for underwater swimming; fire-extinguishing apparatus.",Sometimes,Some use this,74,0.159,464
22290,17,"Unprocessed and semi-processed rubber, gutta-percha, gum, asbestos, mica and substitutes for all these materials; plastics and resins in extruded form for use in manufacture; packing, stopping and insulating materials; flexible pipes, tubes and hoses, not of metal.",Sometimes,A few have this,68,0.147,464
22290,21,"Household or kitchen utensils and containers; cookware and tableware, except forks, knives and spoons; combs and sponges; brushes, except paintbrushes; brush-making materials; articles for cleaning purposes; unworked or semi-worked glass, except building glass; glassware, porcelain and earthenware.",Sometimes,A few have this,66,0.142,464
22290,40,Treatment of materials; recycling of waste and trash; air purification and treatment of water; printing services; food and drink preservation.,Sometimes,A few have this,57,0.123,464
22290,6,"Common metals and their alloys, ores; metal materials for building and construction; transportable buildings of metal; non-electric cables and wires of common metal; small items of metal hardware; metal containers for storage or transport; safes.",Sometimes,A few have this,54,0.116,464
22290,11,"Apparatus and installations for lighting, heating, cooling, steam generating, cooking, drying, ventilating, water supply and sanitary purposes.",Sometimes,A few have this,50,0.108,464
22290,7,"Machines, machine tools, power-operated tools; motors and engines, except for land vehicles; machine coupling and transmission components, except for land vehicles; agricultural implements, other than hand-operated hand tools; incubators for eggs; automatic vending machines.",Sometimes,A few have this,46,0.099,464
22290,35,"Advertising; business management, business administration and consultancy, office functions.",Sometimes,A few have this,45,0.097,464
22290,42,"Scientific and technological services and research and design relating thereto; industrial analysis, industrial research and industrial design services; quality control and authentication services; design and development of computer hardware and software.",Sometimes,A few have this,44,0.095,464
22290,37,"Construction services; installation and repair services; mining extraction, oil and gas drilling.",Sometimes,A few have this,38,0.082,464
22290,1,"Chemicals for use in industry, science and photography, as well as in agriculture, horticulture and forestry; unprocessed artificial resins, unprocessed plastics; fire extinguishing and fire prevention compositions; tempering and soldering preparations; substances for tanning animal skins and hides; adhesives for use in industry; putties and other paste fillers; compost, manures, fertilizers; biological preparations for use in industry and science.",Sometimes,A few have this,37,0.08,464
22290,16,"Paper and cardboard; printed matter; bookbinding material; photographs; stationery and office requisites, except furniture; adhesives for stationery or household purposes; drawing materials and materials for artists; paintbrushes; instructional and teaching materials; plastic sheets, films and bags for wrapping and packaging; printers' type, printing blocks.",Sometimes,A few have this,36,0.078,464
22290,28,"Games, toys and playthings; video game apparatus; gymnastic and sporting articles; decorations for Christmas trees.",Sometimes,A few have this,30,0.065,464
22290,12,"Vehicles; apparatus for locomotion by land, air or water.",Sometimes,A few have this,25,0.054,464
26200,9,"Scientific, research, navigation, surveying, photographic, cinematographic, audiovisual, optical, weighing, measuring, signalling, detecting, testing, inspecting, life-saving and teaching apparatus and instruments; apparatus and instruments for conducting, switching, transforming, accumulating, regulating or controlling the distribution or use of electricity; apparatus and instruments for recording, transmitting, reproducing or processing sound, images or data; recorded and downloadable media, computer software, blank digital or analogue recording and storage media; mechanisms for coin-operated apparatus; cash registers, calculating devices; computers and computer peripheral devices; diving suits, divers' masks, ear plugs for divers, nose clips for divers and swimmers, gloves for divers, breathing apparatus for underwater swimming; fire-extinguishing apparatus.",Always,All use this,128,0.901,142
26200,42,"Scientific and technological services and research and design relating thereto; industrial analysis, industrial research and industrial design services; quality control and authentication services; design and development of computer hardware and software.",Sometimes,Some use this,55,0.387,142
26200,28,"Games, toys and playthings; video game apparatus; gymnastic and sporting articles; decorations for Christmas trees.",Sometimes,A few have this,18,0.127,142
26200,35,"Advertising; business management, business administration and consultancy, office functions.",Sometimes,A few have this,17,0.12,142
26200,37,"Construction services; installation and repair services; mining extraction, oil and gas drilling.",Sometimes,A few have this,14,0.099,142
26200,41,Education; providing of training; entertainment; sporting and cultural activities.,Sometimes,A few have this,9,0.063,142
28990,9,"Scientific, research, navigation, surveying, photographic, cinematographic, audiovisual, optical, weighing, measuring, signalling, detecting, testing, inspecting, life-saving and teaching apparatus and instruments; apparatus and instruments for conducting, switching, transforming, accumulating, regulating or controlling the distribution or use of electricity; apparatus and instruments for recording, transmitting, reproducing or processing sound, images or data; recorded and downloadable media, computer software, blank digital or analogue recording and storage media; mechanisms for coin-operated apparatus; cash registers, calculating devices; computers and computer peripheral devices; diving suits, divers' masks, ear plugs for divers, nose clips for divers and swimmers, gloves for divers, breathing apparatus for underwater swimming; fire-extinguishing apparatus.",Sometimes,Some use this,151,0.456,331
28990,7,"Machines, machine tools, power-operated tools; motors and engines, except for land vehicles; machine coupling and transmission components, except for land vehicles; agricultural implements, other than hand-operated hand tools; incubators for eggs; automatic vending machines.",Sometimes,Some use this,141,0.426,331
28990,42,"Scientific and technological services and research and design relating thereto; industrial analysis, industrial research and industrial design services; quality control and authentication services; design and development of computer hardware and software.",Sometimes,Some use this,91,0.275,331
28990,37,"Construction services; installation and repair services; mining extraction, oil and gas drilling.",Sometimes,Some use this,79,0.239,331
28990,11,"Apparatus and installations for lighting, heating, cooling, steam generating, cooking, drying, ventilating, water supply and sanitary purposes.",Sometimes,Some use this,55,0.166,331
28990,40,Treatment of materials; recycling of waste and trash; air purification and treatment of water; printing services; food and drink preservation.,Sometimes,Some use this,54,0.163,331
28990,1,"Chemicals for use in industry, science and photography, as well as in agriculture, horticulture and forestry; unprocessed artificial resins, unprocessed plastics; fire extinguishing and fire prevention compositions; tempering and soldering preparations; substances for tanning animal skins and hides; adhesives for use in industry; putties and other paste fillers; compost, manures, fertilizers; biological preparations for use in industry and science.",Sometimes,A few have this,35,0.106,331
28990,12,"Vehicles; apparatus for locomotion by land, air or water.",Sometimes,A few have this,29,0.088,331
28990,41,Education; providing of training; entertainment; sporting and cultural activities.,Sometimes,A few have this,26,0.079,331
28990,35,"Advertising; business management, business administration and consultancy, office functions.",Sometimes,A few have this,25,0.076,331
28990,6,"Common metals and their alloys, ores; metal materials for building and construction; transportable buildings of metal; non-electric cables and wires of common metal; small items of metal hardware; metal containers for storage or transport; safes.",Sometimes,A few have this,17,0.051,331
25730,8,"Hand tools and hand-operated implements; cutlery; side arms, except firearms; razors.",Sometimes,Some use this,42,0.412,102
25730,7,"Machines, machine tools, power-operated tools; motors and engines, except for land vehicles; machine coupling and transmission components, except for land vehicles; agricultural implements, other than hand-operated hand tools; incubators for eggs; automatic vending machines.",Sometimes,Some use this,38,0.373,102
25730,9,"Scientific, research, navigation, surveying, photographic, cinematographic, audiovisual, optical, weighing, measuring, signalling, detecting, testing, inspecting, life-saving and teaching apparatus and instruments; apparatus and instruments for conducting, switching, transforming, accumulating, regulating or controlling the distribution or use of electricity; apparatus and instruments for recording, transmitting, reproducing or processing sound, images or data; recorded and downloadable media, computer software, blank digital or analogue recording and storage media; mechanisms for coin-operated apparatus; cash registers, calculating devices; computers and computer peripheral devices; diving suits, divers' masks, ear plugs for divers, nose clips for divers and swimmers, gloves for divers, breathing apparatus for underwater swimming; fire-extinguishing apparatus.",Sometimes,Some use this,18,0.176,102
25730,35,"Advertising; business management, business administration and consultancy, office functions.",Sometimes,A few have this,15,0.147,102
25730,20,"Furniture, mirrors, picture frames; containers, not of metal, for storage or transport; unworked or semi-worked bone, horn, whalebone or mother-of-pearl; shells; meerschaum; yellow amber.",Sometimes,A few have this,13,0.127,102
25730,21,"Household or kitchen utensils and containers; cookware and tableware, except forks, knives and spoons; combs and sponges; brushes, except paintbrushes; brush-making materials; articles for cleaning purposes; unworked or semi-worked glass, except building glass; glassware, porcelain and earthenware.",Sometimes,A few have this,8,0.078,102
25730,6,"Common metals and their alloys, ores; metal materials for building and construction; transportable buildings of metal; non-electric cables and wires of common metal; small items of metal hardware; metal containers for storage or transport; safes.",Sometimes,A few have this,7,0.069,102
25730,37,"Construction services; installation and repair services; mining extraction, oil and gas drilling.",Sometimes,A few have this,7,0.069,102
25730,3,"Non-medicated cosmetics and toiletry preparations; non-medicated dentifrices; perfumery, essential oils; bleaching preparations and other substances for laundry use; cleaning, polishing, scouring and abrasive preparations.",Sometimes,A few have this,6,0.059,102
26120,9,"Scientific, research, navigation, surveying, photographic, cinematographic, audiovisual, optical, weighing, measuring, signalling, detecting, testing, inspecting, life-saving and teaching apparatus and instruments; apparatus and instruments for conducting, switching, transforming, accumulating, regulating or controlling the distribution or use of electricity; apparatus and instruments for recording, transmitting, reproducing or processing sound, images or data; recorded and downloadable media, computer software, blank digital or analogue recording and storage media; mechanisms for coin-operated apparatus; cash registers, calculating devices; computers and computer peripheral devices; diving suits, divers' masks, ear plugs for divers, nose clips for divers and swimmers, gloves for divers, breathing apparatus for underwater swimming; fire-extinguishing apparatus.",Always,All use this,22,0.846,26
26120,35,"Advertising; business management, business administration and consultancy, office functions.",Sometimes,Some use this,9,0.346,26
26120,42,"Scientific and technological services and research and design relating thereto; industrial analysis, industrial research and industrial design services; quality control and authentication services; design and development of computer hardware and software.",Sometimes,Some use this,7,0.269,26
26120,37,"Construction services; installation and repair services; mining extraction, oil and gas drilling.",Sometimes,Some use this,6,0.231,26
26120,7,"Machines, machine tools, power-operated tools; motors and engines, except for land vehicles; machine coupling and transmission components, except for land vehicles; agricultural implements, other than hand-operated hand tools; incubators for eggs; automatic vending machines.",Sometimes,Some use this,5,0.192,26
26120,41,Education; providing of training; entertainment; sporting and cultural activities.,Sometimes,Some use this,4,0.154,26
26120,11,"Apparatus and installations for lighting, heating, cooling, steam generating, cooking, drying, ventilating, water supply and sanitary purposes.",Sometimes,A few have this,3,0.115,26
26120,16,"Paper and cardboard; printed matter; bookbinding material; photographs; stationery and office requisites, except furniture; adhesives for stationery or household purposes; drawing materials and materials for artists; paintbrushes; instructional and teaching materials; plastic sheets, films and bags for wrapping and packaging; printers' type, printing blocks.",Sometimes,A few have this,3,0.115,26
26120,17,"Unprocessed and semi-processed rubber, gutta-percha, gum, asbestos, mica and substitutes for all these materials; plastics and resins in extruded form for use in manufacture; packing, stopping and insulating materials; flexible pipes, tubes and hoses, not of metal.",Sometimes,A few have this,2,0.077,26
25990,6,"Common metals and their alloys, ores; metal materials for building and construction; transportable buildings of metal; non-electric cables and wires of common metal; small items of metal hardware; metal containers for storage or transport; safes.",Sometimes,Some use this,199,0.494,403
25990,37,"Construction services; installation and repair services; mining extraction, oil and gas drilling.",Sometimes,Some use this,79,0.196,403
25990,7,"Machines, machine tools, power-operated tools; motors and engines, except for land vehicles; machine coupling and transmission components, except for land vehicles; agricultural implements, other than hand-operated hand tools; incubators for eggs; automatic vending machines.",Sometimes,Some use this,74,0.184,403
25990,9,"Scientific, research, navigation, surveying, photographic, cinematographic, audiovisual, optical, weighing, measuring, signalling, detecting, testing, inspecting, life-saving and teaching apparatus and instruments; apparatus and instruments for conducting, switching, transforming, accumulating, regulating or controlling the distribution or use of electricity; apparatus and instruments for recording, transmitting, reproducing or processing sound, images or data; recorded and downloadable media, computer software, blank digital or analogue recording and storage media; mechanisms for coin-operated apparatus; cash registers, calculating devices; computers and computer peripheral devices; diving suits, divers' masks, ear plugs for divers, nose clips for divers and swimmers, gloves for divers, breathing apparatus for underwater swimming; fire-extinguishing apparatus.",Sometimes,Some use this,64,0.159,403
25990,20,"Furniture, mirrors, picture frames; containers, not of metal, for storage or transport; unworked or semi-worked bone, horn, whalebone or mother-of-pearl; shells; meerschaum; yellow amber.",Sometimes,A few have this,58,0.144,403
25990,11,"Apparatus and installations for lighting, heating, cooling, steam generating, cooking, drying, ventilating, water supply and sanitary purposes.",Sometimes,A few have this,58,0.144,403
25990,42,"Scientific and technological services and research and design relating thereto; industrial analysis, industrial research and industrial design services; quality control and authentication services; design and development of computer hardware and software.",Sometimes,A few have this,55,0.136,403
25990,19,"Materials, not of metal, for building and construction; rigid pipes, not of metal, for building; asphalt, pitch, tar and bitumen; transportable buildings, not of metal; monuments, not of metal.",Sometimes,A few have this,52,0.129,403
25990,40,Treatment of materials; recycling of waste and trash; air purification and treatment of water; printing services; food and drink preservation.,Sometimes,A few have this,44,0.109,403
25990,12,"Vehicles; apparatus for locomotion by land, air or water.",Sometimes,A few have this,39,0.097,403
25990,35,"Advertising; business management, business administration and consultancy, office functions.",Sometimes,A few have this,33,0.082,403
25990,17,"Unprocessed and semi-processed rubber, gutta-percha, gum, asbestos, mica and substitutes for all these materials; plastics and resins in extruded form for use in manufacture; packing, stopping and insulating materials; flexible pipes, tubes and hoses, not of metal.",Sometimes,A few have this,32,0.079,403
25990,21,"Household or kitchen utensils and containers; cookware and tableware, except forks, knives and spoons; combs and sponges; brushes, except paintbrushes; brush-making materials; articles for cleaning purposes; unworked or semi-worked glass, except building glass; glassware, porcelain and earthenware.",Sometimes,A few have this,25,0.062,403
27900,9,"Scientific, research, navigation, surveying, photographic, cinematographic, audiovisual, optical, weighing, measuring, signalling, detecting, testing, inspecting, life-saving and teaching apparatus and instruments; apparatus and instruments for conducting, switching, transforming, accumulating, regulating or controlling the distribution or use of electricity; apparatus and instruments for recording, transmitting, reproducing or processing sound, images or data; recorded and downloadable media, computer software, blank digital or analogue recording and storage media; mechanisms for coin-operated apparatus; cash registers, calculating devices; computers and computer peripheral devices; diving suits, divers' masks, ear plugs for divers, nose clips for divers and swimmers, gloves for divers, breathing apparatus for underwater swimming; fire-extinguishing apparatus.",Always,Most use this,265,0.73,363
27900,42,"Scientific and technological services and research and design relating thereto; industrial analysis, industrial research and industrial design services; quality control and authentication services; design and development of computer hardware and software.",Sometimes,Some use this,82,0.226,363
27900,11,"Apparatus and installations for lighting, heating, cooling, steam generating, cooking, drying, ventilating, water supply and sanitary purposes.",Sometimes,Some use this,70,0.193,363
27900,7,"Machines, machine tools, power-operated tools; motors and engines, except for land vehicles; machine coupling and transmission components, except for land vehicles; agricultural implements, other than hand-operated hand tools; incubators for eggs; automatic vending machines.",Sometimes,Some use this,66,0.182,363
27900,37,"Construction services; installation and repair services; mining extraction, oil and gas drilling.",Sometimes,Some use this,58,0.16,363
27900,35,"Advertising; business management, business administration and consultancy, office functions.",Sometimes,A few have this,41,0.113,363
27900,12,"Vehicles; apparatus for locomotion by land, air or water.",Sometimes,A few have this,23,0.063,363
27900,40,Treatment of materials; recycling of waste and trash; air purification and treatment of water; printing services; food and drink preservation.,Sometimes,A few have this,21,0.058,363
29100,12,"Vehicles; apparatus for locomotion by land, air or water.",Always,All use this,110,0.786,140
29100,9,"Scientific, research, navigation, surveying, photographic, cinematographic, audiovisual, optical, weighing, measuring, signalling, detecting, testing, inspecting, life-saving and teaching apparatus and instruments; apparatus and instruments for conducting, switching, transforming, accumulating, regulating or controlling the distribution or use of electricity; apparatus and instruments for recording, transmitting, reproducing or processing sound, images or data; recorded and downloadable media, computer software, blank digital or analogue recording and storage media; mechanisms for coin-operated apparatus; cash registers, calculating devices; computers and computer peripheral devices; diving suits, divers' masks, ear plugs for divers, nose clips for divers and swimmers, gloves for divers, breathing apparatus for underwater swimming; fire-extinguishing apparatus.",Sometimes,Some use this,43,0.307,140
29100,42,"Scientific and technological services and research and design relating thereto; industrial analysis, industrial research and industrial design services; quality control and authentication services; design and development of computer hardware and software.",Sometimes,Some use this,39,0.279,140
29100,37,"Construction services; installation and repair services; mining extraction, oil and gas drilling.",Sometimes,Some use this,31,0.221,140
29100,28,"Games, toys and playthings; video game apparatus; gymnastic and sporting articles; decorations for Christmas trees.",Sometimes,Some use this,30,0.214,140
29100,25,"Clothing, footwear, headwear.",Sometimes,Some use this,23,0.164,140
29100,7,"Machines, machine tools, power-operated tools; motors and engines, except for land vehicles; machine coupling and transmission components, except for land vehicles; agricultural implements, other than hand-operated hand tools; incubators for eggs; automatic vending machines.",Sometimes,Some use this,21,0.15,140
29100,35,"Advertising; business management, business administration and consultancy, office functions.",Sometimes,A few have this,20,0.143,140
29100,18,"Leather and imitations of leather; animal skins and hides; luggage and carrying bags; umbrellas and parasols; walking sticks; whips, harness and saddlery; collars, leashes and clothing for animals.",Sometimes,A few have this,14,0.1,140
29100,14,"Precious metals and their alloys; jewellery, precious and semi-precious stones; horological and chronometric instruments.",Sometimes,A few have this,14,0.1,140
29100,11,"Apparatus and installations for lighting, heating, cooling, steam generating, cooking, drying, ventilating, water supply and sanitary purposes.",Sometimes,A few have this,13,0.093,140
29100,41,Education; providing of training; entertainment; sporting and cultural activities.,Sometimes,A few have this,12,0.086,140
29100,40,Treatment of materials; recycling of waste and trash; air purification and treatment of water; printing services; food and drink preservation.,Sometimes,A few have this,12,0.086,140
29100,6,"Common metals and their alloys, ores; metal materials for building and construction; transportable buildings of metal; non-electric cables and wires of common metal; small items of metal hardware; metal containers for storage or transport; safes.",Sometimes,A few have this,12,0.086,140
29100,39,Transport; packaging and storage of goods; travel arrangement.,Sometimes,A few have this,11,0.079,140
29100,16,"Paper and cardboard; printed matter; bookbinding material; photographs; stationery and office requisites, except furniture; adhesives for stationery or household purposes; drawing materials and materials for artists; paintbrushes; instructional and teaching materials; plastic sheets, films and bags for wrapping and packaging; printers' type, printing blocks.",Sometimes,A few have this,11,0.079,140
29100,36,"Financial, monetary and banking services; insurance services; real estate affairs.",Sometimes,A few have this,11,0.079,140
29100,21,"Household or kitchen utensils and containers; cookware and tableware, except forks, knives and spoons; combs and sponges; brushes, except paintbrushes; brush-making materials; articles for cleaning purposes; unworked or semi-worked glass, except building glass; glassware, porcelain and earthenware.",Sometimes,A few have this,10,0.071,140
29100,27,"Carpets, rugs, mats and matting, linoleum and other materials for covering existing floors; wall hangings, not of textile.",Sometimes,A few have this,9,0.064,140
29100,43,Services for providing food and drink; temporary accommodation.,Sometimes,A few have this,7,0.05,140
29100,24,Textiles and substitutes for textiles; household linen; curtains of textile or plastic.,Sometimes,A few have this,7,0.05,140
29100,20,"Furniture, mirrors, picture frames; containers, not of metal, for storage or transport; unworked or semi-worked bone, horn, whalebone or mother-of-pearl; shells; meerschaum; yellow amber.",Sometimes,A few have this,7,0.05,140
30920,12,"Vehicles; apparatus for locomotion by land, air or water.",Always,All use this,45,0.9,50
30920,35,"Advertising; business management, business administration and consultancy, office functions.",Sometimes,Some use this,23,0.46,50
30920,25,"Clothing, footwear, headwear.",Sometimes,Some use this,11,0.22,50
30920,9,"Scientific, research, navigation, surveying, photographic, cinematographic, audiovisual, optical, weighing, measuring, signalling, detecting, testing, inspecting, life-saving and teaching apparatus and instruments; apparatus and instruments for conducting, switching, transforming, accumulating, regulating or controlling the distribution or use of electricity; apparatus and instruments for recording, transmitting, reproducing or processing sound, images or data; recorded and downloadable media, computer software, blank digital or analogue recording and storage media; mechanisms for coin-operated apparatus; cash registers, calculating devices; computers and computer peripheral devices; diving suits, divers' masks, ear plugs for divers, nose clips for divers and swimmers, gloves for divers, breathing apparatus for underwater swimming; fire-extinguishing apparatus.",Sometimes,Some use this,9,0.18,50
30920,40,Treatment of materials; recycling of waste and trash; air purification and treatment of water; printing services; food and drink preservation.,Sometimes,A few have this,6,0.12,50
30920,42,"Scientific and technological services and research and design relating thereto; industrial analysis, industrial research and industrial design services; quality control and authentication services; design and development of computer hardware and software.",Sometimes,A few have this,6,0.12,50
30920,18,"Leather and imitations of leather; animal skins and hides; luggage and carrying bags; umbrellas and parasols; walking sticks; whips, harness and saddlery; collars, leashes and clothing for animals.",Sometimes,A few have this,3,0.06,50
30920,41,Education; providing of training; entertainment; sporting and cultural activities.,Sometimes,A few have this,3,0.06,50
30920,36,"Financial, monetary and banking services; insurance services; real estate affairs.",Sometimes,A few have this,3,0.06,50
31090,20,"Furniture, mirrors, picture frames; containers, not of metal, for storage or transport; unworked or semi-worked bone, horn, whalebone or mother-of-pearl; shells; meerschaum; yellow amber.",Always,All use this,272,0.798,341
31090,35,"Advertising; business management, business administration and consultancy, office functions.",Sometimes,Some use this,58,0.17,341
31090,42,"Scientific and technological services and research and design relating thereto; industrial analysis, industrial research and industrial design services; quality control and authentication services; design and development of computer hardware and software.",Sometimes,A few have this,51,0.15,341
31090,19,"Materials, not of metal, for building and construction; rigid pipes, not of metal, for building; asphalt, pitch, tar and bitumen; transportable buildings, not of metal; monuments, not of metal.",Sometimes,A few have this,38,0.111,341
31090,37,"Construction services; installation and repair services; mining extraction, oil and gas drilling.",Sometimes,A few have this,38,0.111,341
31090,6,"Common metals and their alloys, ores; metal materials for building and construction; transportable buildings of metal; non-electric cables and wires of common metal; small items of metal hardware; metal containers for storage or transport; safes.",Sometimes,A few have this,34,0.1,341
31090,21,"Household or kitchen utensils and containers; cookware and tableware, except forks, knives and spoons; combs and sponges; brushes, except paintbrushes; brush-making materials; articles for cleaning purposes; unworked or semi-worked glass, except building glass; glassware, porcelain and earthenware.",Sometimes,A few have this,28,0.082,341
31090,24,Textiles and substitutes for textiles; household linen; curtains of textile or plastic.,Sometimes,A few have this,28,0.082,341
31090,11,"Apparatus and installations for lighting, heating, cooling, steam generating, cooking, drying, ventilating, water supply and sanitary purposes.",Sometimes,A few have this,24,0.07,341
32120,14,"Precious metals and their alloys; jewellery, precious and semi-precious stones; horological and chronometric instruments.",Always,All use this,260,0.875,297
32120,35,"Advertising; business management, business administration and consultancy, office functions.",Sometimes,Some use this,94,0.316,297
32120,42,"Scientific and technological services and research and design relating thereto; industrial analysis, industrial research and industrial design services; quality control and authentication services; design and development of computer hardware and software.",Sometimes,Some use this,49,0.165,297
32120,25,"Clothing, footwear, headwear.",Sometimes,A few have this,43,0.145,297
32120,18,"Leather and imitations of leather; animal skins and hides; luggage and carrying bags; umbrellas and parasols; walking sticks; whips, harness and saddlery; collars, leashes and clothing for animals.",Sometimes,A few have this,26,0.088,297
32120,37,"Construction services; installation and repair services; mining extraction, oil and gas drilling.",Sometimes,A few have this,26,0.088,297
32120,3,"Non-medicated cosmetics and toiletry preparations; non-medicated dentifrices; perfumery, essential oils; bleaching preparations and other substances for laundry use; cleaning, polishing, scouring and abrasive preparations.",Sometimes,A few have this,23,0.077,297
32120,21,"Household or kitchen utensils and containers; cookware and tableware, except forks, knives and spoons; combs and sponges; brushes, except paintbrushes; brush-making materials; articles for cleaning purposes; unworked or semi-worked glass, except building glass; glassware, porcelain and earthenware.",Sometimes,A few have this,15,0.051,297
32120,40,Treatment of materials; recycling of waste and trash; air purification and treatment of water; printing services; food and drink preservation.,Sometimes,A few have this,15,0.051,297
32130,14,"Precious metals and their alloys; jewellery, precious and semi-precious stones; horological and chronometric instruments.",Always,All use this,32,0.865,37
32130,35,"Advertising; business management, business administration and consultancy, office functions.",Sometimes,Some use this,12,0.324,37
32130,25,"Clothing, footwear, headwear.",Sometimes,A few have this,5,0.135,37
32130,16,"Paper and cardboard; printed matter; bookbinding material; photographs; stationery and office requisites, except furniture; adhesives for stationery or household purposes; drawing materials and materials for artists; paintbrushes; instructional and teaching materials; plastic sheets, films and bags for wrapping and packaging; printers' type, printing blocks.",Sometimes,A few have this,4,0.108,37
32130,26,"Lace, braid and embroidery, and haberdashery ribbons and bows; buttons, hooks and eyes, pins and needles; artificial flowers; hair decorations; false hair.",Sometimes,A few have this,3,0.081,37
32130,3,"Non-medicated cosmetics and toiletry preparations; non-medicated dentifrices; perfumery, essential oils; bleaching preparations and other substances for laundry use; cleaning, polishing, scouring and abrasive preparations.",Sometimes,A few have this,2,0.054,37
32130,18,"Leather and imitations of leather; animal skins and hides; luggage and carrying bags; umbrellas and parasols; walking sticks; whips, harness and saddlery; collars, leashes and clothing for animals.",Sometimes,A few have this,2,0.054,37
32130,20,"Furniture, mirrors, picture frames; containers, not of metal, for storage or transport; unworked or semi-worked bone, horn, whalebone or mother-of-pearl; shells; meerschaum; yellow amber.",Sometimes,A few have this,2,0.054,37
32130,21,"Household or kitchen utensils and containers; cookware and tableware, except forks, knives and spoons; combs and sponges; brushes, except paintbrushes; brush-making materials; articles for cleaning purposes; unworked or semi-worked glass, except building glass; glassware, porcelain and earthenware.",Sometimes,A few have this,2,0.054,37
32130,41,Education; providing of training; entertainment; sporting and cultural activities.,Sometimes,A few have this,2,0.054,37
32300,28,"Games, toys and playthings; video game apparatus; gymnastic and sporting articles; decorations for Christmas trees.",Always,Most use this,265,0.516,514
32300,25,"Clothing, footwear, headwear.",Sometimes,Some use this,240,0.467,514
32300,18,"Leather and imitations of leather; animal skins and hides; luggage and carrying bags; umbrellas and parasols; walking sticks; whips, harness and saddlery; collars, leashes and clothing for animals.",Sometimes,Some use this,90,0.175,514
32300,35,"Advertising; business management, business administration and consultancy, office functions.",Sometimes,Some use this,79,0.154,514
32300,9,"Scientific, research, navigation, surveying, photographic, cinematographic, audiovisual, optical, weighing, measuring, signalling, detecting, testing, inspecting, life-saving and teaching apparatus and instruments; apparatus and instruments for conducting, switching, transforming, accumulating, regulating or controlling the distribution or use of electricity; apparatus and instruments for recording, transmitting, reproducing or processing sound, images or data; recorded and downloadable media, computer software, blank digital or analogue recording and storage media; mechanisms for coin-operated apparatus; cash registers, calculating devices; computers and computer peripheral devices; diving suits, divers' masks, ear plugs for divers, nose clips for divers and swimmers, gloves for divers, breathing apparatus for underwater swimming; fire-extinguishing apparatus.",Sometimes,A few have this,75,0.146,514
32300,41,Education; providing of training; entertainment; sporting and cultural activities.,Sometimes,A few have this,49,0.095,514
32300,12,"Vehicles; apparatus for locomotion by land, air or water.",Sometimes,A few have this,48,0.093,514
32300,42,"Scientific and technological services and research and design relating thereto; industrial analysis, industrial research and industrial design services; quality control and authentication services; design and development of computer hardware and software.",Sometimes,A few have this,28,0.054,514
32300,21,"Household or kitchen utensils and containers; cookware and tableware, except forks, knives and spoons; combs and sponges; brushes, except paintbrushes; brush-making materials; articles for cleaning purposes; unworked or semi-worked glass, except building glass; glassware, porcelain and earthenware.",Sometimes,A few have this,26,0.051,514
32300,5,"Pharmaceuticals, medical and veterinary preparations; sanitary preparations for medical purposes; dietetic food and substances adapted for medical or veterinary use, food for babies; dietary supplements for human beings and animals; plasters, materials for dressings; material for stopping teeth, dental wax; disinfectants; preparations for destroying vermin; fungicides, herbicides.",Sometimes,A few have this,26,0.051,514
36000,11,"Apparatus and installations for lighting, heating, cooling, steam generating, cooking, drying, ventilating, water supply and sanitary purposes.",Sometimes,Some use this,38,0.487,78
36000,42,"Scientific and technological services and research and design relating thereto; industrial analysis, industrial research and industrial design services; quality control and authentication services; design and development of computer hardware and software.",Sometimes,Some use this,26,0.333,78
36000,40,Treatment of materials; recycling of waste and trash; air purification and treatment of water; printing services; food and drink preservation.,Sometimes,Some use this,23,0.295,78
36000,37,"Construction services; installation and repair services; mining extraction, oil and gas drilling.",Sometimes,Some use this,21,0.269,78
36000,9,"Scientific, research, navigation, surveying, photographic, cinematographic, audiovisual, optical, weighing, measuring, signalling, detecting, testing, inspecting, life-saving and teaching apparatus and instruments; apparatus and instruments for conducting, switching, transforming, accumulating, regulating or controlling the distribution or use of electricity; apparatus and instruments for recording, transmitting, reproducing or processing sound, images or data; recorded and downloadable media, computer software, blank digital or analogue recording and storage media; mechanisms for coin-operated apparatus; cash registers, calculating devices; computers and computer peripheral devices; diving suits, divers' masks, ear plugs for divers, nose clips for divers and swimmers, gloves for divers, breathing apparatus for underwater swimming; fire-extinguishing apparatus.",Sometimes,Some use this,19,0.244,78
36000,1,"Chemicals for use in industry, science and photography, as well as in agriculture, horticulture and forestry; unprocessed artificial resins, unprocessed plastics; fire extinguishing and fire prevention compositions; tempering and soldering preparations; substances for tanning animal skins and hides; adhesives for use in industry; putties and other paste fillers; compost, manures, fertilizers; biological preparations for use in industry and science.",Sometimes,Some use this,15,0.192,78
36000,35,"Advertising; business management, business administration and consultancy, office functions.",Sometimes,Some use this,12,0.154,78
36000,39,Transport; packaging and storage of goods; travel arrangement.,Sometimes,A few have this,11,0.141,78
36000,41,Education; providing of training; entertainment; sporting and cultural activities.,Sometimes,A few have this,9,0.115,78
36000,7,"Machines, machine tools, power-operated tools; motors and engines, except for land vehicles; machine coupling and transmission components, except for land vehicles; agricultural implements, other than hand-operated hand tools; incubators for eggs; automatic vending machines.",Sometimes,A few have this,7,0.09,78
36000,32,Beers; non-alcoholic beverages; mineral and aerated waters; fruit beverages and fruit juices; syrups and other non-alcoholic preparations for making beverages.,Sometimes,A few have this,7,0.09,78
36000,5,"Pharmaceuticals, medical and veterinary preparations; sanitary preparations for medical purposes; dietetic food and substances adapted for medical or veterinary use, food for babies; dietary supplements for human beings and animals; plasters, materials for dressings; material for stopping teeth, dental wax; disinfectants; preparations for destroying vermin; fungicides, herbicides.",Sometimes,A few have this,4,0.051,78
36000,43,Services for providing food and drink; temporary accommodation.,Sometimes,A few have this,4,0.051,78
38320,40,Treatment of materials; recycling of waste and trash; air purification and treatment of water; printing services; food and drink preservation.,Always,Most use this,55,0.585,94
38320,19,"Materials, not of metal, for building and construction; rigid pipes, not of metal, for building; asphalt, pitch, tar and bitumen; transportable buildings, not of metal; monuments, not of metal.",Sometimes,Some use this,31,0.33,94
38320,35,"Advertising; business management, business administration and consultancy, office functions.",Sometimes,Some use this,28,0.298,94
38320,42,"Scientific and technological services and research and design relating thereto; industrial analysis, industrial research and industrial design services; quality control and authentication services; design and development of computer hardware and software.",Sometimes,Some use this,27,0.287,94
38320,1,"Chemicals for use in industry, science and photography, as well as in agriculture, horticulture and forestry; unprocessed artificial resins, unprocessed plastics; fire extinguishing and fire prevention compositions; tempering and soldering preparations; substances for tanning animal skins and hides; adhesives for use in industry; putties and other paste fillers; compost, manures, fertilizers; biological preparations for use in industry and science.",Sometimes,Some use this,24,0.255,94
38320,37,"Construction services; installation and repair services; mining extraction, oil and gas drilling.",Sometimes,Some use this,21,0.223,94
38320,39,Transport; packaging and storage of goods; travel arrangement.,Sometimes,Some use this,20,0.213,94
38320,6,"Common metals and their alloys, ores; metal materials for building and construction; transportable buildings of metal; non-electric cables and wires of common metal; small items of metal hardware; metal containers for storage or transport; safes.",Sometimes,Some use this,17,0.181,94
38320,4,"Industrial oils and greases, wax; lubricants; dust absorbing, wetting and binding compositions; fuels and illuminants; candles and wicks for lighting.",Sometimes,A few have this,14,0.149,94
38320,9,"Scientific, research, navigation, surveying, photographic, cinematographic, audiovisual, optical, weighing, measuring, signalling, detecting, testing, inspecting, life-saving and teaching apparatus and instruments; apparatus and instruments for conducting, switching, transforming, accumulating, regulating or controlling the distribution or use of electricity; apparatus and instruments for recording, transmitting, reproducing or processing sound, images or data; recorded and downloadable media, computer software, blank digital or analogue recording and storage media; mechanisms for coin-operated apparatus; cash registers, calculating devices; computers and computer peripheral devices; diving suits, divers' masks, ear plugs for divers, nose clips for divers and swimmers, gloves for divers, breathing apparatus for underwater swimming; fire-extinguishing apparatus.",Sometimes,A few have this,11,0.117,94
38320,17,"Unprocessed and semi-processed rubber, gutta-percha, gum, asbestos, mica and substitutes for all these materials; plastics and resins in extruded form for use in manufacture; packing, stopping and insulating materials; flexible pipes, tubes and hoses, not of metal.",Sometimes,A few have this,11,0.117,94
38320,7,"Machines, machine tools, power-operated tools; motors and engines, except for land vehicles; machine coupling and transmission components, except for land vehicles; agricultural implements, other than hand-operated hand tools; incubators for eggs; automatic vending machines.",Sometimes,A few have this,9,0.096,94
38320,36,"Financial, monetary and banking services; insurance services; real estate affairs.",Sometimes,A few have this,7,0.074,94
38320,16,"Paper and cardboard; printed matter; bookbinding material; photographs; stationery and office requisites, except furniture; adhesives for stationery or household purposes; drawing materials and materials for artists; paintbrushes; instructional and teaching materials; plastic sheets, films and bags for wrapping and packaging; printers' type, printing blocks.",Sometimes,A few have this,7,0.074,94
38320,20,"Furniture, mirrors, picture frames; containers, not of metal, for storage or transport; unworked or semi-worked bone, horn, whalebone or mother-of-pearl; shells; meerschaum; yellow amber.",Sometimes,A few have this,7,0.074,94
38320,45,Legal services; security services for the physical protection of tangible property and individuals; dating services; online social networking services; funeral services; babysitting.,Sometimes,A few have this,6,0.064,94
38320,3,"Non-medicated cosmetics and toiletry preparations; non-medicated dentifrices; perfumery, essential oils; bleaching preparations and other substances for laundry use; cleaning, polishing, scouring and abrasive preparations.",Sometimes,A few have this,6,0.064,94
38320,41,Education; providing of training; entertainment; sporting and cultural activities.,Sometimes,A few have this,5,0.053,94
35140,35,"Advertising; business management, business administration and consultancy, office functions.",Always,Most use this,54,0.581,93
35140,42,"Scientific and technological services and research and design relating thereto; industrial analysis, industrial research and industrial design services; quality control and authentication services; design and development of computer hardware and software.",Sometimes,Some use this,45,0.484,93
35140,9,"Scientific, research, navigation, surveying, photographic, cinematographic, audiovisual, optical, weighing, measuring, signalling, detecting, testing, inspecting, life-saving and teaching apparatus and instruments; apparatus and instruments for conducting, switching, transforming, accumulating, regulating or controlling the distribution or use of electricity; apparatus and instruments for recording, transmitting, reproducing or processing sound, images or data; recorded and downloadable media, computer software, blank digital or analogue recording and storage media; mechanisms for coin-operated apparatus; cash registers, calculating devices; computers and computer peripheral devices; diving suits, divers' masks, ear plugs for divers, nose clips for divers and swimmers, gloves for divers, breathing apparatus for underwater swimming; fire-extinguishing apparatus.",Sometimes,Some use this,43,0.462,93
35140,36,"Financial, monetary and banking services; insurance services; real estate affairs.",Sometimes,Some use this,36,0.387,93
35140,39,Transport; packaging and storage of goods; travel arrangement.,Sometimes,Some use this,33,0.355,93
35140,37,"Construction services; installation and repair services; mining extraction, oil and gas drilling.",Sometimes,Some use this,30,0.323,93
35140,4,"Industrial oils and greases, wax; lubricants; dust absorbing, wetting and binding compositions; fuels and illuminants; candles and wicks for lighting.",Sometimes,Some use this,26,0.28,93
35140,40,Treatment of materials; recycling of waste and trash; air purification and treatment of water; printing services; food and drink preservation.,Sometimes,Some use this,26,0.28,93
35140,11,"Apparatus and installations for lighting, heating, cooling, steam generating, cooking, drying, ventilating, water supply and sanitary purposes.",Sometimes,A few have this,12,0.129,93
35140,7,"Machines, machine tools, power-operated tools; motors and engines, except for land vehicles; machine coupling and transmission components, except for land vehicles; agricultural implements, other than hand-operated hand tools; incubators for eggs; automatic vending machines.",Sometimes,A few have this,9,0.097,93
35140,1,"Chemicals for use in industry, science and photography, as well as in agriculture, horticulture and forestry; unprocessed artificial resins, unprocessed plastics; fire extinguishing and fire prevention compositions; tempering and soldering preparations; substances for tanning animal skins and hides; adhesives for use in industry; putties and other paste fillers; compost, manures, fertilizers; biological preparations for use in industry and science.",Sometimes,A few have this,6,0.065,93
43220,37,"Construction services; installation and repair services; mining extraction, oil and gas drilling.",Always,Most use this,236,0.656,360
43220,11,"Apparatus and installations for lighting, heating, cooling, steam generating, cooking, drying, ventilating, water supply and sanitary purposes.",Sometimes,Some use this,148,0.411,360
43220,42,"Scientific and technological services and research and design relating thereto; industrial analysis, industrial research and industrial design services; quality control and authentication services; design and development of computer hardware and software.",Sometimes,Some use this,82,0.228,360
43220,9,"Scientific, research, navigation, surveying, photographic, cinematographic, audiovisual, optical, weighing, measuring, signalling, detecting, testing, inspecting, life-saving and teaching apparatus and instruments; apparatus and instruments for conducting, switching, transforming, accumulating, regulating or controlling the distribution or use of electricity; apparatus and instruments for recording, transmitting, reproducing or processing sound, images or data; recorded and downloadable media, computer software, blank digital or analogue recording and storage media; mechanisms for coin-operated apparatus; cash registers, calculating devices; computers and computer peripheral devices; diving suits, divers' masks, ear plugs for divers, nose clips for divers and swimmers, gloves for divers, breathing apparatus for underwater swimming; fire-extinguishing apparatus.",Sometimes,Some use this,70,0.194,360
43220,35,"Advertising; business management, business administration and consultancy, office functions.",Sometimes,Some use this,56,0.156,360
43220,20,"Furniture, mirrors, picture frames; containers, not of metal, for storage or transport; unworked or semi-worked bone, horn, whalebone or mother-of-pearl; shells; meerschaum; yellow amber.",Sometimes,A few have this,19,0.053,360
43220,40,Treatment of materials; recycling of waste and trash; air purification and treatment of water; printing services; food and drink preservation.,Sometimes,A few have this,19,0.053,360
43220,41,Education; providing of training; entertainment; sporting and cultural activities.,Sometimes,A few have this,18,0.05,360
43220,19,"Materials, not of metal, for building and construction; rigid pipes, not of metal, for building; asphalt, pitch, tar and bitumen; transportable buildings, not of metal; monuments, not of metal.",Sometimes,A few have this,18,0.05,360
43220,7,"Machines, machine tools, power-operated tools; motors and engines, except for land vehicles; machine coupling and transmission components, except for land vehicles; agricultural implements, other than hand-operated hand tools; incubators for eggs; automatic vending machines.",Sometimes,A few have this,18,0.05,360
43320,37,"Construction services; installation and repair services; mining extraction, oil and gas drilling.",Always,Most use this,74,0.692,107
43320,20,"Furniture, mirrors, picture frames; containers, not of metal, for storage or transport; unworked or semi-worked bone, horn, whalebone or mother-of-pearl; shells; meerschaum; yellow amber.",Sometimes,Some use this,37,0.346,107
43320,19,"Materials, not of metal, for building and construction; rigid pipes, not of metal, for building; asphalt, pitch, tar and bitumen; transportable buildings, not of metal; monuments, not of metal.",Sometimes,Some use this,31,0.29,107
43320,42,"Scientific and technological services and research and design relating thereto; industrial analysis, industrial research and industrial design services; quality control and authentication services; design and development of computer hardware and software.",Sometimes,Some use this,20,0.187,107
43320,40,Treatment of materials; recycling of waste and trash; air purification and treatment of water; printing services; food and drink preservation.,Sometimes,Some use this,19,0.178,107
43320,6,"Common metals and their alloys, ores; metal materials for building and construction; transportable buildings of metal; non-electric cables and wires of common metal; small items of metal hardware; metal containers for storage or transport; safes.",Sometimes,Some use this,17,0.159,107
43320,35,"Advertising; business management, business administration and consultancy, office functions.",Sometimes,A few have this,10,0.093,107
43320,41,Education; providing of training; entertainment; sporting and cultural activities.,Sometimes,A few have this,7,0.065,107
43320,11,"Apparatus and installations for lighting, heating, cooling, steam generating, cooking, drying, ventilating, water supply and sanitary purposes.",Sometimes,A few have this,6,0.056,107
32500,10,"Surgical, medical, dental and veterinary apparatus and instruments; artificial limbs, eyes and teeth; orthopaedic articles; suture materials; therapeutic and assistive devices adapted for persons with disabilities; massage apparatus; apparatus, devices and articles for nursing infants; sexual activity apparatus, devices and articles.",Always,Most use this,320,0.656,488
32500,9,"Scientific, research, navigation, surveying, photographic, cinematographic, audiovisual, optical, weighing, measuring, signalling, detecting, testing, inspecting, life-saving and teaching apparatus and instruments; apparatus and instruments for conducting, switching, transforming, accumulating, regulating or controlling the distribution or use of electricity; apparatus and instruments for recording, transmitting, reproducing or processing sound, images or data; recorded and downloadable media, computer software, blank digital or analogue recording and storage media; mechanisms for coin-operated apparatus; cash registers, calculating devices; computers and computer peripheral devices; diving suits, divers' masks, ear plugs for divers, nose clips for divers and swimmers, gloves for divers, breathing apparatus for underwater swimming; fire-extinguishing apparatus.",Sometimes,Some use this,141,0.289,488
32500,5,"Pharmaceuticals, medical and veterinary preparations; sanitary preparations for medical purposes; dietetic food and substances adapted for medical or veterinary use, food for babies; dietary supplements for human beings and animals; plasters, materials for dressings; material for stopping teeth, dental wax; disinfectants; preparations for destroying vermin; fungicides, herbicides.",Sometimes,Some use this,108,0.221,488
32500,44,"Medical services; veterinary services; hygienic and beauty care for human beings or animals; agriculture, aquaculture, horticulture and forestry services.",Sometimes,Some use this,95,0.195,488
32500,42,"Scientific and technological services and research and design relating thereto; industrial analysis, industrial research and industrial design services; quality control and authentication services; design and development of computer hardware and software.",Sometimes,A few have this,69,0.141,488
32500,35,"Advertising; business management, business administration and consultancy, office functions.",Sometimes,A few have this,66,0.135,488
32500,3,"Non-medicated cosmetics and toiletry preparations; non-medicated dentifrices; perfumery, essential oils; bleaching preparations and other substances for laundry use; cleaning, polishing, scouring and abrasive preparations.",Sometimes,A few have this,41,0.084,488
32500,41,Education; providing of training; entertainment; sporting and cultural activities.,Sometimes,A few have this,36,0.074,488
32500,12,"Vehicles; apparatus for locomotion by land, air or water.",Sometimes,A few have this,31,0.064,488
43341,37,"Construction services; installation and repair services; mining extraction, oil and gas drilling.",Sometimes,Some use this,47,0.385,122
43341,25,"Clothing, footwear, headwear.",Sometimes,A few have this,12,0.098,122
43341,35,"Advertising; business management, business administration and consultancy, office functions.",Sometimes,A few have this,9,0.074,122
43341,9,"Scientific, research, navigation, surveying, photographic, cinematographic, audiovisual, optical, weighing, measuring, signalling, detecting, testing, inspecting, life-saving and teaching apparatus and instruments; apparatus and instruments for conducting, switching, transforming, accumulating, regulating or controlling the distribution or use of electricity; apparatus and instruments for recording, transmitting, reproducing or processing sound, images or data; recorded and downloadable media, computer software, blank digital or analogue recording and storage media; mechanisms for coin-operated apparatus; cash registers, calculating devices; computers and computer peripheral devices; diving suits, divers' masks, ear plugs for divers, nose clips for divers and swimmers, gloves for divers, breathing apparatus for underwater swimming; fire-extinguishing apparatus.",Sometimes,A few have this,9,0.074,122
43341,7,"Machines, machine tools, power-operated tools; motors and engines, except for land vehicles; machine coupling and transmission components, except for land vehicles; agricultural implements, other than hand-operated hand tools; incubators for eggs; automatic vending machines.",Sometimes,A few have this,8,0.066,122
43341,28,"Games, toys and playthings; video game apparatus; gymnastic and sporting articles; decorations for Christmas trees.",Sometimes,A few have this,8,0.066,122
43341,42,"Scientific and technological services and research and design relating thereto; industrial analysis, industrial research and industrial design services; quality control and authentication services; design and development of computer hardware and software.",Sometimes,A few have this,8,0.066,122
43341,21,"Household or kitchen utensils and containers; cookware and tableware, except forks, knives and spoons; combs and sponges; brushes, except paintbrushes; brush-making materials; articles for cleaning purposes; unworked or semi-worked glass, except building glass; glassware, porcelain and earthenware.",Sometimes,A few have this,7,0.057,122
43341,2,"Paints, varnishes, lacquers; preservatives against rust and against deterioration of wood; colorants, dyes; inks for printing, marking and engraving; raw natural resins; metals in foil and powder form for use in painting, decorating, printing and art.",Sometimes,A few have this,7,0.057,122
35110,37,"Construction services; installation and repair services; mining extraction, oil and gas drilling.",Always,Most use this,70,0.609,115
35110,40,Treatment of materials; recycling of waste and trash; air purification and treatment of water; printing services; food and drink preservation.,Always,Most use this,69,0.6,115
35110,9,"Scientific, research, navigation, surveying, photographic, cinematographic, audiovisual, optical, weighing, measuring, signalling, detecting, testing, inspecting, life-saving and teaching apparatus and instruments; apparatus and instruments for conducting, switching, transforming, accumulating, regulating or controlling the distribution or use of electricity; apparatus and instruments for recording, transmitting, reproducing or processing sound, images or data; recorded and downloadable media, computer software, blank digital or analogue recording and storage media; mechanisms for coin-operated apparatus; cash registers, calculating devices; computers and computer peripheral devices; diving suits, divers' masks, ear plugs for divers, nose clips for divers and swimmers, gloves for divers, breathing apparatus for underwater swimming; fire-extinguishing apparatus.",Always,Most use this,62,0.539,115
35110,39,Transport; packaging and storage of goods; travel arrangement.,Always,Most use this,58,0.504,115
35110,4,"Industrial oils and greases, wax; lubricants; dust absorbing, wetting and binding compositions; fuels and illuminants; candles and wicks for lighting.",Sometimes,Some use this,53,0.461,115
35110,42,"Scientific and technological services and research and design relating thereto; industrial analysis, industrial research and industrial design services; quality control and authentication services; design and development of computer hardware and software.",Sometimes,Some use this,46,0.4,115
35110,7,"Machines, machine tools, power-operated tools; motors and engines, except for land vehicles; machine coupling and transmission components, except for land vehicles; agricultural implements, other than hand-operated hand tools; incubators for eggs; automatic vending machines.",Sometimes,Some use this,35,0.304,115
35110,35,"Advertising; business management, business administration and consultancy, office functions.",Sometimes,Some use this,23,0.2,115
35110,36,"Financial, monetary and banking services; insurance services; real estate affairs.",Sometimes,Some use this,21,0.183,115
35110,11,"Apparatus and installations for lighting, heating, cooling, steam generating, cooking, drying, ventilating, water supply and sanitary purposes.",Sometimes,Some use this,19,0.165,115
35110,1,"Chemicals for use in industry, science and photography, as well as in agriculture, horticulture and forestry; unprocessed artificial resins, unprocessed plastics; fire extinguishing and fire prevention compositions; tempering and soldering preparations; substances for tanning animal skins and hides; adhesives for use in industry; putties and other paste fillers; compost, manures, fertilizers; biological preparations for use in industry and science.",Sometimes,A few have this,17,0.148,115
35110,41,Education; providing of training; entertainment; sporting and cultural activities.,Sometimes,A few have this,16,0.139,115
35110,16,"Paper and cardboard; printed matter; bookbinding material; photographs; stationery and office requisites, except furniture; adhesives for stationery or household purposes; drawing materials and materials for artists; paintbrushes; instructional and teaching materials; plastic sheets, films and bags for wrapping and packaging; printers' type, printing blocks.",Sometimes,A few have this,9,0.078,115
41100,37,"Construction services; installation and repair services; mining extraction, oil and gas drilling.",Sometimes,Some use this,324,0.493,657
41100,35,"Advertising; business management, business administration and consultancy, office functions.",Sometimes,Some use this,210,0.32,657
41100,36,"Financial, monetary and banking services; insurance services; real estate affairs.",Sometimes,Some use this,201,0.306,657
41100,42,"Scientific and technological services and research and design relating thereto; industrial analysis, industrial research and industrial design services; quality control and authentication services; design and development of computer hardware and software.",Sometimes,Some use this,185,0.282,657
41100,43,Services for providing food and drink; temporary accommodation.,Sometimes,Some use this,105,0.16,657
41100,41,Education; providing of training; entertainment; sporting and cultural activities.,Sometimes,A few have this,84,0.128,657
41100,9,"Scientific, research, navigation, surveying, photographic, cinematographic, audiovisual, optical, weighing, measuring, signalling, detecting, testing, inspecting, life-saving and teaching apparatus and instruments; apparatus and instruments for conducting, switching, transforming, accumulating, regulating or controlling the distribution or use of electricity; apparatus and instruments for recording, transmitting, reproducing or processing sound, images or data; recorded and downloadable media, computer software, blank digital or analogue recording and storage media; mechanisms for coin-operated apparatus; cash registers, calculating devices; computers and computer peripheral devices; diving suits, divers' masks, ear plugs for divers, nose clips for divers and swimmers, gloves for divers, breathing apparatus for underwater swimming; fire-extinguishing apparatus.",Sometimes,A few have this,71,0.108,657
41100,19,"Materials, not of metal, for building and construction; rigid pipes, not of metal, for building; asphalt, pitch, tar and bitumen; transportable buildings, not of metal; monuments, not of metal.",Sometimes,A few have this,65,0.099,657
41100,44,"Medical services; veterinary services; hygienic and beauty care for human beings or animals; agriculture, aquaculture, horticulture and forestry services.",Sometimes,A few have this,46,0.07,657
41100,39,Transport; packaging and storage of goods; travel arrangement.,Sometimes,A few have this,45,0.068,657
41100,6,"Common metals and their alloys, ores; metal materials for building and construction; transportable buildings of metal; non-electric cables and wires of common metal; small items of metal hardware; metal containers for storage or transport; safes.",Sometimes,A few have this,38,0.058,657
41100,45,Legal services; security services for the physical protection of tangible property and individuals; dating services; online social networking services; funeral services; babysitting.,Sometimes,A few have this,38,0.058,657
41100,11,"Apparatus and installations for lighting, heating, cooling, steam generating, cooking, drying, ventilating, water supply and sanitary purposes.",Sometimes,A few have this,37,0.056,657
43210,37,"Construction services; installation and repair services; mining extraction, oil and gas drilling.",Always,Most use this,288,0.727,396
43210,9,"Scientific, research, navigation, surveying, photographic, cinematographic, audiovisual, optical, weighing, measuring, signalling, detecting, testing, inspecting, life-saving and teaching apparatus and instruments; apparatus and instruments for conducting, switching, transforming, accumulating, regulating or controlling the distribution or use of electricity; apparatus and instruments for recording, transmitting, reproducing or processing sound, images or data; recorded and downloadable media, computer software, blank digital or analogue recording and storage media; mechanisms for coin-operated apparatus; cash registers, calculating devices; computers and computer peripheral devices; diving suits, divers' masks, ear plugs for divers, nose clips for divers and swimmers, gloves for divers, breathing apparatus for underwater swimming; fire-extinguishing apparatus.",Sometimes,Some use this,158,0.399,396
43210,42,"Scientific and technological services and research and design relating thereto; industrial analysis, industrial research and industrial design services; quality control and authentication services; design and development of computer hardware and software.",Sometimes,Some use this,115,0.29,396
43210,11,"Apparatus and installations for lighting, heating, cooling, steam generating, cooking, drying, ventilating, water supply and sanitary purposes.",Sometimes,Some use this,75,0.189,396
43210,35,"Advertising; business management, business administration and consultancy, office functions.",Sometimes,A few have this,45,0.114,396
43210,40,Treatment of materials; recycling of waste and trash; air purification and treatment of water; printing services; food and drink preservation.,Sometimes,A few have this,33,0.083,396
43210,7,"Machines, machine tools, power-operated tools; motors and engines, except for land vehicles; machine coupling and transmission components, except for land vehicles; agricultural implements, other than hand-operated hand tools; incubators for eggs; automatic vending machines.",Sometimes,A few have this,26,0.066,396
43210,39,Transport; packaging and storage of goods; travel arrangement.,Sometimes,A few have this,24,0.061,396
41201,37,"Construction services; installation and repair services; mining extraction, oil and gas drilling.",Always,Most use this,152,0.664,229
41201,42,"Scientific and technological services and research and design relating thereto; industrial analysis, industrial research and industrial design services; quality control and authentication services; design and development of computer hardware and software.",Sometimes,Some use this,71,0.31,229
41201,35,"Advertising; business management, business administration and consultancy, office functions.",Sometimes,Some use this,49,0.214,229
41201,36,"Financial, monetary and banking services; insurance services; real estate affairs.",Sometimes,Some use this,40,0.175,229
41201,19,"Materials, not of metal, for building and construction; rigid pipes, not of metal, for building; asphalt, pitch, tar and bitumen; transportable buildings, not of metal; monuments, not of metal.",Sometimes,Some use this,37,0.162,229
41201,43,Services for providing food and drink; temporary accommodation.,Sometimes,Some use this,35,0.153,229
41201,41,Education; providing of training; entertainment; sporting and cultural activities.,Sometimes,A few have this,31,0.135,229
41201,9,"Scientific, research, navigation, surveying, photographic, cinematographic, audiovisual, optical, weighing, measuring, signalling, detecting, testing, inspecting, life-saving and teaching apparatus and instruments; apparatus and instruments for conducting, switching, transforming, accumulating, regulating or controlling the distribution or use of electricity; apparatus and instruments for recording, transmitting, reproducing or processing sound, images or data; recorded and downloadable media, computer software, blank digital or analogue recording and storage media; mechanisms for coin-operated apparatus; cash registers, calculating devices; computers and computer peripheral devices; diving suits, divers' masks, ear plugs for divers, nose clips for divers and swimmers, gloves for divers, breathing apparatus for underwater swimming; fire-extinguishing apparatus.",Sometimes,A few have this,27,0.118,229
41201,6,"Common metals and their alloys, ores; metal materials for building and construction; transportable buildings of metal; non-electric cables and wires of common metal; small items of metal hardware; metal containers for storage or transport; safes.",Sometimes,A few have this,26,0.114,229
41201,40,Treatment of materials; recycling of waste and trash; air purification and treatment of water; printing services; food and drink preservation.,Sometimes,A few have this,25,0.109,229
41201,39,Transport; packaging and storage of goods; travel arrangement.,Sometimes,A few have this,18,0.079,229
41201,44,"Medical services; veterinary services; hygienic and beauty care for human beings or animals; agriculture, aquaculture, horticulture and forestry services.",Sometimes,A few have this,14,0.061,229
41201,11,"Apparatus and installations for lighting, heating, cooling, steam generating, cooking, drying, ventilating, water supply and sanitary purposes.",Sometimes,A few have this,12,0.052,229
45111,12,"Vehicles; apparatus for locomotion by land, air or water.",Always,Most use this,64,0.593,108
45111,35,"Advertising; business management, business administration and consultancy, office functions.",Always,Most use this,58,0.537,108
45111,37,"Construction services; installation and repair services; mining extraction, oil and gas drilling.",Sometimes,Some use this,51,0.472,108
45111,39,Transport; packaging and storage of goods; travel arrangement.,Sometimes,Some use this,42,0.389,108
45111,36,"Financial, monetary and banking services; insurance services; real estate affairs.",Sometimes,Some use this,37,0.343,108
45111,42,"Scientific and technological services and research and design relating thereto; industrial analysis, industrial research and industrial design services; quality control and authentication services; design and development of computer hardware and software.",Sometimes,Some use this,19,0.176,108
45111,9,"Scientific, research, navigation, surveying, photographic, cinematographic, audiovisual, optical, weighing, measuring, signalling, detecting, testing, inspecting, life-saving and teaching apparatus and instruments; apparatus and instruments for conducting, switching, transforming, accumulating, regulating or controlling the distribution or use of electricity; apparatus and instruments for recording, transmitting, reproducing or processing sound, images or data; recorded and downloadable media, computer software, blank digital or analogue recording and storage media; mechanisms for coin-operated apparatus; cash registers, calculating devices; computers and computer peripheral devices; diving suits, divers' masks, ear plugs for divers, nose clips for divers and swimmers, gloves for divers, breathing apparatus for underwater swimming; fire-extinguishing apparatus.",Sometimes,Some use this,17,0.157,108
45111,7,"Machines, machine tools, power-operated tools; motors and engines, except for land vehicles; machine coupling and transmission components, except for land vehicles; agricultural implements, other than hand-operated hand tools; incubators for eggs; automatic vending machines.",Sometimes,A few have this,16,0.148,108
45111,11,"Apparatus and installations for lighting, heating, cooling, steam generating, cooking, drying, ventilating, water supply and sanitary purposes.",Sometimes,A few have this,8,0.074,108
45111,41,Education; providing of training; entertainment; sporting and cultural activities.,Sometimes,A few have this,8,0.074,108
45111,25,"Clothing, footwear, headwear.",Sometimes,A few have this,8,0.074,108
45200,37,"Construction services; installation and repair services; mining extraction, oil and gas drilling.",Always,Most use this,241,0.615,392
45200,12,"Vehicles; apparatus for locomotion by land, air or water.",Sometimes,Some use this,134,0.342,392
45200,35,"Advertising; business management, business administration and consultancy, office functions.",Sometimes,Some use this,112,0.286,392
45200,42,"Scientific and technological services and research and design relating thereto; industrial analysis, industrial research and industrial design services; quality control and authentication services; design and development of computer hardware and software.",Sometimes,Some use this,84,0.214,392
45200,39,Transport; packaging and storage of goods; travel arrangement.,Sometimes,Some use this,61,0.156,392
45200,9,"Scientific, research, navigation, surveying, photographic, cinematographic, audiovisual, optical, weighing, measuring, signalling, detecting, testing, inspecting, life-saving and teaching apparatus and instruments; apparatus and instruments for conducting, switching, transforming, accumulating, regulating or controlling the distribution or use of electricity; apparatus and instruments for recording, transmitting, reproducing or processing sound, images or data; recorded and downloadable media, computer software, blank digital or analogue recording and storage media; mechanisms for coin-operated apparatus; cash registers, calculating devices; computers and computer peripheral devices; diving suits, divers' masks, ear plugs for divers, nose clips for divers and swimmers, gloves for divers, breathing apparatus for underwater swimming; fire-extinguishing apparatus.",Sometimes,A few have this,43,0.11,392
45200,36,"Financial, monetary and banking services; insurance services; real estate affairs.",Sometimes,A few have this,37,0.094,392
45200,40,Treatment of materials; recycling of waste and trash; air purification and treatment of water; printing services; food and drink preservation.,Sometimes,A few have this,29,0.074,392
45200,41,Education; providing of training; entertainment; sporting and cultural activities.,Sometimes,A few have this,27,0.069,392
45200,25,"Clothing, footwear, headwear.",Sometimes,A few have this,22,0.056,392
43910,37,"Construction services; installation and repair services; mining extraction, oil and gas drilling.",Always,Most use this,72,0.713,101
43910,19,"Materials, not of metal, for building and construction; rigid pipes, not of metal, for building; asphalt, pitch, tar and bitumen; transportable buildings, not of metal; monuments, not of metal.",Sometimes,Some use this,35,0.347,101
43910,6,"Common metals and their alloys, ores; metal materials for building and construction; transportable buildings of metal; non-electric cables and wires of common metal; small items of metal hardware; metal containers for storage or transport; safes.",Sometimes,Some use this,19,0.188,101
43910,17,"Unprocessed and semi-processed rubber, gutta-percha, gum, asbestos, mica and substitutes for all these materials; plastics and resins in extruded form for use in manufacture; packing, stopping and insulating materials; flexible pipes, tubes and hoses, not of metal.",Sometimes,Some use this,17,0.168,101
43910,9,"Scientific, research, navigation, surveying, photographic, cinematographic, audiovisual, optical, weighing, measuring, signalling, detecting, testing, inspecting, life-saving and teaching apparatus and instruments; apparatus and instruments for conducting, switching, transforming, accumulating, regulating or controlling the distribution or use of electricity; apparatus and instruments for recording, transmitting, reproducing or processing sound, images or data; recorded and downloadable media, computer software, blank digital or analogue recording and storage media; mechanisms for coin-operated apparatus; cash registers, calculating devices; computers and computer peripheral devices; diving suits, divers' masks, ear plugs for divers, nose clips for divers and swimmers, gloves for divers, breathing apparatus for underwater swimming; fire-extinguishing apparatus.",Sometimes,A few have this,12,0.119,101
43910,42,"Scientific and technological services and research and design relating thereto; industrial analysis, industrial research and industrial design services; quality control and authentication services; design and development of computer hardware and software.",Sometimes,A few have this,11,0.109,101
43910,1,"Chemicals for use in industry, science and photography, as well as in agriculture, horticulture and forestry; unprocessed artificial resins, unprocessed plastics; fire extinguishing and fire prevention compositions; tempering and soldering preparations; substances for tanning animal skins and hides; adhesives for use in industry; putties and other paste fillers; compost, manures, fertilizers; biological preparations for use in industry and science.",Sometimes,A few have this,9,0.089,101
43910,35,"Advertising; business management, business administration and consultancy, office functions.",Sometimes,A few have this,8,0.079,101
47110,35,"Advertising; business management, business administration and consultancy, office functions.",Sometimes,Some use this,252,0.318,793
47110,30,"Coffee, tea, cocoa and artificial coffee; rice, pasta and noodles; tapioca and sago; flour and preparations made from cereals; bread, pastries and confectionery; chocolate; ice cream, sorbets and other edible ices; sugar, honey, treacle; yeast, baking-powder; salt, seasonings, spices, preserved herbs; vinegar, sauces and other condiments; ice (frozen water).",Sometimes,Some use this,244,0.308,793
47110,29,"Meat, fish, poultry and game; meat extracts; preserved, frozen, dried and cooked fruits and vegetables; jellies, jams, compotes; eggs; milk, cheese, butter, yogurt and other milk products; oils and fats for food.",Sometimes,Some use this,179,0.226,793
47110,32,Beers; non-alcoholic beverages; mineral and aerated waters; fruit beverages and fruit juices; syrups and other non-alcoholic preparations for making beverages.,Sometimes,Some use this,130,0.164,793
47110,43,Services for providing food and drink; temporary accommodation.,Sometimes,Some use this,121,0.153,793
47110,33,"Alcoholic beverages, except beers; alcoholic preparations for making beverages.",Sometimes,A few have this,106,0.134,793
47110,5,"Pharmaceuticals, medical and veterinary preparations; sanitary preparations for medical purposes; dietetic food and substances adapted for medical or veterinary use, food for babies; dietary supplements for human beings and animals; plasters, materials for dressings; material for stopping teeth, dental wax; disinfectants; preparations for destroying vermin; fungicides, herbicides.",Sometimes,A few have this,87,0.11,793
47110,39,Transport; packaging and storage of goods; travel arrangement.,Sometimes,A few have this,87,0.11,793
47110,21,"Household or kitchen utensils and containers; cookware and tableware, except forks, knives and spoons; combs and sponges; brushes, except paintbrushes; brush-making materials; articles for cleaning purposes; unworked or semi-worked glass, except building glass; glassware, porcelain and earthenware.",Sometimes,A few have this,83,0.105,793
47110,9,"Scientific, research, navigation, surveying, photographic, cinematographic, audiovisual, optical, weighing, measuring, signalling, detecting, testing, inspecting, life-saving and teaching apparatus and instruments; apparatus and instruments for conducting, switching, transforming, accumulating, regulating or controlling the distribution or use of electricity; apparatus and instruments for recording, transmitting, reproducing or processing sound, images or data; recorded and downloadable media, computer software, blank digital or analogue recording and storage media; mechanisms for coin-operated apparatus; cash registers, calculating devices; computers and computer peripheral devices; diving suits, divers' masks, ear plugs for divers, nose clips for divers and swimmers, gloves for divers, breathing apparatus for underwater swimming; fire-extinguishing apparatus.",Sometimes,A few have this,80,0.101,793
47110,16,"Paper and cardboard; printed matter; bookbinding material; photographs; stationery and office requisites, except furniture; adhesives for stationery or household purposes; drawing materials and materials for artists; paintbrushes; instructional and teaching materials; plastic sheets, films and bags for wrapping and packaging; printers' type, printing blocks.",Sometimes,A few have this,77,0.097,793
47110,31,"Raw and unprocessed agricultural, aquacultural, horticultural and forestry products; raw and unprocessed grains and seeds; fresh fruits and vegetables, fresh herbs; natural plants and flowers; bulbs, seedlings and seeds for planting; live animals; foodstuffs and beverages for animals; malt.",Sometimes,A few have this,74,0.093,793
47110,25,"Clothing, footwear, headwear.",Sometimes,A few have this,65,0.082,793
47110,28,"Games, toys and playthings; video game apparatus; gymnastic and sporting articles; decorations for Christmas trees.",Sometimes,A few have this,48,0.061,793
47110,3,"Non-medicated cosmetics and toiletry preparations; non-medicated dentifrices; perfumery, essential oils; bleaching preparations and other substances for laundry use; cleaning, polishing, scouring and abrasive preparations.",Sometimes,A few have this,47,0.059,793
47110,41,Education; providing of training; entertainment; sporting and cultural activities.,Sometimes,A few have this,42,0.053,793
47520,19,"Materials, not of metal, for building and construction; rigid pipes, not of metal, for building; asphalt, pitch, tar and bitumen; transportable buildings, not of metal; monuments, not of metal.",Sometimes,Some use this,65,0.271,240
47520,35,"Advertising; business management, business administration and consultancy, office functions.",Sometimes,Some use this,49,0.204,240
47520,6,"Common metals and their alloys, ores; metal materials for building and construction; transportable buildings of metal; non-electric cables and wires of common metal; small items of metal hardware; metal containers for storage or transport; safes.",Sometimes,Some use this,38,0.158,240
47520,2,"Paints, varnishes, lacquers; preservatives against rust and against deterioration of wood; colorants, dyes; inks for printing, marking and engraving; raw natural resins; metals in foil and powder form for use in painting, decorating, printing and art.",Sometimes,A few have this,35,0.146,240
47520,20,"Furniture, mirrors, picture frames; containers, not of metal, for storage or transport; unworked or semi-worked bone, horn, whalebone or mother-of-pearl; shells; meerschaum; yellow amber.",Sometimes,A few have this,33,0.138,240
47520,17,"Unprocessed and semi-processed rubber, gutta-percha, gum, asbestos, mica and substitutes for all these materials; plastics and resins in extruded form for use in manufacture; packing, stopping and insulating materials; flexible pipes, tubes and hoses, not of metal.",Sometimes,A few have this,29,0.121,240
47520,21,"Household or kitchen utensils and containers; cookware and tableware, except forks, knives and spoons; combs and sponges; brushes, except paintbrushes; brush-making materials; articles for cleaning purposes; unworked or semi-worked glass, except building glass; glassware, porcelain and earthenware.",Sometimes,A few have this,26,0.108,240
47520,8,"Hand tools and hand-operated implements; cutlery; side arms, except firearms; razors.",Sometimes,A few have this,24,0.1,240
47520,3,"Non-medicated cosmetics and toiletry preparations; non-medicated dentifrices; perfumery, essential oils; bleaching preparations and other substances for laundry use; cleaning, polishing, scouring and abrasive preparations.",Sometimes,A few have this,22,0.092,240
47520,9,"Scientific, research, navigation, surveying, photographic, cinematographic, audiovisual, optical, weighing, measuring, signalling, detecting, testing, inspecting, life-saving and teaching apparatus and instruments; apparatus and instruments for conducting, switching, transforming, accumulating, regulating or controlling the distribution or use of electricity; apparatus and instruments for recording, transmitting, reproducing or processing sound, images or data; recorded and downloadable media, computer software, blank digital or analogue recording and storage media; mechanisms for coin-operated apparatus; cash registers, calculating devices; computers and computer peripheral devices; diving suits, divers' masks, ear plugs for divers, nose clips for divers and swimmers, gloves for divers, breathing apparatus for underwater swimming; fire-extinguishing apparatus.",Sometimes,A few have this,22,0.092,240
47520,7,"Machines, machine tools, power-operated tools; motors and engines, except for land vehicles; machine coupling and transmission components, except for land vehicles; agricultural implements, other than hand-operated hand tools; incubators for eggs; automatic vending machines.",Sometimes,A few have this,21,0.087,240
47520,16,"Paper and cardboard; printed matter; bookbinding material; photographs; stationery and office requisites, except furniture; adhesives for stationery or household purposes; drawing materials and materials for artists; paintbrushes; instructional and teaching materials; plastic sheets, films and bags for wrapping and packaging; printers' type, printing blocks.",Sometimes,A few have this,20,0.083,240
47520,11,"Apparatus and installations for lighting, heating, cooling, steam generating, cooking, drying, ventilating, water supply and sanitary purposes.",Sometimes,A few have this,17,0.071,240
47520,1,"Chemicals for use in industry, science and photography, as well as in agriculture, horticulture and forestry; unprocessed artificial resins, unprocessed plastics; fire extinguishing and fire prevention compositions; tempering and soldering preparations; substances for tanning animal skins and hides; adhesives for use in industry; putties and other paste fillers; compost, manures, fertilizers; biological preparations for use in industry and science.",Sometimes,A few have this,16,0.067,240
47520,42,"Scientific and technological services and research and design relating thereto; industrial analysis, industrial research and industrial design services; quality control and authentication services; design and development of computer hardware and software.",Sometimes,A few have this,14,0.058,240
47520,37,"Construction services; installation and repair services; mining extraction, oil and gas drilling.",Sometimes,A few have this,13,0.054,240
47520,5,"Pharmaceuticals, medical and veterinary preparations; sanitary preparations for medical purposes; dietetic food and substances adapted for medical or veterinary use, food for babies; dietary supplements for human beings and animals; plasters, materials for dressings; material for stopping teeth, dental wax; disinfectants; preparations for destroying vermin; fungicides, herbicides.",Sometimes,A few have this,12,0.05,240
45310,12,"Vehicles; apparatus for locomotion by land, air or water.",Always,Most use this,175,0.518,338
45310,35,"Advertising; business management, business administration and consultancy, office functions.",Sometimes,Some use this,114,0.337,338
45310,9,"Scientific, research, navigation, surveying, photographic, cinematographic, audiovisual, optical, weighing, measuring, signalling, detecting, testing, inspecting, life-saving and teaching apparatus and instruments; apparatus and instruments for conducting, switching, transforming, accumulating, regulating or controlling the distribution or use of electricity; apparatus and instruments for recording, transmitting, reproducing or processing sound, images or data; recorded and downloadable media, computer software, blank digital or analogue recording and storage media; mechanisms for coin-operated apparatus; cash registers, calculating devices; computers and computer peripheral devices; diving suits, divers' masks, ear plugs for divers, nose clips for divers and swimmers, gloves for divers, breathing apparatus for underwater swimming; fire-extinguishing apparatus.",Sometimes,Some use this,70,0.207,338
45310,7,"Machines, machine tools, power-operated tools; motors and engines, except for land vehicles; machine coupling and transmission components, except for land vehicles; agricultural implements, other than hand-operated hand tools; incubators for eggs; automatic vending machines.",Sometimes,Some use this,65,0.192,338
45310,37,"Construction services; installation and repair services; mining extraction, oil and gas drilling.",Sometimes,A few have this,48,0.142,338
45310,11,"Apparatus and installations for lighting, heating, cooling, steam generating, cooking, drying, ventilating, water supply and sanitary purposes.",Sometimes,A few have this,44,0.13,338
45310,17,"Unprocessed and semi-processed rubber, gutta-percha, gum, asbestos, mica and substitutes for all these materials; plastics and resins in extruded form for use in manufacture; packing, stopping and insulating materials; flexible pipes, tubes and hoses, not of metal.",Sometimes,A few have this,31,0.092,338
45310,42,"Scientific and technological services and research and design relating thereto; industrial analysis, industrial research and industrial design services; quality control and authentication services; design and development of computer hardware and software.",Sometimes,A few have this,28,0.083,338
45310,39,Transport; packaging and storage of goods; travel arrangement.,Sometimes,A few have this,26,0.077,338
45310,1,"Chemicals for use in industry, science and photography, as well as in agriculture, horticulture and forestry; unprocessed artificial resins, unprocessed plastics; fire extinguishing and fire prevention compositions; tempering and soldering preparations; substances for tanning animal skins and hides; adhesives for use in industry; putties and other paste fillers; compost, manures, fertilizers; biological preparations for use in industry and science.",Sometimes,A few have this,24,0.071,338
45310,3,"Non-medicated cosmetics and toiletry preparations; non-medicated dentifrices; perfumery, essential oils; bleaching preparations and other substances for laundry use; cleaning, polishing, scouring and abrasive preparations.",Sometimes,A few have this,23,0.068,338
45310,21,"Household or kitchen utensils and containers; cookware and tableware, except forks, knives and spoons; combs and sponges; brushes, except paintbrushes; brush-making materials; articles for cleaning purposes; unworked or semi-worked glass, except building glass; glassware, porcelain and earthenware.",Sometimes,A few have this,20,0.059,338
46900,35,"Advertising; business management, business administration and consultancy, office functions.",Sometimes,Some use this,924,0.214,4319
46900,21,"Household or kitchen utensils and containers; cookware and tableware, except forks, knives and spoons; combs and sponges; brushes, except paintbrushes; brush-making materials; articles for cleaning purposes; unworked or semi-worked glass, except building glass; glassware, porcelain and earthenware.",Sometimes,Some use this,649,0.15,4319
46900,5,"Pharmaceuticals, medical and veterinary preparations; sanitary preparations for medical purposes; dietetic food and substances adapted for medical or veterinary use, food for babies; dietary supplements for human beings and animals; plasters, materials for dressings; material for stopping teeth, dental wax; disinfectants; preparations for destroying vermin; fungicides, herbicides.",Sometimes,A few have this,576,0.133,4319
46900,3,"Non-medicated cosmetics and toiletry preparations; non-medicated dentifrices; perfumery, essential oils; bleaching preparations and other substances for laundry use; cleaning, polishing, scouring and abrasive preparations.",Sometimes,A few have this,560,0.13,4319
46900,9,"Scientific, research, navigation, surveying, photographic, cinematographic, audiovisual, optical, weighing, measuring, signalling, detecting, testing, inspecting, life-saving and teaching apparatus and instruments; apparatus and instruments for conducting, switching, transforming, accumulating, regulating or controlling the distribution or use of electricity; apparatus and instruments for recording, transmitting, reproducing or processing sound, images or data; recorded and downloadable media, computer software, blank digital or analogue recording and storage media; mechanisms for coin-operated apparatus; cash registers, calculating devices; computers and computer peripheral devices; diving suits, divers' masks, ear plugs for divers, nose clips for divers and swimmers, gloves for divers, breathing apparatus for underwater swimming; fire-extinguishing apparatus.",Sometimes,A few have this,560,0.13,4319
46900,28,"Games, toys and playthings; video game apparatus; gymnastic and sporting articles; decorations for Christmas trees.",Sometimes,A few have this,519,0.12,4319
46900,16,"Paper and cardboard; printed matter; bookbinding material; photographs; stationery and office requisites, except furniture; adhesives for stationery or household purposes; drawing materials and materials for artists; paintbrushes; instructional and teaching materials; plastic sheets, films and bags for wrapping and packaging; printers' type, printing blocks.",Sometimes,A few have this,481,0.111,4319
46900,20,"Furniture, mirrors, picture frames; containers, not of metal, for storage or transport; unworked or semi-worked bone, horn, whalebone or mother-of-pearl; shells; meerschaum; yellow amber.",Sometimes,A few have this,459,0.106,4319
46900,30,"Coffee, tea, cocoa and artificial coffee; rice, pasta and noodles; tapioca and sago; flour and preparations made from cereals; bread, pastries and confectionery; chocolate; ice cream, sorbets and other edible ices; sugar, honey, treacle; yeast, baking-powder; salt, seasonings, spices, preserved herbs; vinegar, sauces and other condiments; ice (frozen water).",Sometimes,A few have this,413,0.096,4319
46900,11,"Apparatus and installations for lighting, heating, cooling, steam generating, cooking, drying, ventilating, water supply and sanitary purposes.",Sometimes,A few have this,395,0.091,4319
46900,25,"Clothing, footwear, headwear.",Sometimes,A few have this,368,0.085,4319
46900,29,"Meat, fish, poultry and game; meat extracts; preserved, frozen, dried and cooked fruits and vegetables; jellies, jams, compotes; eggs; milk, cheese, butter, yogurt and other milk products; oils and fats for food.",Sometimes,A few have this,262,0.061,4319
46900,18,"Leather and imitations of leather; animal skins and hides; luggage and carrying bags; umbrellas and parasols; walking sticks; whips, harness and saddlery; collars, leashes and clothing for animals.",Sometimes,A few have this,253,0.059,4319
46900,6,"Common metals and their alloys, ores; metal materials for building and construction; transportable buildings of metal; non-electric cables and wires of common metal; small items of metal hardware; metal containers for storage or transport; safes.",Sometimes,A few have this,235,0.054,4319
47190,35,"Advertising; business management, business administration and consultancy, office functions.",Sometimes,Some use this,720,0.243,2959
47190,25,"Clothing, footwear, headwear.",Sometimes,Some use this,503,0.17,2959
47190,21,"Household or kitchen utensils and containers; cookware and tableware, except forks, knives and spoons; combs and sponges; brushes, except paintbrushes; brush-making materials; articles for cleaning purposes; unworked or semi-worked glass, except building glass; glassware, porcelain and earthenware.",Sometimes,Some use this,475,0.161,2959
47190,3,"Non-medicated cosmetics and toiletry preparations; non-medicated dentifrices; perfumery, essential oils; bleaching preparations and other substances for laundry use; cleaning, polishing, scouring and abrasive preparations.",Sometimes,A few have this,384,0.13,2959
47190,5,"Pharmaceuticals, medical and veterinary preparations; sanitary preparations for medical purposes; dietetic food and substances adapted for medical or veterinary use, food for babies; dietary supplements for human beings and animals; plasters, materials for dressings; material for stopping teeth, dental wax; disinfectants; preparations for destroying vermin; fungicides, herbicides.",Sometimes,A few have this,360,0.122,2959
47190,9,"Scientific, research, navigation, surveying, photographic, cinematographic, audiovisual, optical, weighing, measuring, signalling, detecting, testing, inspecting, life-saving and teaching apparatus and instruments; apparatus and instruments for conducting, switching, transforming, accumulating, regulating or controlling the distribution or use of electricity; apparatus and instruments for recording, transmitting, reproducing or processing sound, images or data; recorded and downloadable media, computer software, blank digital or analogue recording and storage media; mechanisms for coin-operated apparatus; cash registers, calculating devices; computers and computer peripheral devices; diving suits, divers' masks, ear plugs for divers, nose clips for divers and swimmers, gloves for divers, breathing apparatus for underwater swimming; fire-extinguishing apparatus.",Sometimes,A few have this,306,0.103,2959
47190,16,"Paper and cardboard; printed matter; bookbinding material; photographs; stationery and office requisites, except furniture; adhesives for stationery or household purposes; drawing materials and materials for artists; paintbrushes; instructional and teaching materials; plastic sheets, films and bags for wrapping and packaging; printers' type, printing blocks.",Sometimes,A few have this,299,0.101,2959
47190,28,"Games, toys and playthings; video game apparatus; gymnastic and sporting articles; decorations for Christmas trees.",Sometimes,A few have this,296,0.1,2959
47190,20,"Furniture, mirrors, picture frames; containers, not of metal, for storage or transport; unworked or semi-worked bone, horn, whalebone or mother-of-pearl; shells; meerschaum; yellow amber.",Sometimes,A few have this,257,0.087,2959
47190,18,"Leather and imitations of leather; animal skins and hides; luggage and carrying bags; umbrellas and parasols; walking sticks; whips, harness and saddlery; collars, leashes and clothing for animals.",Sometimes,A few have this,235,0.079,2959
47190,30,"Coffee, tea, cocoa and artificial coffee; rice, pasta and noodles; tapioca and sago; flour and preparations made from cereals; bread, pastries and confectionery; chocolate; ice cream, sorbets and other edible ices; sugar, honey, treacle; yeast, baking-powder; salt, seasonings, spices, preserved herbs; vinegar, sauces and other condiments; ice (frozen water).",Sometimes,A few have this,225,0.076,2959
47190,11,"Apparatus and installations for lighting, heating, cooling, steam generating, cooking, drying, ventilating, water supply and sanitary purposes.",Sometimes,A few have this,198,0.067,2959
47190,14,"Precious metals and their alloys; jewellery, precious and semi-precious stones; horological and chronometric instruments.",Sometimes,A few have this,150,0.051,2959
47190,24,Textiles and substitutes for textiles; household linen; curtains of textile or plastic.,Sometimes,A few have this,150,0.051,2959
47730,44,"Medical services; veterinary services; hygienic and beauty care for human beings or animals; agriculture, aquaculture, horticulture and forestry services.",Always,Most use this,121,0.634,191
47730,5,"Pharmaceuticals, medical and veterinary preparations; sanitary preparations for medical purposes; dietetic food and substances adapted for medical or veterinary use, food for babies; dietary supplements for human beings and animals; plasters, materials for dressings; material for stopping teeth, dental wax; disinfectants; preparations for destroying vermin; fungicides, herbicides.",Sometimes,Some use this,85,0.445,191
47730,35,"Advertising; business management, business administration and consultancy, office functions.",Sometimes,Some use this,74,0.387,191
47730,42,"Scientific and technological services and research and design relating thereto; industrial analysis, industrial research and industrial design services; quality control and authentication services; design and development of computer hardware and software.",Sometimes,Some use this,46,0.241,191
47730,3,"Non-medicated cosmetics and toiletry preparations; non-medicated dentifrices; perfumery, essential oils; bleaching preparations and other substances for laundry use; cleaning, polishing, scouring and abrasive preparations.",Sometimes,Some use this,36,0.188,191
47730,9,"Scientific, research, navigation, surveying, photographic, cinematographic, audiovisual, optical, weighing, measuring, signalling, detecting, testing, inspecting, life-saving and teaching apparatus and instruments; apparatus and instruments for conducting, switching, transforming, accumulating, regulating or controlling the distribution or use of electricity; apparatus and instruments for recording, transmitting, reproducing or processing sound, images or data; recorded and downloadable media, computer software, blank digital or analogue recording and storage media; mechanisms for coin-operated apparatus; cash registers, calculating devices; computers and computer peripheral devices; diving suits, divers' masks, ear plugs for divers, nose clips for divers and swimmers, gloves for divers, breathing apparatus for underwater swimming; fire-extinguishing apparatus.",Sometimes,Some use this,35,0.183,191
47730,10,"Surgical, medical, dental and veterinary apparatus and instruments; artificial limbs, eyes and teeth; orthopaedic articles; suture materials; therapeutic and assistive devices adapted for persons with disabilities; massage apparatus; apparatus, devices and articles for nursing infants; sexual activity apparatus, devices and articles.",Sometimes,A few have this,28,0.147,191
47730,39,Transport; packaging and storage of goods; travel arrangement.,Sometimes,A few have this,17,0.089,191
47730,21,"Household or kitchen utensils and containers; cookware and tableware, except forks, knives and spoons; combs and sponges; brushes, except paintbrushes; brush-making materials; articles for cleaning purposes; unworked or semi-worked glass, except building glass; glassware, porcelain and earthenware.",Sometimes,A few have this,16,0.084,191
47730,41,Education; providing of training; entertainment; sporting and cultural activities.,Sometimes,A few have this,14,0.073,191
47730,16,"Paper and cardboard; printed matter; bookbinding material; photographs; stationery and office requisites, except furniture; adhesives for stationery or household purposes; drawing materials and materials for artists; paintbrushes; instructional and teaching materials; plastic sheets, films and bags for wrapping and packaging; printers' type, printing blocks.",Sometimes,A few have this,10,0.052,191
47599,20,"Furniture, mirrors, picture frames; containers, not of metal, for storage or transport; unworked or semi-worked bone, horn, whalebone or mother-of-pearl; shells; meerschaum; yellow amber.",Always,Most use this,360,0.549,656
47599,35,"Advertising; business management, business administration and consultancy, office functions.",Sometimes,Some use this,215,0.328,656
47599,11,"Apparatus and installations for lighting, heating, cooling, steam generating, cooking, drying, ventilating, water supply and sanitary purposes.",Sometimes,Some use this,141,0.215,656
47599,21,"Household or kitchen utensils and containers; cookware and tableware, except forks, knives and spoons; combs and sponges; brushes, except paintbrushes; brush-making materials; articles for cleaning purposes; unworked or semi-worked glass, except building glass; glassware, porcelain and earthenware.",Sometimes,Some use this,111,0.169,656
47599,24,Textiles and substitutes for textiles; household linen; curtains of textile or plastic.,Sometimes,A few have this,93,0.142,656
47599,42,"Scientific and technological services and research and design relating thereto; industrial analysis, industrial research and industrial design services; quality control and authentication services; design and development of computer hardware and software.",Sometimes,A few have this,86,0.131,656
47599,9,"Scientific, research, navigation, surveying, photographic, cinematographic, audiovisual, optical, weighing, measuring, signalling, detecting, testing, inspecting, life-saving and teaching apparatus and instruments; apparatus and instruments for conducting, switching, transforming, accumulating, regulating or controlling the distribution or use of electricity; apparatus and instruments for recording, transmitting, reproducing or processing sound, images or data; recorded and downloadable media, computer software, blank digital or analogue recording and storage media; mechanisms for coin-operated apparatus; cash registers, calculating devices; computers and computer peripheral devices; diving suits, divers' masks, ear plugs for divers, nose clips for divers and swimmers, gloves for divers, breathing apparatus for underwater swimming; fire-extinguishing apparatus.",Sometimes,A few have this,65,0.099,656
47599,37,"Construction services; installation and repair services; mining extraction, oil and gas drilling.",Sometimes,A few have this,55,0.084,656
47599,19,"Materials, not of metal, for building and construction; rigid pipes, not of metal, for building; asphalt, pitch, tar and bitumen; transportable buildings, not of metal; monuments, not of metal.",Sometimes,A few have this,54,0.082,656
47599,6,"Common metals and their alloys, ores; metal materials for building and construction; transportable buildings of metal; non-electric cables and wires of common metal; small items of metal hardware; metal containers for storage or transport; safes.",Sometimes,A few have this,46,0.07,656
47599,27,"Carpets, rugs, mats and matting, linoleum and other materials for covering existing floors; wall hangings, not of textile.",Sometimes,A few have this,45,0.069,656
47599,28,"Games, toys and playthings; video game apparatus; gymnastic and sporting articles; decorations for Christmas trees.",Sometimes,A few have this,44,0.067,656
47599,3,"Non-medicated cosmetics and toiletry preparations; non-medicated dentifrices; perfumery, essential oils; bleaching preparations and other substances for laundry use; cleaning, polishing, scouring and abrasive preparations.",Sometimes,A few have this,36,0.055,656
47710,25,"Clothing, footwear, headwear.",Always,All use this,2895,0.796,3638
47710,35,"Advertising; business management, business administration and consultancy, office functions.",Sometimes,Some use this,1172,0.322,3638
47710,18,"Leather and imitations of leather; animal skins and hides; luggage and carrying bags; umbrellas and parasols; walking sticks; whips, harness and saddlery; collars, leashes and clothing for animals.",Sometimes,Some use this,778,0.214,3638
47710,9,"Scientific, research, navigation, surveying, photographic, cinematographic, audiovisual, optical, weighing, measuring, signalling, detecting, testing, inspecting, life-saving and teaching apparatus and instruments; apparatus and instruments for conducting, switching, transforming, accumulating, regulating or controlling the distribution or use of electricity; apparatus and instruments for recording, transmitting, reproducing or processing sound, images or data; recorded and downloadable media, computer software, blank digital or analogue recording and storage media; mechanisms for coin-operated apparatus; cash registers, calculating devices; computers and computer peripheral devices; diving suits, divers' masks, ear plugs for divers, nose clips for divers and swimmers, gloves for divers, breathing apparatus for underwater swimming; fire-extinguishing apparatus.",Sometimes,A few have this,337,0.093,3638
47710,14,"Precious metals and their alloys; jewellery, precious and semi-precious stones; horological and chronometric instruments.",Sometimes,A few have this,267,0.073,3638
47710,28,"Games, toys and playthings; video game apparatus; gymnastic and sporting articles; decorations for Christmas trees.",Sometimes,A few have this,260,0.071,3638
47710,41,Education; providing of training; entertainment; sporting and cultural activities.,Sometimes,A few have this,249,0.068,3638
47710,3,"Non-medicated cosmetics and toiletry preparations; non-medicated dentifrices; perfumery, essential oils; bleaching preparations and other substances for laundry use; cleaning, polishing, scouring and abrasive preparations.",Sometimes,A few have this,245,0.067,3638
47710,24,Textiles and substitutes for textiles; household linen; curtains of textile or plastic.,Sometimes,A few have this,233,0.064,3638
47710,16,"Paper and cardboard; printed matter; bookbinding material; photographs; stationery and office requisites, except furniture; adhesives for stationery or household purposes; drawing materials and materials for artists; paintbrushes; instructional and teaching materials; plastic sheets, films and bags for wrapping and packaging; printers' type, printing blocks.",Sometimes,A few have this,194,0.053,3638
47710,21,"Household or kitchen utensils and containers; cookware and tableware, except forks, knives and spoons; combs and sponges; brushes, except paintbrushes; brush-making materials; articles for cleaning purposes; unworked or semi-worked glass, except building glass; glassware, porcelain and earthenware.",Sometimes,A few have this,194,0.053,3638
47710,42,"Scientific and technological services and research and design relating thereto; industrial analysis, industrial research and industrial design services; quality control and authentication services; design and development of computer hardware and software.",Sometimes,A few have this,186,0.051,3638
47760,31,"Raw and unprocessed agricultural, aquacultural, horticultural and forestry products; raw and unprocessed grains and seeds; fresh fruits and vegetables, fresh herbs; natural plants and flowers; bulbs, seedlings and seeds for planting; live animals; foodstuffs and beverages for animals; malt.",Always,Most use this,296,0.564,525
47760,35,"Advertising; business management, business administration and consultancy, office functions.",Sometimes,Some use this,152,0.29,525
47760,44,"Medical services; veterinary services; hygienic and beauty care for human beings or animals; agriculture, aquaculture, horticulture and forestry services.",Sometimes,Some use this,97,0.185,525
47760,5,"Pharmaceuticals, medical and veterinary preparations; sanitary preparations for medical purposes; dietetic food and substances adapted for medical or veterinary use, food for babies; dietary supplements for human beings and animals; plasters, materials for dressings; material for stopping teeth, dental wax; disinfectants; preparations for destroying vermin; fungicides, herbicides.",Sometimes,Some use this,88,0.168,525
47760,21,"Household or kitchen utensils and containers; cookware and tableware, except forks, knives and spoons; combs and sponges; brushes, except paintbrushes; brush-making materials; articles for cleaning purposes; unworked or semi-worked glass, except building glass; glassware, porcelain and earthenware.",Sometimes,Some use this,83,0.158,525
47760,18,"Leather and imitations of leather; animal skins and hides; luggage and carrying bags; umbrellas and parasols; walking sticks; whips, harness and saddlery; collars, leashes and clothing for animals.",Sometimes,A few have this,63,0.12,525
47760,3,"Non-medicated cosmetics and toiletry preparations; non-medicated dentifrices; perfumery, essential oils; bleaching preparations and other substances for laundry use; cleaning, polishing, scouring and abrasive preparations.",Sometimes,A few have this,51,0.097,525
47760,41,Education; providing of training; entertainment; sporting and cultural activities.,Sometimes,A few have this,50,0.095,525
47760,28,"Games, toys and playthings; video game apparatus; gymnastic and sporting articles; decorations for Christmas trees.",Sometimes,A few have this,48,0.091,525
47760,1,"Chemicals for use in industry, science and photography, as well as in agriculture, horticulture and forestry; unprocessed artificial resins, unprocessed plastics; fire extinguishing and fire prevention compositions; tempering and soldering preparations; substances for tanning animal skins and hides; adhesives for use in industry; putties and other paste fillers; compost, manures, fertilizers; biological preparations for use in industry and science.",Sometimes,A few have this,37,0.07,525
47760,16,"Paper and cardboard; printed matter; bookbinding material; photographs; stationery and office requisites, except furniture; adhesives for stationery or household purposes; drawing materials and materials for artists; paintbrushes; instructional and teaching materials; plastic sheets, films and bags for wrapping and packaging; printers' type, printing blocks.",Sometimes,A few have this,35,0.067,525
47760,20,"Furniture, mirrors, picture frames; containers, not of metal, for storage or transport; unworked or semi-worked bone, horn, whalebone or mother-of-pearl; shells; meerschaum; yellow amber.",Sometimes,A few have this,34,0.065,525
47910,35,"Advertising; business management, business administration and consultancy, office functions.",Sometimes,Some use this,5411,0.208,26056
47910,25,"Clothing, footwear, headwear.",Sometimes,Some use this,4785,0.184,26056
47910,21,"Household or kitchen utensils and containers; cookware and tableware, except forks, knives and spoons; combs and sponges; brushes, except paintbrushes; brush-making materials; articles for cleaning purposes; unworked or semi-worked glass, except building glass; glassware, porcelain and earthenware.",Sometimes,Some use this,3918,0.15,26056
47910,5,"Pharmaceuticals, medical and veterinary preparations; sanitary preparations for medical purposes; dietetic food and substances adapted for medical or veterinary use, food for babies; dietary supplements for human beings and animals; plasters, materials for dressings; material for stopping teeth, dental wax; disinfectants; preparations for destroying vermin; fungicides, herbicides.",Sometimes,A few have this,3453,0.133,26056
47910,3,"Non-medicated cosmetics and toiletry preparations; non-medicated dentifrices; perfumery, essential oils; bleaching preparations and other substances for laundry use; cleaning, polishing, scouring and abrasive preparations.",Sometimes,A few have this,3317,0.127,26056
47910,9,"Scientific, research, navigation, surveying, photographic, cinematographic, audiovisual, optical, weighing, measuring, signalling, detecting, testing, inspecting, life-saving and teaching apparatus and instruments; apparatus and instruments for conducting, switching, transforming, accumulating, regulating or controlling the distribution or use of electricity; apparatus and instruments for recording, transmitting, reproducing or processing sound, images or data; recorded and downloadable media, computer software, blank digital or analogue recording and storage media; mechanisms for coin-operated apparatus; cash registers, calculating devices; computers and computer peripheral devices; diving suits, divers' masks, ear plugs for divers, nose clips for divers and swimmers, gloves for divers, breathing apparatus for underwater swimming; fire-extinguishing apparatus.",Sometimes,A few have this,2931,0.112,26056
47910,28,"Games, toys and playthings; video game apparatus; gymnastic and sporting articles; decorations for Christmas trees.",Sometimes,A few have this,2616,0.1,26056
47910,16,"Paper and cardboard; printed matter; bookbinding material; photographs; stationery and office requisites, except furniture; adhesives for stationery or household purposes; drawing materials and materials for artists; paintbrushes; instructional and teaching materials; plastic sheets, films and bags for wrapping and packaging; printers' type, printing blocks.",Sometimes,A few have this,2299,0.088,26056
47910,18,"Leather and imitations of leather; animal skins and hides; luggage and carrying bags; umbrellas and parasols; walking sticks; whips, harness and saddlery; collars, leashes and clothing for animals.",Sometimes,A few have this,2031,0.078,26056
47910,20,"Furniture, mirrors, picture frames; containers, not of metal, for storage or transport; unworked or semi-worked bone, horn, whalebone or mother-of-pearl; shells; meerschaum; yellow amber.",Sometimes,A few have this,2008,0.077,26056
47750,3,"Non-medicated cosmetics and toiletry preparations; non-medicated dentifrices; perfumery, essential oils; bleaching preparations and other substances for laundry use; cleaning, polishing, scouring and abrasive preparations.",Always,Most use this,1464,0.746,1962
47750,35,"Advertising; business management, business administration and consultancy, office functions.",Sometimes,Some use this,444,0.226,1962
47750,5,"Pharmaceuticals, medical and veterinary preparations; sanitary preparations for medical purposes; dietetic food and substances adapted for medical or veterinary use, food for babies; dietary supplements for human beings and animals; plasters, materials for dressings; material for stopping teeth, dental wax; disinfectants; preparations for destroying vermin; fungicides, herbicides.",Sometimes,Some use this,355,0.181,1962
47750,21,"Household or kitchen utensils and containers; cookware and tableware, except forks, knives and spoons; combs and sponges; brushes, except paintbrushes; brush-making materials; articles for cleaning purposes; unworked or semi-worked glass, except building glass; glassware, porcelain and earthenware.",Sometimes,A few have this,223,0.114,1962
47750,44,"Medical services; veterinary services; hygienic and beauty care for human beings or animals; agriculture, aquaculture, horticulture and forestry services.",Sometimes,A few have this,194,0.099,1962
47750,4,"Industrial oils and greases, wax; lubricants; dust absorbing, wetting and binding compositions; fuels and illuminants; candles and wicks for lighting.",Sometimes,A few have this,148,0.075,1962
47750,25,"Clothing, footwear, headwear.",Sometimes,A few have this,144,0.073,1962
49320,39,Transport; packaging and storage of goods; travel arrangement.,Always,All use this,156,0.812,192
49320,9,"Scientific, research, navigation, surveying, photographic, cinematographic, audiovisual, optical, weighing, measuring, signalling, detecting, testing, inspecting, life-saving and teaching apparatus and instruments; apparatus and instruments for conducting, switching, transforming, accumulating, regulating or controlling the distribution or use of electricity; apparatus and instruments for recording, transmitting, reproducing or processing sound, images or data; recorded and downloadable media, computer software, blank digital or analogue recording and storage media; mechanisms for coin-operated apparatus; cash registers, calculating devices; computers and computer peripheral devices; diving suits, divers' masks, ear plugs for divers, nose clips for divers and swimmers, gloves for divers, breathing apparatus for underwater swimming; fire-extinguishing apparatus.",Sometimes,Some use this,60,0.312,192
49320,35,"Advertising; business management, business administration and consultancy, office functions.",Sometimes,A few have this,27,0.141,192
49320,12,"Vehicles; apparatus for locomotion by land, air or water.",Sometimes,A few have this,18,0.094,192
47990,35,"Advertising; business management, business administration and consultancy, office functions.",Sometimes,Some use this,819,0.176,4642
47990,21,"Household or kitchen utensils and containers; cookware and tableware, except forks, knives and spoons; combs and sponges; brushes, except paintbrushes; brush-making materials; articles for cleaning purposes; unworked or semi-worked glass, except building glass; glassware, porcelain and earthenware.",Sometimes,A few have this,671,0.145,4642
47990,25,"Clothing, footwear, headwear.",Sometimes,A few have this,668,0.144,4642
47990,9,"Scientific, research, navigation, surveying, photographic, cinematographic, audiovisual, optical, weighing, measuring, signalling, detecting, testing, inspecting, life-saving and teaching apparatus and instruments; apparatus and instruments for conducting, switching, transforming, accumulating, regulating or controlling the distribution or use of electricity; apparatus and instruments for recording, transmitting, reproducing or processing sound, images or data; recorded and downloadable media, computer software, blank digital or analogue recording and storage media; mechanisms for coin-operated apparatus; cash registers, calculating devices; computers and computer peripheral devices; diving suits, divers' masks, ear plugs for divers, nose clips for divers and swimmers, gloves for divers, breathing apparatus for underwater swimming; fire-extinguishing apparatus.",Sometimes,A few have this,578,0.125,4642
47990,5,"Pharmaceuticals, medical and veterinary preparations; sanitary preparations for medical purposes; dietetic food and substances adapted for medical or veterinary use, food for babies; dietary supplements for human beings and animals; plasters, materials for dressings; material for stopping teeth, dental wax; disinfectants; preparations for destroying vermin; fungicides, herbicides.",Sometimes,A few have this,483,0.104,4642
47990,3,"Non-medicated cosmetics and toiletry preparations; non-medicated dentifrices; perfumery, essential oils; bleaching preparations and other substances for laundry use; cleaning, polishing, scouring and abrasive preparations.",Sometimes,A few have this,459,0.099,4642
47990,28,"Games, toys and playthings; video game apparatus; gymnastic and sporting articles; decorations for Christmas trees.",Sometimes,A few have this,449,0.097,4642
47990,16,"Paper and cardboard; printed matter; bookbinding material; photographs; stationery and office requisites, except furniture; adhesives for stationery or household purposes; drawing materials and materials for artists; paintbrushes; instructional and teaching materials; plastic sheets, films and bags for wrapping and packaging; printers' type, printing blocks.",Sometimes,A few have this,409,0.088,4642
47990,20,"Furniture, mirrors, picture frames; containers, not of metal, for storage or transport; unworked or semi-worked bone, horn, whalebone or mother-of-pearl; shells; meerschaum; yellow amber.",Sometimes,A few have this,402,0.087,4642
47990,11,"Apparatus and installations for lighting, heating, cooling, steam generating, cooking, drying, ventilating, water supply and sanitary purposes.",Sometimes,A few have this,294,0.063,4642
47990,18,"Leather and imitations of leather; animal skins and hides; luggage and carrying bags; umbrellas and parasols; walking sticks; whips, harness and saddlery; collars, leashes and clothing for animals.",Sometimes,A few have this,271,0.058,4642
47990,30,"Coffee, tea, cocoa and artificial coffee; rice, pasta and noodles; tapioca and sago; flour and preparations made from cereals; bread, pastries and confectionery; chocolate; ice cream, sorbets and other edible ices; sugar, honey, treacle; yeast, baking-powder; salt, seasonings, spices, preserved herbs; vinegar, sauces and other condiments; ice (frozen water).",Sometimes,A few have this,254,0.055,4642
47990,41,Education; providing of training; entertainment; sporting and cultural activities.,Sometimes,A few have this,245,0.053,4642
49410,39,Transport; packaging and storage of goods; travel arrangement.,Always,Most use this,245,0.571,429
49410,35,"Advertising; business management, business administration and consultancy, office functions.",Sometimes,Some use this,102,0.238,429
49410,9,"Scientific, research, navigation, surveying, photographic, cinematographic, audiovisual, optical, weighing, measuring, signalling, detecting, testing, inspecting, life-saving and teaching apparatus and instruments; apparatus and instruments for conducting, switching, transforming, accumulating, regulating or controlling the distribution or use of electricity; apparatus and instruments for recording, transmitting, reproducing or processing sound, images or data; recorded and downloadable media, computer software, blank digital or analogue recording and storage media; mechanisms for coin-operated apparatus; cash registers, calculating devices; computers and computer peripheral devices; diving suits, divers' masks, ear plugs for divers, nose clips for divers and swimmers, gloves for divers, breathing apparatus for underwater swimming; fire-extinguishing apparatus.",Sometimes,A few have this,52,0.121,429
49410,42,"Scientific and technological services and research and design relating thereto; industrial analysis, industrial research and industrial design services; quality control and authentication services; design and development of computer hardware and software.",Sometimes,A few have this,48,0.112,429
49410,41,Education; providing of training; entertainment; sporting and cultural activities.,Sometimes,A few have this,26,0.061,429
49410,19,"Materials, not of metal, for building and construction; rigid pipes, not of metal, for building; asphalt, pitch, tar and bitumen; transportable buildings, not of metal; monuments, not of metal.",Sometimes,A few have this,25,0.058,429
49410,37,"Construction services; installation and repair services; mining extraction, oil and gas drilling.",Sometimes,A few have this,23,0.054,429
52103,39,Transport; packaging and storage of goods; travel arrangement.,Always,Most use this,135,0.547,247
52103,35,"Advertising; business management, business administration and consultancy, office functions.",Sometimes,Some use this,84,0.34,247
52103,9,"Scientific, research, navigation, surveying, photographic, cinematographic, audiovisual, optical, weighing, measuring, signalling, detecting, testing, inspecting, life-saving and teaching apparatus and instruments; apparatus and instruments for conducting, switching, transforming, accumulating, regulating or controlling the distribution or use of electricity; apparatus and instruments for recording, transmitting, reproducing or processing sound, images or data; recorded and downloadable media, computer software, blank digital or analogue recording and storage media; mechanisms for coin-operated apparatus; cash registers, calculating devices; computers and computer peripheral devices; diving suits, divers' masks, ear plugs for divers, nose clips for divers and swimmers, gloves for divers, breathing apparatus for underwater swimming; fire-extinguishing apparatus.",Sometimes,A few have this,27,0.109,247
52103,20,"Furniture, mirrors, picture frames; containers, not of metal, for storage or transport; unworked or semi-worked bone, horn, whalebone or mother-of-pearl; shells; meerschaum; yellow amber.",Sometimes,A few have this,26,0.105,247
52103,42,"Scientific and technological services and research and design relating thereto; industrial analysis, industrial research and industrial design services; quality control and authentication services; design and development of computer hardware and software.",Sometimes,A few have this,25,0.101,247
52103,16,"Paper and cardboard; printed matter; bookbinding material; photographs; stationery and office requisites, except furniture; adhesives for stationery or household purposes; drawing materials and materials for artists; paintbrushes; instructional and teaching materials; plastic sheets, films and bags for wrapping and packaging; printers' type, printing blocks.",Sometimes,A few have this,23,0.093,247
52103,11,"Apparatus and installations for lighting, heating, cooling, steam generating, cooking, drying, ventilating, water supply and sanitary purposes.",Sometimes,A few have this,18,0.073,247
52103,36,"Financial, monetary and banking services; insurance services; real estate affairs.",Sometimes,A few have this,16,0.065,247
52103,25,"Clothing, footwear, headwear.",Sometimes,A few have this,15,0.061,247
52103,3,"Non-medicated cosmetics and toiletry preparations; non-medicated dentifrices; perfumery, essential oils; bleaching preparations and other substances for laundry use; cleaning, polishing, scouring and abrasive preparations.",Sometimes,A few have this,14,0.057,247
52103,30,"Coffee, tea, cocoa and artificial coffee; rice, pasta and noodles; tapioca and sago; flour and preparations made from cereals; bread, pastries and confectionery; chocolate; ice cream, sorbets and other edible ices; sugar, honey, treacle; yeast, baking-powder; salt, seasonings, spices, preserved herbs; vinegar, sauces and other condiments; ice (frozen water).",Sometimes,A few have this,13,0.053,247
52103,6,"Common metals and their alloys, ores; metal materials for building and construction; transportable buildings of metal; non-electric cables and wires of common metal; small items of metal hardware; metal containers for storage or transport; safes.",Sometimes,A few have this,13,0.053,247
49420,39,Transport; packaging and storage of goods; travel arrangement.,Always,Most use this,59,0.702,84
49420,35,"Advertising; business management, business administration and consultancy, office functions.",Sometimes,Some use this,17,0.202,84
49420,37,"Construction services; installation and repair services; mining extraction, oil and gas drilling.",Sometimes,Some use this,16,0.19,84
49420,20,"Furniture, mirrors, picture frames; containers, not of metal, for storage or transport; unworked or semi-worked bone, horn, whalebone or mother-of-pearl; shells; meerschaum; yellow amber.",Sometimes,Some use this,14,0.167,84
49420,42,"Scientific and technological services and research and design relating thereto; industrial analysis, industrial research and industrial design services; quality control and authentication services; design and development of computer hardware and software.",Sometimes,A few have this,5,0.06,84
55100,43,Services for providing food and drink; temporary accommodation.,Always,All use this,400,0.76,526
55100,41,Education; providing of training; entertainment; sporting and cultural activities.,Sometimes,Some use this,137,0.26,526
55100,35,"Advertising; business management, business administration and consultancy, office functions.",Sometimes,Some use this,126,0.24,526
55100,44,"Medical services; veterinary services; hygienic and beauty care for human beings or animals; agriculture, aquaculture, horticulture and forestry services.",Sometimes,A few have this,76,0.144,526
55100,25,"Clothing, footwear, headwear.",Sometimes,A few have this,48,0.091,526
55100,36,"Financial, monetary and banking services; insurance services; real estate affairs.",Sometimes,A few have this,48,0.091,526
55100,39,Transport; packaging and storage of goods; travel arrangement.,Sometimes,A few have this,47,0.089,526
55100,32,Beers; non-alcoholic beverages; mineral and aerated waters; fruit beverages and fruit juices; syrups and other non-alcoholic preparations for making beverages.,Sometimes,A few have this,38,0.072,526
55100,9,"Scientific, research, navigation, surveying, photographic, cinematographic, audiovisual, optical, weighing, measuring, signalling, detecting, testing, inspecting, life-saving and teaching apparatus and instruments; apparatus and instruments for conducting, switching, transforming, accumulating, regulating or controlling the distribution or use of electricity; apparatus and instruments for recording, transmitting, reproducing or processing sound, images or data; recorded and downloadable media, computer software, blank digital or analogue recording and storage media; mechanisms for coin-operated apparatus; cash registers, calculating devices; computers and computer peripheral devices; diving suits, divers' masks, ear plugs for divers, nose clips for divers and swimmers, gloves for divers, breathing apparatus for underwater swimming; fire-extinguishing apparatus.",Sometimes,A few have this,35,0.067,526
55100,16,"Paper and cardboard; printed matter; bookbinding material; photographs; stationery and office requisites, except furniture; adhesives for stationery or household purposes; drawing materials and materials for artists; paintbrushes; instructional and teaching materials; plastic sheets, films and bags for wrapping and packaging; printers' type, printing blocks.",Sometimes,A few have this,35,0.067,526
55100,33,"Alcoholic beverages, except beers; alcoholic preparations for making beverages.",Sometimes,A few have this,32,0.061,526
55100,45,Legal services; security services for the physical protection of tangible property and individuals; dating services; online social networking services; funeral services; babysitting.,Sometimes,A few have this,30,0.057,526
55100,18,"Leather and imitations of leather; animal skins and hides; luggage and carrying bags; umbrellas and parasols; walking sticks; whips, harness and saddlery; collars, leashes and clothing for animals.",Sometimes,A few have this,27,0.051,526
53202,39,Transport; packaging and storage of goods; travel arrangement.,Always,Most use this,60,0.5,120
53202,35,"Advertising; business management, business administration and consultancy, office functions.",Sometimes,Some use this,44,0.367,120
53202,9,"Scientific, research, navigation, surveying, photographic, cinematographic, audiovisual, optical, weighing, measuring, signalling, detecting, testing, inspecting, life-saving and teaching apparatus and instruments; apparatus and instruments for conducting, switching, transforming, accumulating, regulating or controlling the distribution or use of electricity; apparatus and instruments for recording, transmitting, reproducing or processing sound, images or data; recorded and downloadable media, computer software, blank digital or analogue recording and storage media; mechanisms for coin-operated apparatus; cash registers, calculating devices; computers and computer peripheral devices; diving suits, divers' masks, ear plugs for divers, nose clips for divers and swimmers, gloves for divers, breathing apparatus for underwater swimming; fire-extinguishing apparatus.",Sometimes,Some use this,32,0.267,120
53202,25,"Clothing, footwear, headwear.",Sometimes,A few have this,17,0.142,120
53202,42,"Scientific and technological services and research and design relating thereto; industrial analysis, industrial research and industrial design services; quality control and authentication services; design and development of computer hardware and software.",Sometimes,A few have this,15,0.125,120
53202,18,"Leather and imitations of leather; animal skins and hides; luggage and carrying bags; umbrellas and parasols; walking sticks; whips, harness and saddlery; collars, leashes and clothing for animals.",Sometimes,A few have this,10,0.083,120
53202,36,"Financial, monetary and banking services; insurance services; real estate affairs.",Sometimes,A few have this,10,0.083,120
53202,20,"Furniture, mirrors, picture frames; containers, not of metal, for storage or transport; unworked or semi-worked bone, horn, whalebone or mother-of-pearl; shells; meerschaum; yellow amber.",Sometimes,A few have this,9,0.075,120
53202,14,"Precious metals and their alloys; jewellery, precious and semi-precious stones; horological and chronometric instruments.",Sometimes,A few have this,9,0.075,120
53202,21,"Household or kitchen utensils and containers; cookware and tableware, except forks, knives and spoons; combs and sponges; brushes, except paintbrushes; brush-making materials; articles for cleaning purposes; unworked or semi-worked glass, except building glass; glassware, porcelain and earthenware.",Sometimes,A few have this,8,0.067,120
53202,41,Education; providing of training; entertainment; sporting and cultural activities.,Sometimes,A few have this,8,0.067,120
53202,28,"Games, toys and playthings; video game apparatus; gymnastic and sporting articles; decorations for Christmas trees.",Sometimes,A few have this,7,0.058,120
53202,3,"Non-medicated cosmetics and toiletry preparations; non-medicated dentifrices; perfumery, essential oils; bleaching preparations and other substances for laundry use; cleaning, polishing, scouring and abrasive preparations.",Sometimes,A few have this,7,0.058,120
53202,16,"Paper and cardboard; printed matter; bookbinding material; photographs; stationery and office requisites, except furniture; adhesives for stationery or household purposes; drawing materials and materials for artists; paintbrushes; instructional and teaching materials; plastic sheets, films and bags for wrapping and packaging; printers' type, printing blocks.",Sometimes,A few have this,6,0.05,120
56102,43,Services for providing food and drink; temporary accommodation.,Always,All use this,967,0.794,1218
56102,30,"Coffee, tea, cocoa and artificial coffee; rice, pasta and noodles; tapioca and sago; flour and preparations made from cereals; bread, pastries and confectionery; chocolate; ice cream, sorbets and other edible ices; sugar, honey, treacle; yeast, baking-powder; salt, seasonings, spices, preserved herbs; vinegar, sauces and other condiments; ice (frozen water).",Sometimes,Some use this,498,0.409,1218
56102,35,"Advertising; business management, business administration and consultancy, office functions.",Sometimes,Some use this,286,0.235,1218
56102,29,"Meat, fish, poultry and game; meat extracts; preserved, frozen, dried and cooked fruits and vegetables; jellies, jams, compotes; eggs; milk, cheese, butter, yogurt and other milk products; oils and fats for food.",Sometimes,A few have this,149,0.122,1218
56102,32,Beers; non-alcoholic beverages; mineral and aerated waters; fruit beverages and fruit juices; syrups and other non-alcoholic preparations for making beverages.,Sometimes,A few have this,108,0.089,1218
56102,25,"Clothing, footwear, headwear.",Sometimes,A few have this,106,0.087,1218
56102,41,Education; providing of training; entertainment; sporting and cultural activities.,Sometimes,A few have this,101,0.083,1218
56102,21,"Household or kitchen utensils and containers; cookware and tableware, except forks, knives and spoons; combs and sponges; brushes, except paintbrushes; brush-making materials; articles for cleaning purposes; unworked or semi-worked glass, except building glass; glassware, porcelain and earthenware.",Sometimes,A few have this,98,0.08,1218
56102,39,Transport; packaging and storage of goods; travel arrangement.,Sometimes,A few have this,76,0.062,1218
55300,43,Services for providing food and drink; temporary accommodation.,Always,Most use this,32,0.604,53
55300,41,Education; providing of training; entertainment; sporting and cultural activities.,Sometimes,Some use this,21,0.396,53
55300,35,"Advertising; business management, business administration and consultancy, office functions.",Sometimes,Some use this,12,0.226,53
55300,36,"Financial, monetary and banking services; insurance services; real estate affairs.",Sometimes,Some use this,10,0.189,53
55300,39,Transport; packaging and storage of goods; travel arrangement.,Sometimes,Some use this,10,0.189,53
55300,16,"Paper and cardboard; printed matter; bookbinding material; photographs; stationery and office requisites, except furniture; adhesives for stationery or household purposes; drawing materials and materials for artists; paintbrushes; instructional and teaching materials; plastic sheets, films and bags for wrapping and packaging; printers' type, printing blocks.",Sometimes,Some use this,10,0.189,53
55300,18,"Leather and imitations of leather; animal skins and hides; luggage and carrying bags; umbrellas and parasols; walking sticks; whips, harness and saddlery; collars, leashes and clothing for animals.",Sometimes,A few have this,7,0.132,53
55300,28,"Games, toys and playthings; video game apparatus; gymnastic and sporting articles; decorations for Christmas trees.",Sometimes,A few have this,7,0.132,53
55300,25,"Clothing, footwear, headwear.",Sometimes,A few have this,6,0.113,53
55300,9,"Scientific, research, navigation, surveying, photographic, cinematographic, audiovisual, optical, weighing, measuring, signalling, detecting, testing, inspecting, life-saving and teaching apparatus and instruments; apparatus and instruments for conducting, switching, transforming, accumulating, regulating or controlling the distribution or use of electricity; apparatus and instruments for recording, transmitting, reproducing or processing sound, images or data; recorded and downloadable media, computer software, blank digital or analogue recording and storage media; mechanisms for coin-operated apparatus; cash registers, calculating devices; computers and computer peripheral devices; diving suits, divers' masks, ear plugs for divers, nose clips for divers and swimmers, gloves for divers, breathing apparatus for underwater swimming; fire-extinguishing apparatus.",Sometimes,A few have this,5,0.094,53
55300,42,"Scientific and technological services and research and design relating thereto; industrial analysis, industrial research and industrial design services; quality control and authentication services; design and development of computer hardware and software.",Sometimes,A few have this,5,0.094,53
55300,44,"Medical services; veterinary services; hygienic and beauty care for human beings or animals; agriculture, aquaculture, horticulture and forestry services.",Sometimes,A few have this,4,0.075,53
55300,45,Legal services; security services for the physical protection of tangible property and individuals; dating services; online social networking services; funeral services; babysitting.,Sometimes,A few have this,3,0.057,53
55300,4,"Industrial oils and greases, wax; lubricants; dust absorbing, wetting and binding compositions; fuels and illuminants; candles and wicks for lighting.",Sometimes,A few have this,3,0.057,53
55300,1,"Chemicals for use in industry, science and photography, as well as in agriculture, horticulture and forestry; unprocessed artificial resins, unprocessed plastics; fire extinguishing and fire prevention compositions; tempering and soldering preparations; substances for tanning animal skins and hides; adhesives for use in industry; putties and other paste fillers; compost, manures, fertilizers; biological preparations for use in industry and science.",Sometimes,A few have this,3,0.057,53
56302,43,Services for providing food and drink; temporary accommodation.,Always,Most use this,381,0.588,648
56302,32,Beers; non-alcoholic beverages; mineral and aerated waters; fruit beverages and fruit juices; syrups and other non-alcoholic preparations for making beverages.,Sometimes,Some use this,227,0.35,648
56302,41,Education; providing of training; entertainment; sporting and cultural activities.,Sometimes,Some use this,179,0.276,648
56302,35,"Advertising; business management, business administration and consultancy, office functions.",Sometimes,Some use this,127,0.196,648
56302,33,"Alcoholic beverages, except beers; alcoholic preparations for making beverages.",Sometimes,Some use this,115,0.177,648
56302,25,"Clothing, footwear, headwear.",Sometimes,A few have this,71,0.11,648
56302,30,"Coffee, tea, cocoa and artificial coffee; rice, pasta and noodles; tapioca and sago; flour and preparations made from cereals; bread, pastries and confectionery; chocolate; ice cream, sorbets and other edible ices; sugar, honey, treacle; yeast, baking-powder; salt, seasonings, spices, preserved herbs; vinegar, sauces and other condiments; ice (frozen water).",Sometimes,A few have this,41,0.063,648
56302,21,"Household or kitchen utensils and containers; cookware and tableware, except forks, knives and spoons; combs and sponges; brushes, except paintbrushes; brush-making materials; articles for cleaning purposes; unworked or semi-worked glass, except building glass; glassware, porcelain and earthenware.",Sometimes,A few have this,40,0.062,648
56210,43,Services for providing food and drink; temporary accommodation.,Always,Most use this,480,0.65,739
56210,41,Education; providing of training; entertainment; sporting and cultural activities.,Sometimes,Some use this,234,0.317,739
56210,35,"Advertising; business management, business administration and consultancy, office functions.",Sometimes,Some use this,231,0.313,739
56210,30,"Coffee, tea, cocoa and artificial coffee; rice, pasta and noodles; tapioca and sago; flour and preparations made from cereals; bread, pastries and confectionery; chocolate; ice cream, sorbets and other edible ices; sugar, honey, treacle; yeast, baking-powder; salt, seasonings, spices, preserved herbs; vinegar, sauces and other condiments; ice (frozen water).",Sometimes,Some use this,172,0.233,739
56210,29,"Meat, fish, poultry and game; meat extracts; preserved, frozen, dried and cooked fruits and vegetables; jellies, jams, compotes; eggs; milk, cheese, butter, yogurt and other milk products; oils and fats for food.",Sometimes,A few have this,97,0.131,739
56210,25,"Clothing, footwear, headwear.",Sometimes,A few have this,82,0.111,739
56210,39,Transport; packaging and storage of goods; travel arrangement.,Sometimes,A few have this,70,0.095,739
56210,16,"Paper and cardboard; printed matter; bookbinding material; photographs; stationery and office requisites, except furniture; adhesives for stationery or household purposes; drawing materials and materials for artists; paintbrushes; instructional and teaching materials; plastic sheets, films and bags for wrapping and packaging; printers' type, printing blocks.",Sometimes,A few have this,59,0.08,739
56210,9,"Scientific, research, navigation, surveying, photographic, cinematographic, audiovisual, optical, weighing, measuring, signalling, detecting, testing, inspecting, life-saving and teaching apparatus and instruments; apparatus and instruments for conducting, switching, transforming, accumulating, regulating or controlling the distribution or use of electricity; apparatus and instruments for recording, transmitting, reproducing or processing sound, images or data; recorded and downloadable media, computer software, blank digital or analogue recording and storage media; mechanisms for coin-operated apparatus; cash registers, calculating devices; computers and computer peripheral devices; diving suits, divers' masks, ear plugs for divers, nose clips for divers and swimmers, gloves for divers, breathing apparatus for underwater swimming; fire-extinguishing apparatus.",Sometimes,A few have this,54,0.073,739
56210,32,Beers; non-alcoholic beverages; mineral and aerated waters; fruit beverages and fruit juices; syrups and other non-alcoholic preparations for making beverages.,Sometimes,A few have this,52,0.07,739
56210,33,"Alcoholic beverages, except beers; alcoholic preparations for making beverages.",Sometimes,A few have this,49,0.066,739
56210,21,"Household or kitchen utensils and containers; cookware and tableware, except forks, knives and spoons; combs and sponges; brushes, except paintbrushes; brush-making materials; articles for cleaning purposes; unworked or semi-worked glass, except building glass; glassware, porcelain and earthenware.",Sometimes,A few have this,43,0.058,739
56103,43,Services for providing food and drink; temporary accommodation.,Always,All use this,1172,0.774,1514
56103,30,"Coffee, tea, cocoa and artificial coffee; rice, pasta and noodles; tapioca and sago; flour and preparations made from cereals; bread, pastries and confectionery; chocolate; ice cream, sorbets and other edible ices; sugar, honey, treacle; yeast, baking-powder; salt, seasonings, spices, preserved herbs; vinegar, sauces and other condiments; ice (frozen water).",Sometimes,Some use this,552,0.365,1514
56103,29,"Meat, fish, poultry and game; meat extracts; preserved, frozen, dried and cooked fruits and vegetables; jellies, jams, compotes; eggs; milk, cheese, butter, yogurt and other milk products; oils and fats for food.",Sometimes,Some use this,318,0.21,1514
56103,35,"Advertising; business management, business administration and consultancy, office functions.",Sometimes,Some use this,303,0.2,1514
56103,39,Transport; packaging and storage of goods; travel arrangement.,Sometimes,A few have this,162,0.107,1514
56103,32,Beers; non-alcoholic beverages; mineral and aerated waters; fruit beverages and fruit juices; syrups and other non-alcoholic preparations for making beverages.,Sometimes,A few have this,104,0.069,1514
56103,25,"Clothing, footwear, headwear.",Sometimes,A few have this,87,0.057,1514
60200,41,Education; providing of training; entertainment; sporting and cultural activities.,Always,Most use this,103,0.678,152
60200,38,Telecommunications services.,Sometimes,Some use this,67,0.441,152
60200,9,"Scientific, research, navigation, surveying, photographic, cinematographic, audiovisual, optical, weighing, measuring, signalling, detecting, testing, inspecting, life-saving and teaching apparatus and instruments; apparatus and instruments for conducting, switching, transforming, accumulating, regulating or controlling the distribution or use of electricity; apparatus and instruments for recording, transmitting, reproducing or processing sound, images or data; recorded and downloadable media, computer software, blank digital or analogue recording and storage media; mechanisms for coin-operated apparatus; cash registers, calculating devices; computers and computer peripheral devices; diving suits, divers' masks, ear plugs for divers, nose clips for divers and swimmers, gloves for divers, breathing apparatus for underwater swimming; fire-extinguishing apparatus.",Sometimes,Some use this,65,0.428,152
60200,35,"Advertising; business management, business administration and consultancy, office functions.",Sometimes,Some use this,56,0.368,152
60200,42,"Scientific and technological services and research and design relating thereto; industrial analysis, industrial research and industrial design services; quality control and authentication services; design and development of computer hardware and software.",Sometimes,Some use this,36,0.237,152
60200,25,"Clothing, footwear, headwear.",Sometimes,Some use this,32,0.211,152
60200,16,"Paper and cardboard; printed matter; bookbinding material; photographs; stationery and office requisites, except furniture; adhesives for stationery or household purposes; drawing materials and materials for artists; paintbrushes; instructional and teaching materials; plastic sheets, films and bags for wrapping and packaging; printers' type, printing blocks.",Sometimes,Some use this,27,0.178,152
60200,45,Legal services; security services for the physical protection of tangible property and individuals; dating services; online social networking services; funeral services; babysitting.,Sometimes,A few have this,17,0.112,152
60200,28,"Games, toys and playthings; video game apparatus; gymnastic and sporting articles; decorations for Christmas trees.",Sometimes,A few have this,15,0.099,152
60200,18,"Leather and imitations of leather; animal skins and hides; luggage and carrying bags; umbrellas and parasols; walking sticks; whips, harness and saddlery; collars, leashes and clothing for animals.",Sometimes,A few have this,13,0.086,152
60200,36,"Financial, monetary and banking services; insurance services; real estate affairs.",Sometimes,A few have this,10,0.066,152
60200,21,"Household or kitchen utensils and containers; cookware and tableware, except forks, knives and spoons; combs and sponges; brushes, except paintbrushes; brush-making materials; articles for cleaning purposes; unworked or semi-worked glass, except building glass; glassware, porcelain and earthenware.",Sometimes,A few have this,8,0.053,152
59111,41,Education; providing of training; entertainment; sporting and cultural activities.,Always,All use this,369,0.824,448
59111,9,"Scientific, research, navigation, surveying, photographic, cinematographic, audiovisual, optical, weighing, measuring, signalling, detecting, testing, inspecting, life-saving and teaching apparatus and instruments; apparatus and instruments for conducting, switching, transforming, accumulating, regulating or controlling the distribution or use of electricity; apparatus and instruments for recording, transmitting, reproducing or processing sound, images or data; recorded and downloadable media, computer software, blank digital or analogue recording and storage media; mechanisms for coin-operated apparatus; cash registers, calculating devices; computers and computer peripheral devices; diving suits, divers' masks, ear plugs for divers, nose clips for divers and swimmers, gloves for divers, breathing apparatus for underwater swimming; fire-extinguishing apparatus.",Sometimes,Some use this,199,0.444,448
59111,35,"Advertising; business management, business administration and consultancy, office functions.",Sometimes,Some use this,145,0.324,448
59111,25,"Clothing, footwear, headwear.",Sometimes,Some use this,120,0.268,448
59111,16,"Paper and cardboard; printed matter; bookbinding material; photographs; stationery and office requisites, except furniture; adhesives for stationery or household purposes; drawing materials and materials for artists; paintbrushes; instructional and teaching materials; plastic sheets, films and bags for wrapping and packaging; printers' type, printing blocks.",Sometimes,Some use this,95,0.212,448
59111,28,"Games, toys and playthings; video game apparatus; gymnastic and sporting articles; decorations for Christmas trees.",Sometimes,Some use this,83,0.185,448
59111,42,"Scientific and technological services and research and design relating thereto; industrial analysis, industrial research and industrial design services; quality control and authentication services; design and development of computer hardware and software.",Sometimes,Some use this,77,0.172,448
59111,38,Telecommunications services.,Sometimes,A few have this,64,0.143,448
59111,21,"Household or kitchen utensils and containers; cookware and tableware, except forks, knives and spoons; combs and sponges; brushes, except paintbrushes; brush-making materials; articles for cleaning purposes; unworked or semi-worked glass, except building glass; glassware, porcelain and earthenware.",Sometimes,A few have this,40,0.089,448
59111,18,"Leather and imitations of leather; animal skins and hides; luggage and carrying bags; umbrellas and parasols; walking sticks; whips, harness and saddlery; collars, leashes and clothing for animals.",Sometimes,A few have this,40,0.089,448
59111,14,"Precious metals and their alloys; jewellery, precious and semi-precious stones; horological and chronometric instruments.",Sometimes,A few have this,25,0.056,448
59111,45,Legal services; security services for the physical protection of tangible property and individuals; dating services; online social networking services; funeral services; babysitting.,Sometimes,A few have this,23,0.051,448
59120,41,Education; providing of training; entertainment; sporting and cultural activities.,Always,All use this,165,0.778,212
59120,35,"Advertising; business management, business administration and consultancy, office functions.",Sometimes,Some use this,90,0.425,212
59120,9,"Scientific, research, navigation, surveying, photographic, cinematographic, audiovisual, optical, weighing, measuring, signalling, detecting, testing, inspecting, life-saving and teaching apparatus and instruments; apparatus and instruments for conducting, switching, transforming, accumulating, regulating or controlling the distribution or use of electricity; apparatus and instruments for recording, transmitting, reproducing or processing sound, images or data; recorded and downloadable media, computer software, blank digital or analogue recording and storage media; mechanisms for coin-operated apparatus; cash registers, calculating devices; computers and computer peripheral devices; diving suits, divers' masks, ear plugs for divers, nose clips for divers and swimmers, gloves for divers, breathing apparatus for underwater swimming; fire-extinguishing apparatus.",Sometimes,Some use this,72,0.34,212
59120,42,"Scientific and technological services and research and design relating thereto; industrial analysis, industrial research and industrial design services; quality control and authentication services; design and development of computer hardware and software.",Sometimes,Some use this,53,0.25,212
59120,25,"Clothing, footwear, headwear.",Sometimes,Some use this,35,0.165,212
59120,38,Telecommunications services.,Sometimes,Some use this,33,0.156,212
59120,16,"Paper and cardboard; printed matter; bookbinding material; photographs; stationery and office requisites, except furniture; adhesives for stationery or household purposes; drawing materials and materials for artists; paintbrushes; instructional and teaching materials; plastic sheets, films and bags for wrapping and packaging; printers' type, printing blocks.",Sometimes,A few have this,21,0.099,212
59120,28,"Games, toys and playthings; video game apparatus; gymnastic and sporting articles; decorations for Christmas trees.",Sometimes,A few have this,13,0.061,212
58110,41,Education; providing of training; entertainment; sporting and cultural activities.,Always,Most use this,609,0.711,856
58110,16,"Paper and cardboard; printed matter; bookbinding material; photographs; stationery and office requisites, except furniture; adhesives for stationery or household purposes; drawing materials and materials for artists; paintbrushes; instructional and teaching materials; plastic sheets, films and bags for wrapping and packaging; printers' type, printing blocks.",Always,Most use this,576,0.673,856
58110,9,"Scientific, research, navigation, surveying, photographic, cinematographic, audiovisual, optical, weighing, measuring, signalling, detecting, testing, inspecting, life-saving and teaching apparatus and instruments; apparatus and instruments for conducting, switching, transforming, accumulating, regulating or controlling the distribution or use of electricity; apparatus and instruments for recording, transmitting, reproducing or processing sound, images or data; recorded and downloadable media, computer software, blank digital or analogue recording and storage media; mechanisms for coin-operated apparatus; cash registers, calculating devices; computers and computer peripheral devices; diving suits, divers' masks, ear plugs for divers, nose clips for divers and swimmers, gloves for divers, breathing apparatus for underwater swimming; fire-extinguishing apparatus.",Sometimes,Some use this,405,0.473,856
58110,35,"Advertising; business management, business administration and consultancy, office functions.",Sometimes,Some use this,196,0.229,856
58110,28,"Games, toys and playthings; video game apparatus; gymnastic and sporting articles; decorations for Christmas trees.",Sometimes,Some use this,160,0.187,856
58110,25,"Clothing, footwear, headwear.",Sometimes,A few have this,120,0.14,856
58110,42,"Scientific and technological services and research and design relating thereto; industrial analysis, industrial research and industrial design services; quality control and authentication services; design and development of computer hardware and software.",Sometimes,A few have this,78,0.091,856
59200,41,Education; providing of training; entertainment; sporting and cultural activities.,Always,All use this,644,0.795,810
59200,9,"Scientific, research, navigation, surveying, photographic, cinematographic, audiovisual, optical, weighing, measuring, signalling, detecting, testing, inspecting, life-saving and teaching apparatus and instruments; apparatus and instruments for conducting, switching, transforming, accumulating, regulating or controlling the distribution or use of electricity; apparatus and instruments for recording, transmitting, reproducing or processing sound, images or data; recorded and downloadable media, computer software, blank digital or analogue recording and storage media; mechanisms for coin-operated apparatus; cash registers, calculating devices; computers and computer peripheral devices; diving suits, divers' masks, ear plugs for divers, nose clips for divers and swimmers, gloves for divers, breathing apparatus for underwater swimming; fire-extinguishing apparatus.",Always,Most use this,408,0.504,810
59200,35,"Advertising; business management, business administration and consultancy, office functions.",Sometimes,Some use this,255,0.315,810
59200,25,"Clothing, footwear, headwear.",Sometimes,Some use this,253,0.312,810
59200,38,Telecommunications services.,Sometimes,Some use this,135,0.167,810
59200,16,"Paper and cardboard; printed matter; bookbinding material; photographs; stationery and office requisites, except furniture; adhesives for stationery or household purposes; drawing materials and materials for artists; paintbrushes; instructional and teaching materials; plastic sheets, films and bags for wrapping and packaging; printers' type, printing blocks.",Sometimes,A few have this,115,0.142,810
59200,42,"Scientific and technological services and research and design relating thereto; industrial analysis, industrial research and industrial design services; quality control and authentication services; design and development of computer hardware and software.",Sometimes,A few have this,100,0.123,810
59200,45,Legal services; security services for the physical protection of tangible property and individuals; dating services; online social networking services; funeral services; babysitting.,Sometimes,A few have this,55,0.068,810
62020,42,"Scientific and technological services and research and design relating thereto; industrial analysis, industrial research and industrial design services; quality control and authentication services; design and development of computer hardware and software.",Always,Most use this,3107,0.641,4848
62020,9,"Scientific, research, navigation, surveying, photographic, cinematographic, audiovisual, optical, weighing, measuring, signalling, detecting, testing, inspecting, life-saving and teaching apparatus and instruments; apparatus and instruments for conducting, switching, transforming, accumulating, regulating or controlling the distribution or use of electricity; apparatus and instruments for recording, transmitting, reproducing or processing sound, images or data; recorded and downloadable media, computer software, blank digital or analogue recording and storage media; mechanisms for coin-operated apparatus; cash registers, calculating devices; computers and computer peripheral devices; diving suits, divers' masks, ear plugs for divers, nose clips for divers and swimmers, gloves for divers, breathing apparatus for underwater swimming; fire-extinguishing apparatus.",Always,Most use this,2535,0.523,4848
62020,35,"Advertising; business management, business administration and consultancy, office functions.",Sometimes,Some use this,1923,0.397,4848
62020,41,Education; providing of training; entertainment; sporting and cultural activities.,Sometimes,Some use this,1063,0.219,4848
62020,38,Telecommunications services.,Sometimes,A few have this,476,0.098,4848
62020,45,Legal services; security services for the physical protection of tangible property and individuals; dating services; online social networking services; funeral services; babysitting.,Sometimes,A few have this,430,0.089,4848
62020,36,"Financial, monetary and banking services; insurance services; real estate affairs.",Sometimes,A few have this,408,0.084,4848
62011,9,"Scientific, research, navigation, surveying, photographic, cinematographic, audiovisual, optical, weighing, measuring, signalling, detecting, testing, inspecting, life-saving and teaching apparatus and instruments; apparatus and instruments for conducting, switching, transforming, accumulating, regulating or controlling the distribution or use of electricity; apparatus and instruments for recording, transmitting, reproducing or processing sound, images or data; recorded and downloadable media, computer software, blank digital or analogue recording and storage media; mechanisms for coin-operated apparatus; cash registers, calculating devices; computers and computer peripheral devices; diving suits, divers' masks, ear plugs for divers, nose clips for divers and swimmers, gloves for divers, breathing apparatus for underwater swimming; fire-extinguishing apparatus.",Always,All use this,832,0.817,1018
62011,41,Education; providing of training; entertainment; sporting and cultural activities.,Always,Most use this,632,0.621,1018
62011,42,"Scientific and technological services and research and design relating thereto; industrial analysis, industrial research and industrial design services; quality control and authentication services; design and development of computer hardware and software.",Sometimes,Some use this,378,0.371,1018
62011,28,"Games, toys and playthings; video game apparatus; gymnastic and sporting articles; decorations for Christmas trees.",Sometimes,Some use this,237,0.233,1018
62011,35,"Advertising; business management, business administration and consultancy, office functions.",Sometimes,Some use this,181,0.178,1018
62011,25,"Clothing, footwear, headwear.",Sometimes,A few have this,116,0.114,1018
62011,38,Telecommunications services.,Sometimes,A few have this,111,0.109,1018
62011,16,"Paper and cardboard; printed matter; bookbinding material; photographs; stationery and office requisites, except furniture; adhesives for stationery or household purposes; drawing materials and materials for artists; paintbrushes; instructional and teaching materials; plastic sheets, films and bags for wrapping and packaging; printers' type, printing blocks.",Sometimes,A few have this,96,0.094,1018
62011,45,Legal services; security services for the physical protection of tangible property and individuals; dating services; online social networking services; funeral services; babysitting.,Sometimes,A few have this,65,0.064,1018
61900,38,Telecommunications services.,Always,Most use this,358,0.644,556
61900,9,"Scientific, research, navigation, surveying, photographic, cinematographic, audiovisual, optical, weighing, measuring, signalling, detecting, testing, inspecting, life-saving and teaching apparatus and instruments; apparatus and instruments for conducting, switching, transforming, accumulating, regulating or controlling the distribution or use of electricity; apparatus and instruments for recording, transmitting, reproducing or processing sound, images or data; recorded and downloadable media, computer software, blank digital or analogue recording and storage media; mechanisms for coin-operated apparatus; cash registers, calculating devices; computers and computer peripheral devices; diving suits, divers' masks, ear plugs for divers, nose clips for divers and swimmers, gloves for divers, breathing apparatus for underwater swimming; fire-extinguishing apparatus.",Always,Most use this,350,0.629,556
61900,42,"Scientific and technological services and research and design relating thereto; industrial analysis, industrial research and industrial design services; quality control and authentication services; design and development of computer hardware and software.",Always,Most use this,291,0.523,556
61900,35,"Advertising; business management, business administration and consultancy, office functions.",Sometimes,Some use this,236,0.424,556
61900,41,Education; providing of training; entertainment; sporting and cultural activities.,Sometimes,Some use this,97,0.174,556
61900,37,"Construction services; installation and repair services; mining extraction, oil and gas drilling.",Sometimes,Some use this,94,0.169,556
61900,36,"Financial, monetary and banking services; insurance services; real estate affairs.",Sometimes,A few have this,65,0.117,556
61900,45,Legal services; security services for the physical protection of tangible property and individuals; dating services; online social networking services; funeral services; babysitting.,Sometimes,A few have this,58,0.104,556
61900,39,Transport; packaging and storage of goods; travel arrangement.,Sometimes,A few have this,42,0.076,556
62090,42,"Scientific and technological services and research and design relating thereto; industrial analysis, industrial research and industrial design services; quality control and authentication services; design and development of computer hardware and software.",Always,Most use this,3320,0.627,5294
62090,9,"Scientific, research, navigation, surveying, photographic, cinematographic, audiovisual, optical, weighing, measuring, signalling, detecting, testing, inspecting, life-saving and teaching apparatus and instruments; apparatus and instruments for conducting, switching, transforming, accumulating, regulating or controlling the distribution or use of electricity; apparatus and instruments for recording, transmitting, reproducing or processing sound, images or data; recorded and downloadable media, computer software, blank digital or analogue recording and storage media; mechanisms for coin-operated apparatus; cash registers, calculating devices; computers and computer peripheral devices; diving suits, divers' masks, ear plugs for divers, nose clips for divers and swimmers, gloves for divers, breathing apparatus for underwater swimming; fire-extinguishing apparatus.",Always,Most use this,3296,0.623,5294
62090,35,"Advertising; business management, business administration and consultancy, office functions.",Sometimes,Some use this,2260,0.427,5294
62090,41,Education; providing of training; entertainment; sporting and cultural activities.,Sometimes,Some use this,1317,0.249,5294
62090,36,"Financial, monetary and banking services; insurance services; real estate affairs.",Sometimes,A few have this,784,0.148,5294
62090,38,Telecommunications services.,Sometimes,A few have this,745,0.141,5294
62090,45,Legal services; security services for the physical protection of tangible property and individuals; dating services; online social networking services; funeral services; babysitting.,Sometimes,A few have this,573,0.108,5294
62090,44,"Medical services; veterinary services; hygienic and beauty care for human beings or animals; agriculture, aquaculture, horticulture and forestry services.",Sometimes,A few have this,299,0.056,5294
62090,16,"Paper and cardboard; printed matter; bookbinding material; photographs; stationery and office requisites, except furniture; adhesives for stationery or household purposes; drawing materials and materials for artists; paintbrushes; instructional and teaching materials; plastic sheets, films and bags for wrapping and packaging; printers' type, printing blocks.",Sometimes,A few have this,291,0.055,5294
63120,42,"Scientific and technological services and research and design relating thereto; industrial analysis, industrial research and industrial design services; quality control and authentication services; design and development of computer hardware and software.",Always,Most use this,753,0.541,1392
63120,35,"Advertising; business management, business administration and consultancy, office functions.",Always,Most use this,753,0.541,1392
63120,9,"Scientific, research, navigation, surveying, photographic, cinematographic, audiovisual, optical, weighing, measuring, signalling, detecting, testing, inspecting, life-saving and teaching apparatus and instruments; apparatus and instruments for conducting, switching, transforming, accumulating, regulating or controlling the distribution or use of electricity; apparatus and instruments for recording, transmitting, reproducing or processing sound, images or data; recorded and downloadable media, computer software, blank digital or analogue recording and storage media; mechanisms for coin-operated apparatus; cash registers, calculating devices; computers and computer peripheral devices; diving suits, divers' masks, ear plugs for divers, nose clips for divers and swimmers, gloves for divers, breathing apparatus for underwater swimming; fire-extinguishing apparatus.",Always,Most use this,721,0.518,1392
63120,41,Education; providing of training; entertainment; sporting and cultural activities.,Sometimes,Some use this,438,0.315,1392
63120,38,Telecommunications services.,Sometimes,A few have this,202,0.145,1392
63120,45,Legal services; security services for the physical protection of tangible property and individuals; dating services; online social networking services; funeral services; babysitting.,Sometimes,A few have this,198,0.142,1392
63120,36,"Financial, monetary and banking services; insurance services; real estate affairs.",Sometimes,A few have this,181,0.13,1392
63120,44,"Medical services; veterinary services; hygienic and beauty care for human beings or animals; agriculture, aquaculture, horticulture and forestry services.",Sometimes,A few have this,97,0.07,1392
63120,39,Transport; packaging and storage of goods; travel arrangement.,Sometimes,A few have this,94,0.068,1392
63120,16,"Paper and cardboard; printed matter; bookbinding material; photographs; stationery and office requisites, except furniture; adhesives for stationery or household purposes; drawing materials and materials for artists; paintbrushes; instructional and teaching materials; plastic sheets, films and bags for wrapping and packaging; printers' type, printing blocks.",Sometimes,A few have this,89,0.064,1392
63110,42,"Scientific and technological services and research and design relating thereto; industrial analysis, industrial research and industrial design services; quality control and authentication services; design and development of computer hardware and software.",Always,Most use this,962,0.696,1383
63110,9,"Scientific, research, navigation, surveying, photographic, cinematographic, audiovisual, optical, weighing, measuring, signalling, detecting, testing, inspecting, life-saving and teaching apparatus and instruments; apparatus and instruments for conducting, switching, transforming, accumulating, regulating or controlling the distribution or use of electricity; apparatus and instruments for recording, transmitting, reproducing or processing sound, images or data; recorded and downloadable media, computer software, blank digital or analogue recording and storage media; mechanisms for coin-operated apparatus; cash registers, calculating devices; computers and computer peripheral devices; diving suits, divers' masks, ear plugs for divers, nose clips for divers and swimmers, gloves for divers, breathing apparatus for underwater swimming; fire-extinguishing apparatus.",Always,Most use this,873,0.631,1383
63110,35,"Advertising; business management, business administration and consultancy, office functions.",Sometimes,Some use this,639,0.462,1383
63110,41,Education; providing of training; entertainment; sporting and cultural activities.,Sometimes,Some use this,280,0.202,1383
63110,38,Telecommunications services.,Sometimes,Some use this,234,0.169,1383
63110,36,"Financial, monetary and banking services; insurance services; real estate affairs.",Sometimes,Some use this,214,0.155,1383
63110,45,Legal services; security services for the physical protection of tangible property and individuals; dating services; online social networking services; funeral services; babysitting.,Sometimes,A few have this,185,0.134,1383
63110,44,"Medical services; veterinary services; hygienic and beauty care for human beings or animals; agriculture, aquaculture, horticulture and forestry services.",Sometimes,A few have this,79,0.057,1383
65120,36,"Financial, monetary and banking services; insurance services; real estate affairs.",Always,All use this,276,0.955,289
65120,35,"Advertising; business management, business administration and consultancy, office functions.",Sometimes,Some use this,75,0.26,289
65120,42,"Scientific and technological services and research and design relating thereto; industrial analysis, industrial research and industrial design services; quality control and authentication services; design and development of computer hardware and software.",Sometimes,Some use this,49,0.17,289
65120,9,"Scientific, research, navigation, surveying, photographic, cinematographic, audiovisual, optical, weighing, measuring, signalling, detecting, testing, inspecting, life-saving and teaching apparatus and instruments; apparatus and instruments for conducting, switching, transforming, accumulating, regulating or controlling the distribution or use of electricity; apparatus and instruments for recording, transmitting, reproducing or processing sound, images or data; recorded and downloadable media, computer software, blank digital or analogue recording and storage media; mechanisms for coin-operated apparatus; cash registers, calculating devices; computers and computer peripheral devices; diving suits, divers' masks, ear plugs for divers, nose clips for divers and swimmers, gloves for divers, breathing apparatus for underwater swimming; fire-extinguishing apparatus.",Sometimes,A few have this,38,0.131,289
65120,41,Education; providing of training; entertainment; sporting and cultural activities.,Sometimes,A few have this,34,0.118,289
65120,45,Legal services; security services for the physical protection of tangible property and individuals; dating services; online social networking services; funeral services; babysitting.,Sometimes,A few have this,24,0.083,289
65120,44,"Medical services; veterinary services; hygienic and beauty care for human beings or animals; agriculture, aquaculture, horticulture and forestry services.",Sometimes,A few have this,22,0.076,289
65120,16,"Paper and cardboard; printed matter; bookbinding material; photographs; stationery and office requisites, except furniture; adhesives for stationery or household purposes; drawing materials and materials for artists; paintbrushes; instructional and teaching materials; plastic sheets, films and bags for wrapping and packaging; printers' type, printing blocks.",Sometimes,A few have this,16,0.055,289
66220,36,"Financial, monetary and banking services; insurance services; real estate affairs.",Always,All use this,359,0.952,377
66220,35,"Advertising; business management, business administration and consultancy, office functions.",Sometimes,Some use this,84,0.223,377
66220,42,"Scientific and technological services and research and design relating thereto; industrial analysis, industrial research and industrial design services; quality control and authentication services; design and development of computer hardware and software.",Sometimes,A few have this,55,0.146,377
66220,9,"Scientific, research, navigation, surveying, photographic, cinematographic, audiovisual, optical, weighing, measuring, signalling, detecting, testing, inspecting, life-saving and teaching apparatus and instruments; apparatus and instruments for conducting, switching, transforming, accumulating, regulating or controlling the distribution or use of electricity; apparatus and instruments for recording, transmitting, reproducing or processing sound, images or data; recorded and downloadable media, computer software, blank digital or analogue recording and storage media; mechanisms for coin-operated apparatus; cash registers, calculating devices; computers and computer peripheral devices; diving suits, divers' masks, ear plugs for divers, nose clips for divers and swimmers, gloves for divers, breathing apparatus for underwater swimming; fire-extinguishing apparatus.",Sometimes,A few have this,41,0.109,377
66220,45,Legal services; security services for the physical protection of tangible property and individuals; dating services; online social networking services; funeral services; babysitting.,Sometimes,A few have this,31,0.082,377
66220,41,Education; providing of training; entertainment; sporting and cultural activities.,Sometimes,A few have this,29,0.077,377
66220,38,Telecommunications services.,Sometimes,A few have this,23,0.061,377
66220,39,Transport; packaging and storage of goods; travel arrangement.,Sometimes,A few have this,21,0.056,377
68310,36,"Financial, monetary and banking services; insurance services; real estate affairs.",Always,All use this,554,0.874,634
68310,35,"Advertising; business management, business administration and consultancy, office functions.",Sometimes,Some use this,265,0.418,634
68310,42,"Scientific and technological services and research and design relating thereto; industrial analysis, industrial research and industrial design services; quality control and authentication services; design and development of computer hardware and software.",Sometimes,Some use this,97,0.153,634
68310,37,"Construction services; installation and repair services; mining extraction, oil and gas drilling.",Sometimes,A few have this,81,0.128,634
68310,43,Services for providing food and drink; temporary accommodation.,Sometimes,A few have this,52,0.082,634
68310,9,"Scientific, research, navigation, surveying, photographic, cinematographic, audiovisual, optical, weighing, measuring, signalling, detecting, testing, inspecting, life-saving and teaching apparatus and instruments; apparatus and instruments for conducting, switching, transforming, accumulating, regulating or controlling the distribution or use of electricity; apparatus and instruments for recording, transmitting, reproducing or processing sound, images or data; recorded and downloadable media, computer software, blank digital or analogue recording and storage media; mechanisms for coin-operated apparatus; cash registers, calculating devices; computers and computer peripheral devices; diving suits, divers' masks, ear plugs for divers, nose clips for divers and swimmers, gloves for divers, breathing apparatus for underwater swimming; fire-extinguishing apparatus.",Sometimes,A few have this,51,0.08,634
68310,41,Education; providing of training; entertainment; sporting and cultural activities.,Sometimes,A few have this,49,0.077,634
68310,45,Legal services; security services for the physical protection of tangible property and individuals; dating services; online social networking services; funeral services; babysitting.,Sometimes,A few have this,44,0.069,634
68310,16,"Paper and cardboard; printed matter; bookbinding material; photographs; stationery and office requisites, except furniture; adhesives for stationery or household purposes; drawing materials and materials for artists; paintbrushes; instructional and teaching materials; plastic sheets, films and bags for wrapping and packaging; printers' type, printing blocks.",Sometimes,A few have this,40,0.063,634
68201,36,"Financial, monetary and banking services; insurance services; real estate affairs.",Always,Most use this,55,0.524,105
68201,35,"Advertising; business management, business administration and consultancy, office functions.",Sometimes,Some use this,34,0.324,105
68201,37,"Construction services; installation and repair services; mining extraction, oil and gas drilling.",Sometimes,Some use this,27,0.257,105
68201,42,"Scientific and technological services and research and design relating thereto; industrial analysis, industrial research and industrial design services; quality control and authentication services; design and development of computer hardware and software.",Sometimes,Some use this,22,0.21,105
68201,43,Services for providing food and drink; temporary accommodation.,Sometimes,A few have this,14,0.133,105
68201,41,Education; providing of training; entertainment; sporting and cultural activities.,Sometimes,A few have this,12,0.114,105
68201,9,"Scientific, research, navigation, surveying, photographic, cinematographic, audiovisual, optical, weighing, measuring, signalling, detecting, testing, inspecting, life-saving and teaching apparatus and instruments; apparatus and instruments for conducting, switching, transforming, accumulating, regulating or controlling the distribution or use of electricity; apparatus and instruments for recording, transmitting, reproducing or processing sound, images or data; recorded and downloadable media, computer software, blank digital or analogue recording and storage media; mechanisms for coin-operated apparatus; cash registers, calculating devices; computers and computer peripheral devices; diving suits, divers' masks, ear plugs for divers, nose clips for divers and swimmers, gloves for divers, breathing apparatus for underwater swimming; fire-extinguishing apparatus.",Sometimes,A few have this,12,0.114,105
68201,45,Legal services; security services for the physical protection of tangible property and individuals; dating services; online social networking services; funeral services; babysitting.,Sometimes,A few have this,12,0.114,105
68201,25,"Clothing, footwear, headwear.",Sometimes,A few have this,11,0.105,105
68201,44,"Medical services; veterinary services; hygienic and beauty care for human beings or animals; agriculture, aquaculture, horticulture and forestry services.",Sometimes,A few have this,9,0.086,105
68201,30,"Coffee, tea, cocoa and artificial coffee; rice, pasta and noodles; tapioca and sago; flour and preparations made from cereals; bread, pastries and confectionery; chocolate; ice cream, sorbets and other edible ices; sugar, honey, treacle; yeast, baking-powder; salt, seasonings, spices, preserved herbs; vinegar, sauces and other condiments; ice (frozen water).",Sometimes,A few have this,8,0.076,105
68201,3,"Non-medicated cosmetics and toiletry preparations; non-medicated dentifrices; perfumery, essential oils; bleaching preparations and other substances for laundry use; cleaning, polishing, scouring and abrasive preparations.",Sometimes,A few have this,7,0.067,105
66300,36,"Financial, monetary and banking services; insurance services; real estate affairs.",Always,All use this,138,0.802,172
66300,35,"Advertising; business management, business administration and consultancy, office functions.",Sometimes,Some use this,55,0.32,172
66300,9,"Scientific, research, navigation, surveying, photographic, cinematographic, audiovisual, optical, weighing, measuring, signalling, detecting, testing, inspecting, life-saving and teaching apparatus and instruments; apparatus and instruments for conducting, switching, transforming, accumulating, regulating or controlling the distribution or use of electricity; apparatus and instruments for recording, transmitting, reproducing or processing sound, images or data; recorded and downloadable media, computer software, blank digital or analogue recording and storage media; mechanisms for coin-operated apparatus; cash registers, calculating devices; computers and computer peripheral devices; diving suits, divers' masks, ear plugs for divers, nose clips for divers and swimmers, gloves for divers, breathing apparatus for underwater swimming; fire-extinguishing apparatus.",Sometimes,Some use this,40,0.233,172
66300,42,"Scientific and technological services and research and design relating thereto; industrial analysis, industrial research and industrial design services; quality control and authentication services; design and development of computer hardware and software.",Sometimes,Some use this,36,0.209,172
66300,41,Education; providing of training; entertainment; sporting and cultural activities.,Sometimes,A few have this,24,0.14,172
66300,38,Telecommunications services.,Sometimes,A few have this,9,0.052,172
68320,36,"Financial, monetary and banking services; insurance services; real estate affairs.",Always,Most use this,560,0.675,830
68320,35,"Advertising; business management, business administration and consultancy, office functions.",Sometimes,Some use this,303,0.365,830
68320,37,"Construction services; installation and repair services; mining extraction, oil and gas drilling.",Sometimes,Some use this,213,0.257,830
68320,43,Services for providing food and drink; temporary accommodation.,Sometimes,Some use this,170,0.205,830
68320,42,"Scientific and technological services and research and design relating thereto; industrial analysis, industrial research and industrial design services; quality control and authentication services; design and development of computer hardware and software.",Sometimes,Some use this,150,0.181,830
68320,41,Education; providing of training; entertainment; sporting and cultural activities.,Sometimes,A few have this,112,0.135,830
68320,9,"Scientific, research, navigation, surveying, photographic, cinematographic, audiovisual, optical, weighing, measuring, signalling, detecting, testing, inspecting, life-saving and teaching apparatus and instruments; apparatus and instruments for conducting, switching, transforming, accumulating, regulating or controlling the distribution or use of electricity; apparatus and instruments for recording, transmitting, reproducing or processing sound, images or data; recorded and downloadable media, computer software, blank digital or analogue recording and storage media; mechanisms for coin-operated apparatus; cash registers, calculating devices; computers and computer peripheral devices; diving suits, divers' masks, ear plugs for divers, nose clips for divers and swimmers, gloves for divers, breathing apparatus for underwater swimming; fire-extinguishing apparatus.",Sometimes,A few have this,95,0.114,830
68320,39,Transport; packaging and storage of goods; travel arrangement.,Sometimes,A few have this,55,0.066,830
68320,45,Legal services; security services for the physical protection of tangible property and individuals; dating services; online social networking services; funeral services; babysitting.,Sometimes,A few have this,54,0.065,830
68320,25,"Clothing, footwear, headwear.",Sometimes,A few have this,47,0.057,830
68320,16,"Paper and cardboard; printed matter; bookbinding material; photographs; stationery and office requisites, except furniture; adhesives for stationery or household purposes; drawing materials and materials for artists; paintbrushes; instructional and teaching materials; plastic sheets, films and bags for wrapping and packaging; printers' type, printing blocks.",Sometimes,A few have this,46,0.055,830
69102,45,Legal services; security services for the physical protection of tangible property and individuals; dating services; online social networking services; funeral services; babysitting.,Always,All use this,302,0.886,341
69102,35,"Advertising; business management, business administration and consultancy, office functions.",Sometimes,Some use this,116,0.34,341
69102,41,Education; providing of training; entertainment; sporting and cultural activities.,Sometimes,Some use this,87,0.255,341
69102,36,"Financial, monetary and banking services; insurance services; real estate affairs.",Sometimes,Some use this,65,0.191,341
69102,9,"Scientific, research, navigation, surveying, photographic, cinematographic, audiovisual, optical, weighing, measuring, signalling, detecting, testing, inspecting, life-saving and teaching apparatus and instruments; apparatus and instruments for conducting, switching, transforming, accumulating, regulating or controlling the distribution or use of electricity; apparatus and instruments for recording, transmitting, reproducing or processing sound, images or data; recorded and downloadable media, computer software, blank digital or analogue recording and storage media; mechanisms for coin-operated apparatus; cash registers, calculating devices; computers and computer peripheral devices; diving suits, divers' masks, ear plugs for divers, nose clips for divers and swimmers, gloves for divers, breathing apparatus for underwater swimming; fire-extinguishing apparatus.",Sometimes,Some use this,55,0.161,341
69102,16,"Paper and cardboard; printed matter; bookbinding material; photographs; stationery and office requisites, except furniture; adhesives for stationery or household purposes; drawing materials and materials for artists; paintbrushes; instructional and teaching materials; plastic sheets, films and bags for wrapping and packaging; printers' type, printing blocks.",Sometimes,A few have this,37,0.109,341
69102,42,"Scientific and technological services and research and design relating thereto; industrial analysis, industrial research and industrial design services; quality control and authentication services; design and development of computer hardware and software.",Sometimes,A few have this,35,0.103,341
70210,35,"Advertising; business management, business administration and consultancy, office functions.",Always,Most use this,526,0.728,723
70210,41,Education; providing of training; entertainment; sporting and cultural activities.,Always,Most use this,372,0.515,723
70210,42,"Scientific and technological services and research and design relating thereto; industrial analysis, industrial research and industrial design services; quality control and authentication services; design and development of computer hardware and software.",Sometimes,Some use this,187,0.259,723
70210,9,"Scientific, research, navigation, surveying, photographic, cinematographic, audiovisual, optical, weighing, measuring, signalling, detecting, testing, inspecting, life-saving and teaching apparatus and instruments; apparatus and instruments for conducting, switching, transforming, accumulating, regulating or controlling the distribution or use of electricity; apparatus and instruments for recording, transmitting, reproducing or processing sound, images or data; recorded and downloadable media, computer software, blank digital or analogue recording and storage media; mechanisms for coin-operated apparatus; cash registers, calculating devices; computers and computer peripheral devices; diving suits, divers' masks, ear plugs for divers, nose clips for divers and swimmers, gloves for divers, breathing apparatus for underwater swimming; fire-extinguishing apparatus.",Sometimes,Some use this,176,0.243,723
70210,16,"Paper and cardboard; printed matter; bookbinding material; photographs; stationery and office requisites, except furniture; adhesives for stationery or household purposes; drawing materials and materials for artists; paintbrushes; instructional and teaching materials; plastic sheets, films and bags for wrapping and packaging; printers' type, printing blocks.",Sometimes,A few have this,94,0.13,723
70210,25,"Clothing, footwear, headwear.",Sometimes,A few have this,77,0.107,723
70210,38,Telecommunications services.,Sometimes,A few have this,65,0.09,723
70210,45,Legal services; security services for the physical protection of tangible property and individuals; dating services; online social networking services; funeral services; babysitting.,Sometimes,A few have this,57,0.079,723
70210,36,"Financial, monetary and banking services; insurance services; real estate affairs.",Sometimes,A few have this,37,0.051,723
71111,42,"Scientific and technological services and research and design relating thereto; industrial analysis, industrial research and industrial design services; quality control and authentication services; design and development of computer hardware and software.",Always,All use this,250,0.817,306
71111,37,"Construction services; installation and repair services; mining extraction, oil and gas drilling.",Sometimes,Some use this,74,0.242,306
71111,35,"Advertising; business management, business administration and consultancy, office functions.",Sometimes,Some use this,58,0.19,306
71111,41,Education; providing of training; entertainment; sporting and cultural activities.,Sometimes,A few have this,37,0.121,306
71111,9,"Scientific, research, navigation, surveying, photographic, cinematographic, audiovisual, optical, weighing, measuring, signalling, detecting, testing, inspecting, life-saving and teaching apparatus and instruments; apparatus and instruments for conducting, switching, transforming, accumulating, regulating or controlling the distribution or use of electricity; apparatus and instruments for recording, transmitting, reproducing or processing sound, images or data; recorded and downloadable media, computer software, blank digital or analogue recording and storage media; mechanisms for coin-operated apparatus; cash registers, calculating devices; computers and computer peripheral devices; diving suits, divers' masks, ear plugs for divers, nose clips for divers and swimmers, gloves for divers, breathing apparatus for underwater swimming; fire-extinguishing apparatus.",Sometimes,A few have this,33,0.108,306
71111,44,"Medical services; veterinary services; hygienic and beauty care for human beings or animals; agriculture, aquaculture, horticulture and forestry services.",Sometimes,A few have this,32,0.105,306
71111,16,"Paper and cardboard; printed matter; bookbinding material; photographs; stationery and office requisites, except furniture; adhesives for stationery or household purposes; drawing materials and materials for artists; paintbrushes; instructional and teaching materials; plastic sheets, films and bags for wrapping and packaging; printers' type, printing blocks.",Sometimes,A few have this,29,0.095,306
71111,19,"Materials, not of metal, for building and construction; rigid pipes, not of metal, for building; asphalt, pitch, tar and bitumen; transportable buildings, not of metal; monuments, not of metal.",Sometimes,A few have this,24,0.078,306
71111,36,"Financial, monetary and banking services; insurance services; real estate affairs.",Sometimes,A few have this,23,0.075,306
71111,20,"Furniture, mirrors, picture frames; containers, not of metal, for storage or transport; unworked or semi-worked bone, horn, whalebone or mother-of-pearl; shells; meerschaum; yellow amber.",Sometimes,A few have this,19,0.062,306
71111,6,"Common metals and their alloys, ores; metal materials for building and construction; transportable buildings of metal; non-electric cables and wires of common metal; small items of metal hardware; metal containers for storage or transport; safes.",Sometimes,A few have this,17,0.056,306
73200,35,"Advertising; business management, business administration and consultancy, office functions.",Always,Most use this,197,0.694,284
73200,42,"Scientific and technological services and research and design relating thereto; industrial analysis, industrial research and industrial design services; quality control and authentication services; design and development of computer hardware and software.",Sometimes,Some use this,95,0.335,284
73200,9,"Scientific, research, navigation, surveying, photographic, cinematographic, audiovisual, optical, weighing, measuring, signalling, detecting, testing, inspecting, life-saving and teaching apparatus and instruments; apparatus and instruments for conducting, switching, transforming, accumulating, regulating or controlling the distribution or use of electricity; apparatus and instruments for recording, transmitting, reproducing or processing sound, images or data; recorded and downloadable media, computer software, blank digital or analogue recording and storage media; mechanisms for coin-operated apparatus; cash registers, calculating devices; computers and computer peripheral devices; diving suits, divers' masks, ear plugs for divers, nose clips for divers and swimmers, gloves for divers, breathing apparatus for underwater swimming; fire-extinguishing apparatus.",Sometimes,Some use this,74,0.261,284
73200,41,Education; providing of training; entertainment; sporting and cultural activities.,Sometimes,Some use this,74,0.261,284
73200,36,"Financial, monetary and banking services; insurance services; real estate affairs.",Sometimes,A few have this,21,0.074,284
73200,38,Telecommunications services.,Sometimes,A few have this,19,0.067,284
73200,16,"Paper and cardboard; printed matter; bookbinding material; photographs; stationery and office requisites, except furniture; adhesives for stationery or household purposes; drawing materials and materials for artists; paintbrushes; instructional and teaching materials; plastic sheets, films and bags for wrapping and packaging; printers' type, printing blocks.",Sometimes,A few have this,17,0.06,284
73200,25,"Clothing, footwear, headwear.",Sometimes,A few have this,15,0.053,284
71121,42,"Scientific and technological services and research and design relating thereto; industrial analysis, industrial research and industrial design services; quality control and authentication services; design and development of computer hardware and software.",Sometimes,Some use this,238,0.442,538
71121,9,"Scientific, research, navigation, surveying, photographic, cinematographic, audiovisual, optical, weighing, measuring, signalling, detecting, testing, inspecting, life-saving and teaching apparatus and instruments; apparatus and instruments for conducting, switching, transforming, accumulating, regulating or controlling the distribution or use of electricity; apparatus and instruments for recording, transmitting, reproducing or processing sound, images or data; recorded and downloadable media, computer software, blank digital or analogue recording and storage media; mechanisms for coin-operated apparatus; cash registers, calculating devices; computers and computer peripheral devices; diving suits, divers' masks, ear plugs for divers, nose clips for divers and swimmers, gloves for divers, breathing apparatus for underwater swimming; fire-extinguishing apparatus.",Sometimes,Some use this,186,0.346,538
71121,7,"Machines, machine tools, power-operated tools; motors and engines, except for land vehicles; machine coupling and transmission components, except for land vehicles; agricultural implements, other than hand-operated hand tools; incubators for eggs; automatic vending machines.",Sometimes,Some use this,119,0.221,538
71121,37,"Construction services; installation and repair services; mining extraction, oil and gas drilling.",Sometimes,Some use this,115,0.214,538
71121,40,Treatment of materials; recycling of waste and trash; air purification and treatment of water; printing services; food and drink preservation.,Sometimes,Some use this,90,0.167,538
71121,35,"Advertising; business management, business administration and consultancy, office functions.",Sometimes,A few have this,70,0.13,538
71121,11,"Apparatus and installations for lighting, heating, cooling, steam generating, cooking, drying, ventilating, water supply and sanitary purposes.",Sometimes,A few have this,62,0.115,538
71121,1,"Chemicals for use in industry, science and photography, as well as in agriculture, horticulture and forestry; unprocessed artificial resins, unprocessed plastics; fire extinguishing and fire prevention compositions; tempering and soldering preparations; substances for tanning animal skins and hides; adhesives for use in industry; putties and other paste fillers; compost, manures, fertilizers; biological preparations for use in industry and science.",Sometimes,A few have this,59,0.11,538
71121,6,"Common metals and their alloys, ores; metal materials for building and construction; transportable buildings of metal; non-electric cables and wires of common metal; small items of metal hardware; metal containers for storage or transport; safes.",Sometimes,A few have this,47,0.087,538
71121,39,Transport; packaging and storage of goods; travel arrangement.,Sometimes,A few have this,42,0.078,538
71121,41,Education; providing of training; entertainment; sporting and cultural activities.,Sometimes,A few have this,38,0.071,538
71121,20,"Furniture, mirrors, picture frames; containers, not of metal, for storage or transport; unworked or semi-worked bone, horn, whalebone or mother-of-pearl; shells; meerschaum; yellow amber.",Sometimes,A few have this,36,0.067,538
71121,12,"Vehicles; apparatus for locomotion by land, air or water.",Sometimes,A few have this,31,0.058,538
71121,17,"Unprocessed and semi-processed rubber, gutta-percha, gum, asbestos, mica and substitutes for all these materials; plastics and resins in extruded form for use in manufacture; packing, stopping and insulating materials; flexible pipes, tubes and hoses, not of metal.",Sometimes,A few have this,30,0.056,538
71121,19,"Materials, not of metal, for building and construction; rigid pipes, not of metal, for building; asphalt, pitch, tar and bitumen; transportable buildings, not of metal; monuments, not of metal.",Sometimes,A few have this,30,0.056,538
71121,4,"Industrial oils and greases, wax; lubricants; dust absorbing, wetting and binding compositions; fuels and illuminants; candles and wicks for lighting.",Sometimes,A few have this,29,0.054,538
71121,45,Legal services; security services for the physical protection of tangible property and individuals; dating services; online social networking services; funeral services; babysitting.,Sometimes,A few have this,27,0.05,538
71129,42,"Scientific and technological services and research and design relating thereto; industrial analysis, industrial research and industrial design services; quality control and authentication services; design and development of computer hardware and software.",Always,Most use this,394,0.505,780
71129,9,"Scientific, research, navigation, surveying, photographic, cinematographic, audiovisual, optical, weighing, measuring, signalling, detecting, testing, inspecting, life-saving and teaching apparatus and instruments; apparatus and instruments for conducting, switching, transforming, accumulating, regulating or controlling the distribution or use of electricity; apparatus and instruments for recording, transmitting, reproducing or processing sound, images or data; recorded and downloadable media, computer software, blank digital or analogue recording and storage media; mechanisms for coin-operated apparatus; cash registers, calculating devices; computers and computer peripheral devices; diving suits, divers' masks, ear plugs for divers, nose clips for divers and swimmers, gloves for divers, breathing apparatus for underwater swimming; fire-extinguishing apparatus.",Sometimes,Some use this,349,0.447,780
71129,37,"Construction services; installation and repair services; mining extraction, oil and gas drilling.",Sometimes,Some use this,156,0.2,780
71129,35,"Advertising; business management, business administration and consultancy, office functions.",Sometimes,Some use this,155,0.199,780
71129,7,"Machines, machine tools, power-operated tools; motors and engines, except for land vehicles; machine coupling and transmission components, except for land vehicles; agricultural implements, other than hand-operated hand tools; incubators for eggs; automatic vending machines.",Sometimes,A few have this,99,0.127,780
71129,6,"Common metals and their alloys, ores; metal materials for building and construction; transportable buildings of metal; non-electric cables and wires of common metal; small items of metal hardware; metal containers for storage or transport; safes.",Sometimes,A few have this,94,0.121,780
71129,41,Education; providing of training; entertainment; sporting and cultural activities.,Sometimes,A few have this,90,0.115,780
71129,12,"Vehicles; apparatus for locomotion by land, air or water.",Sometimes,A few have this,63,0.081,780
71129,40,Treatment of materials; recycling of waste and trash; air purification and treatment of water; printing services; food and drink preservation.,Sometimes,A few have this,47,0.06,780
71129,11,"Apparatus and installations for lighting, heating, cooling, steam generating, cooking, drying, ventilating, water supply and sanitary purposes.",Sometimes,A few have this,45,0.058,780
71129,36,"Financial, monetary and banking services; insurance services; real estate affairs.",Sometimes,A few have this,41,0.053,780
71129,45,Legal services; security services for the physical protection of tangible property and individuals; dating services; online social networking services; funeral services; babysitting.,Sometimes,A few have this,39,0.05,780
77110,39,Transport; packaging and storage of goods; travel arrangement.,Always,Most use this,139,0.732,190
77110,35,"Advertising; business management, business administration and consultancy, office functions.",Sometimes,Some use this,60,0.316,190
77110,36,"Financial, monetary and banking services; insurance services; real estate affairs.",Sometimes,Some use this,52,0.274,190
77110,12,"Vehicles; apparatus for locomotion by land, air or water.",Sometimes,Some use this,49,0.258,190
77110,42,"Scientific and technological services and research and design relating thereto; industrial analysis, industrial research and industrial design services; quality control and authentication services; design and development of computer hardware and software.",Sometimes,A few have this,27,0.142,190
77110,37,"Construction services; installation and repair services; mining extraction, oil and gas drilling.",Sometimes,A few have this,25,0.132,190
77110,9,"Scientific, research, navigation, surveying, photographic, cinematographic, audiovisual, optical, weighing, measuring, signalling, detecting, testing, inspecting, life-saving and teaching apparatus and instruments; apparatus and instruments for conducting, switching, transforming, accumulating, regulating or controlling the distribution or use of electricity; apparatus and instruments for recording, transmitting, reproducing or processing sound, images or data; recorded and downloadable media, computer software, blank digital or analogue recording and storage media; mechanisms for coin-operated apparatus; cash registers, calculating devices; computers and computer peripheral devices; diving suits, divers' masks, ear plugs for divers, nose clips for divers and swimmers, gloves for divers, breathing apparatus for underwater swimming; fire-extinguishing apparatus.",Sometimes,A few have this,22,0.116,190
77110,41,Education; providing of training; entertainment; sporting and cultural activities.,Sometimes,A few have this,11,0.058,190
77110,25,"Clothing, footwear, headwear.",Sometimes,A few have this,10,0.053,190
74300,41,Education; providing of training; entertainment; sporting and cultural activities.,Always,Most use this,54,0.692,78
74300,35,"Advertising; business management, business administration and consultancy, office functions.",Always,Most use this,40,0.513,78
74300,42,"Scientific and technological services and research and design relating thereto; industrial analysis, industrial research and industrial design services; quality control and authentication services; design and development of computer hardware and software.",Sometimes,Some use this,25,0.321,78
74300,9,"Scientific, research, navigation, surveying, photographic, cinematographic, audiovisual, optical, weighing, measuring, signalling, detecting, testing, inspecting, life-saving and teaching apparatus and instruments; apparatus and instruments for conducting, switching, transforming, accumulating, regulating or controlling the distribution or use of electricity; apparatus and instruments for recording, transmitting, reproducing or processing sound, images or data; recorded and downloadable media, computer software, blank digital or analogue recording and storage media; mechanisms for coin-operated apparatus; cash registers, calculating devices; computers and computer peripheral devices; diving suits, divers' masks, ear plugs for divers, nose clips for divers and swimmers, gloves for divers, breathing apparatus for underwater swimming; fire-extinguishing apparatus.",Sometimes,Some use this,21,0.269,78
74300,45,Legal services; security services for the physical protection of tangible property and individuals; dating services; online social networking services; funeral services; babysitting.,Sometimes,Some use this,14,0.179,78
74300,16,"Paper and cardboard; printed matter; bookbinding material; photographs; stationery and office requisites, except furniture; adhesives for stationery or household purposes; drawing materials and materials for artists; paintbrushes; instructional and teaching materials; plastic sheets, films and bags for wrapping and packaging; printers' type, printing blocks.",Sometimes,A few have this,8,0.103,78
74300,38,Telecommunications services.,Sometimes,A few have this,7,0.09,78
74300,25,"Clothing, footwear, headwear.",Sometimes,A few have this,5,0.064,78
74300,21,"Household or kitchen utensils and containers; cookware and tableware, except forks, knives and spoons; combs and sponges; brushes, except paintbrushes; brush-making materials; articles for cleaning purposes; unworked or semi-worked glass, except building glass; glassware, porcelain and earthenware.",Sometimes,A few have this,4,0.051,78
74300,44,"Medical services; veterinary services; hygienic and beauty care for human beings or animals; agriculture, aquaculture, horticulture and forestry services.",Sometimes,A few have this,4,0.051,78
74300,36,"Financial, monetary and banking services; insurance services; real estate affairs.",Sometimes,A few have this,4,0.051,78
74201,41,Education; providing of training; entertainment; sporting and cultural activities.,Always,Most use this,58,0.598,97
74201,35,"Advertising; business management, business administration and consultancy, office functions.",Sometimes,Some use this,39,0.402,97
74201,25,"Clothing, footwear, headwear.",Sometimes,Some use this,25,0.258,97
74201,42,"Scientific and technological services and research and design relating thereto; industrial analysis, industrial research and industrial design services; quality control and authentication services; design and development of computer hardware and software.",Sometimes,Some use this,21,0.216,97
74201,9,"Scientific, research, navigation, surveying, photographic, cinematographic, audiovisual, optical, weighing, measuring, signalling, detecting, testing, inspecting, life-saving and teaching apparatus and instruments; apparatus and instruments for conducting, switching, transforming, accumulating, regulating or controlling the distribution or use of electricity; apparatus and instruments for recording, transmitting, reproducing or processing sound, images or data; recorded and downloadable media, computer software, blank digital or analogue recording and storage media; mechanisms for coin-operated apparatus; cash registers, calculating devices; computers and computer peripheral devices; diving suits, divers' masks, ear plugs for divers, nose clips for divers and swimmers, gloves for divers, breathing apparatus for underwater swimming; fire-extinguishing apparatus.",Sometimes,Some use this,19,0.196,97
74201,16,"Paper and cardboard; printed matter; bookbinding material; photographs; stationery and office requisites, except furniture; adhesives for stationery or household purposes; drawing materials and materials for artists; paintbrushes; instructional and teaching materials; plastic sheets, films and bags for wrapping and packaging; printers' type, printing blocks.",Sometimes,A few have this,11,0.113,97
74201,18,"Leather and imitations of leather; animal skins and hides; luggage and carrying bags; umbrellas and parasols; walking sticks; whips, harness and saddlery; collars, leashes and clothing for animals.",Sometimes,A few have this,9,0.093,97
74201,28,"Games, toys and playthings; video game apparatus; gymnastic and sporting articles; decorations for Christmas trees.",Sometimes,A few have this,7,0.072,97
74201,38,Telecommunications services.,Sometimes,A few have this,7,0.072,97
74201,40,Treatment of materials; recycling of waste and trash; air purification and treatment of water; printing services; food and drink preservation.,Sometimes,A few have this,6,0.062,97
75000,44,"Medical services; veterinary services; hygienic and beauty care for human beings or animals; agriculture, aquaculture, horticulture and forestry services.",Always,Most use this,171,0.681,251
75000,5,"Pharmaceuticals, medical and veterinary preparations; sanitary preparations for medical purposes; dietetic food and substances adapted for medical or veterinary use, food for babies; dietary supplements for human beings and animals; plasters, materials for dressings; material for stopping teeth, dental wax; disinfectants; preparations for destroying vermin; fungicides, herbicides.",Sometimes,Some use this,78,0.311,251
75000,35,"Advertising; business management, business administration and consultancy, office functions.",Sometimes,Some use this,65,0.259,251
75000,42,"Scientific and technological services and research and design relating thereto; industrial analysis, industrial research and industrial design services; quality control and authentication services; design and development of computer hardware and software.",Sometimes,Some use this,58,0.231,251
75000,41,Education; providing of training; entertainment; sporting and cultural activities.,Sometimes,Some use this,56,0.223,251
75000,9,"Scientific, research, navigation, surveying, photographic, cinematographic, audiovisual, optical, weighing, measuring, signalling, detecting, testing, inspecting, life-saving and teaching apparatus and instruments; apparatus and instruments for conducting, switching, transforming, accumulating, regulating or controlling the distribution or use of electricity; apparatus and instruments for recording, transmitting, reproducing or processing sound, images or data; recorded and downloadable media, computer software, blank digital or analogue recording and storage media; mechanisms for coin-operated apparatus; cash registers, calculating devices; computers and computer peripheral devices; diving suits, divers' masks, ear plugs for divers, nose clips for divers and swimmers, gloves for divers, breathing apparatus for underwater swimming; fire-extinguishing apparatus.",Sometimes,Some use this,42,0.167,251
75000,10,"Surgical, medical, dental and veterinary apparatus and instruments; artificial limbs, eyes and teeth; orthopaedic articles; suture materials; therapeutic and assistive devices adapted for persons with disabilities; massage apparatus; apparatus, devices and articles for nursing infants; sexual activity apparatus, devices and articles.",Sometimes,Some use this,38,0.151,251
75000,45,Legal services; security services for the physical protection of tangible property and individuals; dating services; online social networking services; funeral services; babysitting.,Sometimes,A few have this,35,0.139,251
75000,31,"Raw and unprocessed agricultural, aquacultural, horticultural and forestry products; raw and unprocessed grains and seeds; fresh fruits and vegetables, fresh herbs; natural plants and flowers; bulbs, seedlings and seeds for planting; live animals; foodstuffs and beverages for animals; malt.",Sometimes,A few have this,27,0.108,251
75000,36,"Financial, monetary and banking services; insurance services; real estate affairs.",Sometimes,A few have this,27,0.108,251
75000,20,"Furniture, mirrors, picture frames; containers, not of metal, for storage or transport; unworked or semi-worked bone, horn, whalebone or mother-of-pearl; shells; meerschaum; yellow amber.",Sometimes,A few have this,20,0.08,251
75000,3,"Non-medicated cosmetics and toiletry preparations; non-medicated dentifrices; perfumery, essential oils; bleaching preparations and other substances for laundry use; cleaning, polishing, scouring and abrasive preparations.",Sometimes,A few have this,18,0.072,251
75000,16,"Paper and cardboard; printed matter; bookbinding material; photographs; stationery and office requisites, except furniture; adhesives for stationery or household purposes; drawing materials and materials for artists; paintbrushes; instructional and teaching materials; plastic sheets, films and bags for wrapping and packaging; printers' type, printing blocks.",Sometimes,A few have this,18,0.072,251
75000,39,Transport; packaging and storage of goods; travel arrangement.,Sometimes,A few have this,17,0.068,251
75000,21,"Household or kitchen utensils and containers; cookware and tableware, except forks, knives and spoons; combs and sponges; brushes, except paintbrushes; brush-making materials; articles for cleaning purposes; unworked or semi-worked glass, except building glass; glassware, porcelain and earthenware.",Sometimes,A few have this,16,0.064,251
75000,18,"Leather and imitations of leather; animal skins and hides; luggage and carrying bags; umbrellas and parasols; walking sticks; whips, harness and saddlery; collars, leashes and clothing for animals.",Sometimes,A few have this,14,0.056,251
75000,25,"Clothing, footwear, headwear.",Sometimes,A few have this,13,0.052,251
74100,42,"Scientific and technological services and research and design relating thereto; industrial analysis, industrial research and industrial design services; quality control and authentication services; design and development of computer hardware and software.",Sometimes,Some use this,900,0.406,2218
74100,35,"Advertising; business management, business administration and consultancy, office functions.",Sometimes,Some use this,756,0.341,2218
74100,25,"Clothing, footwear, headwear.",Sometimes,Some use this,453,0.204,2218
74100,9,"Scientific, research, navigation, surveying, photographic, cinematographic, audiovisual, optical, weighing, measuring, signalling, detecting, testing, inspecting, life-saving and teaching apparatus and instruments; apparatus and instruments for conducting, switching, transforming, accumulating, regulating or controlling the distribution or use of electricity; apparatus and instruments for recording, transmitting, reproducing or processing sound, images or data; recorded and downloadable media, computer software, blank digital or analogue recording and storage media; mechanisms for coin-operated apparatus; cash registers, calculating devices; computers and computer peripheral devices; diving suits, divers' masks, ear plugs for divers, nose clips for divers and swimmers, gloves for divers, breathing apparatus for underwater swimming; fire-extinguishing apparatus.",Sometimes,Some use this,449,0.202,2218
74100,41,Education; providing of training; entertainment; sporting and cultural activities.,Sometimes,Some use this,426,0.192,2218
74100,16,"Paper and cardboard; printed matter; bookbinding material; photographs; stationery and office requisites, except furniture; adhesives for stationery or household purposes; drawing materials and materials for artists; paintbrushes; instructional and teaching materials; plastic sheets, films and bags for wrapping and packaging; printers' type, printing blocks.",Sometimes,A few have this,268,0.121,2218
74100,18,"Leather and imitations of leather; animal skins and hides; luggage and carrying bags; umbrellas and parasols; walking sticks; whips, harness and saddlery; collars, leashes and clothing for animals.",Sometimes,A few have this,176,0.079,2218
74100,20,"Furniture, mirrors, picture frames; containers, not of metal, for storage or transport; unworked or semi-worked bone, horn, whalebone or mother-of-pearl; shells; meerschaum; yellow amber.",Sometimes,A few have this,173,0.078,2218
74100,21,"Household or kitchen utensils and containers; cookware and tableware, except forks, knives and spoons; combs and sponges; brushes, except paintbrushes; brush-making materials; articles for cleaning purposes; unworked or semi-worked glass, except building glass; glassware, porcelain and earthenware.",Sometimes,A few have this,172,0.078,2218
74100,28,"Games, toys and playthings; video game apparatus; gymnastic and sporting articles; decorations for Christmas trees.",Sometimes,A few have this,161,0.073,2218
74100,37,"Construction services; installation and repair services; mining extraction, oil and gas drilling.",Sometimes,A few have this,159,0.072,2218
74100,14,"Precious metals and their alloys; jewellery, precious and semi-precious stones; horological and chronometric instruments.",Sometimes,A few have this,129,0.058,2218
78109,35,"Advertising; business management, business administration and consultancy, office functions.",Always,All use this,618,0.825,749
78109,41,Education; providing of training; entertainment; sporting and cultural activities.,Sometimes,Some use this,241,0.322,749
78109,42,"Scientific and technological services and research and design relating thereto; industrial analysis, industrial research and industrial design services; quality control and authentication services; design and development of computer hardware and software.",Sometimes,Some use this,145,0.194,749
78109,9,"Scientific, research, navigation, surveying, photographic, cinematographic, audiovisual, optical, weighing, measuring, signalling, detecting, testing, inspecting, life-saving and teaching apparatus and instruments; apparatus and instruments for conducting, switching, transforming, accumulating, regulating or controlling the distribution or use of electricity; apparatus and instruments for recording, transmitting, reproducing or processing sound, images or data; recorded and downloadable media, computer software, blank digital or analogue recording and storage media; mechanisms for coin-operated apparatus; cash registers, calculating devices; computers and computer peripheral devices; diving suits, divers' masks, ear plugs for divers, nose clips for divers and swimmers, gloves for divers, breathing apparatus for underwater swimming; fire-extinguishing apparatus.",Sometimes,Some use this,123,0.164,749
78109,45,Legal services; security services for the physical protection of tangible property and individuals; dating services; online social networking services; funeral services; babysitting.,Sometimes,A few have this,49,0.065,749
81210,37,"Construction services; installation and repair services; mining extraction, oil and gas drilling.",Always,Most use this,144,0.735,196
81210,35,"Advertising; business management, business administration and consultancy, office functions.",Sometimes,Some use this,31,0.158,196
81210,42,"Scientific and technological services and research and design relating thereto; industrial analysis, industrial research and industrial design services; quality control and authentication services; design and development of computer hardware and software.",Sometimes,A few have this,16,0.082,196
81210,3,"Non-medicated cosmetics and toiletry preparations; non-medicated dentifrices; perfumery, essential oils; bleaching preparations and other substances for laundry use; cleaning, polishing, scouring and abrasive preparations.",Sometimes,A few have this,15,0.077,196
81210,45,Legal services; security services for the physical protection of tangible property and individuals; dating services; online social networking services; funeral services; babysitting.,Sometimes,A few have this,14,0.071,196
81210,21,"Household or kitchen utensils and containers; cookware and tableware, except forks, knives and spoons; combs and sponges; brushes, except paintbrushes; brush-making materials; articles for cleaning purposes; unworked or semi-worked glass, except building glass; glassware, porcelain and earthenware.",Sometimes,A few have this,14,0.071,196
81210,36,"Financial, monetary and banking services; insurance services; real estate affairs.",Sometimes,A few have this,13,0.066,196
81210,9,"Scientific, research, navigation, surveying, photographic, cinematographic, audiovisual, optical, weighing, measuring, signalling, detecting, testing, inspecting, life-saving and teaching apparatus and instruments; apparatus and instruments for conducting, switching, transforming, accumulating, regulating or controlling the distribution or use of electricity; apparatus and instruments for recording, transmitting, reproducing or processing sound, images or data; recorded and downloadable media, computer software, blank digital or analogue recording and storage media; mechanisms for coin-operated apparatus; cash registers, calculating devices; computers and computer peripheral devices; diving suits, divers' masks, ear plugs for divers, nose clips for divers and swimmers, gloves for divers, breathing apparatus for underwater swimming; fire-extinguishing apparatus.",Sometimes,A few have this,12,0.061,196
81210,44,"Medical services; veterinary services; hygienic and beauty care for human beings or animals; agriculture, aquaculture, horticulture and forestry services.",Sometimes,A few have this,12,0.061,196
81210,39,Transport; packaging and storage of goods; travel arrangement.,Sometimes,A few have this,11,0.056,196
81210,43,Services for providing food and drink; temporary accommodation.,Sometimes,A few have this,10,0.051,196
79110,39,Transport; packaging and storage of goods; travel arrangement.,Always,Most use this,407,0.748,544
79110,43,Services for providing food and drink; temporary accommodation.,Sometimes,Some use this,233,0.428,544
79110,35,"Advertising; business management, business administration and consultancy, office functions.",Sometimes,Some use this,160,0.294,544
79110,41,Education; providing of training; entertainment; sporting and cultural activities.,Sometimes,Some use this,146,0.268,544
79110,9,"Scientific, research, navigation, surveying, photographic, cinematographic, audiovisual, optical, weighing, measuring, signalling, detecting, testing, inspecting, life-saving and teaching apparatus and instruments; apparatus and instruments for conducting, switching, transforming, accumulating, regulating or controlling the distribution or use of electricity; apparatus and instruments for recording, transmitting, reproducing or processing sound, images or data; recorded and downloadable media, computer software, blank digital or analogue recording and storage media; mechanisms for coin-operated apparatus; cash registers, calculating devices; computers and computer peripheral devices; diving suits, divers' masks, ear plugs for divers, nose clips for divers and swimmers, gloves for divers, breathing apparatus for underwater swimming; fire-extinguishing apparatus.",Sometimes,Some use this,86,0.158,544
79110,42,"Scientific and technological services and research and design relating thereto; industrial analysis, industrial research and industrial design services; quality control and authentication services; design and development of computer hardware and software.",Sometimes,A few have this,52,0.096,544
79110,36,"Financial, monetary and banking services; insurance services; real estate affairs.",Sometimes,A few have this,51,0.094,544
79110,16,"Paper and cardboard; printed matter; bookbinding material; photographs; stationery and office requisites, except furniture; adhesives for stationery or household purposes; drawing materials and materials for artists; paintbrushes; instructional and teaching materials; plastic sheets, films and bags for wrapping and packaging; printers' type, printing blocks.",Sometimes,A few have this,42,0.077,544
79110,25,"Clothing, footwear, headwear.",Sometimes,A few have this,32,0.059,544
84110,35,"Advertising; business management, business administration and consultancy, office functions.",Always,Most use this,49,0.71,69
84110,41,Education; providing of training; entertainment; sporting and cultural activities.,Always,Most use this,41,0.594,69
84110,45,Legal services; security services for the physical protection of tangible property and individuals; dating services; online social networking services; funeral services; babysitting.,Sometimes,Some use this,26,0.377,69
84110,42,"Scientific and technological services and research and design relating thereto; industrial analysis, industrial research and industrial design services; quality control and authentication services; design and development of computer hardware and software.",Sometimes,Some use this,23,0.333,69
84110,9,"Scientific, research, navigation, surveying, photographic, cinematographic, audiovisual, optical, weighing, measuring, signalling, detecting, testing, inspecting, life-saving and teaching apparatus and instruments; apparatus and instruments for conducting, switching, transforming, accumulating, regulating or controlling the distribution or use of electricity; apparatus and instruments for recording, transmitting, reproducing or processing sound, images or data; recorded and downloadable media, computer software, blank digital or analogue recording and storage media; mechanisms for coin-operated apparatus; cash registers, calculating devices; computers and computer peripheral devices; diving suits, divers' masks, ear plugs for divers, nose clips for divers and swimmers, gloves for divers, breathing apparatus for underwater swimming; fire-extinguishing apparatus.",Sometimes,Some use this,23,0.333,69
84110,16,"Paper and cardboard; printed matter; bookbinding material; photographs; stationery and office requisites, except furniture; adhesives for stationery or household purposes; drawing materials and materials for artists; paintbrushes; instructional and teaching materials; plastic sheets, films and bags for wrapping and packaging; printers' type, printing blocks.",Sometimes,Some use this,22,0.319,69
84110,36,"Financial, monetary and banking services; insurance services; real estate affairs.",Sometimes,Some use this,22,0.319,69
84110,38,Telecommunications services.,Sometimes,Some use this,14,0.203,69
84110,25,"Clothing, footwear, headwear.",Sometimes,A few have this,6,0.087,69
84110,44,"Medical services; veterinary services; hygienic and beauty care for human beings or animals; agriculture, aquaculture, horticulture and forestry services.",Sometimes,A few have this,5,0.072,69
84110,28,"Games, toys and playthings; video game apparatus; gymnastic and sporting articles; decorations for Christmas trees.",Sometimes,A few have this,4,0.058,69
84110,6,"Common metals and their alloys, ores; metal materials for building and construction; transportable buildings of metal; non-electric cables and wires of common metal; small items of metal hardware; metal containers for storage or transport; safes.",Sometimes,A few have this,4,0.058,69
84110,11,"Apparatus and installations for lighting, heating, cooling, steam generating, cooking, drying, ventilating, water supply and sanitary purposes.",Sometimes,A few have this,4,0.058,69
84110,14,"Precious metals and their alloys; jewellery, precious and semi-precious stones; horological and chronometric instruments.",Sometimes,A few have this,4,0.058,69
84110,18,"Leather and imitations of leather; animal skins and hides; luggage and carrying bags; umbrellas and parasols; walking sticks; whips, harness and saddlery; collars, leashes and clothing for animals.",Sometimes,A few have this,4,0.058,69
84110,20,"Furniture, mirrors, picture frames; containers, not of metal, for storage or transport; unworked or semi-worked bone, horn, whalebone or mother-of-pearl; shells; meerschaum; yellow amber.",Sometimes,A few have this,4,0.058,69
84110,21,"Household or kitchen utensils and containers; cookware and tableware, except forks, knives and spoons; combs and sponges; brushes, except paintbrushes; brush-making materials; articles for cleaning purposes; unworked or semi-worked glass, except building glass; glassware, porcelain and earthenware.",Sometimes,A few have this,4,0.058,69
84110,24,Textiles and substitutes for textiles; household linen; curtains of textile or plastic.,Sometimes,A few have this,4,0.058,69
84110,43,Services for providing food and drink; temporary accommodation.,Sometimes,A few have this,4,0.058,69
82301,41,Education; providing of training; entertainment; sporting and cultural activities.,Always,All use this,313,0.796,393
82301,35,"Advertising; business management, business administration and consultancy, office functions.",Always,Most use this,249,0.634,393
82301,25,"Clothing, footwear, headwear.",Sometimes,Some use this,69,0.176,393
82301,9,"Scientific, research, navigation, surveying, photographic, cinematographic, audiovisual, optical, weighing, measuring, signalling, detecting, testing, inspecting, life-saving and teaching apparatus and instruments; apparatus and instruments for conducting, switching, transforming, accumulating, regulating or controlling the distribution or use of electricity; apparatus and instruments for recording, transmitting, reproducing or processing sound, images or data; recorded and downloadable media, computer software, blank digital or analogue recording and storage media; mechanisms for coin-operated apparatus; cash registers, calculating devices; computers and computer peripheral devices; diving suits, divers' masks, ear plugs for divers, nose clips for divers and swimmers, gloves for divers, breathing apparatus for underwater swimming; fire-extinguishing apparatus.",Sometimes,Some use this,68,0.173,393
82301,16,"Paper and cardboard; printed matter; bookbinding material; photographs; stationery and office requisites, except furniture; adhesives for stationery or household purposes; drawing materials and materials for artists; paintbrushes; instructional and teaching materials; plastic sheets, films and bags for wrapping and packaging; printers' type, printing blocks.",Sometimes,Some use this,64,0.163,393
82301,42,"Scientific and technological services and research and design relating thereto; industrial analysis, industrial research and industrial design services; quality control and authentication services; design and development of computer hardware and software.",Sometimes,A few have this,40,0.102,393
82301,43,Services for providing food and drink; temporary accommodation.,Sometimes,A few have this,39,0.099,393
82301,18,"Leather and imitations of leather; animal skins and hides; luggage and carrying bags; umbrellas and parasols; walking sticks; whips, harness and saddlery; collars, leashes and clothing for animals.",Sometimes,A few have this,24,0.061,393
82301,38,Telecommunications services.,Sometimes,A few have this,23,0.059,393
82301,45,Legal services; security services for the physical protection of tangible property and individuals; dating services; online social networking services; funeral services; babysitting.,Sometimes,A few have this,21,0.053,393
82110,35,"Advertising; business management, business administration and consultancy, office functions.",Always,Most use this,96,0.505,190
82110,41,Education; providing of training; entertainment; sporting and cultural activities.,Sometimes,Some use this,53,0.279,190
82110,9,"Scientific, research, navigation, surveying, photographic, cinematographic, audiovisual, optical, weighing, measuring, signalling, detecting, testing, inspecting, life-saving and teaching apparatus and instruments; apparatus and instruments for conducting, switching, transforming, accumulating, regulating or controlling the distribution or use of electricity; apparatus and instruments for recording, transmitting, reproducing or processing sound, images or data; recorded and downloadable media, computer software, blank digital or analogue recording and storage media; mechanisms for coin-operated apparatus; cash registers, calculating devices; computers and computer peripheral devices; diving suits, divers' masks, ear plugs for divers, nose clips for divers and swimmers, gloves for divers, breathing apparatus for underwater swimming; fire-extinguishing apparatus.",Sometimes,Some use this,35,0.184,190
82110,42,"Scientific and technological services and research and design relating thereto; industrial analysis, industrial research and industrial design services; quality control and authentication services; design and development of computer hardware and software.",Sometimes,Some use this,33,0.174,190
82110,36,"Financial, monetary and banking services; insurance services; real estate affairs.",Sometimes,Some use this,31,0.163,190
82110,16,"Paper and cardboard; printed matter; bookbinding material; photographs; stationery and office requisites, except furniture; adhesives for stationery or household purposes; drawing materials and materials for artists; paintbrushes; instructional and teaching materials; plastic sheets, films and bags for wrapping and packaging; printers' type, printing blocks.",Sometimes,A few have this,23,0.121,190
82110,45,Legal services; security services for the physical protection of tangible property and individuals; dating services; online social networking services; funeral services; babysitting.,Sometimes,A few have this,22,0.116,190
82110,43,Services for providing food and drink; temporary accommodation.,Sometimes,A few have this,16,0.084,190
82110,44,"Medical services; veterinary services; hygienic and beauty care for human beings or animals; agriculture, aquaculture, horticulture and forestry services.",Sometimes,A few have this,15,0.079,190
82110,37,"Construction services; installation and repair services; mining extraction, oil and gas drilling.",Sometimes,A few have this,13,0.068,190
82110,29,"Meat, fish, poultry and game; meat extracts; preserved, frozen, dried and cooked fruits and vegetables; jellies, jams, compotes; eggs; milk, cheese, butter, yogurt and other milk products; oils and fats for food.",Sometimes,A few have this,12,0.063,190
82110,25,"Clothing, footwear, headwear.",Sometimes,A few have this,12,0.063,190
82110,30,"Coffee, tea, cocoa and artificial coffee; rice, pasta and noodles; tapioca and sago; flour and preparations made from cereals; bread, pastries and confectionery; chocolate; ice cream, sorbets and other edible ices; sugar, honey, treacle; yeast, baking-powder; salt, seasonings, spices, preserved herbs; vinegar, sauces and other condiments; ice (frozen water).",Sometimes,A few have this,12,0.063,190
82110,39,Transport; packaging and storage of goods; travel arrangement.,Sometimes,A few have this,11,0.058,190
81300,44,"Medical services; veterinary services; hygienic and beauty care for human beings or animals; agriculture, aquaculture, horticulture and forestry services.",Always,Most use this,132,0.688,192
81300,37,"Construction services; installation and repair services; mining extraction, oil and gas drilling.",Sometimes,Some use this,57,0.297,192
81300,35,"Advertising; business management, business administration and consultancy, office functions.",Sometimes,Some use this,55,0.286,192
81300,42,"Scientific and technological services and research and design relating thereto; industrial analysis, industrial research and industrial design services; quality control and authentication services; design and development of computer hardware and software.",Sometimes,Some use this,40,0.208,192
81300,31,"Raw and unprocessed agricultural, aquacultural, horticultural and forestry products; raw and unprocessed grains and seeds; fresh fruits and vegetables, fresh herbs; natural plants and flowers; bulbs, seedlings and seeds for planting; live animals; foodstuffs and beverages for animals; malt.",Sometimes,Some use this,33,0.172,192
81300,16,"Paper and cardboard; printed matter; bookbinding material; photographs; stationery and office requisites, except furniture; adhesives for stationery or household purposes; drawing materials and materials for artists; paintbrushes; instructional and teaching materials; plastic sheets, films and bags for wrapping and packaging; printers' type, printing blocks.",Sometimes,A few have this,24,0.125,192
81300,41,Education; providing of training; entertainment; sporting and cultural activities.,Sometimes,A few have this,23,0.12,192
81300,40,Treatment of materials; recycling of waste and trash; air purification and treatment of water; printing services; food and drink preservation.,Sometimes,A few have this,20,0.104,192
81300,1,"Chemicals for use in industry, science and photography, as well as in agriculture, horticulture and forestry; unprocessed artificial resins, unprocessed plastics; fire extinguishing and fire prevention compositions; tempering and soldering preparations; substances for tanning animal skins and hides; adhesives for use in industry; putties and other paste fillers; compost, manures, fertilizers; biological preparations for use in industry and science.",Sometimes,A few have this,20,0.104,192
81300,19,"Materials, not of metal, for building and construction; rigid pipes, not of metal, for building; asphalt, pitch, tar and bitumen; transportable buildings, not of metal; monuments, not of metal.",Sometimes,A few have this,12,0.062,192
85320,41,Education; providing of training; entertainment; sporting and cultural activities.,Always,All use this,190,0.888,214
85320,9,"Scientific, research, navigation, surveying, photographic, cinematographic, audiovisual, optical, weighing, measuring, signalling, detecting, testing, inspecting, life-saving and teaching apparatus and instruments; apparatus and instruments for conducting, switching, transforming, accumulating, regulating or controlling the distribution or use of electricity; apparatus and instruments for recording, transmitting, reproducing or processing sound, images or data; recorded and downloadable media, computer software, blank digital or analogue recording and storage media; mechanisms for coin-operated apparatus; cash registers, calculating devices; computers and computer peripheral devices; diving suits, divers' masks, ear plugs for divers, nose clips for divers and swimmers, gloves for divers, breathing apparatus for underwater swimming; fire-extinguishing apparatus.",Sometimes,Some use this,77,0.36,214
85320,35,"Advertising; business management, business administration and consultancy, office functions.",Sometimes,Some use this,71,0.332,214
85320,16,"Paper and cardboard; printed matter; bookbinding material; photographs; stationery and office requisites, except furniture; adhesives for stationery or household purposes; drawing materials and materials for artists; paintbrushes; instructional and teaching materials; plastic sheets, films and bags for wrapping and packaging; printers' type, printing blocks.",Sometimes,Some use this,68,0.318,214
85320,42,"Scientific and technological services and research and design relating thereto; industrial analysis, industrial research and industrial design services; quality control and authentication services; design and development of computer hardware and software.",Sometimes,Some use this,51,0.238,214
85320,36,"Financial, monetary and banking services; insurance services; real estate affairs.",Sometimes,A few have this,22,0.103,214
85320,25,"Clothing, footwear, headwear.",Sometimes,A few have this,17,0.079,214
85320,44,"Medical services; veterinary services; hygienic and beauty care for human beings or animals; agriculture, aquaculture, horticulture and forestry services.",Sometimes,A few have this,11,0.051,214
85200,41,Education; providing of training; entertainment; sporting and cultural activities.,Always,All use this,339,0.919,369
85200,16,"Paper and cardboard; printed matter; bookbinding material; photographs; stationery and office requisites, except furniture; adhesives for stationery or household purposes; drawing materials and materials for artists; paintbrushes; instructional and teaching materials; plastic sheets, films and bags for wrapping and packaging; printers' type, printing blocks.",Always,Most use this,197,0.534,369
85200,9,"Scientific, research, navigation, surveying, photographic, cinematographic, audiovisual, optical, weighing, measuring, signalling, detecting, testing, inspecting, life-saving and teaching apparatus and instruments; apparatus and instruments for conducting, switching, transforming, accumulating, regulating or controlling the distribution or use of electricity; apparatus and instruments for recording, transmitting, reproducing or processing sound, images or data; recorded and downloadable media, computer software, blank digital or analogue recording and storage media; mechanisms for coin-operated apparatus; cash registers, calculating devices; computers and computer peripheral devices; diving suits, divers' masks, ear plugs for divers, nose clips for divers and swimmers, gloves for divers, breathing apparatus for underwater swimming; fire-extinguishing apparatus.",Always,Most use this,189,0.512,369
85200,25,"Clothing, footwear, headwear.",Sometimes,Some use this,91,0.247,369
85200,35,"Advertising; business management, business administration and consultancy, office functions.",Sometimes,Some use this,78,0.211,369
85200,42,"Scientific and technological services and research and design relating thereto; industrial analysis, industrial research and industrial design services; quality control and authentication services; design and development of computer hardware and software.",Sometimes,Some use this,68,0.184,369
85200,43,Services for providing food and drink; temporary accommodation.,Sometimes,Some use this,59,0.16,369
85200,28,"Games, toys and playthings; video game apparatus; gymnastic and sporting articles; decorations for Christmas trees.",Sometimes,A few have this,53,0.144,369
85200,36,"Financial, monetary and banking services; insurance services; real estate affairs.",Sometimes,A few have this,34,0.092,369
85200,44,"Medical services; veterinary services; hygienic and beauty care for human beings or animals; agriculture, aquaculture, horticulture and forestry services.",Sometimes,A few have this,33,0.089,369
85200,18,"Leather and imitations of leather; animal skins and hides; luggage and carrying bags; umbrellas and parasols; walking sticks; whips, harness and saddlery; collars, leashes and clothing for animals.",Sometimes,A few have this,22,0.06,369
85100,41,Education; providing of training; entertainment; sporting and cultural activities.,Always,All use this,169,0.858,197
85100,16,"Paper and cardboard; printed matter; bookbinding material; photographs; stationery and office requisites, except furniture; adhesives for stationery or household purposes; drawing materials and materials for artists; paintbrushes; instructional and teaching materials; plastic sheets, films and bags for wrapping and packaging; printers' type, printing blocks.",Sometimes,Some use this,95,0.482,197
85100,9,"Scientific, research, navigation, surveying, photographic, cinematographic, audiovisual, optical, weighing, measuring, signalling, detecting, testing, inspecting, life-saving and teaching apparatus and instruments; apparatus and instruments for conducting, switching, transforming, accumulating, regulating or controlling the distribution or use of electricity; apparatus and instruments for recording, transmitting, reproducing or processing sound, images or data; recorded and downloadable media, computer software, blank digital or analogue recording and storage media; mechanisms for coin-operated apparatus; cash registers, calculating devices; computers and computer peripheral devices; diving suits, divers' masks, ear plugs for divers, nose clips for divers and swimmers, gloves for divers, breathing apparatus for underwater swimming; fire-extinguishing apparatus.",Sometimes,Some use this,95,0.482,197
85100,43,Services for providing food and drink; temporary accommodation.,Sometimes,Some use this,56,0.284,197
85100,25,"Clothing, footwear, headwear.",Sometimes,Some use this,44,0.223,197
85100,28,"Games, toys and playthings; video game apparatus; gymnastic and sporting articles; decorations for Christmas trees.",Sometimes,Some use this,37,0.188,197
85100,42,"Scientific and technological services and research and design relating thereto; industrial analysis, industrial research and industrial design services; quality control and authentication services; design and development of computer hardware and software.",Sometimes,Some use this,33,0.168,197
85100,35,"Advertising; business management, business administration and consultancy, office functions.",Sometimes,Some use this,31,0.157,197
85100,45,Legal services; security services for the physical protection of tangible property and individuals; dating services; online social networking services; funeral services; babysitting.,Sometimes,A few have this,16,0.081,197
85100,36,"Financial, monetary and banking services; insurance services; real estate affairs.",Sometimes,A few have this,11,0.056,197
85100,38,Telecommunications services.,Sometimes,A few have this,10,0.051,197
85510,41,Education; providing of training; entertainment; sporting and cultural activities.,Always,All use this,470,0.835,563
85510,25,"Clothing, footwear, headwear.",Sometimes,Some use this,203,0.361,563
85510,35,"Advertising; business management, business administration and consultancy, office functions.",Sometimes,Some use this,138,0.245,563
85510,9,"Scientific, research, navigation, surveying, photographic, cinematographic, audiovisual, optical, weighing, measuring, signalling, detecting, testing, inspecting, life-saving and teaching apparatus and instruments; apparatus and instruments for conducting, switching, transforming, accumulating, regulating or controlling the distribution or use of electricity; apparatus and instruments for recording, transmitting, reproducing or processing sound, images or data; recorded and downloadable media, computer software, blank digital or analogue recording and storage media; mechanisms for coin-operated apparatus; cash registers, calculating devices; computers and computer peripheral devices; diving suits, divers' masks, ear plugs for divers, nose clips for divers and swimmers, gloves for divers, breathing apparatus for underwater swimming; fire-extinguishing apparatus.",Sometimes,Some use this,122,0.217,563
85510,28,"Games, toys and playthings; video game apparatus; gymnastic and sporting articles; decorations for Christmas trees.",Sometimes,Some use this,99,0.176,563
85510,16,"Paper and cardboard; printed matter; bookbinding material; photographs; stationery and office requisites, except furniture; adhesives for stationery or household purposes; drawing materials and materials for artists; paintbrushes; instructional and teaching materials; plastic sheets, films and bags for wrapping and packaging; printers' type, printing blocks.",Sometimes,A few have this,60,0.107,563
85510,42,"Scientific and technological services and research and design relating thereto; industrial analysis, industrial research and industrial design services; quality control and authentication services; design and development of computer hardware and software.",Sometimes,A few have this,48,0.085,563
85510,44,"Medical services; veterinary services; hygienic and beauty care for human beings or animals; agriculture, aquaculture, horticulture and forestry services.",Sometimes,A few have this,44,0.078,563
85510,18,"Leather and imitations of leather; animal skins and hides; luggage and carrying bags; umbrellas and parasols; walking sticks; whips, harness and saddlery; collars, leashes and clothing for animals.",Sometimes,A few have this,44,0.078,563
85590,41,Education; providing of training; entertainment; sporting and cultural activities.,Always,All use this,2290,0.792,2893
85590,35,"Advertising; business management, business administration and consultancy, office functions.",Sometimes,Some use this,924,0.319,2893
85590,9,"Scientific, research, navigation, surveying, photographic, cinematographic, audiovisual, optical, weighing, measuring, signalling, detecting, testing, inspecting, life-saving and teaching apparatus and instruments; apparatus and instruments for conducting, switching, transforming, accumulating, regulating or controlling the distribution or use of electricity; apparatus and instruments for recording, transmitting, reproducing or processing sound, images or data; recorded and downloadable media, computer software, blank digital or analogue recording and storage media; mechanisms for coin-operated apparatus; cash registers, calculating devices; computers and computer peripheral devices; diving suits, divers' masks, ear plugs for divers, nose clips for divers and swimmers, gloves for divers, breathing apparatus for underwater swimming; fire-extinguishing apparatus.",Sometimes,Some use this,920,0.318,2893
85590,42,"Scientific and technological services and research and design relating thereto; industrial analysis, industrial research and industrial design services; quality control and authentication services; design and development of computer hardware and software.",Sometimes,Some use this,562,0.194,2893
85590,16,"Paper and cardboard; printed matter; bookbinding material; photographs; stationery and office requisites, except furniture; adhesives for stationery or household purposes; drawing materials and materials for artists; paintbrushes; instructional and teaching materials; plastic sheets, films and bags for wrapping and packaging; printers' type, printing blocks.",Sometimes,Some use this,544,0.188,2893
85590,44,"Medical services; veterinary services; hygienic and beauty care for human beings or animals; agriculture, aquaculture, horticulture and forestry services.",Sometimes,A few have this,350,0.121,2893
85590,45,Legal services; security services for the physical protection of tangible property and individuals; dating services; online social networking services; funeral services; babysitting.,Sometimes,A few have this,233,0.081,2893
85590,25,"Clothing, footwear, headwear.",Sometimes,A few have this,228,0.079,2893
85590,36,"Financial, monetary and banking services; insurance services; real estate affairs.",Sometimes,A few have this,185,0.064,2893
85530,41,Education; providing of training; entertainment; sporting and cultural activities.,Always,All use this,78,0.975,80
85530,9,"Scientific, research, navigation, surveying, photographic, cinematographic, audiovisual, optical, weighing, measuring, signalling, detecting, testing, inspecting, life-saving and teaching apparatus and instruments; apparatus and instruments for conducting, switching, transforming, accumulating, regulating or controlling the distribution or use of electricity; apparatus and instruments for recording, transmitting, reproducing or processing sound, images or data; recorded and downloadable media, computer software, blank digital or analogue recording and storage media; mechanisms for coin-operated apparatus; cash registers, calculating devices; computers and computer peripheral devices; diving suits, divers' masks, ear plugs for divers, nose clips for divers and swimmers, gloves for divers, breathing apparatus for underwater swimming; fire-extinguishing apparatus.",Sometimes,Some use this,15,0.188,80
85530,35,"Advertising; business management, business administration and consultancy, office functions.",Sometimes,A few have this,10,0.125,80
85530,16,"Paper and cardboard; printed matter; bookbinding material; photographs; stationery and office requisites, except furniture; adhesives for stationery or household purposes; drawing materials and materials for artists; paintbrushes; instructional and teaching materials; plastic sheets, films and bags for wrapping and packaging; printers' type, printing blocks.",Sometimes,A few have this,7,0.087,80
85530,42,"Scientific and technological services and research and design relating thereto; industrial analysis, industrial research and industrial design services; quality control and authentication services; design and development of computer hardware and software.",Sometimes,A few have this,6,0.075,80
85530,44,"Medical services; veterinary services; hygienic and beauty care for human beings or animals; agriculture, aquaculture, horticulture and forestry services.",Sometimes,A few have this,4,0.05,80
86220,44,"Medical services; veterinary services; hygienic and beauty care for human beings or animals; agriculture, aquaculture, horticulture and forestry services.",Always,All use this,579,0.793,730
86220,41,Education; providing of training; entertainment; sporting and cultural activities.,Sometimes,Some use this,242,0.332,730
86220,35,"Advertising; business management, business administration and consultancy, office functions.",Sometimes,Some use this,150,0.205,730
86220,42,"Scientific and technological services and research and design relating thereto; industrial analysis, industrial research and industrial design services; quality control and authentication services; design and development of computer hardware and software.",Sometimes,Some use this,139,0.19,730
86220,9,"Scientific, research, navigation, surveying, photographic, cinematographic, audiovisual, optical, weighing, measuring, signalling, detecting, testing, inspecting, life-saving and teaching apparatus and instruments; apparatus and instruments for conducting, switching, transforming, accumulating, regulating or controlling the distribution or use of electricity; apparatus and instruments for recording, transmitting, reproducing or processing sound, images or data; recorded and downloadable media, computer software, blank digital or analogue recording and storage media; mechanisms for coin-operated apparatus; cash registers, calculating devices; computers and computer peripheral devices; diving suits, divers' masks, ear plugs for divers, nose clips for divers and swimmers, gloves for divers, breathing apparatus for underwater swimming; fire-extinguishing apparatus.",Sometimes,Some use this,117,0.16,730
86220,5,"Pharmaceuticals, medical and veterinary preparations; sanitary preparations for medical purposes; dietetic food and substances adapted for medical or veterinary use, food for babies; dietary supplements for human beings and animals; plasters, materials for dressings; material for stopping teeth, dental wax; disinfectants; preparations for destroying vermin; fungicides, herbicides.",Sometimes,A few have this,104,0.142,730
86220,3,"Non-medicated cosmetics and toiletry preparations; non-medicated dentifrices; perfumery, essential oils; bleaching preparations and other substances for laundry use; cleaning, polishing, scouring and abrasive preparations.",Sometimes,A few have this,88,0.121,730
86220,10,"Surgical, medical, dental and veterinary apparatus and instruments; artificial limbs, eyes and teeth; orthopaedic articles; suture materials; therapeutic and assistive devices adapted for persons with disabilities; massage apparatus; apparatus, devices and articles for nursing infants; sexual activity apparatus, devices and articles.",Sometimes,A few have this,84,0.115,730
86220,16,"Paper and cardboard; printed matter; bookbinding material; photographs; stationery and office requisites, except furniture; adhesives for stationery or household purposes; drawing materials and materials for artists; paintbrushes; instructional and teaching materials; plastic sheets, films and bags for wrapping and packaging; printers' type, printing blocks.",Sometimes,A few have this,37,0.051,730
86210,44,"Medical services; veterinary services; hygienic and beauty care for human beings or animals; agriculture, aquaculture, horticulture and forestry services.",Always,Most use this,350,0.745,470
86210,41,Education; providing of training; entertainment; sporting and cultural activities.,Sometimes,Some use this,153,0.326,470
86210,35,"Advertising; business management, business administration and consultancy, office functions.",Sometimes,Some use this,98,0.209,470
86210,5,"Pharmaceuticals, medical and veterinary preparations; sanitary preparations for medical purposes; dietetic food and substances adapted for medical or veterinary use, food for babies; dietary supplements for human beings and animals; plasters, materials for dressings; material for stopping teeth, dental wax; disinfectants; preparations for destroying vermin; fungicides, herbicides.",Sometimes,Some use this,81,0.172,470
86210,9,"Scientific, research, navigation, surveying, photographic, cinematographic, audiovisual, optical, weighing, measuring, signalling, detecting, testing, inspecting, life-saving and teaching apparatus and instruments; apparatus and instruments for conducting, switching, transforming, accumulating, regulating or controlling the distribution or use of electricity; apparatus and instruments for recording, transmitting, reproducing or processing sound, images or data; recorded and downloadable media, computer software, blank digital or analogue recording and storage media; mechanisms for coin-operated apparatus; cash registers, calculating devices; computers and computer peripheral devices; diving suits, divers' masks, ear plugs for divers, nose clips for divers and swimmers, gloves for divers, breathing apparatus for underwater swimming; fire-extinguishing apparatus.",Sometimes,Some use this,74,0.157,470
86210,42,"Scientific and technological services and research and design relating thereto; industrial analysis, industrial research and industrial design services; quality control and authentication services; design and development of computer hardware and software.",Sometimes,A few have this,64,0.136,470
86210,3,"Non-medicated cosmetics and toiletry preparations; non-medicated dentifrices; perfumery, essential oils; bleaching preparations and other substances for laundry use; cleaning, polishing, scouring and abrasive preparations.",Sometimes,A few have this,62,0.132,470
86210,10,"Surgical, medical, dental and veterinary apparatus and instruments; artificial limbs, eyes and teeth; orthopaedic articles; suture materials; therapeutic and assistive devices adapted for persons with disabilities; massage apparatus; apparatus, devices and articles for nursing infants; sexual activity apparatus, devices and articles.",Sometimes,A few have this,46,0.098,470
86230,44,"Medical services; veterinary services; hygienic and beauty care for human beings or animals; agriculture, aquaculture, horticulture and forestry services.",Always,Most use this,186,0.718,259
86230,10,"Surgical, medical, dental and veterinary apparatus and instruments; artificial limbs, eyes and teeth; orthopaedic articles; suture materials; therapeutic and assistive devices adapted for persons with disabilities; massage apparatus; apparatus, devices and articles for nursing infants; sexual activity apparatus, devices and articles.",Sometimes,Some use this,67,0.259,259
86230,41,Education; providing of training; entertainment; sporting and cultural activities.,Sometimes,Some use this,64,0.247,259
86230,35,"Advertising; business management, business administration and consultancy, office functions.",Sometimes,Some use this,57,0.22,259
86230,5,"Pharmaceuticals, medical and veterinary preparations; sanitary preparations for medical purposes; dietetic food and substances adapted for medical or veterinary use, food for babies; dietary supplements for human beings and animals; plasters, materials for dressings; material for stopping teeth, dental wax; disinfectants; preparations for destroying vermin; fungicides, herbicides.",Sometimes,Some use this,43,0.166,259
86230,3,"Non-medicated cosmetics and toiletry preparations; non-medicated dentifrices; perfumery, essential oils; bleaching preparations and other substances for laundry use; cleaning, polishing, scouring and abrasive preparations.",Sometimes,A few have this,37,0.143,259
86230,40,Treatment of materials; recycling of waste and trash; air purification and treatment of water; printing services; food and drink preservation.,Sometimes,A few have this,29,0.112,259
86230,9,"Scientific, research, navigation, surveying, photographic, cinematographic, audiovisual, optical, weighing, measuring, signalling, detecting, testing, inspecting, life-saving and teaching apparatus and instruments; apparatus and instruments for conducting, switching, transforming, accumulating, regulating or controlling the distribution or use of electricity; apparatus and instruments for recording, transmitting, reproducing or processing sound, images or data; recorded and downloadable media, computer software, blank digital or analogue recording and storage media; mechanisms for coin-operated apparatus; cash registers, calculating devices; computers and computer peripheral devices; diving suits, divers' masks, ear plugs for divers, nose clips for divers and swimmers, gloves for divers, breathing apparatus for underwater swimming; fire-extinguishing apparatus.",Sometimes,A few have this,29,0.112,259
86230,42,"Scientific and technological services and research and design relating thereto; industrial analysis, industrial research and industrial design services; quality control and authentication services; design and development of computer hardware and software.",Sometimes,A few have this,27,0.104,259
86230,21,"Household or kitchen utensils and containers; cookware and tableware, except forks, knives and spoons; combs and sponges; brushes, except paintbrushes; brush-making materials; articles for cleaning purposes; unworked or semi-worked glass, except building glass; glassware, porcelain and earthenware.",Sometimes,A few have this,24,0.093,259
86900,44,"Medical services; veterinary services; hygienic and beauty care for human beings or animals; agriculture, aquaculture, horticulture and forestry services.",Always,Most use this,1990,0.542,3671
86900,41,Education; providing of training; entertainment; sporting and cultural activities.,Sometimes,Some use this,1563,0.426,3671
86900,9,"Scientific, research, navigation, surveying, photographic, cinematographic, audiovisual, optical, weighing, measuring, signalling, detecting, testing, inspecting, life-saving and teaching apparatus and instruments; apparatus and instruments for conducting, switching, transforming, accumulating, regulating or controlling the distribution or use of electricity; apparatus and instruments for recording, transmitting, reproducing or processing sound, images or data; recorded and downloadable media, computer software, blank digital or analogue recording and storage media; mechanisms for coin-operated apparatus; cash registers, calculating devices; computers and computer peripheral devices; diving suits, divers' masks, ear plugs for divers, nose clips for divers and swimmers, gloves for divers, breathing apparatus for underwater swimming; fire-extinguishing apparatus.",Sometimes,Some use this,883,0.241,3671
86900,35,"Advertising; business management, business administration and consultancy, office functions.",Sometimes,Some use this,879,0.239,3671
86900,5,"Pharmaceuticals, medical and veterinary preparations; sanitary preparations for medical purposes; dietetic food and substances adapted for medical or veterinary use, food for babies; dietary supplements for human beings and animals; plasters, materials for dressings; material for stopping teeth, dental wax; disinfectants; preparations for destroying vermin; fungicides, herbicides.",Sometimes,Some use this,725,0.197,3671
86900,42,"Scientific and technological services and research and design relating thereto; industrial analysis, industrial research and industrial design services; quality control and authentication services; design and development of computer hardware and software.",Sometimes,Some use this,602,0.164,3671
86900,10,"Surgical, medical, dental and veterinary apparatus and instruments; artificial limbs, eyes and teeth; orthopaedic articles; suture materials; therapeutic and assistive devices adapted for persons with disabilities; massage apparatus; apparatus, devices and articles for nursing infants; sexual activity apparatus, devices and articles.",Sometimes,A few have this,373,0.102,3671
86900,16,"Paper and cardboard; printed matter; bookbinding material; photographs; stationery and office requisites, except furniture; adhesives for stationery or household purposes; drawing materials and materials for artists; paintbrushes; instructional and teaching materials; plastic sheets, films and bags for wrapping and packaging; printers' type, printing blocks.",Sometimes,A few have this,335,0.091,3671
86900,25,"Clothing, footwear, headwear.",Sometimes,A few have this,334,0.091,3671
86900,3,"Non-medicated cosmetics and toiletry preparations; non-medicated dentifrices; perfumery, essential oils; bleaching preparations and other substances for laundry use; cleaning, polishing, scouring and abrasive preparations.",Sometimes,A few have this,285,0.078,3671
86900,45,Legal services; security services for the physical protection of tangible property and individuals; dating services; online social networking services; funeral services; babysitting.,Sometimes,A few have this,262,0.071,3671
86900,36,"Financial, monetary and banking services; insurance services; real estate affairs.",Sometimes,A few have this,224,0.061,3671
88990,41,Education; providing of training; entertainment; sporting and cultural activities.,Always,Most use this,345,0.65,531
88990,35,"Advertising; business management, business administration and consultancy, office functions.",Sometimes,Some use this,217,0.409,531
88990,44,"Medical services; veterinary services; hygienic and beauty care for human beings or animals; agriculture, aquaculture, horticulture and forestry services.",Sometimes,Some use this,177,0.333,531
88990,36,"Financial, monetary and banking services; insurance services; real estate affairs.",Sometimes,Some use this,164,0.309,531
88990,45,Legal services; security services for the physical protection of tangible property and individuals; dating services; online social networking services; funeral services; babysitting.,Sometimes,Some use this,163,0.307,531
88990,16,"Paper and cardboard; printed matter; bookbinding material; photographs; stationery and office requisites, except furniture; adhesives for stationery or household purposes; drawing materials and materials for artists; paintbrushes; instructional and teaching materials; plastic sheets, films and bags for wrapping and packaging; printers' type, printing blocks.",Sometimes,Some use this,132,0.249,531
88990,9,"Scientific, research, navigation, surveying, photographic, cinematographic, audiovisual, optical, weighing, measuring, signalling, detecting, testing, inspecting, life-saving and teaching apparatus and instruments; apparatus and instruments for conducting, switching, transforming, accumulating, regulating or controlling the distribution or use of electricity; apparatus and instruments for recording, transmitting, reproducing or processing sound, images or data; recorded and downloadable media, computer software, blank digital or analogue recording and storage media; mechanisms for coin-operated apparatus; cash registers, calculating devices; computers and computer peripheral devices; diving suits, divers' masks, ear plugs for divers, nose clips for divers and swimmers, gloves for divers, breathing apparatus for underwater swimming; fire-extinguishing apparatus.",Sometimes,Some use this,120,0.226,531
88990,42,"Scientific and technological services and research and design relating thereto; industrial analysis, industrial research and industrial design services; quality control and authentication services; design and development of computer hardware and software.",Sometimes,Some use this,90,0.169,531
88990,43,Services for providing food and drink; temporary accommodation.,Sometimes,Some use this,86,0.162,531
88990,25,"Clothing, footwear, headwear.",Sometimes,A few have this,76,0.143,531
88990,18,"Leather and imitations of leather; animal skins and hides; luggage and carrying bags; umbrellas and parasols; walking sticks; whips, harness and saddlery; collars, leashes and clothing for animals.",Sometimes,A few have this,38,0.072,531
88990,38,Telecommunications services.,Sometimes,A few have this,36,0.068,531
87100,44,"Medical services; veterinary services; hygienic and beauty care for human beings or animals; agriculture, aquaculture, horticulture and forestry services.",Always,All use this,43,0.782,55
87100,43,Services for providing food and drink; temporary accommodation.,Sometimes,Some use this,24,0.436,55
87100,35,"Advertising; business management, business administration and consultancy, office functions.",Sometimes,Some use this,18,0.327,55
87100,45,Legal services; security services for the physical protection of tangible property and individuals; dating services; online social networking services; funeral services; babysitting.,Sometimes,Some use this,13,0.236,55
87100,41,Education; providing of training; entertainment; sporting and cultural activities.,Sometimes,A few have this,5,0.091,55
87100,9,"Scientific, research, navigation, surveying, photographic, cinematographic, audiovisual, optical, weighing, measuring, signalling, detecting, testing, inspecting, life-saving and teaching apparatus and instruments; apparatus and instruments for conducting, switching, transforming, accumulating, regulating or controlling the distribution or use of electricity; apparatus and instruments for recording, transmitting, reproducing or processing sound, images or data; recorded and downloadable media, computer software, blank digital or analogue recording and storage media; mechanisms for coin-operated apparatus; cash registers, calculating devices; computers and computer peripheral devices; diving suits, divers' masks, ear plugs for divers, nose clips for divers and swimmers, gloves for divers, breathing apparatus for underwater swimming; fire-extinguishing apparatus.",Sometimes,A few have this,4,0.073,55
87100,5,"Pharmaceuticals, medical and veterinary preparations; sanitary preparations for medical purposes; dietetic food and substances adapted for medical or veterinary use, food for babies; dietary supplements for human beings and animals; plasters, materials for dressings; material for stopping teeth, dental wax; disinfectants; preparations for destroying vermin; fungicides, herbicides.",Sometimes,A few have this,4,0.073,55
87100,42,"Scientific and technological services and research and design relating thereto; industrial analysis, industrial research and industrial design services; quality control and authentication services; design and development of computer hardware and software.",Sometimes,A few have this,3,0.055,55
87100,38,Telecommunications services.,Sometimes,A few have this,3,0.055,55
87900,44,"Medical services; veterinary services; hygienic and beauty care for human beings or animals; agriculture, aquaculture, horticulture and forestry services.",Always,Most use this,112,0.602,186
87900,43,Services for providing food and drink; temporary accommodation.,Sometimes,Some use this,76,0.409,186
87900,41,Education; providing of training; entertainment; sporting and cultural activities.,Sometimes,Some use this,69,0.371,186
87900,45,Legal services; security services for the physical protection of tangible property and individuals; dating services; online social networking services; funeral services; babysitting.,Sometimes,Some use this,60,0.323,186
87900,35,"Advertising; business management, business administration and consultancy, office functions.",Sometimes,Some use this,49,0.263,186
87900,36,"Financial, monetary and banking services; insurance services; real estate affairs.",Sometimes,Some use this,35,0.188,186
87900,9,"Scientific, research, navigation, surveying, photographic, cinematographic, audiovisual, optical, weighing, measuring, signalling, detecting, testing, inspecting, life-saving and teaching apparatus and instruments; apparatus and instruments for conducting, switching, transforming, accumulating, regulating or controlling the distribution or use of electricity; apparatus and instruments for recording, transmitting, reproducing or processing sound, images or data; recorded and downloadable media, computer software, blank digital or analogue recording and storage media; mechanisms for coin-operated apparatus; cash registers, calculating devices; computers and computer peripheral devices; diving suits, divers' masks, ear plugs for divers, nose clips for divers and swimmers, gloves for divers, breathing apparatus for underwater swimming; fire-extinguishing apparatus.",Sometimes,Some use this,29,0.156,186
87900,42,"Scientific and technological services and research and design relating thereto; industrial analysis, industrial research and industrial design services; quality control and authentication services; design and development of computer hardware and software.",Sometimes,A few have this,18,0.097,186
87900,16,"Paper and cardboard; printed matter; bookbinding material; photographs; stationery and office requisites, except furniture; adhesives for stationery or household purposes; drawing materials and materials for artists; paintbrushes; instructional and teaching materials; plastic sheets, films and bags for wrapping and packaging; printers' type, printing blocks.",Sometimes,A few have this,16,0.086,186
88910,41,Education; providing of training; entertainment; sporting and cultural activities.,Always,Most use this,84,0.689,122
88910,43,Services for providing food and drink; temporary accommodation.,Always,Most use this,75,0.615,122
88910,35,"Advertising; business management, business administration and consultancy, office functions.",Sometimes,Some use this,21,0.172,122
88910,45,Legal services; security services for the physical protection of tangible property and individuals; dating services; online social networking services; funeral services; babysitting.,Sometimes,A few have this,15,0.123,122
88910,16,"Paper and cardboard; printed matter; bookbinding material; photographs; stationery and office requisites, except furniture; adhesives for stationery or household purposes; drawing materials and materials for artists; paintbrushes; instructional and teaching materials; plastic sheets, films and bags for wrapping and packaging; printers' type, printing blocks.",Sometimes,A few have this,14,0.115,122
88910,28,"Games, toys and playthings; video game apparatus; gymnastic and sporting articles; decorations for Christmas trees.",Sometimes,A few have this,11,0.09,122
88910,44,"Medical services; veterinary services; hygienic and beauty care for human beings or animals; agriculture, aquaculture, horticulture and forestry services.",Sometimes,A few have this,9,0.074,122
88910,9,"Scientific, research, navigation, surveying, photographic, cinematographic, audiovisual, optical, weighing, measuring, signalling, detecting, testing, inspecting, life-saving and teaching apparatus and instruments; apparatus and instruments for conducting, switching, transforming, accumulating, regulating or controlling the distribution or use of electricity; apparatus and instruments for recording, transmitting, reproducing or processing sound, images or data; recorded and downloadable media, computer software, blank digital or analogue recording and storage media; mechanisms for coin-operated apparatus; cash registers, calculating devices; computers and computer peripheral devices; diving suits, divers' masks, ear plugs for divers, nose clips for divers and swimmers, gloves for divers, breathing apparatus for underwater swimming; fire-extinguishing apparatus.",Sometimes,A few have this,9,0.074,122
90020,41,Education; providing of training; entertainment; sporting and cultural activities.,Always,All use this,654,0.84,779
90020,35,"Advertising; business management, business administration and consultancy, office functions.",Sometimes,Some use this,264,0.339,779
90020,9,"Scientific, research, navigation, surveying, photographic, cinematographic, audiovisual, optical, weighing, measuring, signalling, detecting, testing, inspecting, life-saving and teaching apparatus and instruments; apparatus and instruments for conducting, switching, transforming, accumulating, regulating or controlling the distribution or use of electricity; apparatus and instruments for recording, transmitting, reproducing or processing sound, images or data; recorded and downloadable media, computer software, blank digital or analogue recording and storage media; mechanisms for coin-operated apparatus; cash registers, calculating devices; computers and computer peripheral devices; diving suits, divers' masks, ear plugs for divers, nose clips for divers and swimmers, gloves for divers, breathing apparatus for underwater swimming; fire-extinguishing apparatus.",Sometimes,Some use this,223,0.286,779
90020,25,"Clothing, footwear, headwear.",Sometimes,Some use this,190,0.244,779
90020,16,"Paper and cardboard; printed matter; bookbinding material; photographs; stationery and office requisites, except furniture; adhesives for stationery or household purposes; drawing materials and materials for artists; paintbrushes; instructional and teaching materials; plastic sheets, films and bags for wrapping and packaging; printers' type, printing blocks.",Sometimes,Some use this,122,0.157,779
90020,42,"Scientific and technological services and research and design relating thereto; industrial analysis, industrial research and industrial design services; quality control and authentication services; design and development of computer hardware and software.",Sometimes,A few have this,103,0.132,779
90020,38,Telecommunications services.,Sometimes,A few have this,74,0.095,779
90020,43,Services for providing food and drink; temporary accommodation.,Sometimes,A few have this,57,0.073,779
90020,18,"Leather and imitations of leather; animal skins and hides; luggage and carrying bags; umbrellas and parasols; walking sticks; whips, harness and saddlery; collars, leashes and clothing for animals.",Sometimes,A few have this,48,0.062,779
90010,41,Education; providing of training; entertainment; sporting and cultural activities.,Always,All use this,759,0.884,859
90010,9,"Scientific, research, navigation, surveying, photographic, cinematographic, audiovisual, optical, weighing, measuring, signalling, detecting, testing, inspecting, life-saving and teaching apparatus and instruments; apparatus and instruments for conducting, switching, transforming, accumulating, regulating or controlling the distribution or use of electricity; apparatus and instruments for recording, transmitting, reproducing or processing sound, images or data; recorded and downloadable media, computer software, blank digital or analogue recording and storage media; mechanisms for coin-operated apparatus; cash registers, calculating devices; computers and computer peripheral devices; diving suits, divers' masks, ear plugs for divers, nose clips for divers and swimmers, gloves for divers, breathing apparatus for underwater swimming; fire-extinguishing apparatus.",Sometimes,Some use this,250,0.291,859
90010,25,"Clothing, footwear, headwear.",Sometimes,Some use this,247,0.288,859
90010,35,"Advertising; business management, business administration and consultancy, office functions.",Sometimes,Some use this,246,0.286,859
90010,16,"Paper and cardboard; printed matter; bookbinding material; photographs; stationery and office requisites, except furniture; adhesives for stationery or household purposes; drawing materials and materials for artists; paintbrushes; instructional and teaching materials; plastic sheets, films and bags for wrapping and packaging; printers' type, printing blocks.",Sometimes,Some use this,160,0.186,859
90010,38,Telecommunications services.,Sometimes,A few have this,67,0.078,859
90010,18,"Leather and imitations of leather; animal skins and hides; luggage and carrying bags; umbrellas and parasols; walking sticks; whips, harness and saddlery; collars, leashes and clothing for animals.",Sometimes,A few have this,63,0.073,859
90010,42,"Scientific and technological services and research and design relating thereto; industrial analysis, industrial research and industrial design services; quality control and authentication services; design and development of computer hardware and software.",Sometimes,A few have this,52,0.061,859
90010,43,Services for providing food and drink; temporary accommodation.,Sometimes,A few have this,51,0.059,859
90010,28,"Games, toys and playthings; video game apparatus; gymnastic and sporting articles; decorations for Christmas trees.",Sometimes,A few have this,46,0.054,859
90030,41,Education; providing of training; entertainment; sporting and cultural activities.,Always,Most use this,1021,0.576,1774
90030,35,"Advertising; business management, business administration and consultancy, office functions.",Sometimes,Some use this,605,0.341,1774
90030,9,"Scientific, research, navigation, surveying, photographic, cinematographic, audiovisual, optical, weighing, measuring, signalling, detecting, testing, inspecting, life-saving and teaching apparatus and instruments; apparatus and instruments for conducting, switching, transforming, accumulating, regulating or controlling the distribution or use of electricity; apparatus and instruments for recording, transmitting, reproducing or processing sound, images or data; recorded and downloadable media, computer software, blank digital or analogue recording and storage media; mechanisms for coin-operated apparatus; cash registers, calculating devices; computers and computer peripheral devices; diving suits, divers' masks, ear plugs for divers, nose clips for divers and swimmers, gloves for divers, breathing apparatus for underwater swimming; fire-extinguishing apparatus.",Sometimes,Some use this,596,0.336,1774
90030,25,"Clothing, footwear, headwear.",Sometimes,Some use this,544,0.307,1774
90030,16,"Paper and cardboard; printed matter; bookbinding material; photographs; stationery and office requisites, except furniture; adhesives for stationery or household purposes; drawing materials and materials for artists; paintbrushes; instructional and teaching materials; plastic sheets, films and bags for wrapping and packaging; printers' type, printing blocks.",Sometimes,Some use this,537,0.303,1774
90030,42,"Scientific and technological services and research and design relating thereto; industrial analysis, industrial research and industrial design services; quality control and authentication services; design and development of computer hardware and software.",Sometimes,Some use this,307,0.173,1774
90030,28,"Games, toys and playthings; video game apparatus; gymnastic and sporting articles; decorations for Christmas trees.",Sometimes,A few have this,224,0.126,1774
90030,18,"Leather and imitations of leather; animal skins and hides; luggage and carrying bags; umbrellas and parasols; walking sticks; whips, harness and saddlery; collars, leashes and clothing for animals.",Sometimes,A few have this,170,0.096,1774
90030,21,"Household or kitchen utensils and containers; cookware and tableware, except forks, knives and spoons; combs and sponges; brushes, except paintbrushes; brush-making materials; articles for cleaning purposes; unworked or semi-worked glass, except building glass; glassware, porcelain and earthenware.",Sometimes,A few have this,167,0.094,1774
90030,38,Telecommunications services.,Sometimes,A few have this,141,0.079,1774
90030,14,"Precious metals and their alloys; jewellery, precious and semi-precious stones; horological and chronometric instruments.",Sometimes,A few have this,122,0.069,1774
93130,41,Education; providing of training; entertainment; sporting and cultural activities.,Always,All use this,626,0.823,761
93130,25,"Clothing, footwear, headwear.",Sometimes,Some use this,301,0.396,761
93130,44,"Medical services; veterinary services; hygienic and beauty care for human beings or animals; agriculture, aquaculture, horticulture and forestry services.",Sometimes,Some use this,149,0.196,761
93130,28,"Games, toys and playthings; video game apparatus; gymnastic and sporting articles; decorations for Christmas trees.",Sometimes,Some use this,142,0.187,761
93130,35,"Advertising; business management, business administration and consultancy, office functions.",Sometimes,Some use this,140,0.184,761
93130,9,"Scientific, research, navigation, surveying, photographic, cinematographic, audiovisual, optical, weighing, measuring, signalling, detecting, testing, inspecting, life-saving and teaching apparatus and instruments; apparatus and instruments for conducting, switching, transforming, accumulating, regulating or controlling the distribution or use of electricity; apparatus and instruments for recording, transmitting, reproducing or processing sound, images or data; recorded and downloadable media, computer software, blank digital or analogue recording and storage media; mechanisms for coin-operated apparatus; cash registers, calculating devices; computers and computer peripheral devices; diving suits, divers' masks, ear plugs for divers, nose clips for divers and swimmers, gloves for divers, breathing apparatus for underwater swimming; fire-extinguishing apparatus.",Sometimes,Some use this,115,0.151,761
93130,18,"Leather and imitations of leather; animal skins and hides; luggage and carrying bags; umbrellas and parasols; walking sticks; whips, harness and saddlery; collars, leashes and clothing for animals.",Sometimes,A few have this,68,0.089,761
93130,43,Services for providing food and drink; temporary accommodation.,Sometimes,A few have this,63,0.083,761
93130,5,"Pharmaceuticals, medical and veterinary preparations; sanitary preparations for medical purposes; dietetic food and substances adapted for medical or veterinary use, food for babies; dietary supplements for human beings and animals; plasters, materials for dressings; material for stopping teeth, dental wax; disinfectants; preparations for destroying vermin; fungicides, herbicides.",Sometimes,A few have this,60,0.079,761
93130,21,"Household or kitchen utensils and containers; cookware and tableware, except forks, knives and spoons; combs and sponges; brushes, except paintbrushes; brush-making materials; articles for cleaning purposes; unworked or semi-worked glass, except building glass; glassware, porcelain and earthenware.",Sometimes,A few have this,56,0.074,761
93130,16,"Paper and cardboard; printed matter; bookbinding material; photographs; stationery and office requisites, except furniture; adhesives for stationery or household purposes; drawing materials and materials for artists; paintbrushes; instructional and teaching materials; plastic sheets, films and bags for wrapping and packaging; printers' type, printing blocks.",Sometimes,A few have this,52,0.068,761
93130,27,"Carpets, rugs, mats and matting, linoleum and other materials for covering existing floors; wall hangings, not of textile.",Sometimes,A few have this,47,0.062,761
93130,24,Textiles and substitutes for textiles; household linen; curtains of textile or plastic.,Sometimes,A few have this,44,0.058,761
93110,41,Education; providing of training; entertainment; sporting and cultural activities.,Always,All use this,418,0.824,507
93110,25,"Clothing, footwear, headwear.",Always,Most use this,297,0.586,507
93110,28,"Games, toys and playthings; video game apparatus; gymnastic and sporting articles; decorations for Christmas trees.",Sometimes,Some use this,222,0.438,507
93110,35,"Advertising; business management, business administration and consultancy, office functions.",Sometimes,Some use this,218,0.43,507
93110,43,Services for providing food and drink; temporary accommodation.,Sometimes,Some use this,122,0.241,507
93110,9,"Scientific, research, navigation, surveying, photographic, cinematographic, audiovisual, optical, weighing, measuring, signalling, detecting, testing, inspecting, life-saving and teaching apparatus and instruments; apparatus and instruments for conducting, switching, transforming, accumulating, regulating or controlling the distribution or use of electricity; apparatus and instruments for recording, transmitting, reproducing or processing sound, images or data; recorded and downloadable media, computer software, blank digital or analogue recording and storage media; mechanisms for coin-operated apparatus; cash registers, calculating devices; computers and computer peripheral devices; diving suits, divers' masks, ear plugs for divers, nose clips for divers and swimmers, gloves for divers, breathing apparatus for underwater swimming; fire-extinguishing apparatus.",Sometimes,Some use this,99,0.195,507
93110,18,"Leather and imitations of leather; animal skins and hides; luggage and carrying bags; umbrellas and parasols; walking sticks; whips, harness and saddlery; collars, leashes and clothing for animals.",Sometimes,Some use this,90,0.178,507
93110,16,"Paper and cardboard; printed matter; bookbinding material; photographs; stationery and office requisites, except furniture; adhesives for stationery or household purposes; drawing materials and materials for artists; paintbrushes; instructional and teaching materials; plastic sheets, films and bags for wrapping and packaging; printers' type, printing blocks.",Sometimes,Some use this,82,0.162,507
93110,21,"Household or kitchen utensils and containers; cookware and tableware, except forks, knives and spoons; combs and sponges; brushes, except paintbrushes; brush-making materials; articles for cleaning purposes; unworked or semi-worked glass, except building glass; glassware, porcelain and earthenware.",Sometimes,A few have this,58,0.114,507
93110,42,"Scientific and technological services and research and design relating thereto; industrial analysis, industrial research and industrial design services; quality control and authentication services; design and development of computer hardware and software.",Sometimes,A few have this,37,0.073,507
93110,14,"Precious metals and their alloys; jewellery, precious and semi-precious stones; horological and chronometric instruments.",Sometimes,A few have this,35,0.069,507
93110,38,Telecommunications services.,Sometimes,A few have this,34,0.067,507
93110,24,Textiles and substitutes for textiles; household linen; curtains of textile or plastic.,Sometimes,A few have this,34,0.067,507
93110,36,"Financial, monetary and banking services; insurance services; real estate affairs.",Sometimes,A few have this,27,0.053,507
93290,41,Education; providing of training; entertainment; sporting and cultural activities.,Always,All use this,906,0.771,1175
93290,9,"Scientific, research, navigation, surveying, photographic, cinematographic, audiovisual, optical, weighing, measuring, signalling, detecting, testing, inspecting, life-saving and teaching apparatus and instruments; apparatus and instruments for conducting, switching, transforming, accumulating, regulating or controlling the distribution or use of electricity; apparatus and instruments for recording, transmitting, reproducing or processing sound, images or data; recorded and downloadable media, computer software, blank digital or analogue recording and storage media; mechanisms for coin-operated apparatus; cash registers, calculating devices; computers and computer peripheral devices; diving suits, divers' masks, ear plugs for divers, nose clips for divers and swimmers, gloves for divers, breathing apparatus for underwater swimming; fire-extinguishing apparatus.",Sometimes,Some use this,332,0.283,1175
93290,35,"Advertising; business management, business administration and consultancy, office functions.",Sometimes,Some use this,329,0.28,1175
93290,25,"Clothing, footwear, headwear.",Sometimes,Some use this,261,0.222,1175
93290,43,Services for providing food and drink; temporary accommodation.,Sometimes,Some use this,202,0.172,1175
93290,28,"Games, toys and playthings; video game apparatus; gymnastic and sporting articles; decorations for Christmas trees.",Sometimes,A few have this,173,0.147,1175
93290,16,"Paper and cardboard; printed matter; bookbinding material; photographs; stationery and office requisites, except furniture; adhesives for stationery or household purposes; drawing materials and materials for artists; paintbrushes; instructional and teaching materials; plastic sheets, films and bags for wrapping and packaging; printers' type, printing blocks.",Sometimes,A few have this,139,0.118,1175
93290,42,"Scientific and technological services and research and design relating thereto; industrial analysis, industrial research and industrial design services; quality control and authentication services; design and development of computer hardware and software.",Sometimes,A few have this,104,0.089,1175
93290,38,Telecommunications services.,Sometimes,A few have this,78,0.066,1175
93290,21,"Household or kitchen utensils and containers; cookware and tableware, except forks, knives and spoons; combs and sponges; brushes, except paintbrushes; brush-making materials; articles for cleaning purposes; unworked or semi-worked glass, except building glass; glassware, porcelain and earthenware.",Sometimes,A few have this,60,0.051,1175
93290,18,"Leather and imitations of leather; animal skins and hides; luggage and carrying bags; umbrellas and parasols; walking sticks; whips, harness and saddlery; collars, leashes and clothing for animals.",Sometimes,A few have this,60,0.051,1175
93120,41,Education; providing of training; entertainment; sporting and cultural activities.,Always,Most use this,380,0.728,522
93120,25,"Clothing, footwear, headwear.",Always,Most use this,282,0.54,522
93120,35,"Advertising; business management, business administration and consultancy, office functions.",Sometimes,Some use this,193,0.37,522
93120,28,"Games, toys and playthings; video game apparatus; gymnastic and sporting articles; decorations for Christmas trees.",Sometimes,Some use this,154,0.295,522
93120,16,"Paper and cardboard; printed matter; bookbinding material; photographs; stationery and office requisites, except furniture; adhesives for stationery or household purposes; drawing materials and materials for artists; paintbrushes; instructional and teaching materials; plastic sheets, films and bags for wrapping and packaging; printers' type, printing blocks.",Sometimes,Some use this,101,0.193,522
93120,9,"Scientific, research, navigation, surveying, photographic, cinematographic, audiovisual, optical, weighing, measuring, signalling, detecting, testing, inspecting, life-saving and teaching apparatus and instruments; apparatus and instruments for conducting, switching, transforming, accumulating, regulating or controlling the distribution or use of electricity; apparatus and instruments for recording, transmitting, reproducing or processing sound, images or data; recorded and downloadable media, computer software, blank digital or analogue recording and storage media; mechanisms for coin-operated apparatus; cash registers, calculating devices; computers and computer peripheral devices; diving suits, divers' masks, ear plugs for divers, nose clips for divers and swimmers, gloves for divers, breathing apparatus for underwater swimming; fire-extinguishing apparatus.",Sometimes,Some use this,97,0.186,522
93120,18,"Leather and imitations of leather; animal skins and hides; luggage and carrying bags; umbrellas and parasols; walking sticks; whips, harness and saddlery; collars, leashes and clothing for animals.",Sometimes,Some use this,94,0.18,522
93120,43,Services for providing food and drink; temporary accommodation.,Sometimes,A few have this,74,0.142,522
93120,21,"Household or kitchen utensils and containers; cookware and tableware, except forks, knives and spoons; combs and sponges; brushes, except paintbrushes; brush-making materials; articles for cleaning purposes; unworked or semi-worked glass, except building glass; glassware, porcelain and earthenware.",Sometimes,A few have this,71,0.136,522
93120,14,"Precious metals and their alloys; jewellery, precious and semi-precious stones; horological and chronometric instruments.",Sometimes,A few have this,57,0.109,522
93120,5,"Pharmaceuticals, medical and veterinary preparations; sanitary preparations for medical purposes; dietetic food and substances adapted for medical or veterinary use, food for babies; dietary supplements for human beings and animals; plasters, materials for dressings; material for stopping teeth, dental wax; disinfectants; preparations for destroying vermin; fungicides, herbicides.",Sometimes,A few have this,55,0.105,522
93120,24,Textiles and substitutes for textiles; household linen; curtains of textile or plastic.,Sometimes,A few have this,52,0.1,522
93120,26,"Lace, braid and embroidery, and haberdashery ribbons and bows; buttons, hooks and eyes, pins and needles; artificial flowers; hair decorations; false hair.",Sometimes,A few have this,43,0.082,522
93120,38,Telecommunications services.,Sometimes,A few have this,42,0.08,522
93120,36,"Financial, monetary and banking services; insurance services; real estate affairs.",Sometimes,A few have this,33,0.063,522
93120,30,"Coffee, tea, cocoa and artificial coffee; rice, pasta and noodles; tapioca and sago; flour and preparations made from cereals; bread, pastries and confectionery; chocolate; ice cream, sorbets and other edible ices; sugar, honey, treacle; yeast, baking-powder; salt, seasonings, spices, preserved herbs; vinegar, sauces and other condiments; ice (frozen water).",Sometimes,A few have this,28,0.054,522
93120,32,Beers; non-alcoholic beverages; mineral and aerated waters; fruit beverages and fruit juices; syrups and other non-alcoholic preparations for making beverages.,Sometimes,A few have this,28,0.054,522
94990,41,Education; providing of training; entertainment; sporting and cultural activities.,Always,Most use this,451,0.677,666
94990,35,"Advertising; business management, business administration and consultancy, office functions.",Always,Most use this,369,0.554,666
94990,9,"Scientific, research, navigation, surveying, photographic, cinematographic, audiovisual, optical, weighing, measuring, signalling, detecting, testing, inspecting, life-saving and teaching apparatus and instruments; apparatus and instruments for conducting, switching, transforming, accumulating, regulating or controlling the distribution or use of electricity; apparatus and instruments for recording, transmitting, reproducing or processing sound, images or data; recorded and downloadable media, computer software, blank digital or analogue recording and storage media; mechanisms for coin-operated apparatus; cash registers, calculating devices; computers and computer peripheral devices; diving suits, divers' masks, ear plugs for divers, nose clips for divers and swimmers, gloves for divers, breathing apparatus for underwater swimming; fire-extinguishing apparatus.",Sometimes,Some use this,169,0.254,666
94990,36,"Financial, monetary and banking services; insurance services; real estate affairs.",Sometimes,Some use this,160,0.24,666
94990,16,"Paper and cardboard; printed matter; bookbinding material; photographs; stationery and office requisites, except furniture; adhesives for stationery or household purposes; drawing materials and materials for artists; paintbrushes; instructional and teaching materials; plastic sheets, films and bags for wrapping and packaging; printers' type, printing blocks.",Sometimes,Some use this,155,0.233,666
94990,45,Legal services; security services for the physical protection of tangible property and individuals; dating services; online social networking services; funeral services; babysitting.,Sometimes,Some use this,151,0.227,666
94990,42,"Scientific and technological services and research and design relating thereto; industrial analysis, industrial research and industrial design services; quality control and authentication services; design and development of computer hardware and software.",Sometimes,Some use this,140,0.21,666
94990,25,"Clothing, footwear, headwear.",Sometimes,Some use this,107,0.161,666
94990,44,"Medical services; veterinary services; hygienic and beauty care for human beings or animals; agriculture, aquaculture, horticulture and forestry services.",Sometimes,A few have this,68,0.102,666
94990,43,Services for providing food and drink; temporary accommodation.,Sometimes,A few have this,56,0.084,666
94990,21,"Household or kitchen utensils and containers; cookware and tableware, except forks, knives and spoons; combs and sponges; brushes, except paintbrushes; brush-making materials; articles for cleaning purposes; unworked or semi-worked glass, except building glass; glassware, porcelain and earthenware.",Sometimes,A few have this,46,0.069,666
94990,18,"Leather and imitations of leather; animal skins and hides; luggage and carrying bags; umbrellas and parasols; walking sticks; whips, harness and saddlery; collars, leashes and clothing for animals.",Sometimes,A few have this,40,0.06,666
94990,38,Telecommunications services.,Sometimes,A few have this,39,0.059,666
94120,41,Education; providing of training; entertainment; sporting and cultural activities.,Always,All use this,262,0.771,340
94120,35,"Advertising; business management, business administration and consultancy, office functions.",Always,Most use this,238,0.7,340
94120,9,"Scientific, research, navigation, surveying, photographic, cinematographic, audiovisual, optical, weighing, measuring, signalling, detecting, testing, inspecting, life-saving and teaching apparatus and instruments; apparatus and instruments for conducting, switching, transforming, accumulating, regulating or controlling the distribution or use of electricity; apparatus and instruments for recording, transmitting, reproducing or processing sound, images or data; recorded and downloadable media, computer software, blank digital or analogue recording and storage media; mechanisms for coin-operated apparatus; cash registers, calculating devices; computers and computer peripheral devices; diving suits, divers' masks, ear plugs for divers, nose clips for divers and swimmers, gloves for divers, breathing apparatus for underwater swimming; fire-extinguishing apparatus.",Sometimes,Some use this,126,0.371,340
94120,16,"Paper and cardboard; printed matter; bookbinding material; photographs; stationery and office requisites, except furniture; adhesives for stationery or household purposes; drawing materials and materials for artists; paintbrushes; instructional and teaching materials; plastic sheets, films and bags for wrapping and packaging; printers' type, printing blocks.",Sometimes,Some use this,117,0.344,340
94120,42,"Scientific and technological services and research and design relating thereto; industrial analysis, industrial research and industrial design services; quality control and authentication services; design and development of computer hardware and software.",Sometimes,Some use this,114,0.335,340
94120,45,Legal services; security services for the physical protection of tangible property and individuals; dating services; online social networking services; funeral services; babysitting.,Sometimes,Some use this,84,0.247,340
94120,36,"Financial, monetary and banking services; insurance services; real estate affairs.",Sometimes,Some use this,69,0.203,340
94120,44,"Medical services; veterinary services; hygienic and beauty care for human beings or animals; agriculture, aquaculture, horticulture and forestry services.",Sometimes,Some use this,55,0.162,340
94120,25,"Clothing, footwear, headwear.",Sometimes,A few have this,41,0.121,340
94120,38,Telecommunications services.,Sometimes,A few have this,40,0.118,340
94120,18,"Leather and imitations of leather; animal skins and hides; luggage and carrying bags; umbrellas and parasols; walking sticks; whips, harness and saddlery; collars, leashes and clothing for animals.",Sometimes,A few have this,18,0.053,340
94910,41,Education; providing of training; entertainment; sporting and cultural activities.,Always,All use this,55,0.753,73
94910,16,"Paper and cardboard; printed matter; bookbinding material; photographs; stationery and office requisites, except furniture; adhesives for stationery or household purposes; drawing materials and materials for artists; paintbrushes; instructional and teaching materials; plastic sheets, films and bags for wrapping and packaging; printers' type, printing blocks.",Sometimes,Some use this,35,0.479,73
94910,45,Legal services; security services for the physical protection of tangible property and individuals; dating services; online social networking services; funeral services; babysitting.,Sometimes,Some use this,34,0.466,73
94910,9,"Scientific, research, navigation, surveying, photographic, cinematographic, audiovisual, optical, weighing, measuring, signalling, detecting, testing, inspecting, life-saving and teaching apparatus and instruments; apparatus and instruments for conducting, switching, transforming, accumulating, regulating or controlling the distribution or use of electricity; apparatus and instruments for recording, transmitting, reproducing or processing sound, images or data; recorded and downloadable media, computer software, blank digital or analogue recording and storage media; mechanisms for coin-operated apparatus; cash registers, calculating devices; computers and computer peripheral devices; diving suits, divers' masks, ear plugs for divers, nose clips for divers and swimmers, gloves for divers, breathing apparatus for underwater swimming; fire-extinguishing apparatus.",Sometimes,Some use this,27,0.37,73
94910,35,"Advertising; business management, business administration and consultancy, office functions.",Sometimes,Some use this,26,0.356,73
94910,36,"Financial, monetary and banking services; insurance services; real estate affairs.",Sometimes,Some use this,14,0.192,73
94910,25,"Clothing, footwear, headwear.",Sometimes,A few have this,10,0.137,73
94910,43,Services for providing food and drink; temporary accommodation.,Sometimes,A few have this,7,0.096,73
94910,21,"Household or kitchen utensils and containers; cookware and tableware, except forks, knives and spoons; combs and sponges; brushes, except paintbrushes; brush-making materials; articles for cleaning purposes; unworked or semi-worked glass, except building glass; glassware, porcelain and earthenware.",Sometimes,A few have this,6,0.082,73
94910,14,"Precious metals and their alloys; jewellery, precious and semi-precious stones; horological and chronometric instruments.",Sometimes,A few have this,6,0.082,73
94910,40,Treatment of materials; recycling of waste and trash; air purification and treatment of water; printing services; food and drink preservation.,Sometimes,A few have this,5,0.068,73
94910,38,Telecommunications services.,Sometimes,A few have this,4,0.055,73
94910,18,"Leather and imitations of leather; animal skins and hides; luggage and carrying bags; umbrellas and parasols; walking sticks; whips, harness and saddlery; collars, leashes and clothing for animals.",Sometimes,A few have this,4,0.055,73
96090,35,"Advertising; business management, business administration and consultancy, office functions.",Sometimes,Some use this,1781,0.393,4536
96090,41,Education; providing of training; entertainment; sporting and cultural activities.,Sometimes,Some use this,1716,0.378,4536
96090,9,"Scientific, research, navigation, surveying, photographic, cinematographic, audiovisual, optical, weighing, measuring, signalling, detecting, testing, inspecting, life-saving and teaching apparatus and instruments; apparatus and instruments for conducting, switching, transforming, accumulating, regulating or controlling the distribution or use of electricity; apparatus and instruments for recording, transmitting, reproducing or processing sound, images or data; recorded and downloadable media, computer software, blank digital or analogue recording and storage media; mechanisms for coin-operated apparatus; cash registers, calculating devices; computers and computer peripheral devices; diving suits, divers' masks, ear plugs for divers, nose clips for divers and swimmers, gloves for divers, breathing apparatus for underwater swimming; fire-extinguishing apparatus.",Sometimes,Some use this,1173,0.259,4536
96090,42,"Scientific and technological services and research and design relating thereto; industrial analysis, industrial research and industrial design services; quality control and authentication services; design and development of computer hardware and software.",Sometimes,Some use this,759,0.167,4536
96090,36,"Financial, monetary and banking services; insurance services; real estate affairs.",Sometimes,A few have this,498,0.11,4536
96090,16,"Paper and cardboard; printed matter; bookbinding material; photographs; stationery and office requisites, except furniture; adhesives for stationery or household purposes; drawing materials and materials for artists; paintbrushes; instructional and teaching materials; plastic sheets, films and bags for wrapping and packaging; printers' type, printing blocks.",Sometimes,A few have this,486,0.107,4536
96090,25,"Clothing, footwear, headwear.",Sometimes,A few have this,480,0.106,4536
96090,45,Legal services; security services for the physical protection of tangible property and individuals; dating services; online social networking services; funeral services; babysitting.,Sometimes,A few have this,452,0.1,4536
96090,44,"Medical services; veterinary services; hygienic and beauty care for human beings or animals; agriculture, aquaculture, horticulture and forestry services.",Sometimes,A few have this,442,0.097,4536
96090,43,Services for providing food and drink; temporary accommodation.,Sometimes,A few have this,321,0.071,4536
96090,37,"Construction services; installation and repair services; mining extraction, oil and gas drilling.",Sometimes,A few have this,311,0.069,4536
96090,38,Telecommunications services.,Sometimes,A few have this,306,0.067,4536
96090,3,"Non-medicated cosmetics and toiletry preparations; non-medicated dentifrices; perfumery, essential oils; bleaching preparations and other substances for laundry use; cleaning, polishing, scouring and abrasive preparations.",Sometimes,A few have this,293,0.065,4536
96090,39,Transport; packaging and storage of goods; travel arrangement.,Sometimes,A few have this,291,0.064,4536
96090,21,"Household or kitchen utensils and containers; cookware and tableware, except forks, knives and spoons; combs and sponges; brushes, except paintbrushes; brush-making materials; articles for cleaning purposes; unworked or semi-worked glass, except building glass; glassware, porcelain and earthenware.",Sometimes,A few have this,249,0.055,4536
96040,41,Education; providing of training; entertainment; sporting and cultural activities.,Always,Most use this,548,0.656,835
96040,44,"Medical services; veterinary services; hygienic and beauty care for human beings or animals; agriculture, aquaculture, horticulture and forestry services.",Sometimes,Some use this,379,0.454,835
96040,35,"Advertising; business management, business administration and consultancy, office functions.",Sometimes,Some use this,185,0.222,835
96040,25,"Clothing, footwear, headwear.",Sometimes,Some use this,176,0.211,835
96040,9,"Scientific, research, navigation, surveying, photographic, cinematographic, audiovisual, optical, weighing, measuring, signalling, detecting, testing, inspecting, life-saving and teaching apparatus and instruments; apparatus and instruments for conducting, switching, transforming, accumulating, regulating or controlling the distribution or use of electricity; apparatus and instruments for recording, transmitting, reproducing or processing sound, images or data; recorded and downloadable media, computer software, blank digital or analogue recording and storage media; mechanisms for coin-operated apparatus; cash registers, calculating devices; computers and computer peripheral devices; diving suits, divers' masks, ear plugs for divers, nose clips for divers and swimmers, gloves for divers, breathing apparatus for underwater swimming; fire-extinguishing apparatus.",Sometimes,Some use this,163,0.195,835
96040,5,"Pharmaceuticals, medical and veterinary preparations; sanitary preparations for medical purposes; dietetic food and substances adapted for medical or veterinary use, food for babies; dietary supplements for human beings and animals; plasters, materials for dressings; material for stopping teeth, dental wax; disinfectants; preparations for destroying vermin; fungicides, herbicides.",Sometimes,A few have this,91,0.109,835
96040,16,"Paper and cardboard; printed matter; bookbinding material; photographs; stationery and office requisites, except furniture; adhesives for stationery or household purposes; drawing materials and materials for artists; paintbrushes; instructional and teaching materials; plastic sheets, films and bags for wrapping and packaging; printers' type, printing blocks.",Sometimes,A few have this,88,0.105,835
96040,3,"Non-medicated cosmetics and toiletry preparations; non-medicated dentifrices; perfumery, essential oils; bleaching preparations and other substances for laundry use; cleaning, polishing, scouring and abrasive preparations.",Sometimes,A few have this,76,0.091,835
96040,42,"Scientific and technological services and research and design relating thereto; industrial analysis, industrial research and industrial design services; quality control and authentication services; design and development of computer hardware and software.",Sometimes,A few have this,76,0.091,835
96040,43,Services for providing food and drink; temporary accommodation.,Sometimes,A few have this,58,0.069,835
96040,28,"Games, toys and playthings; video game apparatus; gymnastic and sporting articles; decorations for Christmas trees.",Sometimes,A few have this,55,0.066,835
96040,45,Legal services; security services for the physical protection of tangible property and individuals; dating services; online social networking services; funeral services; babysitting.,Sometimes,A few have this,43,0.051,835
20411,3,"Non-medicated cosmetics and toiletry preparations; non-medicated dentifrices; perfumery, essential oils; bleaching preparations and other substances for laundry use; cleaning, polishing, scouring and abrasive preparations.",Always,All use this,197,0.831,237
20411,5,"Pharmaceuticals, medical and veterinary preparations; sanitary preparations for medical purposes; dietetic food and substances adapted for medical or veterinary use, food for babies; dietary supplements for human beings and animals; plasters, materials for dressings; material for stopping teeth, dental wax; disinfectants; preparations for destroying vermin; fungicides, herbicides.",Sometimes,Some use this,53,0.224,237
20411,21,"Household or kitchen utensils and containers; cookware and tableware, except forks, knives and spoons; combs and sponges; brushes, except paintbrushes; brush-making materials; articles for cleaning purposes; unworked or semi-worked glass, except building glass; glassware, porcelain and earthenware.",Sometimes,Some use this,36,0.152,237
20411,35,"Advertising; business management, business administration and consultancy, office functions.",Sometimes,A few have this,30,0.127,237
20411,1,"Chemicals for use in industry, science and photography, as well as in agriculture, horticulture and forestry; unprocessed artificial resins, unprocessed plastics; fire extinguishing and fire prevention compositions; tempering and soldering preparations; substances for tanning animal skins and hides; adhesives for use in industry; putties and other paste fillers; compost, manures, fertilizers; biological preparations for use in industry and science.",Sometimes,A few have this,26,0.11,237
20411,4,"Industrial oils and greases, wax; lubricants; dust absorbing, wetting and binding compositions; fuels and illuminants; candles and wicks for lighting.",Sometimes,A few have this,21,0.089,237
10831,30,"Coffee, tea, cocoa and artificial coffee; rice, pasta and noodles; tapioca and sago; flour and preparations made from cereals; bread, pastries and confectionery; chocolate; ice cream, sorbets and other edible ices; sugar, honey, treacle; yeast, baking-powder; salt, seasonings, spices, preserved herbs; vinegar, sauces and other condiments; ice (frozen water).",Always,All use this,89,0.754,118
10831,5,"Pharmaceuticals, medical and veterinary preparations; sanitary preparations for medical purposes; dietetic food and substances adapted for medical or veterinary use, food for babies; dietary supplements for human beings and animals; plasters, materials for dressings; material for stopping teeth, dental wax; disinfectants; preparations for destroying vermin; fungicides, herbicides.",Sometimes,Some use this,32,0.271,118
10831,35,"Advertising; business management, business administration and consultancy, office functions.",Sometimes,Some use this,28,0.237,118
10831,32,Beers; non-alcoholic beverages; mineral and aerated waters; fruit beverages and fruit juices; syrups and other non-alcoholic preparations for making beverages.,Sometimes,Some use this,25,0.212,118
10831,21,"Household or kitchen utensils and containers; cookware and tableware, except forks, knives and spoons; combs and sponges; brushes, except paintbrushes; brush-making materials; articles for cleaning purposes; unworked or semi-worked glass, except building glass; glassware, porcelain and earthenware.",Sometimes,Some use this,25,0.212,118
10831,43,Services for providing food and drink; temporary accommodation.,Sometimes,A few have this,15,0.127,118
32409,28,"Games, toys and playthings; video game apparatus; gymnastic and sporting articles; decorations for Christmas trees.",Always,All use this,473,0.857,552
32409,9,"Scientific, research, navigation, surveying, photographic, cinematographic, audiovisual, optical, weighing, measuring, signalling, detecting, testing, inspecting, life-saving and teaching apparatus and instruments; apparatus and instruments for conducting, switching, transforming, accumulating, regulating or controlling the distribution or use of electricity; apparatus and instruments for recording, transmitting, reproducing or processing sound, images or data; recorded and downloadable media, computer software, blank digital or analogue recording and storage media; mechanisms for coin-operated apparatus; cash registers, calculating devices; computers and computer peripheral devices; diving suits, divers' masks, ear plugs for divers, nose clips for divers and swimmers, gloves for divers, breathing apparatus for underwater swimming; fire-extinguishing apparatus.",Sometimes,Some use this,127,0.23,552
32409,16,"Paper and cardboard; printed matter; bookbinding material; photographs; stationery and office requisites, except furniture; adhesives for stationery or household purposes; drawing materials and materials for artists; paintbrushes; instructional and teaching materials; plastic sheets, films and bags for wrapping and packaging; printers' type, printing blocks.",Sometimes,Some use this,125,0.226,552
32409,41,Education; providing of training; entertainment; sporting and cultural activities.,Sometimes,Some use this,113,0.205,552
32409,35,"Advertising; business management, business administration and consultancy, office functions.",Sometimes,A few have this,43,0.078,552
32409,25,"Clothing, footwear, headwear.",Sometimes,A few have this,37,0.067,552
20412,3,"Non-medicated cosmetics and toiletry preparations; non-medicated dentifrices; perfumery, essential oils; bleaching preparations and other substances for laundry use; cleaning, polishing, scouring and abrasive preparations.",Always,All use this,100,0.787,127
20412,5,"Pharmaceuticals, medical and veterinary preparations; sanitary preparations for medical purposes; dietetic food and substances adapted for medical or veterinary use, food for babies; dietary supplements for human beings and animals; plasters, materials for dressings; material for stopping teeth, dental wax; disinfectants; preparations for destroying vermin; fungicides, herbicides.",Sometimes,Some use this,34,0.268,127
20412,21,"Household or kitchen utensils and containers; cookware and tableware, except forks, knives and spoons; combs and sponges; brushes, except paintbrushes; brush-making materials; articles for cleaning purposes; unworked or semi-worked glass, except building glass; glassware, porcelain and earthenware.",Sometimes,Some use this,32,0.252,127
20412,1,"Chemicals for use in industry, science and photography, as well as in agriculture, horticulture and forestry; unprocessed artificial resins, unprocessed plastics; fire extinguishing and fire prevention compositions; tempering and soldering preparations; substances for tanning animal skins and hides; adhesives for use in industry; putties and other paste fillers; compost, manures, fertilizers; biological preparations for use in industry and science.",Sometimes,Some use this,30,0.236,127
20412,35,"Advertising; business management, business administration and consultancy, office functions.",Sometimes,Some use this,20,0.157,127
20412,37,"Construction services; installation and repair services; mining extraction, oil and gas drilling.",Sometimes,A few have this,10,0.079,127
20412,4,"Industrial oils and greases, wax; lubricants; dust absorbing, wetting and binding compositions; fuels and illuminants; candles and wicks for lighting.",Sometimes,A few have this,7,0.055,127
32401,28,"Games, toys and playthings; video game apparatus; gymnastic and sporting articles; decorations for Christmas trees.",Always,Most use this,33,0.688,48
32401,9,"Scientific, research, navigation, surveying, photographic, cinematographic, audiovisual, optical, weighing, measuring, signalling, detecting, testing, inspecting, life-saving and teaching apparatus and instruments; apparatus and instruments for conducting, switching, transforming, accumulating, regulating or controlling the distribution or use of electricity; apparatus and instruments for recording, transmitting, reproducing or processing sound, images or data; recorded and downloadable media, computer software, blank digital or analogue recording and storage media; mechanisms for coin-operated apparatus; cash registers, calculating devices; computers and computer peripheral devices; diving suits, divers' masks, ear plugs for divers, nose clips for divers and swimmers, gloves for divers, breathing apparatus for underwater swimming; fire-extinguishing apparatus.",Always,Most use this,26,0.542,48
32401,41,Education; providing of training; entertainment; sporting and cultural activities.,Sometimes,Some use this,17,0.354,48
32401,16,"Paper and cardboard; printed matter; bookbinding material; photographs; stationery and office requisites, except furniture; adhesives for stationery or household purposes; drawing materials and materials for artists; paintbrushes; instructional and teaching materials; plastic sheets, films and bags for wrapping and packaging; printers' type, printing blocks.",Sometimes,Some use this,8,0.167,48
32401,42,"Scientific and technological services and research and design relating thereto; industrial analysis, industrial research and industrial design services; quality control and authentication services; design and development of computer hardware and software.",Sometimes,A few have this,6,0.125,48
32401,25,"Clothing, footwear, headwear.",Sometimes,A few have this,6,0.125,48
32401,35,"Advertising; business management, business administration and consultancy, office functions.",Sometimes,A few have this,5,0.104,48
32401,20,"Furniture, mirrors, picture frames; containers, not of metal, for storage or transport; unworked or semi-worked bone, horn, whalebone or mother-of-pearl; shells; meerschaum; yellow amber.",Sometimes,A few have this,5,0.104,48
32401,21,"Household or kitchen utensils and containers; cookware and tableware, except forks, knives and spoons; combs and sponges; brushes, except paintbrushes; brush-making materials; articles for cleaning purposes; unworked or semi-worked glass, except building glass; glassware, porcelain and earthenware.",Sometimes,A few have this,3,0.062,48
32401,18,"Leather and imitations of leather; animal skins and hides; luggage and carrying bags; umbrellas and parasols; walking sticks; whips, harness and saddlery; collars, leashes and clothing for animals.",Sometimes,A few have this,3,0.062,48
10832,30,"Coffee, tea, cocoa and artificial coffee; rice, pasta and noodles; tapioca and sago; flour and preparations made from cereals; bread, pastries and confectionery; chocolate; ice cream, sorbets and other edible ices; sugar, honey, treacle; yeast, baking-powder; salt, seasonings, spices, preserved herbs; vinegar, sauces and other condiments; ice (frozen water).",Always,All use this,229,0.79,290
10832,43,Services for providing food and drink; temporary accommodation.,Sometimes,Some use this,83,0.286,290
10832,35,"Advertising; business management, business administration and consultancy, office functions.",Sometimes,Some use this,67,0.231,290
10832,5,"Pharmaceuticals, medical and veterinary preparations; sanitary preparations for medical purposes; dietetic food and substances adapted for medical or veterinary use, food for babies; dietary supplements for human beings and animals; plasters, materials for dressings; material for stopping teeth, dental wax; disinfectants; preparations for destroying vermin; fungicides, herbicides.",Sometimes,Some use this,54,0.186,290
10832,21,"Household or kitchen utensils and containers; cookware and tableware, except forks, knives and spoons; combs and sponges; brushes, except paintbrushes; brush-making materials; articles for cleaning purposes; unworked or semi-worked glass, except building glass; glassware, porcelain and earthenware.",Sometimes,A few have this,42,0.145,290
10832,32,Beers; non-alcoholic beverages; mineral and aerated waters; fruit beverages and fruit juices; syrups and other non-alcoholic preparations for making beverages.,Sometimes,A few have this,39,0.134,290
10832,29,"Meat, fish, poultry and game; meat extracts; preserved, frozen, dried and cooked fruits and vegetables; jellies, jams, compotes; eggs; milk, cheese, butter, yogurt and other milk products; oils and fats for food.",Sometimes,A few have this,34,0.117,290
10832,40,Treatment of materials; recycling of waste and trash; air purification and treatment of water; printing services; food and drink preservation.,Sometimes,A few have this,29,0.1,290
10832,25,"Clothing, footwear, headwear.",Sometimes,A few have this,28,0.097,290
10832,11,"Apparatus and installations for lighting, heating, cooling, steam generating, cooking, drying, ventilating, water supply and sanitary purposes.",Sometimes,A few have this,23,0.079,290
10832,7,"Machines, machine tools, power-operated tools; motors and engines, except for land vehicles; machine coupling and transmission components, except for land vehicles; agricultural implements, other than hand-operated hand tools; incubators for eggs; automatic vending machines.",Sometimes,A few have this,19,0.066,290
10832,9,"Scientific, research, navigation, surveying, photographic, cinematographic, audiovisual, optical, weighing, measuring, signalling, detecting, testing, inspecting, life-saving and teaching apparatus and instruments; apparatus and instruments for conducting, switching, transforming, accumulating, regulating or controlling the distribution or use of electricity; apparatus and instruments for recording, transmitting, reproducing or processing sound, images or data; recorded and downloadable media, computer software, blank digital or analogue recording and storage media; mechanisms for coin-operated apparatus; cash registers, calculating devices; computers and computer peripheral devices; diving suits, divers' masks, ear plugs for divers, nose clips for divers and swimmers, gloves for divers, breathing apparatus for underwater swimming; fire-extinguishing apparatus.",Sometimes,A few have this,15,0.052,290
14142,25,"Clothing, footwear, headwear.",Always,All use this,46,0.836,55
14142,35,"Advertising; business management, business administration and consultancy, office functions.",Sometimes,Some use this,11,0.2,55
14142,18,"Leather and imitations of leather; animal skins and hides; luggage and carrying bags; umbrellas and parasols; walking sticks; whips, harness and saddlery; collars, leashes and clothing for animals.",Sometimes,A few have this,6,0.109,55
14142,5,"Pharmaceuticals, medical and veterinary preparations; sanitary preparations for medical purposes; dietetic food and substances adapted for medical or veterinary use, food for babies; dietary supplements for human beings and animals; plasters, materials for dressings; material for stopping teeth, dental wax; disinfectants; preparations for destroying vermin; fungicides, herbicides.",Sometimes,A few have this,4,0.073,55
14142,10,"Surgical, medical, dental and veterinary apparatus and instruments; artificial limbs, eyes and teeth; orthopaedic articles; suture materials; therapeutic and assistive devices adapted for persons with disabilities; massage apparatus; apparatus, devices and articles for nursing infants; sexual activity apparatus, devices and articles.",Sometimes,A few have this,3,0.055,55
14142,9,"Scientific, research, navigation, surveying, photographic, cinematographic, audiovisual, optical, weighing, measuring, signalling, detecting, testing, inspecting, life-saving and teaching apparatus and instruments; apparatus and instruments for conducting, switching, transforming, accumulating, regulating or controlling the distribution or use of electricity; apparatus and instruments for recording, transmitting, reproducing or processing sound, images or data; recorded and downloadable media, computer software, blank digital or analogue recording and storage media; mechanisms for coin-operated apparatus; cash registers, calculating devices; computers and computer peripheral devices; diving suits, divers' masks, ear plugs for divers, nose clips for divers and swimmers, gloves for divers, breathing apparatus for underwater swimming; fire-extinguishing apparatus.",Sometimes,A few have this,3,0.055,55
14141,25,"Clothing, footwear, headwear.",Always,All use this,17,0.85,20
14141,35,"Advertising; business management, business administration and consultancy, office functions.",Sometimes,Some use this,3,0.15,20
14141,18,"Leather and imitations of leather; animal skins and hides; luggage and carrying bags; umbrellas and parasols; walking sticks; whips, harness and saddlery; collars, leashes and clothing for animals.",Sometimes,Some use this,3,0.15,20
14141,28,"Games, toys and playthings; video game apparatus; gymnastic and sporting articles; decorations for Christmas trees.",Sometimes,A few have this,2,0.1,20
14141,10,"Surgical, medical, dental and veterinary apparatus and instruments; artificial limbs, eyes and teeth; orthopaedic articles; suture materials; therapeutic and assistive devices adapted for persons with disabilities; massage apparatus; apparatus, devices and articles for nursing infants; sexual activity apparatus, devices and articles.",Sometimes,A few have this,2,0.1,20
14141,42,"Scientific and technological services and research and design relating thereto; industrial analysis, industrial research and industrial design services; quality control and authentication services; design and development of computer hardware and software.",Sometimes,A few have this,1,0.05,20
14141,21,"Household or kitchen utensils and containers; cookware and tableware, except forks, knives and spoons; combs and sponges; brushes, except paintbrushes; brush-making materials; articles for cleaning purposes; unworked or semi-worked glass, except building glass; glassware, porcelain and earthenware.",Sometimes,A few have this,1,0.05,20
14141,9,"Scientific, research, navigation, surveying, photographic, cinematographic, audiovisual, optical, weighing, measuring, signalling, detecting, testing, inspecting, life-saving and teaching apparatus and instruments; apparatus and instruments for conducting, switching, transforming, accumulating, regulating or controlling the distribution or use of electricity; apparatus and instruments for recording, transmitting, reproducing or processing sound, images or data; recorded and downloadable media, computer software, blank digital or analogue recording and storage media; mechanisms for coin-operated apparatus; cash registers, calculating devices; computers and computer peripheral devices; diving suits, divers' masks, ear plugs for divers, nose clips for divers and swimmers, gloves for divers, breathing apparatus for underwater swimming; fire-extinguishing apparatus.",Sometimes,A few have this,1,0.05,20
55209,43,Services for providing food and drink; temporary accommodation.,Always,Most use this,91,0.689,132
55209,36,"Financial, monetary and banking services; insurance services; real estate affairs.",Sometimes,Some use this,37,0.28,132
55209,41,Education; providing of training; entertainment; sporting and cultural activities.,Sometimes,Some use this,35,0.265,132
55209,35,"Advertising; business management, business administration and consultancy, office functions.",Sometimes,Some use this,31,0.235,132
55209,39,Transport; packaging and storage of goods; travel arrangement.,Sometimes,Some use this,31,0.235,132
55209,44,"Medical services; veterinary services; hygienic and beauty care for human beings or animals; agriculture, aquaculture, horticulture and forestry services.",Sometimes,Some use this,21,0.159,132
55209,37,"Construction services; installation and repair services; mining extraction, oil and gas drilling.",Sometimes,A few have this,11,0.083,132
55209,42,"Scientific and technological services and research and design relating thereto; industrial analysis, industrial research and industrial design services; quality control and authentication services; design and development of computer hardware and software.",Sometimes,A few have this,9,0.068,132
55209,31,"Raw and unprocessed agricultural, aquacultural, horticultural and forestry products; raw and unprocessed grains and seeds; fresh fruits and vegetables, fresh herbs; natural plants and flowers; bulbs, seedlings and seeds for planting; live animals; foodstuffs and beverages for animals; malt.",Sometimes,A few have this,9,0.068,132
55209,9,"Scientific, research, navigation, surveying, photographic, cinematographic, audiovisual, optical, weighing, measuring, signalling, detecting, testing, inspecting, life-saving and teaching apparatus and instruments; apparatus and instruments for conducting, switching, transforming, accumulating, regulating or controlling the distribution or use of electricity; apparatus and instruments for recording, transmitting, reproducing or processing sound, images or data; recorded and downloadable media, computer software, blank digital or analogue recording and storage media; mechanisms for coin-operated apparatus; cash registers, calculating devices; computers and computer peripheral devices; diving suits, divers' masks, ear plugs for divers, nose clips for divers and swimmers, gloves for divers, breathing apparatus for underwater swimming; fire-extinguishing apparatus.",Sometimes,A few have this,9,0.068,132
55209,45,Legal services; security services for the physical protection of tangible property and individuals; dating services; online social networking services; funeral services; babysitting.,Sometimes,A few have this,7,0.053,132
829,35,"Advertising; business management, business administration and consultancy, office functions.",Sometimes,Some use this,3092,0.423,7318
829,41,Education; providing of training; entertainment; sporting and cultural activities.,Sometimes,Some use this,2355,0.322,7318
829,9,"Scientific, research, navigation, surveying, photographic, cinematographic, audiovisual, optical, weighing, measuring, signalling, detecting, testing, inspecting, life-saving and teaching apparatus and instruments; apparatus and instruments for conducting, switching, transforming, accumulating, regulating or controlling the distribution or use of electricity; apparatus and instruments for recording, transmitting, reproducing or processing sound, images or data; recorded and downloadable media, computer software, blank digital or analogue recording and storage media; mechanisms for coin-operated apparatus; cash registers, calculating devices; computers and computer peripheral devices; diving suits, divers' masks, ear plugs for divers, nose clips for divers and swimmers, gloves for divers, breathing apparatus for underwater swimming; fire-extinguishing apparatus.",Sometimes,Some use this,2071,0.283,7318
829,42,"Scientific and technological services and research and design relating thereto; industrial analysis, industrial research and industrial design services; quality control and authentication services; design and development of computer hardware and software.",Sometimes,Some use this,1823,0.249,7318
829,36,"Financial, monetary and banking services; insurance services; real estate affairs.",Sometimes,Some use this,1107,0.151,7318
829,16,"Paper and cardboard; printed matter; bookbinding material; photographs; stationery and office requisites, except furniture; adhesives for stationery or household purposes; drawing materials and materials for artists; paintbrushes; instructional and teaching materials; plastic sheets, films and bags for wrapping and packaging; printers' type, printing blocks.",Sometimes,A few have this,912,0.125,7318
829,45,Legal services; security services for the physical protection of tangible property and individuals; dating services; online social networking services; funeral services; babysitting.,Sometimes,A few have this,670,0.092,7318
829,25,"Clothing, footwear, headwear.",Sometimes,A few have this,615,0.084,7318
829,38,Telecommunications services.,Sometimes,A few have this,557,0.076,7318
829,37,"Construction services; installation and repair services; mining extraction, oil and gas drilling.",Sometimes,A few have this,468,0.064,7318
829,43,Services for providing food and drink; temporary accommodation.,Sometimes,A few have this,445,0.061,7318
829,39,Transport; packaging and storage of goods; travel arrangement.,Sometimes,A few have this,433,0.059,7318
829,44,"Medical services; veterinary services; hygienic and beauty care for human beings or animals; agriculture, aquaculture, horticulture and forestry services.",Sometimes,A few have this,422,0.058,7318
829,21,"Household or kitchen utensils and containers; cookware and tableware, except forks, knives and spoons; combs and sponges; brushes, except paintbrushes; brush-making materials; articles for cleaning purposes; unworked or semi-worked glass, except building glass; glassware, porcelain and earthenware.",Sometimes,A few have this,407,0.056,7318
829,3,"Non-medicated cosmetics and toiletry preparations; non-medicated dentifrices; perfumery, essential oils; bleaching preparations and other substances for laundry use; cleaning, polishing, scouring and abrasive preparations.",Sometimes,A few have this,382,0.052,7318
691,45,Legal services; security services for the physical protection of tangible property and individuals; dating services; online social networking services; funeral services; babysitting.,Always,Most use this,531,0.699,760
691,35,"Advertising; business management, business administration and consultancy, office functions.",Sometimes,Some use this,261,0.343,760
691,41,Education; providing of training; entertainment; sporting and cultural activities.,Sometimes,Some use this,187,0.246,760
691,9,"Scientific, research, navigation, surveying, photographic, cinematographic, audiovisual, optical, weighing, measuring, signalling, detecting, testing, inspecting, life-saving and teaching apparatus and instruments; apparatus and instruments for conducting, switching, transforming, accumulating, regulating or controlling the distribution or use of electricity; apparatus and instruments for recording, transmitting, reproducing or processing sound, images or data; recorded and downloadable media, computer software, blank digital or analogue recording and storage media; mechanisms for coin-operated apparatus; cash registers, calculating devices; computers and computer peripheral devices; diving suits, divers' masks, ear plugs for divers, nose clips for divers and swimmers, gloves for divers, breathing apparatus for underwater swimming; fire-extinguishing apparatus.",Sometimes,Some use this,152,0.2,760
691,42,"Scientific and technological services and research and design relating thereto; industrial analysis, industrial research and industrial design services; quality control and authentication services; design and development of computer hardware and software.",Sometimes,Some use this,118,0.155,760
691,36,"Financial, monetary and banking services; insurance services; real estate affairs.",Sometimes,A few have this,106,0.139,760
691,16,"Paper and cardboard; printed matter; bookbinding material; photographs; stationery and office requisites, except furniture; adhesives for stationery or household purposes; drawing materials and materials for artists; paintbrushes; instructional and teaching materials; plastic sheets, films and bags for wrapping and packaging; printers' type, printing blocks.",Sometimes,A few have this,92,0.121,760
691,25,"Clothing, footwear, headwear.",Sometimes,A few have this,53,0.07,760
85421,41,Education; providing of training; entertainment; sporting and cultural activities.,Always,All use this,118,0.874,135
85421,9,"Scientific, research, navigation, surveying, photographic, cinematographic, audiovisual, optical, weighing, measuring, signalling, detecting, testing, inspecting, life-saving and teaching apparatus and instruments; apparatus and instruments for conducting, switching, transforming, accumulating, regulating or controlling the distribution or use of electricity; apparatus and instruments for recording, transmitting, reproducing or processing sound, images or data; recorded and downloadable media, computer software, blank digital or analogue recording and storage media; mechanisms for coin-operated apparatus; cash registers, calculating devices; computers and computer peripheral devices; diving suits, divers' masks, ear plugs for divers, nose clips for divers and swimmers, gloves for divers, breathing apparatus for underwater swimming; fire-extinguishing apparatus.",Sometimes,Some use this,61,0.452,135
85421,16,"Paper and cardboard; printed matter; bookbinding material; photographs; stationery and office requisites, except furniture; adhesives for stationery or household purposes; drawing materials and materials for artists; paintbrushes; instructional and teaching materials; plastic sheets, films and bags for wrapping and packaging; printers' type, printing blocks.",Sometimes,Some use this,60,0.444,135
85421,35,"Advertising; business management, business administration and consultancy, office functions.",Sometimes,Some use this,52,0.385,135
85421,42,"Scientific and technological services and research and design relating thereto; industrial analysis, industrial research and industrial design services; quality control and authentication services; design and development of computer hardware and software.",Sometimes,Some use this,40,0.296,135
85421,25,"Clothing, footwear, headwear.",Sometimes,Some use this,27,0.2,135
85421,36,"Financial, monetary and banking services; insurance services; real estate affairs.",Sometimes,Some use this,25,0.185,135
85421,14,"Precious metals and their alloys; jewellery, precious and semi-precious stones; horological and chronometric instruments.",Sometimes,A few have this,18,0.133,135
85421,21,"Household or kitchen utensils and containers; cookware and tableware, except forks, knives and spoons; combs and sponges; brushes, except paintbrushes; brush-making materials; articles for cleaning purposes; unworked or semi-worked glass, except building glass; glassware, porcelain and earthenware.",Sometimes,A few have this,17,0.126,135
85421,38,Telecommunications services.,Sometimes,A few have this,15,0.111,135
85421,18,"Leather and imitations of leather; animal skins and hides; luggage and carrying bags; umbrellas and parasols; walking sticks; whips, harness and saddlery; collars, leashes and clothing for animals.",Sometimes,A few have this,14,0.104,135
85421,43,Services for providing food and drink; temporary accommodation.,Sometimes,A few have this,12,0.089,135
85421,44,"Medical services; veterinary services; hygienic and beauty care for human beings or animals; agriculture, aquaculture, horticulture and forestry services.",Sometimes,A few have this,8,0.059,135
85421,45,Legal services; security services for the physical protection of tangible property and individuals; dating services; online social networking services; funeral services; babysitting.,Sometimes,A few have this,7,0.052,135
85422,41,Education; providing of training; entertainment; sporting and cultural activities.,Always,All use this,140,0.828,169
85422,9,"Scientific, research, navigation, surveying, photographic, cinematographic, audiovisual, optical, weighing, measuring, signalling, detecting, testing, inspecting, life-saving and teaching apparatus and instruments; apparatus and instruments for conducting, switching, transforming, accumulating, regulating or controlling the distribution or use of electricity; apparatus and instruments for recording, transmitting, reproducing or processing sound, images or data; recorded and downloadable media, computer software, blank digital or analogue recording and storage media; mechanisms for coin-operated apparatus; cash registers, calculating devices; computers and computer peripheral devices; diving suits, divers' masks, ear plugs for divers, nose clips for divers and swimmers, gloves for divers, breathing apparatus for underwater swimming; fire-extinguishing apparatus.",Sometimes,Some use this,61,0.361,169
85422,42,"Scientific and technological services and research and design relating thereto; industrial analysis, industrial research and industrial design services; quality control and authentication services; design and development of computer hardware and software.",Sometimes,Some use this,48,0.284,169
85422,16,"Paper and cardboard; printed matter; bookbinding material; photographs; stationery and office requisites, except furniture; adhesives for stationery or household purposes; drawing materials and materials for artists; paintbrushes; instructional and teaching materials; plastic sheets, films and bags for wrapping and packaging; printers' type, printing blocks.",Sometimes,Some use this,47,0.278,169
85422,35,"Advertising; business management, business administration and consultancy, office functions.",Sometimes,Some use this,45,0.266,169
85422,44,"Medical services; veterinary services; hygienic and beauty care for human beings or animals; agriculture, aquaculture, horticulture and forestry services.",Sometimes,A few have this,18,0.107,169
85422,25,"Clothing, footwear, headwear.",Sometimes,A few have this,17,0.101,169
85422,43,Services for providing food and drink; temporary accommodation.,Sometimes,A few have this,14,0.083,169
85422,38,Telecommunications services.,Sometimes,A few have this,13,0.077,169
85422,45,Legal services; security services for the physical protection of tangible property and individuals; dating services; online social networking services; funeral services; babysitting.,Sometimes,A few have this,11,0.065,169
85422,36,"Financial, monetary and banking services; insurance services; real estate affairs.",Sometimes,A few have this,10,0.059,169
85422,21,"Household or kitchen utensils and containers; cookware and tableware, except forks, knives and spoons; combs and sponges; brushes, except paintbrushes; brush-making materials; articles for cleaning purposes; unworked or semi-worked glass, except building glass; glassware, porcelain and earthenware.",Sometimes,A few have this,9,0.053,169
85422,18,"Leather and imitations of leather; animal skins and hides; luggage and carrying bags; umbrellas and parasols; walking sticks; whips, harness and saddlery; collars, leashes and clothing for animals.",Sometimes,A few have this,9,0.053,169
85422,14,"Precious metals and their alloys; jewellery, precious and semi-precious stones; horological and chronometric instruments.",Sometimes,A few have this,9,0.053,169
10821,30,"Coffee, tea, cocoa and artificial coffee; rice, pasta and noodles; tapioca and sago; flour and preparations made from cereals; bread, pastries and confectionery; chocolate; ice cream, sorbets and other edible ices; sugar, honey, treacle; yeast, baking-powder; salt, seasonings, spices, preserved herbs; vinegar, sauces and other condiments; ice (frozen water).",Always,All use this,171,0.81,211
10821,29,"Meat, fish, poultry and game; meat extracts; preserved, frozen, dried and cooked fruits and vegetables; jellies, jams, compotes; eggs; milk, cheese, butter, yogurt and other milk products; oils and fats for food.",Sometimes,Some use this,41,0.194,211
10821,5,"Pharmaceuticals, medical and veterinary preparations; sanitary preparations for medical purposes; dietetic food and substances adapted for medical or veterinary use, food for babies; dietary supplements for human beings and animals; plasters, materials for dressings; material for stopping teeth, dental wax; disinfectants; preparations for destroying vermin; fungicides, herbicides.",Sometimes,Some use this,39,0.185,211
10821,35,"Advertising; business management, business administration and consultancy, office functions.",Sometimes,Some use this,33,0.156,211
10821,21,"Household or kitchen utensils and containers; cookware and tableware, except forks, knives and spoons; combs and sponges; brushes, except paintbrushes; brush-making materials; articles for cleaning purposes; unworked or semi-worked glass, except building glass; glassware, porcelain and earthenware.",Sometimes,A few have this,18,0.085,211
10821,25,"Clothing, footwear, headwear.",Sometimes,A few have this,17,0.081,211
10821,43,Services for providing food and drink; temporary accommodation.,Sometimes,A few have this,17,0.081,211
10821,31,"Raw and unprocessed agricultural, aquacultural, horticultural and forestry products; raw and unprocessed grains and seeds; fresh fruits and vegetables, fresh herbs; natural plants and flowers; bulbs, seedlings and seeds for planting; live animals; foodstuffs and beverages for animals; malt.",Sometimes,A few have this,15,0.071,211
10821,18,"Leather and imitations of leather; animal skins and hides; luggage and carrying bags; umbrellas and parasols; walking sticks; whips, harness and saddlery; collars, leashes and clothing for animals.",Sometimes,A few have this,11,0.052,211
86101,44,"Medical services; veterinary services; hygienic and beauty care for human beings or animals; agriculture, aquaculture, horticulture and forestry services.",Always,Most use this,89,0.53,168
86101,41,Education; providing of training; entertainment; sporting and cultural activities.,Sometimes,Some use this,48,0.286,168
86101,35,"Advertising; business management, business administration and consultancy, office functions.",Sometimes,Some use this,40,0.238,168
86101,42,"Scientific and technological services and research and design relating thereto; industrial analysis, industrial research and industrial design services; quality control and authentication services; design and development of computer hardware and software.",Sometimes,Some use this,38,0.226,168
86101,9,"Scientific, research, navigation, surveying, photographic, cinematographic, audiovisual, optical, weighing, measuring, signalling, detecting, testing, inspecting, life-saving and teaching apparatus and instruments; apparatus and instruments for conducting, switching, transforming, accumulating, regulating or controlling the distribution or use of electricity; apparatus and instruments for recording, transmitting, reproducing or processing sound, images or data; recorded and downloadable media, computer software, blank digital or analogue recording and storage media; mechanisms for coin-operated apparatus; cash registers, calculating devices; computers and computer peripheral devices; diving suits, divers' masks, ear plugs for divers, nose clips for divers and swimmers, gloves for divers, breathing apparatus for underwater swimming; fire-extinguishing apparatus.",Sometimes,Some use this,29,0.173,168
86101,5,"Pharmaceuticals, medical and veterinary preparations; sanitary preparations for medical purposes; dietetic food and substances adapted for medical or veterinary use, food for babies; dietary supplements for human beings and animals; plasters, materials for dressings; material for stopping teeth, dental wax; disinfectants; preparations for destroying vermin; fungicides, herbicides.",Sometimes,Some use this,29,0.173,168
86101,10,"Surgical, medical, dental and veterinary apparatus and instruments; artificial limbs, eyes and teeth; orthopaedic articles; suture materials; therapeutic and assistive devices adapted for persons with disabilities; massage apparatus; apparatus, devices and articles for nursing infants; sexual activity apparatus, devices and articles.",Sometimes,Some use this,28,0.167,168
86101,3,"Non-medicated cosmetics and toiletry preparations; non-medicated dentifrices; perfumery, essential oils; bleaching preparations and other substances for laundry use; cleaning, polishing, scouring and abrasive preparations.",Sometimes,A few have this,20,0.119,168
86101,38,Telecommunications services.,Sometimes,A few have this,18,0.107,168
86101,36,"Financial, monetary and banking services; insurance services; real estate affairs.",Sometimes,A few have this,15,0.089,168
86101,37,"Construction services; installation and repair services; mining extraction, oil and gas drilling.",Sometimes,A few have this,11,0.065,168
86101,16,"Paper and cardboard; printed matter; bookbinding material; photographs; stationery and office requisites, except furniture; adhesives for stationery or household purposes; drawing materials and materials for artists; paintbrushes; instructional and teaching materials; plastic sheets, films and bags for wrapping and packaging; printers' type, printing blocks.",Sometimes,A few have this,10,0.06,168
86101,45,Legal services; security services for the physical protection of tangible property and individuals; dating services; online social networking services; funeral services; babysitting.,Sometimes,A few have this,9,0.054,168
86102,44,"Medical services; veterinary services; hygienic and beauty care for human beings or animals; agriculture, aquaculture, horticulture and forestry services.",Always,Most use this,21,0.6,35
86102,35,"Advertising; business management, business administration and consultancy, office functions.",Sometimes,Some use this,9,0.257,35
86102,43,Services for providing food and drink; temporary accommodation.,Sometimes,Some use this,8,0.229,35
86102,45,Legal services; security services for the physical protection of tangible property and individuals; dating services; online social networking services; funeral services; babysitting.,Sometimes,Some use this,7,0.2,35
86102,41,Education; providing of training; entertainment; sporting and cultural activities.,Sometimes,Some use this,6,0.171,35
86102,10,"Surgical, medical, dental and veterinary apparatus and instruments; artificial limbs, eyes and teeth; orthopaedic articles; suture materials; therapeutic and assistive devices adapted for persons with disabilities; massage apparatus; apparatus, devices and articles for nursing infants; sexual activity apparatus, devices and articles.",Sometimes,Some use this,6,0.171,35
86102,25,"Clothing, footwear, headwear.",Sometimes,A few have this,4,0.114,35
86102,20,"Furniture, mirrors, picture frames; containers, not of metal, for storage or transport; unworked or semi-worked bone, horn, whalebone or mother-of-pearl; shells; meerschaum; yellow amber.",Sometimes,A few have this,4,0.114,35
86102,3,"Non-medicated cosmetics and toiletry preparations; non-medicated dentifrices; perfumery, essential oils; bleaching preparations and other substances for laundry use; cleaning, polishing, scouring and abrasive preparations.",Sometimes,A few have this,3,0.086,35
86102,5,"Pharmaceuticals, medical and veterinary preparations; sanitary preparations for medical purposes; dietetic food and substances adapted for medical or veterinary use, food for babies; dietary supplements for human beings and animals; plasters, materials for dressings; material for stopping teeth, dental wax; disinfectants; preparations for destroying vermin; fungicides, herbicides.",Sometimes,A few have this,3,0.086,35
86102,9,"Scientific, research, navigation, surveying, photographic, cinematographic, audiovisual, optical, weighing, measuring, signalling, detecting, testing, inspecting, life-saving and teaching apparatus and instruments; apparatus and instruments for conducting, switching, transforming, accumulating, regulating or controlling the distribution or use of electricity; apparatus and instruments for recording, transmitting, reproducing or processing sound, images or data; recorded and downloadable media, computer software, blank digital or analogue recording and storage media; mechanisms for coin-operated apparatus; cash registers, calculating devices; computers and computer peripheral devices; diving suits, divers' masks, ear plugs for divers, nose clips for divers and swimmers, gloves for divers, breathing apparatus for underwater swimming; fire-extinguishing apparatus.",Sometimes,A few have this,3,0.086,35
86102,24,Textiles and substitutes for textiles; household linen; curtains of textile or plastic.,Sometimes,A few have this,3,0.086,35
86102,36,"Financial, monetary and banking services; insurance services; real estate affairs.",Sometimes,A few have this,3,0.086,35
86102,28,"Games, toys and playthings; video game apparatus; gymnastic and sporting articles; decorations for Christmas trees.",Sometimes,A few have this,2,0.057,35
86102,26,"Lace, braid and embroidery, and haberdashery ribbons and bows; buttons, hooks and eyes, pins and needles; artificial flowers; hair decorations; false hair.",Sometimes,A few have this,2,0.057,35
86102,8,"Hand tools and hand-operated implements; cutlery; side arms, except firearms; razors.",Sometimes,A few have this,2,0.057,35
86102,16,"Paper and cardboard; printed matter; bookbinding material; photographs; stationery and office requisites, except furniture; adhesives for stationery or household purposes; drawing materials and materials for artists; paintbrushes; instructional and teaching materials; plastic sheets, films and bags for wrapping and packaging; printers' type, printing blocks.",Sometimes,A few have this,2,0.057,35
86102,31,"Raw and unprocessed agricultural, aquacultural, horticultural and forestry products; raw and unprocessed grains and seeds; fresh fruits and vegetables, fresh herbs; natural plants and flowers; bulbs, seedlings and seeds for planting; live animals; foodstuffs and beverages for animals; malt.",Sometimes,A few have this,2,0.057,35
86102,21,"Household or kitchen utensils and containers; cookware and tableware, except forks, knives and spoons; combs and sponges; brushes, except paintbrushes; brush-making materials; articles for cleaning purposes; unworked or semi-worked glass, except building glass; glassware, porcelain and earthenware.",Sometimes,A few have this,2,0.057,35
86102,18,"Leather and imitations of leather; animal skins and hides; luggage and carrying bags; umbrellas and parasols; walking sticks; whips, harness and saddlery; collars, leashes and clothing for animals.",Sometimes,A few have this,2,0.057,35
93199,41,Education; providing of training; entertainment; sporting and cultural activities.,Always,All use this,1080,0.798,1354
93199,25,"Clothing, footwear, headwear.",Sometimes,Some use this,625,0.462,1354
93199,35,"Advertising; business management, business administration and consultancy, office functions.",Sometimes,Some use this,504,0.372,1354
93199,9,"Scientific, research, navigation, surveying, photographic, cinematographic, audiovisual, optical, weighing, measuring, signalling, detecting, testing, inspecting, life-saving and teaching apparatus and instruments; apparatus and instruments for conducting, switching, transforming, accumulating, regulating or controlling the distribution or use of electricity; apparatus and instruments for recording, transmitting, reproducing or processing sound, images or data; recorded and downloadable media, computer software, blank digital or analogue recording and storage media; mechanisms for coin-operated apparatus; cash registers, calculating devices; computers and computer peripheral devices; diving suits, divers' masks, ear plugs for divers, nose clips for divers and swimmers, gloves for divers, breathing apparatus for underwater swimming; fire-extinguishing apparatus.",Sometimes,Some use this,356,0.263,1354
93199,28,"Games, toys and playthings; video game apparatus; gymnastic and sporting articles; decorations for Christmas trees.",Sometimes,Some use this,323,0.239,1354
93199,16,"Paper and cardboard; printed matter; bookbinding material; photographs; stationery and office requisites, except furniture; adhesives for stationery or household purposes; drawing materials and materials for artists; paintbrushes; instructional and teaching materials; plastic sheets, films and bags for wrapping and packaging; printers' type, printing blocks.",Sometimes,Some use this,227,0.168,1354
93199,18,"Leather and imitations of leather; animal skins and hides; luggage and carrying bags; umbrellas and parasols; walking sticks; whips, harness and saddlery; collars, leashes and clothing for animals.",Sometimes,A few have this,167,0.123,1354
93199,42,"Scientific and technological services and research and design relating thereto; industrial analysis, industrial research and industrial design services; quality control and authentication services; design and development of computer hardware and software.",Sometimes,A few have this,141,0.104,1354
93199,38,Telecommunications services.,Sometimes,A few have this,137,0.101,1354
93199,21,"Household or kitchen utensils and containers; cookware and tableware, except forks, knives and spoons; combs and sponges; brushes, except paintbrushes; brush-making materials; articles for cleaning purposes; unworked or semi-worked glass, except building glass; glassware, porcelain and earthenware.",Sometimes,A few have this,105,0.078,1354
93199,43,Services for providing food and drink; temporary accommodation.,Sometimes,A few have this,71,0.052,1354
93199,14,"Precious metals and their alloys; jewellery, precious and semi-precious stones; horological and chronometric instruments.",Sometimes,A few have this,70,0.052,1354
93199,36,"Financial, monetary and banking services; insurance services; real estate affairs.",Sometimes,A few have this,70,0.052,1354
93199,44,"Medical services; veterinary services; hygienic and beauty care for human beings or animals; agriculture, aquaculture, horticulture and forestry services.",Sometimes,A few have this,69,0.051,1354
10822,30,"Coffee, tea, cocoa and artificial coffee; rice, pasta and noodles; tapioca and sago; flour and preparations made from cereals; bread, pastries and confectionery; chocolate; ice cream, sorbets and other edible ices; sugar, honey, treacle; yeast, baking-powder; salt, seasonings, spices, preserved herbs; vinegar, sauces and other condiments; ice (frozen water).",Always,All use this,108,0.871,124
10822,32,Beers; non-alcoholic beverages; mineral and aerated waters; fruit beverages and fruit juices; syrups and other non-alcoholic preparations for making beverages.,Sometimes,Some use this,27,0.218,124
10822,29,"Meat, fish, poultry and game; meat extracts; preserved, frozen, dried and cooked fruits and vegetables; jellies, jams, compotes; eggs; milk, cheese, butter, yogurt and other milk products; oils and fats for food.",Sometimes,Some use this,25,0.202,124
10822,35,"Advertising; business management, business administration and consultancy, office functions.",Sometimes,Some use this,22,0.177,124
10822,5,"Pharmaceuticals, medical and veterinary preparations; sanitary preparations for medical purposes; dietetic food and substances adapted for medical or veterinary use, food for babies; dietary supplements for human beings and animals; plasters, materials for dressings; material for stopping teeth, dental wax; disinfectants; preparations for destroying vermin; fungicides, herbicides.",Sometimes,Some use this,20,0.161,124
10822,43,Services for providing food and drink; temporary accommodation.,Sometimes,A few have this,13,0.105,124
10822,39,Transport; packaging and storage of goods; travel arrangement.,Sometimes,A few have this,9,0.073,124
10822,41,Education; providing of training; entertainment; sporting and cultural activities.,Sometimes,A few have this,7,0.056,124
