sic,nice_class,term,frequency,band_label,n_marks,share
62012,9,computer software,Always,Most use this,725,0.29
62012,9,software,Always,Most use this,680,0.272
62012,9,application software,Always,Most use this,464,0.186
62012,9,software applications,Always,Most use this,412,0.165
62012,9,computer software applications,Always,Most use this,322,0.129
62012,9,enterprise software,Always,Most use this,308,0.123
62012,9,downloadable computer software,Always,Most use this,300,0.12
62012,9,computer software platforms,Sometimes,Some use this,297,0.119
62012,9,mobile software,Sometimes,Some use this,287,0.115
62012,9,business software,Sometimes,Some use this,287,0.115
62012,9,computer application software,Sometimes,Some use this,286,0.114
62012,9,mobile application software,Sometimes,Some use this,285,0.114
62012,9,platform software,Sometimes,Some use this,272,0.109
62012,9,downloadable software,Sometimes,Some use this,261,0.104
62012,9,software for computers,Sometimes,Some use this,247,0.099
62012,9,mobile apps,Sometimes,Some use this,246,0.098
62012,9,"computer software applications, downloadable",Sometimes,Some use this,228,0.091
62012,9,computer software programs,Sometimes,Some use this,218,0.087
62012,9,workflow software,Sometimes,Some use this,217,0.087
62012,9,downloadable computer software applications,Sometimes,Some use this,216,0.086
62012,9,computer software packages,Sometimes,Some use this,214,0.086
62012,9,artificial intelligence software,Sometimes,Some use this,206,0.082
62012,9,downloadable mobile applications,Sometimes,Some use this,200,0.08
62012,9,collaboration software platforms [software],Sometimes,Some use this,196,0.078
62012,9,smartphone software,Sometimes,Some use this,194,0.078
62012,42,software as a service [saas],Always,Most use this,500,0.2
62012,42,computer software development,Always,Most use this,333,0.133
62012,42,software development,Always,Most use this,317,0.127
62012,42,software as a service [saas] featuring software for machine learning,Always,Most use this,310,0.124
62012,42,software as a service,Always,Most use this,307,0.123
62012,42,platform as a service [paas],Sometimes,Some use this,288,0.115
62012,42,development of computer software,Sometimes,Some use this,275,0.11
62012,42,computer software integration,Sometimes,Some use this,269,0.108
62012,42,design and development of computer hardware and software,Sometimes,Some use this,259,0.104
62012,42,software as a service [saas] services,Sometimes,Some use this,258,0.103
62012,42,development of computer software application solutions,Sometimes,Some use this,250,0.1
62012,42,computer software consultancy,Sometimes,Some use this,247,0.099
62012,42,software engineering,Sometimes,Some use this,238,0.095
62012,42,software design,Sometimes,Some use this,231,0.092
62012,42,computer software design,Sometimes,Some use this,228,0.091
62012,42,platforms for artificial intelligence as software as a service [saas],Sometimes,Some use this,224,0.09
62012,42,development of software,Sometimes,Some use this,213,0.085
62012,42,computer software consulting,Sometimes,Some use this,190,0.076
62012,42,computer software engineering,Sometimes,Some use this,188,0.075
62012,42,development of computer hardware and software,Sometimes,Some use this,188,0.075
62012,42,design of software,Sometimes,Some use this,187,0.075
62012,42,consultancy (computer software -),Sometimes,Some use this,182,0.073
62012,42,computer software design services,Sometimes,Some use this,181,0.072
62012,42,design of computer software,Sometimes,Some use this,179,0.072
62012,42,developing computer software,Sometimes,Some use this,173,0.069
62012,35,advertising,Sometimes,Some use this,230,0.092
62012,35,data processing,Sometimes,Some use this,199,0.08
62012,35,business management,Sometimes,Some use this,183,0.073
62012,35,business data analysis,Sometimes,Some use this,172,0.069
62012,35,business administration,Sometimes,Some use this,151,0.06
62012,35,data management,Sometimes,Some use this,149,0.06
62012,35,business consultancy,Sometimes,Some use this,145,0.058
62012,35,office functions,Sometimes,Some use this,141,0.056
62012,35,database management,Sometimes,Some use this,139,0.056
62012,35,"advertising, marketing and promotional services",Sometimes,Some use this,136,0.054
62012,35,provision of an online marketplace for buyers and sellers of goods and services,Sometimes,Some use this,123,0.049
62012,35,marketing,Sometimes,Some use this,116,0.046
62012,35,advertising and marketing,Sometimes,Some use this,115,0.046
62012,35,data processing services,Sometimes,Some use this,109,0.044
62012,35,digital marketing,Sometimes,Some use this,108,0.043
62012,35,business consultancy services,Sometimes,Some use this,105,0.042
62012,35,marketing services,Sometimes,Some use this,102,0.041
62012,35,online marketing,Sometimes,Some use this,100,0.04
62012,35,business consultancy and advisory services,Sometimes,Some use this,100,0.04
62012,35,business consulting,Sometimes,A few have this,99,0.04
62012,35,business data analysis services,Sometimes,A few have this,96,0.038
62012,35,on-line advertising and marketing services,Sometimes,A few have this,95,0.038
62012,35,advertising and marketing services,Sometimes,A few have this,91,0.036
62012,35,analysis of business data,Sometimes,A few have this,89,0.036
62012,35,business marketing services,Sometimes,A few have this,86,0.034
62012,41,education,Always,Most use this,222,0.132
62012,41,education services,Sometimes,Some use this,125,0.074
62012,41,education and training services,Sometimes,Some use this,115,0.069
62012,41,providing of training,Sometimes,Some use this,111,0.066
62012,41,education and training,Sometimes,Some use this,108,0.064
62012,41,educational services,Sometimes,Some use this,101,0.06
62012,41,entertainment,Sometimes,Some use this,85,0.051
62012,41,training,Sometimes,Some use this,85,0.051
62012,41,online education services,Sometimes,Some use this,82,0.049
62012,41,entertainment services,Sometimes,Some use this,82,0.049
62012,41,training and education services,Sometimes,Some use this,70,0.042
62012,41,"education, teaching and training",Sometimes,A few have this,64,0.038
62012,41,training services,Sometimes,A few have this,62,0.037
62012,41,education information,Sometimes,A few have this,60,0.036
62012,41,education and training consultancy,Sometimes,A few have this,58,0.035
62012,41,coaching [training],Sometimes,A few have this,58,0.035
62012,41,health education,Sometimes,A few have this,54,0.032
62012,41,training courses,Sometimes,A few have this,52,0.031
62012,41,training consultancy,Sometimes,A few have this,49,0.029
62012,41,coaching,Sometimes,A few have this,48,0.029
62012,41,provision of training and education,Sometimes,A few have this,47,0.028
62012,41,educational and training services,Sometimes,A few have this,45,0.027
62012,41,computer education training,Sometimes,A few have this,44,0.026
62012,41,health and wellness training,Sometimes,A few have this,41,0.024
62012,41,provision of education and training,Sometimes,A few have this,41,0.024
62012,36,financial services,Always,Most use this,257,0.248
62012,36,electronic payment services,Sometimes,Some use this,109,0.105
62012,36,payment processing services,Sometimes,Some use this,101,0.098
62012,36,payment processing,Sometimes,Some use this,74,0.071
62012,36,financial data analysis,Sometimes,Some use this,73,0.071
62012,36,e-wallet payment services,Sometimes,Some use this,71,0.069
62012,36,financial management,Sometimes,Some use this,70,0.068
62012,36,financial analysis,Sometimes,Some use this,67,0.065
62012,36,processing of electronic payments,Sometimes,Some use this,66,0.064
62012,36,financial payment services,Sometimes,Some use this,66,0.064
62012,36,"financial transfers and transactions, and payment services",Sometimes,Some use this,63,0.061
62012,36,investment services,Sometimes,Some use this,62,0.06
62012,36,bill payment services,Sometimes,Some use this,60,0.058
62012,36,financial consultancy,Sometimes,Some use this,57,0.055
62012,36,financial transaction services,Sometimes,Some use this,53,0.051
62012,36,financial information,Sometimes,Some use this,53,0.051
62012,36,automated payment services,Sometimes,Some use this,52,0.05
62012,36,computerised financial data services,Sometimes,Some use this,52,0.05
62012,36,electronic processing of payments,Sometimes,Some use this,51,0.049
62012,36,electronic wallet services (payment services),Sometimes,Some use this,50,0.048
62012,36,banking services,Sometimes,Some use this,49,0.047
62012,36,banking and financial services,Sometimes,Some use this,49,0.047
62012,36,contactless payment services,Sometimes,Some use this,49,0.047
62012,36,processing of payment transactions via the internet,Sometimes,Some use this,48,0.046
62012,36,financial transactions via blockchain,Sometimes,Some use this,47,0.045
62012,45,licensing of computer software,Always,Most use this,150,0.165
62012,45,computer software licensing,Always,Most use this,146,0.16
62012,45,licensing of software,Always,Most use this,121,0.133
62012,45,online social networking services,Sometimes,Some use this,103,0.113
62012,45,software licensing.,Sometimes,Some use this,90,0.099
62012,45,software licensing,Sometimes,Some use this,76,0.084
62012,45,legal services,Sometimes,Some use this,71,0.078
62012,45,licensing of software.,Sometimes,Some use this,40,0.044
62012,45,internet-based social networking services,Sometimes,A few have this,36,0.04
62012,45,dating services provided through social networking,Sometimes,A few have this,29,0.032
62012,45,legal consultancy services,Sometimes,A few have this,28,0.031
62012,45,regulatory compliance auditing,Sometimes,A few have this,27,0.03
62012,45,licensing of intellectual property,Sometimes,A few have this,27,0.03
62012,45,security services,Sometimes,A few have this,27,0.03
62012,45,dating services,Sometimes,A few have this,27,0.03
62012,45,computer software (licensing of -) [legal services],Sometimes,A few have this,26,0.029
62012,45,identity verification,Sometimes,A few have this,25,0.027
62012,45,licensing of computer software [legal services],Sometimes,A few have this,25,0.027
62012,45,"internet based dating, matchmaking and personal introduction services",Sometimes,A few have this,24,0.026
62012,45,licensing of technology,Sometimes,A few have this,24,0.026
62012,45,licensing of software [legal services],Sometimes,A few have this,23,0.025
62012,45,online social networking services.,Sometimes,A few have this,23,0.025
62012,45,legal document preparation services,Sometimes,A few have this,23,0.025
62012,45,computer software licensing [legal services],Sometimes,A few have this,23,0.025
62012,45,on-line social networking services,Sometimes,A few have this,22,0.024
62012,38,telecommunications,Sometimes,Some use this,90,0.113
62012,38,providing access to databases,Sometimes,Some use this,73,0.092
62012,38,telecommunication services,Sometimes,Some use this,71,0.09
62012,38,communication services,Sometimes,Some use this,71,0.09
62012,38,online messaging services,Sometimes,Some use this,68,0.086
62012,38,telecommunications services,Sometimes,Some use this,61,0.077
62012,38,instant messaging services,Sometimes,Some use this,48,0.061
62012,38,transmission of digital files,Sometimes,Some use this,48,0.061
62012,38,data transmission services,Sometimes,Some use this,44,0.055
62012,38,"electronic exchange of messages via chat lines, chatrooms and internet forums",Sometimes,Some use this,43,0.054
62012,38,messaging services,Sometimes,Some use this,43,0.054
62012,38,streaming of data,Sometimes,Some use this,42,0.053
62012,38,web messaging,Sometimes,Some use this,42,0.053
62012,38,"electronic communication by means of chatrooms, chat lines and internet forums",Sometimes,Some use this,40,0.05
62012,38,providing online forums,Sometimes,Some use this,39,0.049
62012,38,computer communication and internet access,Sometimes,Some use this,38,0.048
62012,38,chatroom services,Sometimes,Some use this,37,0.047
62012,38,chatroom services for social networking,Sometimes,Some use this,35,0.044
62012,38,"access to content, websites and portals",Sometimes,Some use this,34,0.043
62012,38,data communication services,Sometimes,Some use this,33,0.042
62012,38,data streaming,Sometimes,A few have this,31,0.039
62012,38,online communications services,Sometimes,A few have this,29,0.037
62012,38,digital communication services,Sometimes,A few have this,29,0.037
62012,38,chat room services,Sometimes,A few have this,29,0.037
62012,38,electronic messaging services,Sometimes,A few have this,28,0.035
62012,44,medical services,Always,Most use this,94,0.185
62012,44,healthcare services,Always,Most use this,61,0.12
62012,44,medical and healthcare services,Sometimes,Some use this,60,0.118
62012,44,medical diagnostic services,Sometimes,Some use this,59,0.116
62012,44,health care,Sometimes,Some use this,56,0.11
62012,44,mental health services,Sometimes,Some use this,54,0.106
62012,44,medical health assessment services,Sometimes,Some use this,53,0.104
62012,44,health screening,Sometimes,Some use this,38,0.075
62012,44,health assessment services,Sometimes,Some use this,37,0.073
62012,44,therapy services,Sometimes,Some use this,37,0.073
62012,44,healthcare information services,Sometimes,Some use this,36,0.071
62012,44,telemedicine services,Sometimes,Some use this,35,0.069
62012,44,health counselling,Sometimes,Some use this,34,0.067
62012,44,provision of health information,Sometimes,Some use this,34,0.067
62012,44,remote monitoring of medical data for medical diagnosis and treatment,Sometimes,Some use this,34,0.067
62012,44,medical testing,Sometimes,Some use this,34,0.067
62012,44,human healthcare services,Sometimes,Some use this,33,0.065
62012,44,healthcare,Sometimes,Some use this,33,0.065
62012,44,provision of health care services,Sometimes,Some use this,31,0.061
62012,44,health screening services,Sometimes,Some use this,30,0.059
62012,44,advisory services relating to health care,Sometimes,Some use this,30,0.059
62012,44,providing medical information in the healthcare sector,Sometimes,Some use this,30,0.059
62012,44,mental health screening services,Sometimes,Some use this,29,0.057
62012,44,providing health information,Sometimes,Some use this,29,0.057
62012,44,health assessment surveys,Sometimes,Some use this,28,0.055
64191,36,financial services,Always,Essential,1168,0.467
64191,36,banking services,Always,Essential,988,0.395
64191,36,insurance services,Always,Essential,863,0.345
64191,36,mortgage services,Always,Essential,688,0.275
64191,36,investment services,Always,Essential,626,0.25
64191,36,monetary affairs,Always,Essential,585,0.234
64191,36,credit card services,Always,Essential,573,0.229
64191,36,automated banking services,Always,Essential,547,0.219
64191,36,credit services,Always,Essential,515,0.206
64191,36,insurance,Always,Essential,458,0.183
64191,36,savings services,Always,Essential,388,0.155
64191,36,financial affairs,Always,Essential,383,0.153
64191,36,financial planning and investment advisory services,Always,Essential,375,0.15
64191,36,pension fund services,Always,Essential,353,0.141
64191,36,stock broking services,Always,Essential,347,0.139
64191,36,"provision of finance, money exchange and money transmission services",Always,Essential,332,0.133
64191,36,tax services,Always,Essential,309,0.124
64191,36,pension services,Always,Essential,309,0.124
64191,36,internet banking,Always,Essential,307,0.123
64191,36,funds transfer services,Sometimes,Recommended,297,0.119
64191,36,private banking services,Sometimes,Recommended,286,0.114
64191,36,pension fund administration,Sometimes,Recommended,282,0.113
64191,36,financing and procurement of financing,Sometimes,Recommended,276,0.11
64191,36,cash dispensing services,Sometimes,Recommended,270,0.108
64191,36,nominee services,Sometimes,Recommended,269,0.108
64191,9,computer software,Always,Essential,442,0.27
64191,9,calculating machines,Always,Essential,326,0.199
64191,9,cash registers,Always,Essential,304,0.185
64191,9,credit cards,Always,Essential,293,0.179
64191,9,computer hardware,Always,Essential,289,0.176
64191,9,apparatus for verifying data on magnetically encoded cards,Always,Essential,267,0.163
64191,9,debit cards,Always,Essential,259,0.158
64191,9,computer software to enable searching of data,Always,Essential,253,0.154
64191,9,computer software for producing financial models,Always,Essential,247,0.151
64191,9,cash cards,Always,Essential,223,0.136
64191,9,cash dispensing machines,Always,Essential,219,0.134
64191,9,magnetic data carriers,Always,Essential,211,0.129
64191,9,data processing apparatus,Always,Essential,208,0.127
64191,9,computer software relating to the handling of financial transactions,Always,Essential,207,0.126
64191,9,magnetic cards,Always,Essential,204,0.124
64191,9,automated cash machines,Sometimes,Recommended,194,0.118
64191,9,computer software relating to financial history,Sometimes,Recommended,191,0.116
64191,9,automated teller machines (atm),Sometimes,Recommended,186,0.113
64191,9,parts and fittings for the aforesaid goods.,Sometimes,Recommended,185,0.113
64191,9,automated banking machines,Sometimes,Recommended,174,0.106
64191,9,electronic databases,Sometimes,Recommended,173,0.105
64191,9,banking cards [encoded or magnetic],Sometimes,Recommended,172,0.105
64191,9,computer databases,Sometimes,Recommended,172,0.105
64191,9,computer terminals for banking purposes,Sometimes,Recommended,170,0.104
64191,9,computer programmes relating to financial matters,Sometimes,Recommended,166,0.101
64191,35,data processing services,Always,Essential,423,0.306
64191,35,business planning,Always,Essential,403,0.291
64191,35,office functions,Always,Essential,385,0.278
64191,35,provision of information relating to tax,Always,Essential,377,0.273
64191,35,provision of statements of account,Always,Essential,352,0.255
64191,35,business administration services,Always,Essential,323,0.234
64191,35,tax consultancy and planning services,Always,Essential,252,0.182
64191,35,"computerised record keeping, accounting and database management services",Always,Essential,250,0.181
64191,35,business management,Always,Essential,250,0.181
64191,35,business relocation services,Always,Essential,241,0.174
64191,35,advertising,Always,Essential,218,0.158
64191,35,business networking services,Always,Essential,217,0.157
64191,35,marketing,Always,Essential,208,0.15
64191,35,business administration,Always,Essential,208,0.15
64191,35,personnel management and employment consultancy,Always,Essential,206,0.149
64191,35,business consultancy and advisory services,Always,Essential,205,0.148
64191,35,document reproduction services,Always,Essential,204,0.148
64191,35,"compilation, production and dissemination of advertising matter",Always,Essential,194,0.14
64191,35,tax assessment preparation,Always,Essential,194,0.14
64191,35,business investigations and surveys,Always,Essential,194,0.14
64191,35,business management services,Always,Essential,194,0.14
64191,35,bookkeeping and accounting services,Always,Essential,190,0.137
64191,35,business appraisals,Always,Essential,190,0.137
64191,35,loyalty card services,Always,Essential,188,0.136
64191,35,advertising and promotional services,Always,Essential,184,0.133
64191,16,printed matter,Always,Essential,709,0.66
64191,16,stationery,Always,Essential,515,0.48
64191,16,printed publications,Always,Essential,365,0.34
64191,16,photographs,Always,Essential,220,0.205
64191,16,instructional and teaching materials,Always,Essential,204,0.19
64191,16,office requisites,Always,Essential,196,0.182
64191,16,advertising materials,Always,Essential,193,0.18
64191,16,"bank cards, cash cards, cheque cards, debit cards, credit cards, charge cards",Always,Essential,178,0.166
64191,16,"brochures, vouchers, cheques, cheque books, paying-in books",Always,Essential,176,0.164
64191,16,books,Always,Essential,176,0.164
64191,16,periodical publications,Always,Essential,157,0.146
64191,16,artists' materials,Always,Essential,139,0.129
64191,16,manuals,Always,Essential,138,0.128
64191,16,cheques,Always,Essential,137,0.128
64191,16,paper,Always,Essential,134,0.125
64191,16,paper and cardboard,Always,Essential,130,0.121
64191,16,posters,Sometimes,Recommended,122,0.114
64191,16,wrapping and packaging materials.,Sometimes,Recommended,122,0.114
64191,16,printers' type,Sometimes,Recommended,115,0.107
64191,16,document wallets,Sometimes,Recommended,115,0.107
64191,16,files and folders,Sometimes,Recommended,113,0.105
64191,16,writing instruments,Sometimes,Recommended,112,0.104
64191,16,adhesives for stationery or household purposes,Sometimes,Recommended,110,0.102
64191,16,paint brushes,Sometimes,Recommended,109,0.101
64191,16,stickers,Sometimes,Recommended,98,0.091
64191,42,computer services,Always,Essential,229,0.321
64191,42,data security services,Always,Essential,224,0.314
64191,42,design and development of computer hardware and software,Always,Essential,166,0.233
64191,42,design and development of information systems relating to finance,Always,Essential,164,0.23
64191,42,hosting of an online website for the provision of financial information,Always,Essential,131,0.184
64191,42,creating and maintaining websites,Always,Essential,129,0.181
64191,42,computer software and programming services,Always,Essential,128,0.18
64191,42,scientific and technological services and research and design relating thereto,Always,Essential,125,0.175
64191,42,"lease, hire and rental of computer equipment, hardware, software and programs",Always,Essential,118,0.165
64191,42,encryption services,Always,Essential,115,0.161
64191,42,computer programming,Always,Essential,102,0.143
64191,42,digital signature verification and authorisation services,Always,Essential,97,0.136
64191,42,design of web sites,Always,Essential,89,0.125
64191,42,hosting of transaction platforms on the internet,Always,Essential,89,0.125
64191,42,providing artificial intelligence computer programs on data networks,Always,Essential,87,0.122
64191,42,electronic signature verification and authorisation services,Sometimes,Recommended,83,0.116
64191,42,"consultancy, information and advisory services relating to all the foregoing.",Sometimes,Recommended,83,0.116
64191,42,industrial analysis and research services,Sometimes,Recommended,81,0.114
64191,42,software as a service [saas],Sometimes,Recommended,79,0.111
64191,42,hosting of websites,Sometimes,Recommended,78,0.109
64191,42,legal services,Sometimes,Recommended,77,0.108
64191,42,hosting the websites of others,Sometimes,Recommended,77,0.108
64191,42,transaction platforms on mobile applications,Sometimes,Recommended,75,0.105
64191,42,certification of data via blockchain,Sometimes,Recommended,71,0.1
64191,42,data storage via blockchain,Sometimes,Recommended,71,0.1
64191,38,electronic mail services,Always,Essential,167,0.358
64191,38,telecommunications,Always,Essential,132,0.283
64191,38,"providing access to computer servers, databases and networks",Always,Essential,105,0.225
64191,38,"receipt and/or delivery of messages, documents and other data via the internet",Always,Essential,100,0.215
64191,38,provision of electronic communication links,Always,Essential,95,0.204
64191,38,providing access to the internet,Always,Essential,93,0.2
64191,38,internet communication services,Always,Essential,91,0.195
64191,38,telecommunication services,Always,Essential,88,0.189
64191,38,provision of telecommunications connections and access to the internet,Always,Essential,87,0.187
64191,38,leasing of access time to databases,Always,Essential,82,0.176
64191,38,telecommunications services relating to electronic commerce,Always,Essential,59,0.127
64191,38,telecommunication gateway services,Sometimes,Recommended,53,0.114
64191,38,"consultancy, information and advisory services relating to all the foregoing.",Sometimes,Recommended,51,0.109
64191,38,electronic bulletin board services,Sometimes,Recommended,45,0.097
64191,38,providing access to e-commerce platforms on the internet,Sometimes,Recommended,37,0.079
64191,38,telecommunication portal services,Sometimes,Recommended,37,0.079
64191,38,data transmission services over a telecommunications network,Sometimes,Recommended,34,0.073
64191,38,communication of data by means of telecommunications,Sometimes,Recommended,32,0.069
64191,38,operating search engines,Sometimes,Recommended,29,0.062
64191,38,location-based and personal transmission of information,Sometimes,Worth considering,26,0.056
64191,38,internet portal services,Sometimes,Worth considering,26,0.056
64191,38,data transmission and transfer services,Sometimes,Worth considering,24,0.052
64191,38,providing and supplying location-specific data transmission via the internet,Sometimes,Worth considering,23,0.049
64191,38,instant messaging services,Sometimes,Worth considering,22,0.047
64191,38,telecommunication services provided in relation to the internet,Sometimes,Worth considering,22,0.047
64191,41,education,Always,Essential,104,0.251
64191,41,providing of training,Always,Essential,95,0.229
64191,41,entertainment,Always,Essential,86,0.208
64191,41,sporting and cultural activities,Always,Essential,79,0.191
64191,41,publication of educational materials,Sometimes,Recommended,43,0.104
64191,41,education services,Sometimes,Recommended,42,0.101
64191,41,electronic publications provided on-line (not downloadable),Sometimes,Recommended,42,0.101
64191,41,arranging and conducting of courses and workshops,Sometimes,Recommended,41,0.099
64191,41,education and entertainment services,Sometimes,Recommended,40,0.097
64191,41,"providing on-line electronic publications, not downloadable",Sometimes,Recommended,37,0.089
64191,41,organisation of sporting events and competitions,Sometimes,Recommended,36,0.087
64191,41,tutoring,Sometimes,Recommended,34,0.082
64191,41,provision of training,Sometimes,Recommended,32,0.077
64191,41,correspondence courses,Sometimes,Recommended,30,0.072
64191,41,"providing on-line videos, not downloadable",Sometimes,Recommended,30,0.072
64191,41,provision of online tutorials,Sometimes,Recommended,29,0.07
64191,41,education information,Sometimes,Recommended,28,0.068
64191,41,coaching [training],Sometimes,Recommended,28,0.068
64191,41,educational examination,Sometimes,Recommended,26,0.063
64191,41,entertainment services,Sometimes,Recommended,25,0.06
64191,41,online research and reference library services,Sometimes,Recommended,25,0.06
64191,41,education services relating to banking,Sometimes,Recommended,25,0.06
64191,41,vocational guidance [education or training advice],Sometimes,Worth considering,23,0.056
64191,41,business training services,Sometimes,Worth considering,21,0.051
64191,41,"planning of seminars, lectures and conferences for educational purposes",Sometimes,Worth considering,20,0.048
96020,44,beauty salon services,Always,Essential,841,0.336
96020,44,beauty salons,Always,Essential,696,0.278
96020,44,beauty treatment,Always,Essential,639,0.256
96020,44,beauty treatment services,Always,Essential,628,0.251
96020,44,beauty therapy services,Always,Essential,543,0.217
96020,44,beauty care,Always,Essential,540,0.216
96020,44,beauty therapy treatments,Always,Essential,534,0.214
96020,44,facial beauty treatment services,Always,Essential,518,0.207
96020,44,beauty care services,Always,Essential,462,0.185
96020,44,services of a hair and beauty salon,Always,Essential,455,0.182
96020,44,salons (beauty -),Always,Essential,450,0.18
96020,44,beauty consultation,Always,Essential,437,0.175
96020,44,salon services (beauty -),Always,Essential,434,0.174
96020,44,beauty consultancy,Always,Essential,408,0.163
96020,44,beauty care for human beings,Always,Essential,391,0.156
96020,44,advisory services relating to beauty treatment,Always,Essential,388,0.155
96020,44,hair salon services,Always,Essential,373,0.149
96020,44,beauty consultation services,Always,Essential,369,0.148
96020,44,beauty spa services,Always,Essential,368,0.147
96020,44,hairdressing services,Always,Essential,356,0.142
96020,44,hairdressing,Always,Essential,352,0.141
96020,44,beauty consultancy services,Always,Essential,348,0.139
96020,44,beauty advisory services,Always,Essential,343,0.137
96020,44,hairdressing salons,Always,Essential,341,0.136
96020,44,hygienic and beauty care,Always,Essential,339,0.136
96020,3,cosmetics,Always,Essential,736,0.294
96020,3,hair cosmetics,Always,Essential,527,0.211
96020,3,hair lotions,Always,Essential,467,0.187
96020,3,beauty care cosmetics,Always,Essential,436,0.174
96020,3,hair conditioners,Always,Essential,419,0.168
96020,3,hair moisturisers,Always,Essential,383,0.153
96020,3,skincare cosmetics,Always,Essential,377,0.151
96020,3,hair oils,Always,Essential,357,0.143
96020,3,essential oils,Always,Essential,357,0.143
96020,3,beauty serums,Always,Essential,355,0.142
96020,3,beauty masks,Always,Essential,343,0.137
96020,3,soaps,Always,Essential,342,0.137
96020,3,hair shampoos,Always,Essential,341,0.136
96020,3,hair shampoo,Always,Essential,339,0.136
96020,3,hair conditioner,Always,Essential,337,0.135
96020,3,hair creams,Always,Essential,335,0.134
96020,3,beauty lotions,Always,Essential,332,0.133
96020,3,hair serums,Always,Essential,330,0.132
96020,3,beauty creams,Always,Essential,322,0.129
96020,3,hair oil,Always,Essential,319,0.128
96020,3,hair mousse,Always,Essential,310,0.124
96020,3,hair gel,Always,Essential,309,0.124
96020,3,hair care preparations,Always,Essential,302,0.121
96020,3,beauty care preparations,Always,Essential,301,0.12
96020,3,hair sprays,Always,Essential,300,0.12
96020,41,beauty school services,Always,Essential,204,0.182
96020,41,instruction in cosmetic beauty,Always,Essential,173,0.155
96020,41,teaching of beauty skills,Always,Essential,168,0.15
96020,41,education,Always,Essential,165,0.148
96020,41,educational services relating to beauty therapy,Always,Essential,159,0.142
96020,41,training,Always,Essential,141,0.126
96020,41,training courses,Sometimes,Recommended,131,0.117
96020,41,education and training,Sometimes,Recommended,127,0.114
96020,41,educational seminars relating to beauty therapy,Sometimes,Recommended,118,0.106
96020,41,educational services in the nature of beauty schools,Sometimes,Recommended,114,0.102
96020,41,education and training services,Sometimes,Recommended,108,0.097
96020,41,beauty arts instruction,Sometimes,Recommended,103,0.092
96020,41,"education, teaching and training",Sometimes,Recommended,101,0.09
96020,41,training services,Sometimes,Recommended,95,0.085
96020,41,providing of training,Sometimes,Recommended,88,0.079
96020,41,training and education services,Sometimes,Recommended,80,0.072
96020,41,educational services provided by beauty schools,Sometimes,Recommended,79,0.071
96020,41,education services,Sometimes,Recommended,75,0.067
96020,41,hairdressing instruction,Sometimes,Recommended,74,0.066
96020,41,arranging and conducting of beauty contests,Sometimes,Recommended,72,0.064
96020,41,entertainment,Sometimes,Recommended,70,0.063
96020,41,academy education services,Sometimes,Worth considering,65,0.058
96020,41,advanced training,Sometimes,Worth considering,65,0.058
96020,41,education academy services,Sometimes,Worth considering,62,0.055
96020,41,academies [education],Sometimes,Worth considering,62,0.055
96020,35,advertising,Always,Essential,151,0.136
96020,35,online retail store services relating to cosmetic and beauty products,Always,Essential,147,0.133
96020,35,retail services in relation to beauty implements for humans,Sometimes,Recommended,118,0.107
96020,35,retail services in relation to hair products.,Sometimes,Recommended,89,0.08
96020,35,"marketing research in the fields of cosmetics, perfumery and beauty products",Sometimes,Recommended,88,0.079
96020,35,online retail services relating to cosmetics,Sometimes,Recommended,87,0.079
96020,35,"advertising, marketing and promotional services",Sometimes,Recommended,85,0.077
96020,35,business administration,Sometimes,Recommended,84,0.076
96020,35,business management,Sometimes,Recommended,83,0.075
96020,35,wholesale services in relation to beauty implements for humans,Sometimes,Recommended,77,0.07
96020,35,office functions,Sometimes,Recommended,76,0.069
96020,35,retail services in relation to hair products,Sometimes,Recommended,70,0.063
96020,35,online retail store services relating to cosmetic and beauty products.,Sometimes,Worth considering,63,0.057
96020,35,advertising and marketing,Sometimes,Worth considering,58,0.052
96020,35,advertising and marketing services provided by means of social media,Sometimes,Worth considering,54,0.049
96020,35,online ordering services,Sometimes,Worth considering,52,0.047
96020,35,marketing,Sometimes,Worth considering,52,0.047
96020,35,mail order retail services for cosmetics,Sometimes,Worth considering,51,0.046
96020,35,online retail store services relating to clothing,Sometimes,Worth considering,50,0.045
96020,35,advertising services,Sometimes,Worth considering,49,0.044
96020,35,advertising services for the promotion of e-commerce,Sometimes,Worth considering,47,0.042
96020,35,advertising services provided via the internet,Sometimes,Worth considering,46,0.042
96020,35,advertising and marketing services,Sometimes,Worth considering,46,0.042
96020,35,advertising and publicity,Sometimes,Worth considering,45,0.041
96020,35,advertising and advertisement services,Sometimes,Worth considering,45,0.041
96020,26,hair extensions,Always,Essential,257,0.432
96020,26,hair pieces,Always,Essential,176,0.296
96020,26,hair weaves,Always,Essential,162,0.272
96020,26,false hair,Always,Essential,155,0.261
96020,26,synthetic hair,Always,Essential,147,0.247
96020,26,hair clips,Always,Essential,134,0.225
96020,26,wigs,Always,Essential,134,0.225
96020,26,hair pins,Always,Essential,126,0.212
96020,26,hair tresses,Always,Essential,122,0.205
96020,26,human hair,Always,Essential,122,0.205
96020,26,hair curlers,Always,Essential,116,0.195
96020,26,plaited hair,Always,Essential,115,0.193
96020,26,hair extensions.,Always,Essential,115,0.193
96020,26,hair bands,Always,Essential,115,0.193
96020,26,hair ornaments,Always,Essential,107,0.18
96020,26,hair grips,Always,Essential,106,0.178
96020,26,"hair ornaments, hair rollers, hair fastening articles, and false hair",Always,Essential,102,0.171
96020,26,hair scrunchies,Always,Essential,102,0.171
96020,26,hair bows,Always,Essential,95,0.16
96020,26,hair rollers,Always,Essential,92,0.155
96020,26,hair fasteners,Always,Essential,90,0.151
96020,26,hairpieces,Always,Essential,88,0.148
96020,26,hair wraps,Always,Essential,88,0.148
96020,26,hair nets,Always,Essential,85,0.143
96020,26,hair decorations,Always,Essential,85,0.143
96020,21,hair brushes,Always,Essential,154,0.289
96020,21,hair combs,Always,Essential,131,0.246
96020,21,cosmetic brushes,Always,Essential,83,0.156
96020,21,combs,Always,Essential,80,0.15
96020,21,brushes,Always,Essential,80,0.15
96020,21,cosmetics applicators,Always,Essential,77,0.145
96020,21,cosmetics brushes,Always,Essential,74,0.139
96020,21,cosmetic utensils,Always,Essential,71,0.133
96020,21,eyebrow brushes,Always,Essential,69,0.13
96020,21,make-up brushes,Always,Essential,67,0.126
96020,21,hairbrushes,Sometimes,Recommended,59,0.111
96020,21,hair for brushes,Sometimes,Recommended,57,0.107
96020,21,electric hair combs,Sometimes,Recommended,56,0.105
96020,21,shaving brushes,Sometimes,Recommended,56,0.105
96020,21,mascara brushes,Sometimes,Recommended,51,0.096
96020,21,combs and sponges,Sometimes,Recommended,50,0.094
96020,21,hair tinting brushes,Sometimes,Recommended,49,0.092
96020,21,eyelash combs,Sometimes,Recommended,47,0.088
96020,21,nail brushes,Sometimes,Recommended,47,0.088
96020,21,applicators for cosmetics,Sometimes,Recommended,46,0.086
96020,21,sponges,Sometimes,Recommended,44,0.083
96020,21,facial sponges for applying make-up,Sometimes,Recommended,42,0.079
96020,21,articles for cleaning purposes,Sometimes,Recommended,42,0.079
96020,21,large-toothed combs for the hair,Sometimes,Recommended,41,0.077
96020,21,eye make-up applicators,Sometimes,Recommended,40,0.075
62,9,computer software,Always,Essential,753,0.301
62,9,application software,Sometimes,Recommended,276,0.11
62,9,software,Sometimes,Recommended,227,0.091
62,9,computer hardware,Sometimes,Recommended,201,0.08
62,9,downloadable electronic publications,Sometimes,Recommended,178,0.071
62,9,computer software applications,Sometimes,Worth considering,148,0.059
62,9,software applications,Sometimes,Worth considering,147,0.059
62,9,computer software platforms,Sometimes,Worth considering,143,0.057
62,9,computer application software,Sometimes,Worth considering,140,0.056
62,9,computer programs,Sometimes,Worth considering,140,0.056
62,9,electronic publications,Sometimes,Worth considering,138,0.055
62,9,mobile application software,Sometimes,Worth considering,129,0.052
62,9,application software for mobile phones,Sometimes,Worth considering,129,0.052
62,9,application software for cloud computing services,Sometimes,Worth considering,124,0.05
62,9,databases,Sometimes,Worth considering,117,0.047
62,9,application software for mobile devices,Sometimes,Worth considering,117,0.047
62,9,software and applications for mobile devices,Sometimes,Worth considering,113,0.045
62,9,data processing software,Sometimes,Worth considering,113,0.045
62,9,artificial intelligence software,Sometimes,Worth considering,110,0.044
62,9,computer application software for mobile phones,Sometimes,Worth considering,109,0.044
62,9,downloadable mobile applications,Sometimes,Worth considering,108,0.043
62,9,"magnetic data carriers, recording discs",Sometimes,Worth considering,108,0.043
62,9,computers,Sometimes,Worth considering,107,0.043
62,9,cloud computing software,Sometimes,Worth considering,106,0.042
62,9,"computer software applications, downloadable",Sometimes,Worth considering,105,0.042
62,42,computer programming,Always,Essential,364,0.146
62,42,software as a service [saas],Sometimes,Recommended,297,0.119
62,42,design and development of computer hardware and software,Sometimes,Recommended,290,0.116
62,42,software as a service,Sometimes,Recommended,233,0.093
62,42,industrial analysis and research services,Sometimes,Recommended,206,0.082
62,42,design and development of computer software,Sometimes,Recommended,195,0.078
62,42,software as a service [saas] services,Sometimes,Recommended,192,0.077
62,42,computer consultancy services,Sometimes,Recommended,191,0.076
62,42,"installation, maintenance and repair of computer software",Sometimes,Recommended,189,0.076
62,42,scientific and technological services and research and design relating thereto,Sometimes,Recommended,182,0.073
62,42,computer software consultancy,Sometimes,Recommended,173,0.069
62,42,software development,Sometimes,Recommended,166,0.066
62,42,platform as a service [paas],Sometimes,Recommended,165,0.066
62,42,computer software design,Sometimes,Recommended,164,0.066
62,42,computer services,Sometimes,Recommended,153,0.061
62,42,"software development, programming and implementation",Sometimes,Worth considering,147,0.059
62,42,data security services,Sometimes,Worth considering,142,0.057
62,42,design services,Sometimes,Worth considering,142,0.057
62,42,advice and development services relating to computer software,Sometimes,Worth considering,140,0.056
62,42,advisory services relating to computer software,Sometimes,Worth considering,139,0.056
62,42,software design,Sometimes,Worth considering,138,0.055
62,42,cloud computing services,Sometimes,Worth considering,137,0.055
62,42,software design and development,Sometimes,Worth considering,134,0.054
62,42,computer software development,Sometimes,Worth considering,132,0.053
62,42,software engineering,Sometimes,Worth considering,131,0.052
62,35,advertising,Always,Essential,450,0.18
62,35,business management,Always,Essential,382,0.153
62,35,business administration,Always,Essential,357,0.143
62,35,office functions,Sometimes,Recommended,263,0.105
62,35,data processing,Sometimes,Recommended,233,0.093
62,35,advertising services,Sometimes,Recommended,165,0.066
62,35,marketing,Sometimes,Worth considering,148,0.059
62,35,business consultancy,Sometimes,Worth considering,132,0.053
62,35,marketing services,Sometimes,Worth considering,125,0.05
62,35,advertising and marketing services,Sometimes,Worth considering,120,0.048
62,35,"advertising, marketing and promotional services",Sometimes,Worth considering,120,0.048
62,35,compilation of information into computer databases,Sometimes,Worth considering,114,0.046
62,35,business data analysis,Sometimes,Worth considering,110,0.044
62,35,advertising services provided via the internet,Sometimes,Worth considering,110,0.044
62,35,advertising and marketing,Sometimes,Worth considering,108,0.043
62,35,data management,Sometimes,Worth considering,108,0.043
62,35,business information services,Sometimes,Worth considering,104,0.042
62,35,database management,Sometimes,Worth considering,103,0.041
62,35,provision of business information,Sometimes,Worth considering,101,0.04
62,35,business information,Sometimes,Worth considering,100,0.04
62,35,business research,Sometimes,Worth considering,100,0.04
62,35,data processing services,Sometimes,Worth considering,93,0.037
62,35,business consultancy services,Sometimes,Worth considering,91,0.036
62,35,advertising and marketing services provided by means of social media,Sometimes,Worth considering,88,0.035
62,35,database management services,Sometimes,Worth considering,86,0.034
62,41,education,Always,Essential,374,0.15
62,41,providing of training,Always,Essential,305,0.122
62,41,entertainment,Always,Essential,305,0.122
62,41,entertainment services,Sometimes,Recommended,233,0.093
62,41,sporting and cultural activities,Sometimes,Recommended,215,0.086
62,41,educational services,Sometimes,Worth considering,135,0.054
62,41,education services,Sometimes,Worth considering,131,0.052
62,41,training,Sometimes,Worth considering,129,0.052
62,41,training services,Sometimes,Worth considering,109,0.044
62,41,publishing services,Sometimes,Worth considering,108,0.043
62,41,education and training services,Sometimes,Worth considering,92,0.037
62,41,education and training,Sometimes,Worth considering,92,0.037
62,41,publishing,Sometimes,Worth considering,85,0.034
62,41,provision of training,Sometimes,Worth considering,82,0.033
62,41,educational and training services,Sometimes,Worth considering,78,0.031
62,41,training courses,Sometimes,Worth considering,76,0.03
62,38,telecommunications services,Always,Essential,380,0.152
62,38,telecommunications,Always,Essential,360,0.144
62,38,telecommunication services,Sometimes,Recommended,269,0.108
62,38,electronic mail services,Sometimes,Recommended,188,0.075
62,38,chat room services,Sometimes,Recommended,181,0.072
62,38,broadcasting services,Sometimes,Worth considering,143,0.057
62,38,providing user access to the internet,Sometimes,Worth considering,134,0.054
62,38,providing access to databases,Sometimes,Worth considering,131,0.052
62,38,e-mail services,Sometimes,Worth considering,125,0.05
62,38,communication services,Sometimes,Worth considering,116,0.046
62,38,webcasting services,Sometimes,Worth considering,109,0.044
62,38,portal services,Sometimes,Worth considering,106,0.042
62,38,video conferencing services,Sometimes,Worth considering,101,0.04
62,38,computer aided transmission of messages and images,Sometimes,Worth considering,98,0.039
62,38,communications services,Sometimes,Worth considering,98,0.039
62,38,chat room services for social networking,Sometimes,Worth considering,94,0.038
62,38,providing online forums,Sometimes,Worth considering,94,0.038
62,38,electronic communication services,Sometimes,Worth considering,92,0.037
62,38,instant messaging services,Sometimes,Worth considering,88,0.035
62,38,data communication services,Sometimes,Worth considering,84,0.034
62,38,data transmission,Sometimes,Worth considering,83,0.033
62,38,communication of data by means of telecommunications,Sometimes,Worth considering,83,0.033
62,38,communications by computer terminals,Sometimes,Worth considering,82,0.033
62,38,"access to content, websites and portals",Sometimes,Worth considering,81,0.032
62,38,electronic bulletin board services,Sometimes,Worth considering,78,0.031
62,36,financial services,Always,Essential,645,0.258
62,36,monetary affairs,Always,Essential,332,0.133
62,36,financial affairs,Always,Essential,332,0.133
62,36,insurance,Sometimes,Recommended,295,0.118
62,36,insurance services,Sometimes,Recommended,251,0.1
62,36,real estate affairs,Sometimes,Recommended,225,0.09
62,36,electronic payment services,Sometimes,Recommended,223,0.089
62,36,investment services,Sometimes,Recommended,190,0.076
62,36,payment processing services,Sometimes,Recommended,167,0.067
62,36,banking services,Sometimes,Recommended,152,0.061
62,36,payment processing,Sometimes,Worth considering,143,0.057
62,36,bill payment services,Sometimes,Worth considering,135,0.054
62,36,payment administration services,Sometimes,Worth considering,133,0.053
62,36,financial information,Sometimes,Worth considering,132,0.053
62,36,financial services provided via the internet,Sometimes,Worth considering,129,0.052
62,36,"bank card, credit card, debit card and electronic payment card services",Sometimes,Worth considering,123,0.049
62,36,financial payment services,Sometimes,Worth considering,123,0.049
62,36,real estate services,Sometimes,Worth considering,119,0.048
62,36,computerised financial services,Sometimes,Worth considering,117,0.047
62,36,automated payment services,Sometimes,Worth considering,116,0.046
62,36,financial analysis,Sometimes,Worth considering,108,0.043
62,36,financial management,Sometimes,Worth considering,106,0.042
62,36,payment transaction card services,Sometimes,Worth considering,105,0.042
62,36,electronic wallet services (payment services),Sometimes,Worth considering,103,0.041
62,36,financial and monetary services,Sometimes,Worth considering,103,0.041
62,45,legal services,Always,Essential,330,0.132
62,45,online social networking services,Sometimes,Recommended,295,0.118
62,45,computer software licensing,Sometimes,Recommended,183,0.073
62,45,licensing of computer software,Sometimes,Recommended,168,0.067
62,45,security services,Sometimes,Recommended,150,0.06
62,45,security services for the protection of property and individuals,Sometimes,Worth considering,137,0.055
62,45,security consultancy,Sometimes,Worth considering,124,0.05
62,45,licensing of software,Sometimes,Worth considering,118,0.047
62,45,licensing of intellectual property,Sometimes,Worth considering,116,0.046
62,45,software licensing,Sometimes,Worth considering,115,0.046
62,45,software licensing.,Sometimes,Worth considering,114,0.046
62,45,internet-based social networking services,Sometimes,Worth considering,109,0.044
62,45,dating services,Sometimes,Worth considering,103,0.041
62,45,security assessment of risks,Sometimes,Worth considering,101,0.04
62,45,licensing services,Sometimes,Worth considering,92,0.037
62,45,security monitoring services,Sometimes,Worth considering,85,0.034
62,45,on-line social networking services,Sometimes,Worth considering,81,0.032
62,45,legal advice,Sometimes,Worth considering,78,0.031
62,45,dating services provided through social networking,Sometimes,Worth considering,77,0.031
62,45,identity verification,Sometimes,Worth considering,76,0.03
20420,3,cosmetics,Always,All use this,309,0.418
20420,3,perfumes,Always,All use this,231,0.312
20420,3,perfumery,Always,All use this,230,0.311
20420,3,fragrances,Always,Most use this,210,0.284
20420,3,perfume,Always,Most use this,169,0.228
20420,3,eau de cologne,Always,Most use this,168,0.227
20420,3,perfumery and fragrances,Always,Most use this,167,0.226
20420,3,perfume oils,Always,Most use this,147,0.199
20420,3,colognes,Always,Most use this,140,0.189
20420,3,skincare cosmetics,Always,Most use this,139,0.188
20420,3,oils for perfumes and scents,Always,Most use this,136,0.184
20420,3,room fragrances,Always,Most use this,135,0.182
20420,3,body fragrances,Always,Most use this,130,0.176
20420,3,cologne,Always,Most use this,124,0.168
20420,3,room perfume sprays,Always,Most use this,123,0.166
20420,3,perfume oils for the manufacture of cosmetic preparations,Always,Most use this,121,0.164
20420,3,scents,Always,Most use this,119,0.161
20420,3,essential oils,Always,Most use this,119,0.161
20420,3,soaps,Always,Most use this,118,0.159
20420,3,moisturisers [cosmetics],Always,Most use this,117,0.158
20420,3,perfumery products,Always,Most use this,117,0.158
20420,3,household fragrances,Always,Most use this,114,0.154
20420,3,cosmetic creams,Always,Most use this,113,0.153
20420,3,cosmetic moisturisers,Always,Most use this,112,0.151
20420,3,perfumed soap,Always,Most use this,111,0.15
20420,35,online retail store services relating to cosmetic and beauty products,Always,Most use this,42,0.197
20420,35,online retail services relating to cosmetics,Always,Most use this,40,0.188
20420,35,business administration,Always,Most use this,33,0.155
20420,35,"marketing research in the fields of cosmetics, perfumery and beauty products",Always,Most use this,31,0.146
20420,35,publicity,Always,Most use this,27,0.127
20420,35,commercial business management,Always,Most use this,27,0.127
20420,35,advertising and business services,Always,Most use this,27,0.127
20420,35,mail order retail services for cosmetics,Sometimes,Some use this,18,0.085
20420,35,advertising,Sometimes,Some use this,16,0.075
20420,35,retail services in relation to toiletries,Sometimes,Some use this,15,0.07
20420,35,"marketing research in the fields of cosmetics, perfumery and beauty products.",Sometimes,Some use this,14,0.066
20420,35,retail services in relation to hair products,Sometimes,Some use this,13,0.061
20420,35,retail services connected with the sale of clothing and clothing accessories,Sometimes,Some use this,11,0.052
20420,35,wholesale services in relation to fragrancing preparations.,Sometimes,Some use this,11,0.052
20420,35,online retail store services in relation to clothing,Sometimes,Some use this,11,0.052
20420,35,online retail services relating to clothing,Sometimes,Some use this,10,0.047
20420,35,online retail store services relating to clothing,Sometimes,Some use this,10,0.047
20420,35,online advertising,Sometimes,Some use this,9,0.042
20420,35,online retail store services relating to cosmetic and beauty products.,Sometimes,Some use this,9,0.042
20420,35,online marketing,Sometimes,Some use this,9,0.042
20420,35,business management of wholesale and retail outlets,Sometimes,A few have this,8,0.038
20420,35,retail services in relation to footwear,Sometimes,A few have this,8,0.038
20420,35,online ordering services,Sometimes,A few have this,8,0.038
20420,35,retail services in relation to clothing accessories,Sometimes,A few have this,8,0.038
20420,35,retail services relating to clothing,Sometimes,A few have this,8,0.038
20420,5,nutritional supplements,Always,Most use this,47,0.276
20420,5,food supplements,Always,Most use this,39,0.229
20420,5,dietary supplements and dietetic preparations,Always,Most use this,38,0.224
20420,5,dietary supplements,Always,Most use this,30,0.176
20420,5,pharmaceutical preparations,Always,Most use this,28,0.165
20420,5,vitamin supplements,Always,Most use this,25,0.147
20420,5,skin care lotions [medicated],Always,Most use this,25,0.147
20420,5,fitness and endurance supplements,Always,Most use this,25,0.147
20420,5,flaxseed dietary supplements,Always,Most use this,24,0.141
20420,5,medicinal creams for skin care,Always,Most use this,23,0.135
20420,5,probiotic supplements,Always,Most use this,23,0.135
20420,5,herbal supplements,Always,Most use this,23,0.135
20420,5,dietary supplements for animals,Always,Most use this,22,0.129
20420,5,flaxseed oil dietary supplements,Always,Most use this,22,0.129
20420,5,protein dietary supplements,Always,Most use this,22,0.129
20420,5,food supplements consisting of amino acids,Always,Most use this,22,0.129
20420,5,dietary supplements consisting of vitamins,Always,Most use this,21,0.124
20420,5,nutraceuticals for use as a dietary supplement,Always,Most use this,21,0.124
20420,5,dietary and nutritional supplements,Always,Most use this,21,0.124
20420,5,food supplements for sportsmen,Always,Most use this,21,0.124
20420,5,enzyme dietary supplements,Always,Most use this,21,0.124
20420,5,food supplements consisting of trace elements,Always,Most use this,21,0.124
20420,5,mineral nutritional supplements,Always,Most use this,21,0.124
20420,5,vitamin preparations.,Always,Most use this,21,0.124
20420,5,food supplements for medical and non-medical purposes,Always,Most use this,21,0.124
20420,4,candles,Always,All use this,88,0.698
20420,4,scented candles,Always,All use this,81,0.643
20420,4,perfumed candles,Always,All use this,76,0.603
20420,4,fragranced candles,Always,All use this,70,0.556
20420,4,aromatherapy fragrance candles,Always,All use this,50,0.397
20420,4,candles (perfumed -),Always,All use this,44,0.349
20420,4,musk scented candles,Always,Most use this,37,0.294
20420,4,soy candles,Always,Most use this,24,0.19
20420,4,candles and wicks for lighting,Always,Most use this,21,0.167
20420,4,oils for fragrancing,Always,Most use this,20,0.159
20420,4,votive candles,Always,Most use this,18,0.143
20420,4,candles in tins,Always,Most use this,17,0.135
20420,4,candles for lighting,Always,Most use this,17,0.135
20420,4,scented candles.,Always,Most use this,17,0.135
20420,4,tealight candles,Always,Most use this,17,0.135
20420,4,nightlights [candles],Sometimes,Some use this,15,0.119
20420,4,tealights,Sometimes,Some use this,15,0.119
20420,4,tea light candles,Sometimes,Some use this,15,0.119
20420,4,candles for night lights,Sometimes,Some use this,14,0.111
20420,4,floating candles,Sometimes,Some use this,14,0.111
20420,4,table candles,Sometimes,Some use this,13,0.103
20420,4,candles and wicks for candles for lighting,Sometimes,Some use this,13,0.103
20420,4,wicks for candles,Sometimes,Some use this,13,0.103
20420,4,candles for use as nightlights,Sometimes,Some use this,12,0.095
20420,4,candle wax,Sometimes,Some use this,11,0.087
20420,21,perfume burners,Always,Most use this,17,0.179
20420,21,perfume sprayers,Always,Most use this,17,0.179
20420,21,perfume bottles,Always,Most use this,16,0.168
20420,21,articles for cleaning purposes,Always,Most use this,16,0.168
20420,21,perfume atomisers,Always,Most use this,15,0.158
20420,21,burners (perfume -),Always,Most use this,14,0.147
20420,21,brushes for cleaning,Always,Most use this,14,0.147
20420,21,perfume vaporizers,Always,Most use this,14,0.147
20420,21,pads for cleaning,Always,Most use this,13,0.137
20420,21,cloths for cleaning,Always,Most use this,13,0.137
20420,21,dusters,Always,Most use this,13,0.137
20420,21,oven gloves,Always,Most use this,12,0.126
20420,21,oven mitts,Always,Most use this,12,0.126
20420,21,pads,Always,Most use this,12,0.126
20420,21,scourers,Always,Most use this,12,0.126
20420,21,containers for cosmetics,Always,Most use this,12,0.126
20420,21,cloths,Always,Most use this,12,0.126
20420,21,cosmetics applicators,Sometimes,Some use this,11,0.116
20420,21,scent sprays [atomizers],Sometimes,Some use this,11,0.116
20420,21,"
sponges",Sometimes,Some use this,11,0.116
20420,21,"steel wool.
.",Sometimes,Some use this,11,0.116
20420,21,cosmetics brushes,Sometimes,Some use this,11,0.116
20420,21,perfume atomizers [empty],Sometimes,Some use this,10,0.105
20420,21,vaporizers for perfume [empty],Sometimes,Some use this,10,0.105
20420,21,"perfume sprays, sold empty",Sometimes,Some use this,9,0.095
20420,44,beauty therapy treatments,Always,All use this,32,0.451
20420,44,cosmetic laser treatment of skin,Always,All use this,30,0.423
20420,44,facial beauty treatment services,Always,All use this,27,0.38
20420,44,human hygiene and beauty care,Always,All use this,23,0.324
20420,44,consultation services relating to skin care,Always,All use this,23,0.324
20420,44,beauty treatment,Always,All use this,22,0.31
20420,44,beauty care,Always,All use this,22,0.31
20420,44,beauty treatment services,Always,All use this,22,0.31
20420,44,beauty therapy services,Always,Most use this,21,0.296
20420,44,beauty salon services,Always,Most use this,20,0.282
20420,44,physiotherapy,Always,Most use this,19,0.268
20420,44,"medical services, in particular the treatment and/or reversal of hair loss",Always,Most use this,19,0.268
20420,44,leasing skin care equipment,Always,Most use this,19,0.268
20420,44,cosmetic and beauty treatments using lasers,Always,Most use this,19,0.268
20420,44,personal therapeutic services relating to hair regrowth,Always,Most use this,19,0.268
20420,44,beauty consultancy,Always,Most use this,18,0.254
20420,44,health spa services,Always,Most use this,18,0.254
20420,44,cosmetic body care services,Always,Most use this,17,0.239
20420,44,cosmetic make-up services,Always,Most use this,17,0.239
20420,44,cosmetic treatment,Always,Most use this,16,0.225
20420,44,skin care salons,Always,Most use this,15,0.211
20420,44,hygienic and beauty care for human beings,Always,Most use this,15,0.211
20420,44,beauty care services,Always,Most use this,15,0.211
20420,44,cosmetic treatment for the body,Always,Most use this,14,0.197
20420,44,beauty consultation services,Always,Most use this,14,0.197
20420,25,clothing,Always,All use this,40,0.769
20420,25,clothes,Always,All use this,19,0.365
20420,25,silk clothing,Always,Most use this,15,0.288
20420,25,footwear,Always,Most use this,15,0.288
20420,25,embroidered clothing,Always,Most use this,14,0.269
20420,25,hats,Always,Most use this,13,0.25
20420,25,ready-to-wear clothing,Always,Most use this,13,0.25
20420,25,jackets [clothing],Always,Most use this,12,0.231
20420,25,jackets (stuff -) [clothing],Always,Most use this,12,0.231
20420,25,casual clothing,Always,Most use this,12,0.231
20420,25,ready-made clothing,Always,Most use this,12,0.231
20420,25,men's clothing,Always,Most use this,12,0.231
20420,25,clothing of leather,Always,Most use this,12,0.231
20420,25,sports clothing,Always,Most use this,11,0.212
20420,25,headbands for clothing,Always,Most use this,11,0.212
20420,25,veils [clothing],Always,Most use this,11,0.212
20420,25,wristbands [clothing],Always,Most use this,11,0.212
20420,25,kerchiefs [clothing],Always,Most use this,11,0.212
20420,25,linen clothing,Always,Most use this,11,0.212
20420,25,knitwear [clothing],Always,Most use this,10,0.192
20420,25,shorts [clothing],Always,Most use this,10,0.192
20420,25,leather clothing,Always,Most use this,10,0.192
20420,25,athletic clothing,Always,Most use this,10,0.192
20420,25,tops [clothing],Always,Most use this,10,0.192
20420,25,jerseys [clothing],Always,Most use this,10,0.192
20420,10,physiotherapy apparatus,Always,All use this,25,0.481
20420,10,lasers for medical purposes,Always,All use this,23,0.442
20420,10,apparatus for the therapeutic stimulation of the muscles,Always,All use this,22,0.423
20420,10,lasers for cosmetic purposes,Always,All use this,21,0.404
20420,10,aesthetic treatment apparatus,Always,All use this,21,0.404
20420,10,therapeutic masks,Always,All use this,21,0.404
20420,10,medical devices,Always,All use this,21,0.404
20420,10,modular lasers,Always,All use this,21,0.404
20420,10,lasers,Always,All use this,21,0.404
20420,10,"surgical, medical, dental and veterinary apparatus and instruments",Always,All use this,21,0.404
20420,10,aesthetic treatment apparatus using ultrasonic waves,Always,All use this,21,0.404
20420,10,lasers for skin treatment,Always,All use this,21,0.404
20420,10,medical devices for nonsurgical cosmetic treatments,Always,All use this,19,0.365
20420,10,laser therapy helmets.,Always,All use this,19,0.365
20420,10,apparatus for the stimulation of muscles,Always,All use this,19,0.365
20420,10,light therapy apparatus for skin treatment,Always,All use this,19,0.365
20420,10,"medical apparatus and instruments, in particular helmets using laser technology",Always,All use this,19,0.365
20420,10,apparatus for the therapeutic toning of muscles,Always,All use this,19,0.365
20420,10,massage apparatus,Always,Most use this,13,0.25
20420,10,laser therapy helmets for treating alopecia,Always,Most use this,12,0.231
20420,10,esthetic massage apparatus,Always,Most use this,11,0.212
20420,10,ultraviolet sun ray lamps for medical use,Always,Most use this,10,0.192
20420,10,lasers for surgical use,Always,Most use this,10,0.192
20420,10,lasers for veterinary purposes,Always,Most use this,10,0.192
20420,10,laser light treatment instruments for medical use,Always,Most use this,10,0.192
11050,32,beers,Always,All use this,308,0.503
11050,32,beer,Always,All use this,294,0.48
11050,32,lager,Always,All use this,217,0.355
11050,32,non-alcoholic beverages,Always,All use this,217,0.355
11050,32,craft beer,Always,All use this,208,0.34
11050,32,non-alcoholic beer,Always,Most use this,182,0.297
11050,32,craft beers,Always,Most use this,172,0.281
11050,32,flavoured beers,Always,Most use this,156,0.255
11050,32,malt beer,Always,Most use this,155,0.253
11050,32,ales,Always,Most use this,155,0.253
11050,32,stout,Always,Most use this,153,0.25
11050,32,beer and brewery products,Always,Most use this,146,0.239
11050,32,wheat beer,Always,Most use this,141,0.23
11050,32,low-alcohol beer,Always,Most use this,139,0.227
11050,32,beer-based beverages,Always,Most use this,120,0.196
11050,32,lagers,Always,Most use this,118,0.193
11050,32,alcohol-free beers,Always,Most use this,117,0.191
11050,32,barley wine [beer],Always,Most use this,111,0.181
11050,32,non-alcoholic beers,Always,Most use this,111,0.181
11050,32,low alcohol beer,Always,Most use this,106,0.173
11050,32,non-alcoholic drinks,Always,Most use this,104,0.17
11050,32,flavored beer,Always,Most use this,94,0.154
11050,32,non-alcoholic malt beverages,Always,Most use this,86,0.141
11050,32,flavored beers,Always,Most use this,86,0.141
11050,32,de-alcoholised beer,Always,Most use this,83,0.136
11050,33,vodka,Always,All use this,55,0.348
11050,33,wine,Always,All use this,48,0.304
11050,33,cider,Always,Most use this,44,0.278
11050,33,low alcoholic drinks,Always,Most use this,42,0.266
11050,33,alcoholic beverages (except beer),Always,Most use this,41,0.259
11050,33,brandy,Always,Most use this,40,0.253
11050,33,whisky,Always,Most use this,39,0.247
11050,33,"pre-mixed alcoholic beverages, other than beer-based",Always,Most use this,39,0.247
11050,33,spirits [beverages],Always,Most use this,39,0.247
11050,33,"alcoholic beverages, except beers",Always,Most use this,36,0.228
11050,33,alcoholic beverages containing fruit,Always,Most use this,34,0.215
11050,33,alcoholic beverages (except beers),Always,Most use this,32,0.203
11050,33,distilled beverages,Always,Most use this,32,0.203
11050,33,liqueurs,Always,Most use this,31,0.196
11050,33,distilled spirits,Always,Most use this,30,0.19
11050,33,cocktails,Always,Most use this,30,0.19
11050,33,alcoholic bitters,Always,Most use this,29,0.184
11050,33,alcoholic essences,Always,Most use this,29,0.184
11050,33,"alcoholic carbonated beverages, except beer",Always,Most use this,28,0.177
11050,33,pre-mixed alcoholic beverages,Always,Most use this,27,0.171
11050,33,bitters,Always,Most use this,27,0.171
11050,33,alcoholic cocktails,Always,Most use this,27,0.171
11050,33,dry cider,Always,Most use this,26,0.165
11050,33,alcoholic punches,Always,Most use this,26,0.165
11050,33,alcopops,Always,Most use this,25,0.158
11050,43,services for providing food and drink,Always,All use this,77,0.602
11050,43,bar services,Always,All use this,65,0.508
11050,43,public house services,Always,All use this,61,0.477
11050,43,food and drink catering,Always,All use this,53,0.414
11050,43,café services,Always,All use this,52,0.406
11050,43,temporary accommodation,Always,All use this,51,0.398
11050,43,mobile catering services,Always,All use this,45,0.352
11050,43,banqueting services,Always,All use this,43,0.336
11050,43,"beer, wine and food tastings",Always,All use this,43,0.336
11050,43,guest houses,Always,All use this,42,0.328
11050,43,inns,Always,All use this,42,0.328
11050,43,hotels,Always,All use this,42,0.328
11050,43,snack bar services,Always,All use this,42,0.328
11050,43,accommodation services,Always,All use this,41,0.32
11050,43,provision of holiday accommodation,Always,All use this,41,0.32
11050,43,take-away restaurant services,Always,All use this,41,0.32
11050,43,bistro services,Always,All use this,40,0.312
11050,43,"information, advisory and consultancy services relating to the aforesaid.",Always,All use this,39,0.305
11050,43,personal chef services,Always,All use this,39,0.305
11050,43,restaurant and catering services,Always,All use this,39,0.305
11050,43,provision of event facilities and temporary meeting facilities,Always,Most use this,38,0.297
11050,43,booking and reservation services for restaurants and holiday accommodation,Always,Most use this,38,0.297
11050,43,"temporary accommodation information, advice and reservation services",Always,Most use this,38,0.297
11050,43,pubs,Always,Most use this,35,0.273
11050,43,catering services,Always,Most use this,34,0.266
11050,25,t-shirts,Always,All use this,30,0.5
11050,25,clothing,Always,All use this,30,0.5
11050,25,sweatshirts,Always,All use this,27,0.45
11050,25,hoodies,Always,All use this,23,0.383
11050,25,footwear,Always,All use this,23,0.383
11050,25,shirts,Always,All use this,20,0.333
11050,25,jackets,Always,Most use this,15,0.25
11050,25,caps,Always,Most use this,15,0.25
11050,25,coats,Always,Most use this,14,0.233
11050,25,socks,Always,Most use this,14,0.233
11050,25,shoes,Always,Most use this,12,0.2
11050,25,gloves,Always,Most use this,12,0.2
11050,25,vests,Always,Most use this,11,0.183
11050,25,scarves,Always,Most use this,11,0.183
11050,25,hats,Always,Most use this,11,0.183
11050,25,jeans,Always,Most use this,10,0.167
11050,25,"clothing, footwear, headgear",Always,Most use this,10,0.167
11050,25,headwear,Always,Most use this,9,0.15
11050,25,trainers,Always,Most use this,8,0.133
11050,25,boots,Always,Most use this,8,0.133
11050,25,beanies,Always,Most use this,8,0.133
11050,25,uniforms,Always,Most use this,8,0.133
11050,25,sports footwear,Always,Most use this,8,0.133
11050,25,slippers,Always,Most use this,8,0.133
11050,25,shorts,Sometimes,Some use this,7,0.117
11050,35,promotion of goods and services through sponsorship,Always,All use this,29,0.527
11050,35,"advertising, marketing and promotional services",Always,All use this,25,0.455
11050,35,"business assistance, management and administrative services",Always,All use this,25,0.455
11050,35,personnel services,Always,All use this,25,0.455
11050,35,"customer loyalty services for commercial, promotional and advertising purposes",Always,All use this,25,0.455
11050,35,business management of hotels,Always,All use this,22,0.4
11050,35,retail services connected with the sale of subscription boxes containing beers,Always,All use this,21,0.382
11050,35,retail services connected with the sale of subscription boxes containing food,Always,All use this,18,0.327
11050,35,online ordering services in the field of restaurant take-out and delivery,Always,All use this,18,0.327
11050,35,reception services,Always,All use this,18,0.327
11050,35,"information, advisory and consultancy services relating to the aforesaid.",Always,All use this,18,0.327
11050,35,demonstration of goods,Always,All use this,18,0.327
11050,35,negotiation and conclusion of commercial transactions for third parties,Always,All use this,18,0.327
11050,35,wholesale services in relation to alcoholic beverages (except beer),Always,Most use this,9,0.164
11050,35,retail services in relation to beer,Always,Most use this,9,0.164
11050,35,retail services in relation to non-alcoholic beverages,Always,Most use this,9,0.164
11050,35,mail order retail services related to beer,Always,Most use this,9,0.164
11050,35,mail order retail services related to alcoholic beverages (except beer),Always,Most use this,8,0.145
11050,35,mail order retail services related to non-alcoholic beverages,Always,Most use this,8,0.145
11050,35,"presentation of goods on communications media, for retail purposes",Always,Most use this,7,0.127
11050,35,inventorying merchandise,Always,Most use this,7,0.127
11050,35,organisation of exhibitions and events for commercial or advertising purposes,Always,Most use this,7,0.127
11050,35,display services for merchandise,Always,Most use this,7,0.127
11050,35,compilation of information into computer databases,Always,Most use this,7,0.127
11050,35,retail services relating to food,Always,Most use this,7,0.127
11050,21,beer glasses,Always,All use this,36,0.679
11050,21,beer mugs,Always,All use this,30,0.566
11050,21,beer jugs,Always,All use this,24,0.453
11050,21,glassware,Always,All use this,24,0.453
11050,21,beer pitchers,Always,All use this,18,0.34
11050,21,pilsner glasses,Always,All use this,18,0.34
11050,21,beer steins,Always,All use this,18,0.34
11050,21,bottle openers,Always,All use this,17,0.321
11050,21,drinking bottles,Always,All use this,17,0.321
11050,21,bottle coolers,Always,All use this,16,0.302
11050,21,mugs,Always,All use this,16,0.302
11050,21,pint tankards,Always,Most use this,14,0.264
11050,21,drinking steins,Always,Most use this,14,0.264
11050,21,pilsner drinking glasses,Always,Most use this,14,0.264
11050,21,beverage glassware.,Always,Most use this,14,0.264
11050,21,tumblers,Always,Most use this,13,0.245
11050,21,wine glasses,Always,Most use this,13,0.245
11050,21,ice buckets,Always,Most use this,11,0.208
11050,21,beverage glassware,Always,Most use this,10,0.189
11050,21,coasters (tableware),Always,Most use this,10,0.189
11050,21,cups,Always,Most use this,10,0.189
11050,21,bottle stands,Always,Most use this,10,0.189
11050,21,household or kitchen utensils and containers,Always,Most use this,10,0.189
11050,21,jugs,Always,Most use this,9,0.17
11050,21,wine coolers,Always,Most use this,9,0.17
11010,33,spirits,Always,Essential,475,0.19
11010,33,whisky,Always,Essential,442,0.177
11010,33,distilled spirits,Always,Essential,438,0.175
11010,33,alcoholic beverages (except beers),Always,Essential,420,0.168
11010,33,liqueurs,Always,Essential,417,0.167
11010,33,vodka,Always,Essential,411,0.164
11010,33,distilled beverages,Always,Essential,358,0.143
11010,33,alcoholic beverages (except beer),Always,Essential,333,0.133
11010,33,alcoholic cocktails,Always,Essential,330,0.132
11010,33,spirits [beverages],Always,Essential,312,0.125
11010,33,cocktails,Always,Essential,304,0.122
11010,33,"alcoholic beverages, except beer",Always,Essential,300,0.12
11010,33,malt whisky,Sometimes,Recommended,275,0.11
11010,33,blended whisky,Sometimes,Recommended,267,0.107
11010,33,alcoholic beverages containing fruit,Sometimes,Recommended,245,0.098
11010,33,"beverages (alcoholic -), except beer",Sometimes,Recommended,236,0.094
11010,33,whiskey,Sometimes,Recommended,233,0.093
11010,33,pre-mixed alcoholic beverages,Sometimes,Recommended,232,0.093
11010,33,brandy,Sometimes,Recommended,228,0.091
11010,33,alcoholic cocktail mixes,Sometimes,Recommended,227,0.091
11010,33,beverages (distilled -),Sometimes,Recommended,227,0.091
11010,33,alcoholic beverages except beers,Sometimes,Recommended,223,0.089
11010,33,alcoholic beverages [except beers],Sometimes,Recommended,220,0.088
11010,33,rum [alcoholic beverage],Sometimes,Recommended,212,0.085
11010,33,alcoholic bitters,Sometimes,Recommended,210,0.084
11010,32,beers,Always,Essential,536,0.38
11010,32,non-alcoholic beverages,Always,Essential,394,0.28
11010,32,beer,Always,Essential,269,0.191
11010,32,non-alcoholic drinks,Always,Essential,230,0.163
11010,32,mineral and aerated waters,Always,Essential,215,0.153
11010,32,fruit beverages and fruit juices,Always,Essential,206,0.146
11010,32,syrups and other preparations for making beverages.,Always,Essential,196,0.139
11010,32,non-alcoholic cocktails,Always,Essential,186,0.132
11010,32,fruit drinks and fruit juices,Always,Essential,174,0.123
11010,32,soft drinks,Always,Essential,170,0.121
11010,32,carbonated non-alcoholic drinks,Sometimes,Recommended,160,0.114
11010,32,"cocktails, non-alcoholic",Sometimes,Recommended,155,0.11
11010,32,alcohol free beverages,Sometimes,Recommended,153,0.109
11010,32,beverages (non-alcoholic -),Sometimes,Recommended,147,0.104
11010,32,beer and brewery products,Sometimes,Recommended,147,0.104
11010,32,barley wine [beer],Sometimes,Recommended,145,0.103
11010,32,non-alcoholic beer,Sometimes,Recommended,144,0.102
11010,32,lager,Sometimes,Recommended,141,0.1
11010,32,beer-based beverages,Sometimes,Recommended,134,0.095
11010,32,non-alcoholic carbonated beverages,Sometimes,Recommended,128,0.091
11010,32,non-alcoholic cocktail mixes,Sometimes,Recommended,127,0.09
11010,32,cordials (non-alcoholic beverages),Sometimes,Recommended,123,0.087
11010,32,alcohol free aperitifs,Sometimes,Recommended,122,0.087
11010,32,craft beer,Sometimes,Recommended,121,0.086
11010,32,"aperitifs, non-alcoholic",Sometimes,Recommended,120,0.085
69202,35,accountancy services,Always,Essential,383,0.444
69202,35,accounting services,Always,Essential,361,0.418
69202,35,accountancy,Always,Essential,338,0.392
69202,35,book-keeping and accounting services,Always,Essential,333,0.386
69202,35,accounting,Always,Essential,333,0.386
69202,35,book-keeping and accounting,Always,Essential,285,0.33
69202,35,"accounting, in particular book-keeping",Always,Essential,283,0.328
69202,35,accounting advisory services,Always,Essential,279,0.323
69202,35,tax consultancy [accountancy],Always,Essential,274,0.317
69202,35,business accounting advisory services,Always,Essential,274,0.317
69202,35,management accounting,Always,Essential,274,0.317
69202,35,tax advice [accountancy],Always,Essential,273,0.316
69202,35,tax planning [accountancy],Always,Essential,272,0.315
69202,35,accounting consultancy relating to taxation,Always,Essential,260,0.301
69202,35,tax return advisory [accountancy] services,Always,Essential,252,0.292
69202,35,accounting services relating to tax planning,Always,Essential,251,0.291
69202,35,accountancy advice relating to taxation,Always,Essential,251,0.291
69202,35,accountancy advice relating to tax preparation,Always,Essential,250,0.29
69202,35,taxation [accountancy] consultancy,Always,Essential,248,0.287
69202,35,taxation [accountancy] advice,Always,Essential,248,0.287
69202,35,bookkeeping,Always,Essential,246,0.285
69202,35,"accountancy, book keeping and auditing",Always,Essential,246,0.285
69202,35,business advice relating to accounting,Always,Essential,245,0.284
69202,35,computerised accounting,Always,Essential,244,0.283
69202,35,administrative accounting,Always,Essential,241,0.279
69202,36,tax consultancy [not accounting],Always,Essential,89,0.274
69202,36,tax advice [not accounting],Always,Essential,83,0.255
69202,36,tax returns consultancy [not accounting],Always,Essential,81,0.249
69202,36,tax services [not accounting],Always,Essential,81,0.249
69202,36,tax planning [not accounting],Always,Essential,74,0.228
69202,36,taxation consultancy services [not accounting],Always,Essential,71,0.218
69202,36,provision of tax advice [not accounting],Always,Essential,62,0.191
69202,36,payroll tax debiting services,Always,Essential,52,0.16
69202,36,financial services,Always,Essential,50,0.154
69202,36,financial advice relating to taxation,Always,Essential,46,0.142
69202,36,financial advisory services relating to tax,Always,Essential,42,0.129
69202,36,income tax advice,Always,Essential,42,0.129
69202,36,advisory services relating to corporate finance,Always,Essential,40,0.123
69202,36,"accounting consultation

",Sometimes,Recommended,38,0.117
69202,36,financial management of cash accounts,Sometimes,Recommended,38,0.117
69202,36,financial advice relating to tax planning,Sometimes,Recommended,35,0.108
69202,36,income tax advice [financial],Sometimes,Recommended,35,0.108
69202,36,financial advice relating to income tax,Sometimes,Recommended,34,0.105
69202,36,financial management for businesses,Sometimes,Recommended,34,0.105
69202,36,financial planning services relating to taxation,Sometimes,Recommended,34,0.105
69202,36,tax payment processing services,Sometimes,Recommended,33,0.102
69202,36,professional consultancy relating to finance,Sometimes,Recommended,33,0.102
69202,36,financial forecasting,Sometimes,Recommended,33,0.102
69202,36,financial management,Sometimes,Recommended,33,0.102
69202,36,financial consultancy,Sometimes,Recommended,33,0.102
69202,9,computer software,Always,Essential,35,0.156
69202,9,accounting software,Always,Essential,33,0.147
69202,9,software,Sometimes,Recommended,23,0.102
69202,9,business software,Sometimes,Recommended,22,0.098
69202,9,application software,Sometimes,Recommended,17,0.076
69202,9,financial management software,Sometimes,Recommended,17,0.076
69202,9,portable speakers,Sometimes,Recommended,17,0.076
69202,9,computer application software,Sometimes,Recommended,14,0.062
69202,9,accounting machines,Sometimes,Worth considering,13,0.058
69202,9,business management software,Sometimes,Worth considering,13,0.058
69202,9,computer application software for mobile phones,Sometimes,Worth considering,12,0.053
69202,9,downloadable publications,Sometimes,Worth considering,12,0.053
69202,9,accounting software.,Sometimes,Worth considering,12,0.053
69202,9,reporting software,Sometimes,Worth considering,11,0.049
69202,9,electronic publications,Sometimes,Worth considering,11,0.049
69202,9,application software for mobile devices,Sometimes,Worth considering,10,0.044
69202,9,mobile application software,Sometimes,Worth considering,10,0.044
69202,9,database management software,Sometimes,Worth considering,9,0.04
69202,9,business technology software,Sometimes,Worth considering,9,0.04
69202,9,accounting apparatus,Sometimes,Worth considering,9,0.04
69202,9,all included in class 9.,Sometimes,Worth considering,9,0.04
69202,9,podcasts,Sometimes,Worth considering,9,0.04
69202,9,computer software platforms,Sometimes,Worth considering,9,0.04
69202,9,computer e-commerce software,Sometimes,Worth considering,9,0.04
69202,9,"gaming accessories, namely: cases, chargers, batteries, data cables",Sometimes,Worth considering,8,0.036
69202,41,education,Always,Essential,26,0.147
69202,41,training,Always,Essential,25,0.141
69202,41,providing of training,Always,Essential,25,0.141
69202,41,education advisory services relating to accountancy,Sometimes,Recommended,21,0.119
69202,41,business training,Sometimes,Recommended,20,0.113
69202,41,courses (training -) relating to accountancy,Sometimes,Recommended,18,0.102
69202,41,training courses,Sometimes,Recommended,16,0.09
69202,41,bookkeeping instruction,Sometimes,Recommended,15,0.085
69202,41,tuition in accounts,Sometimes,Recommended,14,0.079
69202,41,business training services,Sometimes,Recommended,14,0.079
69202,41,adult education services relating to accounting,Sometimes,Recommended,14,0.079
69202,41,coaching [training],Sometimes,Recommended,13,0.073
69202,41,coaching services,Sometimes,Recommended,13,0.073
69202,41,training services,Sometimes,Recommended,13,0.073
69202,41,education and training services,Sometimes,Recommended,12,0.068
69202,41,business mentoring services,Sometimes,Recommended,12,0.068
69202,41,coaching relating to finance,Sometimes,Recommended,11,0.062
69202,41,education and training,Sometimes,Recommended,11,0.062
69202,41,training in business skills,Sometimes,Worth considering,10,0.056
69202,41,publishing,Sometimes,Worth considering,10,0.056
69202,41,coaching,Sometimes,Worth considering,10,0.056
69202,41,education and training in the field of business management,Sometimes,Worth considering,10,0.056
69202,41,personal development training,Sometimes,Worth considering,10,0.056
69202,41,all included in class 41.,Sometimes,Worth considering,10,0.056
69202,41,courses (training -) relating to finance,Sometimes,Worth considering,10,0.056
69202,42,computer programming,Always,Essential,23,0.193
69202,42,computer software development,Sometimes,Recommended,10,0.084
69202,42,all included in class 42.,Sometimes,Recommended,10,0.084
69202,42,data migration services,Sometimes,Recommended,10,0.084
69202,42,computer rental,Sometimes,Recommended,9,0.076
69202,42,software development,Sometimes,Recommended,9,0.076
69202,42,computer system integration services,Sometimes,Recommended,8,0.067
69202,42,computer software consultancy,Sometimes,Recommended,8,0.067
69202,42,computer security consultancy,Sometimes,Recommended,8,0.067
69202,42,electronic data storage,Sometimes,Recommended,8,0.067
69202,42,software design,Sometimes,Recommended,8,0.067
69202,42,information technology consultancy,Sometimes,Recommended,8,0.067
69202,42,data mining,Sometimes,Recommended,8,0.067
69202,42,database design and development,Sometimes,Recommended,8,0.067
69202,42,software engineering services,Sometimes,Recommended,8,0.067
69202,42,software design and development,Sometimes,Recommended,8,0.067
69202,42,"testing, authentication and quality control",Sometimes,Worth considering,7,0.059
69202,42,graphic design services,Sometimes,Worth considering,7,0.059
69202,42,technical studies of adaptations of space technologies,Sometimes,Worth considering,7,0.059
69202,42,development of new technology for others,Sometimes,Worth considering,7,0.059
69202,42,disaster recovery services for computer systems,Sometimes,Worth considering,7,0.059
69202,42,development of new technology in relation to unmanned postal delivery,Sometimes,Worth considering,7,0.059
69202,42,research and consultancy services relating to home automation,Sometimes,Worth considering,7,0.059
69202,42,computer project management services,Sometimes,Worth considering,7,0.059
69202,42,cloud computing services,Sometimes,Worth considering,7,0.059
70229,35,business management,Always,Essential,408,0.163
70229,35,business consultancy,Always,Essential,399,0.16
70229,35,business administration,Always,Essential,356,0.142
70229,35,advertising,Always,Essential,338,0.135
70229,35,business consultancy services,Always,Essential,322,0.129
70229,35,business management consultancy,Sometimes,Recommended,285,0.114
70229,35,business consultancy and advisory services,Sometimes,Recommended,278,0.111
70229,35,business management consultancy services,Sometimes,Recommended,257,0.103
70229,35,business consulting,Sometimes,Recommended,256,0.102
70229,35,management consulting,Sometimes,Recommended,234,0.094
70229,35,strategic business consultancy,Sometimes,Recommended,232,0.093
70229,35,business advisory and consultancy services,Sometimes,Recommended,229,0.092
70229,35,business management consultancy and advisory services,Sometimes,Recommended,229,0.092
70229,35,business organisation and management consulting services,Sometimes,Recommended,229,0.092
70229,35,office functions,Sometimes,Recommended,219,0.088
70229,35,business management consulting,Sometimes,Recommended,215,0.086
70229,35,consultancy and advisory services in the field of business strategy,Sometimes,Recommended,207,0.083
70229,35,business consulting services,Sometimes,Recommended,206,0.082
70229,35,professional business consultancy,Sometimes,Recommended,204,0.082
70229,35,business management and consultancy services,Sometimes,Recommended,193,0.077
70229,35,business management and consultancy,Sometimes,Recommended,188,0.075
70229,35,business management consulting services,Sometimes,Recommended,187,0.075
70229,35,business organisation consulting,Sometimes,Recommended,186,0.074
70229,35,consultancy relating to business management,Sometimes,Recommended,183,0.073
70229,35,business management and organization consultancy,Sometimes,Recommended,183,0.073
70229,41,education,Always,Essential,371,0.148
70229,41,business training,Always,Essential,302,0.121
70229,41,providing of training,Sometimes,Recommended,283,0.113
70229,41,training courses,Sometimes,Recommended,278,0.111
70229,41,training services,Sometimes,Recommended,258,0.103
70229,41,training,Sometimes,Recommended,251,0.1
70229,41,coaching,Sometimes,Recommended,244,0.098
70229,41,business training services,Sometimes,Recommended,200,0.08
70229,41,coaching [training],Sometimes,Recommended,199,0.08
70229,41,personal development training,Sometimes,Recommended,198,0.079
70229,41,training consultancy,Sometimes,Recommended,191,0.076
70229,41,coaching services,Sometimes,Recommended,180,0.072
70229,41,management training consultancy services,Sometimes,Recommended,177,0.071
70229,41,education and training,Sometimes,Recommended,162,0.065
70229,41,business training consultancy services,Sometimes,Recommended,160,0.064
70229,41,entertainment,Sometimes,Recommended,157,0.063
70229,41,management training services,Sometimes,Recommended,151,0.06
70229,41,training and education services,Sometimes,Recommended,151,0.06
70229,41,education services,Sometimes,Worth considering,149,0.06
70229,41,"conducting courses, seminars and workshops",Sometimes,Worth considering,146,0.058
70229,41,entertainment services,Sometimes,Worth considering,143,0.057
70229,41,training in business management,Sometimes,Worth considering,142,0.057
70229,41,training in business skills,Sometimes,Worth considering,141,0.056
70229,41,training and further training consultancy,Sometimes,Worth considering,136,0.054
70229,41,education and training services,Sometimes,Worth considering,133,0.053
70229,42,design and development of computer hardware and software,Sometimes,Recommended,218,0.087
70229,42,computer programming,Sometimes,Recommended,203,0.081
70229,42,scientific and technological services and research and design relating thereto,Sometimes,Recommended,199,0.08
70229,42,software as a service [saas],Sometimes,Recommended,188,0.075
70229,42,industrial analysis and research services,Sometimes,Recommended,182,0.073
70229,42,design services,Sometimes,Recommended,163,0.065
70229,42,computer consultancy services,Sometimes,Recommended,154,0.062
70229,42,platform as a service [paas],Sometimes,Worth considering,132,0.053
70229,42,"installation, maintenance and repair of computer software",Sometimes,Worth considering,108,0.043
70229,42,software development,Sometimes,Worth considering,107,0.043
70229,42,software consultancy services,Sometimes,Worth considering,97,0.039
70229,42,software as a service,Sometimes,Worth considering,97,0.039
70229,42,computer software consultancy,Sometimes,Worth considering,95,0.038
70229,42,software design,Sometimes,Worth considering,95,0.038
70229,42,software as a service [saas] services,Sometimes,Worth considering,90,0.036
70229,42,technological consultancy,Sometimes,Worth considering,87,0.035
70229,42,computer software design,Sometimes,Worth considering,85,0.034
70229,42,graphic design services,Sometimes,Worth considering,85,0.034
70229,42,design and development of computer software,Sometimes,Worth considering,83,0.033
70229,42,design consultancy,Sometimes,Worth considering,83,0.033
70229,42,software consulting services,Sometimes,Worth considering,80,0.032
70229,42,information technology consultancy,Sometimes,Worth considering,80,0.032
70229,42,cloud computing services,Sometimes,Worth considering,78,0.031
70229,42,computer services,Sometimes,Worth considering,77,0.031
70229,42,"creating, maintaining and hosting the web sites of others",Sometimes,Worth considering,75,0.03
70229,9,computer software,Always,Essential,624,0.25
70229,9,software,Sometimes,Recommended,242,0.097
70229,9,electronic publications,Sometimes,Recommended,198,0.079
70229,9,podcasts,Sometimes,Recommended,183,0.073
70229,9,downloadable electronic publications,Sometimes,Recommended,178,0.071
70229,9,application software,Sometimes,Recommended,170,0.068
70229,9,downloadable publications,Sometimes,Recommended,154,0.062
70229,9,"apparatus for recording, transmission or reproduction of sound or images",Sometimes,Recommended,151,0.06
70229,9,software applications,Sometimes,Recommended,150,0.06
70229,9,downloadable podcasts,Sometimes,Worth considering,120,0.048
70229,9,computers,Sometimes,Worth considering,116,0.046
70229,9,dvds,Sometimes,Worth considering,107,0.043
70229,9,computer software applications,Sometimes,Worth considering,101,0.04
70229,9,computer application software,Sometimes,Worth considering,100,0.04
70229,9,computer programs,Sometimes,Worth considering,98,0.039
70229,9,downloadable software,Sometimes,Worth considering,94,0.038
70229,9,computer hardware,Sometimes,Worth considering,91,0.036
70229,9,computer software platforms,Sometimes,Worth considering,91,0.036
70229,9,business software,Sometimes,Worth considering,88,0.035
70229,9,parts and fittings for all the aforesaid goods.,Sometimes,Worth considering,85,0.034
70229,9,compact discs,Sometimes,Worth considering,85,0.034
70229,9,"magnetic data carriers, recording discs",Sometimes,Worth considering,83,0.033
70229,9,cd-roms,Sometimes,Worth considering,76,0.03
70229,36,financial services,Always,Essential,467,0.187
70229,36,financial affairs,Always,Essential,351,0.14
70229,36,real estate affairs,Sometimes,Recommended,286,0.114
70229,36,monetary affairs,Sometimes,Recommended,265,0.106
70229,36,insurance,Sometimes,Recommended,252,0.101
70229,36,investment services,Sometimes,Recommended,215,0.086
70229,36,financial consultancy,Sometimes,Recommended,191,0.076
70229,36,financial management,Sometimes,Recommended,166,0.066
70229,36,insurance services,Sometimes,Recommended,163,0.065
70229,36,financial analysis,Sometimes,Recommended,150,0.06
70229,36,real estate services,Sometimes,Worth considering,146,0.058
70229,36,financial advisory services,Sometimes,Worth considering,142,0.057
70229,36,investment management,Sometimes,Worth considering,134,0.054
70229,36,property portfolio management,Sometimes,Worth considering,128,0.051
70229,36,real estate and property management services,Sometimes,Worth considering,124,0.05
70229,36,asset management,Sometimes,Worth considering,117,0.047
70229,36,financial management services,Sometimes,Worth considering,115,0.046
70229,36,financial consultancy services,Sometimes,Worth considering,111,0.044
70229,36,financial advisory and consultancy services,Sometimes,Worth considering,110,0.044
70229,36,financial services provided via the internet,Sometimes,Worth considering,109,0.044
70229,36,financial strategy consultancy services,Sometimes,Worth considering,107,0.043
70229,36,financial consulting services,Sometimes,Worth considering,107,0.043
70229,36,financial consulting,Sometimes,Worth considering,104,0.042
70229,36,real estate management,Sometimes,Worth considering,104,0.042
70229,36,financial analysis services,Sometimes,Worth considering,103,0.041
70229,16,printed matter,Always,Essential,1068,0.427
70229,16,books,Always,Essential,731,0.292
70229,16,stationery,Always,Essential,718,0.287
70229,16,printed publications,Always,Essential,592,0.237
70229,16,photographs,Always,Essential,572,0.229
70229,16,magazines,Always,Essential,366,0.146
70229,16,instructional and teaching materials,Always,Essential,312,0.125
70229,16,calendars,Sometimes,Recommended,282,0.113
70229,16,posters,Sometimes,Recommended,273,0.109
70229,16,brochures,Sometimes,Recommended,269,0.108
70229,16,newsletters,Sometimes,Recommended,255,0.102
70229,16,adhesives for stationery or household purposes,Sometimes,Recommended,235,0.094
70229,16,instructional and teaching material (except apparatus),Sometimes,Recommended,234,0.094
70229,16,booklets,Sometimes,Recommended,229,0.092
70229,16,manuals,Sometimes,Recommended,220,0.088
70229,16,diaries,Sometimes,Recommended,209,0.084
70229,16,journals,Sometimes,Recommended,205,0.082
70229,16,pamphlets,Sometimes,Recommended,200,0.08
70229,16,leaflets,Sometimes,Recommended,198,0.079
70229,16,bookbinding material,Sometimes,Recommended,190,0.076
70229,16,paint brushes,Sometimes,Recommended,186,0.074
70229,16,notebooks,Sometimes,Recommended,173,0.069
70229,16,training manuals,Sometimes,Recommended,173,0.069
70229,16,periodicals,Sometimes,Recommended,170,0.068
70229,16,artists' materials,Sometimes,Recommended,166,0.066
70229,45,legal services,Always,Essential,545,0.218
70229,45,legal advice,Sometimes,Recommended,222,0.089
70229,45,legal consultancy services,Sometimes,Recommended,221,0.088
70229,45,security services for the protection of property and individuals,Sometimes,Recommended,179,0.072
70229,45,consultancy services relating to health and safety,Sometimes,Recommended,172,0.069
70229,45,legal research,Sometimes,Recommended,164,0.066
70229,45,legal support services,Sometimes,Worth considering,149,0.06
70229,45,reviewing standards and practices to assure compliance with laws and regulations,Sometimes,Worth considering,148,0.059
70229,45,advisory services relating to regulatory affairs,Sometimes,Worth considering,139,0.056
70229,45,regulatory compliance auditing,Sometimes,Worth considering,131,0.052
70229,45,legal compliance auditing,Sometimes,Worth considering,130,0.052
70229,45,health and safety risk management,Sometimes,Worth considering,129,0.052
70229,45,health and safety risk assessment services,Sometimes,Worth considering,129,0.052
70229,45,legal services relating to business,Sometimes,Worth considering,125,0.05
70229,45,security services,Sometimes,Worth considering,115,0.046
70229,45,online social networking services,Sometimes,Worth considering,113,0.045
70229,45,legal document preparation services,Sometimes,Worth considering,112,0.045
70229,45,legal consultation services,Sometimes,Worth considering,105,0.042
70229,45,"information, advisory and consultancy services relating to legal matters",Sometimes,Worth considering,105,0.042
70229,45,security assessment of risks,Sometimes,Worth considering,104,0.042
70229,45,legal information services,Sometimes,Worth considering,102,0.041
70229,45,information services relating to health and safety,Sometimes,Worth considering,96,0.038
70229,45,provision of legal information,Sometimes,Worth considering,95,0.038
70229,45,legal investigation services,Sometimes,Worth considering,95,0.038
70229,45,compilation of legal information,Sometimes,Worth considering,91,0.036
73110,35,advertising,Always,Essential,717,0.287
73110,35,advertising and marketing services,Always,Essential,476,0.19
73110,35,marketing,Always,Essential,473,0.189
73110,35,advertising and marketing,Always,Essential,471,0.188
73110,35,marketing services,Always,Essential,430,0.172
73110,35,"advertising, marketing and promotional services",Always,Essential,400,0.16
73110,35,advertising agency services,Always,Essential,384,0.154
73110,35,advertising and marketing consultancy,Always,Essential,364,0.146
73110,35,advertising services,Always,Essential,343,0.137
73110,35,marketing consultancy,Always,Essential,337,0.135
73110,35,"advertising, marketing and promotion services",Always,Essential,328,0.131
73110,35,"advertising, promotional and marketing services",Always,Essential,321,0.128
73110,35,advertising and marketing services provided by means of social media,Always,Essential,305,0.122
73110,35,marketing agency services,Always,Essential,302,0.121
73110,35,promotional marketing,Sometimes,Recommended,290,0.116
73110,35,digital marketing,Sometimes,Recommended,287,0.115
73110,35,advertising and promotion services,Sometimes,Recommended,278,0.111
73110,35,public relations services,Sometimes,Recommended,270,0.108
73110,35,advertising and advertisement services,Sometimes,Recommended,263,0.105
73110,35,business administration,Sometimes,Recommended,255,0.102
73110,35,business management,Sometimes,Recommended,252,0.101
73110,35,"marketing, advertising and promotion services",Sometimes,Recommended,242,0.097
73110,35,advertising and promotional services,Sometimes,Recommended,239,0.096
73110,35,digital advertising services,Sometimes,Recommended,239,0.096
73110,35,online marketing,Sometimes,Recommended,233,0.093
73110,42,design services,Always,Essential,573,0.229
73110,42,graphic design services,Always,Essential,528,0.211
73110,42,website design services,Always,Essential,361,0.144
73110,42,graphic design,Always,Essential,343,0.137
73110,42,website design,Always,Essential,323,0.129
73110,42,brand design services,Always,Essential,310,0.124
73110,42,website design and development,Sometimes,Recommended,258,0.103
73110,42,website design consultancy,Sometimes,Recommended,246,0.098
73110,42,design consultancy,Sometimes,Recommended,229,0.092
73110,42,computer programming,Sometimes,Recommended,225,0.09
73110,42,design of packaging,Sometimes,Recommended,204,0.082
73110,42,design of websites,Sometimes,Recommended,202,0.081
73110,42,packaging design,Sometimes,Recommended,195,0.078
73110,42,design and development of computer hardware and software,Sometimes,Recommended,188,0.075
73110,42,graphic art design,Sometimes,Recommended,182,0.073
73110,42,design of brand names,Sometimes,Recommended,174,0.07
73110,42,design and graphic arts design for the creation of web sites,Sometimes,Recommended,165,0.066
73110,42,visual design,Sometimes,Recommended,161,0.064
73110,42,web site design,Sometimes,Recommended,159,0.064
73110,42,brochure design,Sometimes,Recommended,156,0.062
73110,42,industrial analysis and research services,Sometimes,Recommended,152,0.061
73110,42,logo design services,Sometimes,Recommended,150,0.06
73110,42,computer website design,Sometimes,Recommended,150,0.06
73110,42,graphic design for the compilation of web pages on the internet,Sometimes,Worth considering,147,0.059
73110,42,design of homepages and websites,Sometimes,Worth considering,142,0.057
73110,41,publishing services,Always,Essential,379,0.152
73110,41,entertainment services,Always,Essential,356,0.142
73110,41,entertainment,Always,Essential,356,0.142
73110,41,education,Sometimes,Recommended,285,0.114
73110,41,providing of training,Sometimes,Recommended,210,0.084
73110,41,sporting and cultural activities,Sometimes,Recommended,199,0.08
73110,41,training services,Sometimes,Worth considering,133,0.053
73110,41,news programme services,Sometimes,Worth considering,130,0.052
73110,41,preparation of reports relating to publishing services,Sometimes,Worth considering,126,0.05
73110,41,"education, training, instruction and study services",Sometimes,Worth considering,126,0.05
73110,41,electronic game services and competitions provided by means of the internet,Sometimes,Worth considering,126,0.05
73110,41,training,Sometimes,Worth considering,120,0.048
73110,41,education services,Sometimes,Worth considering,116,0.046
73110,41,photography,Sometimes,Worth considering,110,0.044
73110,41,publishing,Sometimes,Worth considering,109,0.044
73110,41,video production,Sometimes,Worth considering,98,0.039
73110,41,booking and ticketing services by electronic and computer means,Sometimes,Worth considering,95,0.038
73110,41,"electronic database services for films, theatre and entertainment",Sometimes,Worth considering,94,0.038
73110,41,coaching,Sometimes,Worth considering,94,0.038
73110,41,coaching [training],Sometimes,Worth considering,91,0.036
73110,41,online digital publishing services,Sometimes,Worth considering,86,0.034
73110,41,music recording,Sometimes,Worth considering,80,0.032
73110,41,education and training services,Sometimes,Worth considering,79,0.032
73110,41,"audio, video and multimedia production, and photography",Sometimes,Worth considering,79,0.032
73110,41,video editing,Sometimes,Worth considering,78,0.031
73110,9,computer software,Always,Essential,694,0.278
73110,9,application software,Sometimes,Recommended,221,0.088
73110,9,parts and fittings for all the aforesaid goods.,Sometimes,Recommended,193,0.077
73110,9,downloadable electronic publications,Sometimes,Recommended,189,0.076
73110,9,electronic publications,Sometimes,Recommended,186,0.074
73110,9,software,Sometimes,Recommended,167,0.067
73110,9,compact discs,Sometimes,Recommended,161,0.064
73110,9,podcasts,Sometimes,Recommended,159,0.064
73110,9,downloadable publications,Sometimes,Recommended,159,0.064
73110,9,cd-roms,Sometimes,Recommended,156,0.062
73110,9,computer software to enable searching of data,Sometimes,Recommended,152,0.061
73110,9,video cassettes,Sometimes,Worth considering,143,0.057
73110,9,electronic notice boards,Sometimes,Worth considering,140,0.056
73110,9,audio cassettes,Sometimes,Worth considering,136,0.054
73110,9,answering machines,Sometimes,Worth considering,136,0.054
73110,9,compact disc players,Sometimes,Worth considering,133,0.053
73110,9,"apparatus for recording, transmission or reproduction of sound or images",Sometimes,Worth considering,131,0.052
73110,9,mobile apps,Sometimes,Worth considering,127,0.051
73110,9,media content,Sometimes,Worth considering,127,0.051
73110,9,digital communications apparatus and instruments,Sometimes,Worth considering,127,0.051
73110,9,facsimile machines,Sometimes,Worth considering,126,0.05
73110,9,data terminals,Sometimes,Worth considering,126,0.05
73110,9,telecommunications goods,Sometimes,Worth considering,124,0.05
73110,9,mobile and fixed telephone apparatus and instruments,Sometimes,Worth considering,124,0.05
73110,9,computer games and computer games software,Sometimes,Worth considering,123,0.049
73110,16,printed matter,Always,Essential,614,0.495
73110,16,stationery,Always,Essential,520,0.419
73110,16,books,Always,Essential,446,0.359
73110,16,photographs,Always,Essential,436,0.351
73110,16,posters,Always,Essential,427,0.344
73110,16,printed publications,Always,Essential,366,0.295
73110,16,magazines,Always,Essential,207,0.167
73110,16,paper,Always,Essential,193,0.156
73110,16,office requisites,Always,Essential,188,0.151
73110,16,calendars,Always,Essential,185,0.149
73110,16,maps,Always,Essential,173,0.139
73110,16,directories,Always,Essential,158,0.127
73110,16,wrapping and packaging materials,Always,Essential,155,0.125
73110,16,advertising and promotional materials,Always,Essential,151,0.122
73110,16,parts and fittings for all the aforesaid goods.,Sometimes,Recommended,143,0.115
73110,16,brochures,Sometimes,Recommended,142,0.114
73110,16,instructional and teaching materials (other than apparatus),Sometimes,Recommended,142,0.114
73110,16,newsletters,Sometimes,Recommended,140,0.113
73110,16,advertisements,Sometimes,Recommended,137,0.11
73110,16,directory covers,Sometimes,Recommended,128,0.103
73110,16,"tapes and cards, all for the recordal of computer programs and of data",Sometimes,Recommended,126,0.102
73110,16,directory covers made from paper and cardboard,Sometimes,Recommended,125,0.101
73110,16,stickers,Sometimes,Recommended,123,0.099
73110,16,"booklets, leaflets, brochures and manuals",Sometimes,Recommended,122,0.098
73110,16,"printed tickets, coupons and vouchers",Sometimes,Recommended,122,0.098
73110,38,telecommunications services,Always,Essential,249,0.217
73110,38,electronic mail services,Always,Essential,238,0.207
73110,38,digital communications services,Always,Essential,166,0.145
73110,38,data communications services,Always,Essential,151,0.132
73110,38,remote data access services,Always,Essential,148,0.129
73110,38,communication by computer terminals,Always,Essential,148,0.129
73110,38,electronic data interchange services,Always,Essential,144,0.125
73110,38,telecommunications,Always,Essential,141,0.123
73110,38,mobile communications services,Sometimes,Recommended,136,0.118
73110,38,paging services,Sometimes,Recommended,134,0.117
73110,38,telephone messaging services,Sometimes,Recommended,131,0.114
73110,38,communications by fibre optic networks,Sometimes,Recommended,130,0.113
73110,38,call alerting services,Sometimes,Recommended,130,0.113
73110,38,multiple message sending services,Sometimes,Recommended,130,0.113
73110,38,call screening services,Sometimes,Recommended,129,0.112
73110,38,telecommunication and dissemination of information in audio or visual form,Sometimes,Recommended,129,0.112
73110,38,call recording services,Sometimes,Recommended,128,0.111
73110,38,cellular communications services,Sometimes,Recommended,127,0.111
73110,38,call barring services,Sometimes,Recommended,126,0.11
73110,38,facsimile transmission services,Sometimes,Recommended,125,0.109
73110,38,"monitoring, organisation and analysis of call information",Sometimes,Recommended,124,0.108
73110,38,"hire and rental of telecommunications apparatus, installations and instruments",Sometimes,Recommended,122,0.106
73110,38,satellite transmission services,Sometimes,Recommended,120,0.105
73110,38,call diversion and call re-routing services,Sometimes,Recommended,119,0.104
73110,38,providing access to computer databases and to online computer services,Sometimes,Recommended,94,0.082
56101,43,restaurant services,Always,All use this,664,0.51
56101,43,restaurants,Always,Most use this,373,0.286
56101,43,food and drink catering,Always,Most use this,364,0.28
56101,43,services for providing food and drink,Always,Most use this,349,0.268
56101,43,restaurant and bar services,Always,Most use this,337,0.259
56101,43,bar and restaurant services,Always,Most use this,323,0.248
56101,43,takeaway food and drink services,Always,Most use this,310,0.238
56101,43,serving food and drink for guests in restaurants,Always,Most use this,305,0.234
56101,43,serving food and drink in restaurants and bars,Always,Most use this,302,0.232
56101,43,provision of food and drink in restaurants,Always,Most use this,301,0.231
56101,43,take-away restaurant services,Always,Most use this,296,0.227
56101,43,take-away food and drink services,Always,Most use this,289,0.222
56101,43,providing food and drink for guests in restaurants,Always,Most use this,289,0.222
56101,43,catering of food and drink,Always,Most use this,284,0.218
56101,43,catering services,Always,Most use this,280,0.215
56101,43,hospitality services [food and drink],Always,Most use this,272,0.209
56101,43,take-out restaurant services,Always,Most use this,271,0.208
56101,43,takeaway food services,Always,Most use this,270,0.207
56101,43,catering of food and drinks,Always,Most use this,270,0.207
56101,43,serving food and drinks,Always,Most use this,267,0.205
56101,43,bar services,Always,Most use this,255,0.196
56101,43,fast-food restaurant services,Always,Most use this,248,0.19
56101,43,catering (food and drink -),Always,Most use this,238,0.183
56101,43,café services,Always,Most use this,236,0.181
56101,43,fast food restaurants,Always,Most use this,234,0.18
56101,30,coffee,Always,Most use this,110,0.243
56101,30,cakes,Always,Most use this,92,0.204
56101,30,sauces,Always,Most use this,91,0.201
56101,30,spices,Always,Most use this,89,0.197
56101,30,bread,Always,Most use this,85,0.188
56101,30,biscuits,Always,Most use this,80,0.177
56101,30,sandwiches,Always,Most use this,73,0.162
56101,30,confectionery,Always,Most use this,73,0.162
56101,30,chocolate,Always,Most use this,70,0.155
56101,30,seasonings,Always,Most use this,66,0.146
56101,30,pasta,Always,Most use this,63,0.139
56101,30,rice,Always,Most use this,60,0.133
56101,30,cocoa,Always,Most use this,58,0.128
56101,30,flour and preparations made from cereals,Always,Most use this,55,0.122
56101,30,"yeast, baking-powder",Sometimes,Some use this,51,0.113
56101,30,salt,Sometimes,Some use this,51,0.113
56101,30,condiments,Sometimes,Some use this,50,0.111
56101,30,pies,Sometimes,Some use this,50,0.111
56101,30,pizza,Sometimes,Some use this,47,0.104
56101,30,sushi,Sometimes,Some use this,47,0.104
56101,30,vinegar,Sometimes,Some use this,46,0.102
56101,30,noodles,Sometimes,Some use this,45,0.1
56101,30,mustard,Sometimes,Some use this,45,0.1
56101,30,pastries,Sometimes,Some use this,42,0.093
56101,30,coffee drinks,Sometimes,Some use this,42,0.093
56101,35,advertising,Always,Most use this,54,0.146
56101,35,online ordering services in the field of restaurant take-out and delivery,Always,Most use this,51,0.137
56101,35,business management of restaurants,Always,Most use this,49,0.132
56101,35,business management,Always,Most use this,46,0.124
56101,35,on-line ordering services in the field of restaurant take-out and delivery,Sometimes,Some use this,38,0.102
56101,35,business administration,Sometimes,Some use this,37,0.1
56101,35,restaurant management for others,Sometimes,Some use this,37,0.1
56101,35,business advice relating to restaurant franchising,Sometimes,Some use this,32,0.086
56101,35,retail services relating to food,Sometimes,Some use this,31,0.084
56101,35,business management assistance in the operation of restaurants,Sometimes,Some use this,24,0.065
56101,35,marketing,Sometimes,Some use this,23,0.062
56101,35,business management assistance in the establishment and operation of restaurants,Sometimes,Some use this,22,0.059
56101,35,advertising services,Sometimes,Some use this,21,0.057
56101,35,online ordering services in the field of restaurant take-out and delivery.,Sometimes,Some use this,21,0.057
56101,35,provision of an online marketplace for buyers and sellers of goods and services,Sometimes,Some use this,19,0.051
56101,35,office functions,Sometimes,Some use this,19,0.051
56101,35,marketing services,Sometimes,Some use this,16,0.043
56101,35,retail services in relation to bakery products,Sometimes,Some use this,15,0.04
56101,35,business management of resort hotels,Sometimes,Some use this,15,0.04
56101,35,retail services relating to delicatessen products,Sometimes,A few have this,14,0.038
56101,35,"loyalty, incentive and bonus program services",Sometimes,A few have this,14,0.038
56101,35,online retail store services relating to clothing,Sometimes,A few have this,14,0.038
56101,35,business management of hotels,Sometimes,A few have this,14,0.038
56101,35,online retail store services in relation to clothing,Sometimes,A few have this,13,0.035
56101,35,retail services in relation to foodstuffs,Sometimes,A few have this,13,0.035
56101,29,meat extracts,Always,All use this,93,0.339
56101,29,eggs,Always,Most use this,70,0.255
56101,29,"meat, fish, poultry and game",Always,Most use this,62,0.226
56101,29,edible oils and fats,Always,Most use this,55,0.201
56101,29,burgers,Always,Most use this,52,0.19
56101,29,"preserved, frozen, dried and cooked fruits and vegetables",Always,Most use this,52,0.19
56101,29,cheese,Always,Most use this,52,0.19
56101,29,soups,Always,Most use this,51,0.186
56101,29,pickles,Always,Most use this,48,0.175
56101,29,meat,Always,Most use this,47,0.172
56101,29,"jellies, jams, compotes",Always,Most use this,46,0.168
56101,29,chicken,Always,Most use this,39,0.142
56101,29,milkshakes,Always,Most use this,36,0.131
56101,29,meat and meat products,Always,Most use this,35,0.128
56101,29,chicken burgers,Always,Most use this,34,0.124
56101,29,prepared salads,Always,Most use this,34,0.124
56101,29,milk,Sometimes,Some use this,32,0.117
56101,29,meat burgers,Sometimes,Some use this,32,0.117
56101,29,oils and fats for food,Sometimes,Some use this,30,0.109
56101,29,cooked meat dishes,Sometimes,Some use this,30,0.109
56101,29,cooked seafood,Sometimes,Some use this,29,0.106
56101,29,beef,Sometimes,Some use this,29,0.106
56101,29,hamburgers,Sometimes,Some use this,29,0.106
56101,29,potato fries,Sometimes,Some use this,28,0.102
56101,29,butter,Sometimes,Some use this,28,0.102
56101,41,entertainment,Always,Most use this,63,0.261
56101,41,entertainment services,Always,Most use this,62,0.257
56101,41,sporting and cultural activities,Always,Most use this,51,0.212
56101,41,providing of training,Always,Most use this,37,0.154
56101,41,education,Always,Most use this,34,0.141
56101,41,club entertainment services,Always,Most use this,31,0.129
56101,41,night club services,Sometimes,Some use this,23,0.095
56101,41,hospitality services (entertainment),Sometimes,Some use this,22,0.091
56101,41,discotheque services,Sometimes,Some use this,22,0.091
56101,41,music entertainment services,Sometimes,Some use this,19,0.079
56101,41,cooking instruction,Sometimes,Some use this,19,0.079
56101,41,organization of entertainment events,Sometimes,Some use this,18,0.075
56101,41,nightclub services,Sometimes,Some use this,17,0.071
56101,41,"organisation, arrangement and conducting of entertainment events",Sometimes,Some use this,17,0.071
56101,41,"party, ball and event planning (entertainment) and organisation",Sometimes,Some use this,17,0.071
56101,41,nightclub services [entertainment],Sometimes,Some use this,16,0.066
56101,41,live entertainment,Sometimes,Some use this,16,0.066
56101,41,dance club services,Sometimes,Some use this,16,0.066
56101,41,organisation of entertainment events,Sometimes,Some use this,15,0.062
56101,41,night club services [entertainment],Sometimes,Some use this,14,0.058
56101,41,cultural activities,Sometimes,Some use this,14,0.058
56101,41,corporate entertainment services,Sometimes,Some use this,14,0.058
56101,41,entertainment club services,Sometimes,Some use this,13,0.054
56101,41,provision of live entertainment,Sometimes,Some use this,13,0.054
56101,41,conducting of entertainment events,Sometimes,Some use this,13,0.054
56101,32,non-alcoholic beverages,Always,All use this,93,0.56
56101,32,beers,Always,All use this,71,0.428
56101,32,mineral and aerated waters,Always,All use this,59,0.355
56101,32,fruit beverages and fruit juices,Always,Most use this,47,0.283
56101,32,non-alcoholic drinks,Always,Most use this,34,0.205
56101,32,soft drinks,Always,Most use this,26,0.157
56101,32,non-alcoholic cocktails,Always,Most use this,25,0.151
56101,32,beer,Always,Most use this,25,0.151
56101,32,non-alcoholic beer,Always,Most use this,23,0.139
56101,32,fruit drinks and fruit juices,Always,Most use this,22,0.133
56101,32,lager,Always,Most use this,20,0.12
56101,32,smoothies,Sometimes,Some use this,18,0.108
56101,32,ales,Sometimes,Some use this,18,0.108
56101,32,energy drinks,Sometimes,Some use this,18,0.108
56101,32,fruit drinks,Sometimes,Some use this,18,0.108
56101,32,stout,Sometimes,Some use this,17,0.102
56101,32,porter,Sometimes,Some use this,17,0.102
56101,32,syrups and other preparations for making beverages.,Sometimes,Some use this,17,0.102
56101,32,non-alcoholic beers,Sometimes,Some use this,16,0.096
56101,32,fruit juices,Sometimes,Some use this,16,0.096
56101,32,fruit beverages,Sometimes,Some use this,15,0.09
56101,32,shandy,Sometimes,Some use this,15,0.09
56101,32,juice drinks,Sometimes,Some use this,14,0.084
56101,32,non-alcoholic fruit drinks,Sometimes,Some use this,14,0.084
56101,32,beverages (non-alcoholic -),Sometimes,Some use this,13,0.078
56101,33,spirits,Always,Most use this,29,0.215
56101,33,wine,Always,Most use this,27,0.2
56101,33,alcoholic beverages (except beers),Always,Most use this,26,0.193
56101,33,liqueurs,Always,Most use this,25,0.185
56101,33,wines,Always,Most use this,25,0.185
56101,33,alcopops,Always,Most use this,24,0.178
56101,33,alcoholic cocktails,Always,Most use this,23,0.17
56101,33,"alcoholic beverages, except beers",Always,Most use this,20,0.148
56101,33,vodka,Always,Most use this,20,0.148
56101,33,cocktails,Always,Most use this,18,0.133
56101,33,alcoholic beverages (except beer),Always,Most use this,18,0.133
56101,33,alcoholic fruit cocktail drinks,Always,Most use this,18,0.133
56101,33,alcoholic beverages except beers,Always,Most use this,17,0.126
56101,33,aperitifs,Sometimes,Some use this,16,0.119
56101,33,alcoholic beverages [except beers],Sometimes,Some use this,15,0.111
56101,33,alcoholic cocktail mixes,Sometimes,Some use this,15,0.111
56101,33,sake,Sometimes,Some use this,14,0.104
56101,33,wine-based drinks,Sometimes,Some use this,14,0.104
56101,33,pre-mixed alcoholic beverages,Sometimes,Some use this,14,0.104
56101,33,brandy,Sometimes,Some use this,14,0.104
56101,33,prepared alcoholic cocktails,Sometimes,Some use this,13,0.096
56101,33,"alcoholic beverages, except beer",Sometimes,Some use this,13,0.096
56101,33,low alcoholic drinks,Sometimes,Some use this,12,0.089
56101,33,sparkling wines,Sometimes,Some use this,12,0.089
56101,33,"pre-mixed alcoholic beverages, other than beer-based",Sometimes,Some use this,12,0.089
56101,25,clothing,Always,All use this,73,0.533
56101,25,t-shirts,Always,All use this,47,0.343
56101,25,footwear,Always,Most use this,37,0.27
56101,25,hats,Always,Most use this,28,0.204
56101,25,headgear,Always,Most use this,25,0.182
56101,25,hoodies,Always,Most use this,23,0.168
56101,25,sweatshirts,Always,Most use this,22,0.161
56101,25,casual clothing,Always,Most use this,19,0.139
56101,25,jackets,Always,Most use this,18,0.131
56101,25,clothes,Always,Most use this,17,0.124
56101,25,sports clothing,Always,Most use this,17,0.124
56101,25,aprons,Always,Most use this,17,0.124
56101,25,jackets [clothing],Sometimes,Some use this,16,0.117
56101,25,shirts,Sometimes,Some use this,16,0.117
56101,25,leisure clothing,Sometimes,Some use this,15,0.109
56101,25,caps,Sometimes,Some use this,14,0.102
56101,25,polo shirts,Sometimes,Some use this,13,0.095
56101,25,jerseys [clothing],Sometimes,Some use this,13,0.095
56101,25,headbands for clothing,Sometimes,Some use this,13,0.095
56101,25,clothing for leisure wear,Sometimes,Some use this,13,0.095
56101,25,gloves as clothing,Sometimes,Some use this,12,0.088
56101,25,aprons [clothing],Sometimes,Some use this,12,0.088
56101,25,headwear,Sometimes,Some use this,12,0.088
56101,25,headbands [clothing],Sometimes,Some use this,12,0.088
56101,25,tracksuits,Sometimes,Some use this,12,0.088
69201,35,accountancy services,Always,All use this,260,0.571
69201,35,book-keeping and accounting services,Always,All use this,235,0.516
69201,35,accounting services,Always,All use this,233,0.512
69201,35,accountancy,Always,All use this,225,0.495
69201,35,accounting,Always,All use this,222,0.488
69201,35,business accounting advisory services,Always,All use this,214,0.47
69201,35,accounting advisory services,Always,All use this,209,0.459
69201,35,management accounting,Always,All use this,199,0.437
69201,35,book-keeping and accounting,Always,All use this,197,0.433
69201,35,tax planning [accountancy],Always,All use this,194,0.426
69201,35,bookkeeping,Always,All use this,193,0.424
69201,35,tax consultancy [accountancy],Always,All use this,189,0.415
69201,35,tax advice [accountancy],Always,All use this,188,0.413
69201,35,consultancy relating to tax accounting,Always,All use this,187,0.411
69201,35,computerised accounting,Always,All use this,178,0.391
69201,35,accountancy advice relating to tax preparation,Always,All use this,177,0.389
69201,35,accounting consultancy relating to taxation,Always,All use this,176,0.387
69201,35,taxation [accountancy] advice,Always,All use this,176,0.387
69201,35,tax return advisory [accountancy] services,Always,All use this,176,0.387
69201,35,accounting services relating to tax planning,Always,All use this,175,0.385
69201,35,taxation [accountancy] consultancy,Always,All use this,174,0.382
69201,35,business advice relating to accounting,Always,All use this,173,0.38
69201,35,accountancy advice relating to the preparation of tax returns,Always,All use this,169,0.371
69201,35,"accountancy, book keeping and auditing",Always,All use this,167,0.367
69201,35,chartered accountancy business services,Always,All use this,166,0.365
69201,36,tax consultancy [not accounting],Always,All use this,76,0.36
69201,36,tax services [not accounting],Always,All use this,70,0.332
69201,36,taxation consultancy services [not accounting],Always,All use this,69,0.327
69201,36,tax advice [not accounting],Always,All use this,67,0.318
69201,36,tax returns consultancy [not accounting],Always,All use this,65,0.308
69201,36,tax planning [not accounting],Always,Most use this,52,0.246
69201,36,financial management,Always,Most use this,45,0.213
69201,36,provision of tax advice [not accounting],Always,Most use this,43,0.204
69201,36,financial advisory services relating to tax,Always,Most use this,41,0.194
69201,36,financial services,Always,Most use this,39,0.185
69201,36,payroll tax debiting services,Always,Most use this,37,0.175
69201,36,financial forecasting,Always,Most use this,37,0.175
69201,36,income tax advice,Always,Most use this,37,0.175
69201,36,advisory services relating to corporate finance,Always,Most use this,35,0.166
69201,36,professional consultancy relating to finance,Always,Most use this,35,0.166
69201,36,accounting consultation,Always,Most use this,35,0.166
69201,36,consulting services relating to corporate finance,Always,Most use this,34,0.161
69201,36,financial analysis and consultancy,Always,Most use this,33,0.156
69201,36,financial consultancy,Always,Most use this,33,0.156
69201,36,consultancy services relating to corporate finance,Always,Most use this,33,0.156
69201,36,financial planning services relating to taxation,Always,Most use this,33,0.156
69201,36,"accounting consultation

",Always,Most use this,33,0.156
69201,36,financial consulting,Always,Most use this,32,0.152
69201,36,financial management for businesses,Always,Most use this,32,0.152
69201,36,corporate finance consultancy,Always,Most use this,32,0.152
69201,41,courses (training -) relating to accountancy,Always,Most use this,15,0.174
69201,41,education advisory services relating to accountancy,Always,Most use this,14,0.163
69201,41,training courses,Always,Most use this,11,0.128
69201,41,business mentoring services,Sometimes,Some use this,10,0.116
69201,41,business training,Sometimes,Some use this,10,0.116
69201,41,bookkeeping instruction,Sometimes,Some use this,9,0.105
69201,41,business training services,Sometimes,Some use this,8,0.093
69201,41,coaching,Sometimes,Some use this,8,0.093
69201,41,coaching services,Sometimes,Some use this,8,0.093
69201,41,education services,Sometimes,Some use this,7,0.081
69201,41,business training consultancy services,Sometimes,Some use this,7,0.081
69201,41,training,Sometimes,Some use this,7,0.081
69201,41,business training.,Sometimes,Some use this,7,0.081
69201,41,education,Sometimes,Some use this,7,0.081
69201,41,providing training courses on business management,Sometimes,Some use this,6,0.07
69201,41,adult education services relating to accounting,Sometimes,Some use this,6,0.07
69201,41,tuition in taxation,Sometimes,Some use this,5,0.058
69201,41,management training consultancy services,Sometimes,Some use this,5,0.058
69201,41,education and training services,Sometimes,Some use this,5,0.058
69201,41,courses (training -) relating to finance,Sometimes,Some use this,5,0.058
69201,41,providing of training,Sometimes,Some use this,5,0.058
69201,41,training in business management,Sometimes,Some use this,5,0.058
69201,41,training in business skills,Sometimes,Some use this,5,0.058
69201,41,training and education services,Sometimes,Some use this,4,0.047
69201,41,education information services,Sometimes,Some use this,4,0.047
69201,9,accounting software,Always,All use this,25,0.321
69201,9,computer software,Always,Most use this,19,0.244
69201,9,financial management software,Always,Most use this,13,0.167
69201,9,downloadable electronic publications,Sometimes,Some use this,9,0.115
69201,9,business software,Sometimes,Some use this,9,0.115
69201,9,application software,Sometimes,Some use this,9,0.115
69201,9,software,Sometimes,Some use this,9,0.115
69201,9,business management software,Sometimes,Some use this,8,0.103
69201,9,platform software,Sometimes,Some use this,8,0.103
69201,9,computer software platforms,Sometimes,Some use this,8,0.103
69201,9,downloadable software,Sometimes,Some use this,8,0.103
69201,9,downloadable publications,Sometimes,Some use this,8,0.103
69201,9,computer application software,Sometimes,Some use this,8,0.103
69201,9,downloadable computer software,Sometimes,Some use this,7,0.09
69201,9,mobile application software,Sometimes,Some use this,7,0.09
69201,9,collaboration software platforms [software],Sometimes,Some use this,7,0.09
69201,9,computer software development tools,Sometimes,Some use this,7,0.09
69201,9,accounting software.,Sometimes,Some use this,6,0.077
69201,9,downloadable computer software for managing and verifying financial transactions,Sometimes,Some use this,6,0.077
69201,9,computer software packages,Sometimes,Some use this,6,0.077
69201,9,reporting software,Sometimes,Some use this,6,0.077
69201,9,downloadable software applications,Sometimes,Some use this,6,0.077
69201,9,computer software relating to the handling of financial transactions,Sometimes,Some use this,6,0.077
69201,9,software for the processing of business transactions,Sometimes,Some use this,5,0.064
69201,9,podcasts,Sometimes,Some use this,5,0.064
69201,45,legal services,Always,All use this,23,0.333
69201,45,legal compliance auditing,Always,Most use this,13,0.188
69201,45,regulatory compliance auditing,Always,Most use this,12,0.174
69201,45,legal consultancy services,Always,Most use this,9,0.13
69201,45,company registration services,Sometimes,Some use this,7,0.101
69201,45,advisory services relating to regulatory affairs,Sometimes,Some use this,6,0.087
69201,45,reviewing standards and practices to assure compliance with laws and regulations,Sometimes,Some use this,5,0.072
69201,45,outsourcing of legal services,Sometimes,Some use this,5,0.072
69201,45,advisory services relating to compliance with tax laws and regulations,Sometimes,Some use this,4,0.058
69201,45,legal consultation in the field of taxation,Sometimes,Some use this,4,0.058
69201,45,paralegal services,Sometimes,Some use this,4,0.058
69201,45,"information, advisory and consultancy services relating to legal matters",Sometimes,Some use this,4,0.058
69201,45,certification of legal documents,Sometimes,Some use this,4,0.058
69201,45,company registration services.,Sometimes,Some use this,4,0.058
69201,45,legal advice,Sometimes,Some use this,4,0.058
69201,45,representation and consultancy in relation to tax disputes and investigations.,Sometimes,Some use this,4,0.058
69201,45,advisory services relating to the law,Sometimes,Some use this,4,0.058
69201,45,barrister services,Sometimes,Some use this,4,0.058
69201,45,legal support services,Sometimes,Some use this,4,0.058
69201,45,company formation and registration services,Sometimes,Some use this,3,0.043
69201,45,mentoring [spiritual].,Sometimes,Some use this,3,0.043
69201,45,legal drafting.,Sometimes,Some use this,3,0.043
69201,45,expert witness services,Sometimes,Some use this,3,0.043
69201,45,dispute resolution services,Sometimes,Some use this,3,0.043
69201,45,attorney services,Sometimes,Some use this,3,0.043
69201,42,software as a service [saas],Sometimes,Some use this,7,0.119
69201,42,software as a service,Sometimes,Some use this,6,0.102
69201,42,software as a service [saas] services,Sometimes,Some use this,5,0.085
69201,42,computer software design,Sometimes,Some use this,5,0.085
69201,42,computer software development,Sometimes,Some use this,5,0.085
69201,42,architectural services,Sometimes,Some use this,5,0.085
69201,42,software development,Sometimes,Some use this,5,0.085
69201,42,"hosting services, software as a service, and rental of software",Sometimes,Some use this,5,0.085
69201,42,computer software engineering,Sometimes,Some use this,5,0.085
69201,42,outsourcing of architectural services,Sometimes,Some use this,5,0.085
69201,42,"it consultancy, advisory and information services",Sometimes,Some use this,5,0.085
69201,42,computer engineering consultancy services,Sometimes,Some use this,5,0.085
69201,42,computing consultancy,Sometimes,Some use this,4,0.068
69201,42,artificial intelligence consultancy,Sometimes,Some use this,4,0.068
69201,42,computer software design services,Sometimes,Some use this,4,0.068
69201,42,software engineering,Sometimes,Some use this,4,0.068
69201,42,computer software consulting services,Sometimes,Some use this,4,0.068
69201,42,information technology [it] consultancy,Sometimes,Some use this,4,0.068
69201,42,data security consultancy,Sometimes,Some use this,4,0.068
69201,42,consulting services in the field of software as a service [saas],Sometimes,Some use this,4,0.068
69201,42,cloud computing services,Sometimes,Some use this,4,0.068
69201,42,computer consultancy and advisory services,Sometimes,Some use this,4,0.068
69201,42,updating and maintenance of computer software,Sometimes,Some use this,4,0.068
69201,42,testing of computer software,Sometimes,Some use this,4,0.068
69201,42,computer software programming services,Sometimes,Some use this,4,0.068
10710,30,cakes,Always,All use this,183,0.411
10710,30,bakery goods,Always,Most use this,121,0.272
10710,30,pastries,Always,Most use this,120,0.27
10710,30,biscuits,Always,Most use this,113,0.254
10710,30,bread,Always,Most use this,98,0.22
10710,30,confectionery,Always,Most use this,85,0.191
10710,30,"pastries, cakes, tarts and biscuits (cookies)",Always,Most use this,82,0.184
10710,30,cupcakes,Always,Most use this,81,0.182
10710,30,chocolate cakes,Always,Most use this,70,0.157
10710,30,almond cake,Always,Most use this,69,0.155
10710,30,chocolate,Always,Most use this,68,0.153
10710,30,fruit cakes,Always,Most use this,67,0.151
10710,30,chocolate pastries,Always,Most use this,67,0.151
10710,30,spices,Always,Most use this,66,0.148
10710,30,cream cakes,Always,Most use this,66,0.148
10710,30,rice,Always,Most use this,65,0.146
10710,30,cake bars,Always,Most use this,64,0.144
10710,30,chocolate cake,Always,Most use this,62,0.139
10710,30,brownies,Always,Most use this,60,0.135
10710,30,chocolate desserts,Always,Most use this,60,0.135
10710,30,cookies,Always,Most use this,60,0.135
10710,30,chocolate-based fillings for cakes and pies,Always,Most use this,60,0.135
10710,30,vegan cakes,Always,Most use this,59,0.133
10710,30,sandwiches,Always,Most use this,57,0.128
10710,30,iced cakes,Always,Most use this,55,0.124
10710,29,meat extracts,Always,All use this,83,0.546
10710,29,"meat, fish, poultry and game",Always,All use this,78,0.513
10710,29,"jellies, jams, compotes",Always,All use this,64,0.421
10710,29,soup powders,Always,Most use this,41,0.27
10710,29,vegetable-based snack food,Always,Most use this,38,0.25
10710,29,canned soups,Always,Most use this,36,0.237
10710,29,prepared meals,Always,Most use this,35,0.23
10710,29,instant soup,Always,Most use this,34,0.224
10710,29,"preserved, frozen, dried and cooked fruits and vegetables",Always,Most use this,34,0.224
10710,29,gravies and preparations for making gravies,Always,Most use this,33,0.217
10710,29,eggs,Always,Most use this,33,0.217
10710,29,meat products,Always,Most use this,33,0.217
10710,29,chicken soup,Always,Most use this,32,0.211
10710,29,chicken flavoured soup,Always,Most use this,32,0.211
10710,29,"broth, broth concentrates",Always,Most use this,32,0.211
10710,29,edible oils and edible fats,Always,Most use this,32,0.211
10710,29,"eggs, milk and milk products.",Always,Most use this,32,0.211
10710,29,soups and preparations for making soups,Always,Most use this,32,0.211
10710,29,preparations for making bouillon,Always,Most use this,32,0.211
10710,29,"bouillon, bouillon concentrates",Always,Most use this,32,0.211
10710,29,"preserved, dried, tinned and cooked fruits and vegetables",Always,Most use this,32,0.211
10710,29,fruit-based fillings for cakes and pies,Always,Most use this,28,0.184
10710,29,milk and milk products,Always,Most use this,26,0.171
10710,29,fruit desserts,Always,Most use this,25,0.164
10710,29,prepared nuts,Always,Most use this,24,0.158
10710,43,restaurant services,Always,All use this,42,0.326
10710,43,café services,Always,All use this,40,0.31
10710,43,coffee shops,Always,All use this,39,0.302
10710,43,coffee shop services,Always,Most use this,35,0.271
10710,43,takeaway food and drink services,Always,Most use this,24,0.186
10710,43,provision of food and drink,Always,Most use this,24,0.186
10710,43,cafés,Always,Most use this,23,0.178
10710,43,cafe services,Always,Most use this,21,0.163
10710,43,services for providing food and drink,Always,Most use this,21,0.163
10710,43,take-away food and drink services,Always,Most use this,19,0.147
10710,43,catering services,Always,Most use this,19,0.147
10710,43,take-away food services,Always,Most use this,17,0.132
10710,43,preparation of food and drink,Always,Most use this,17,0.132
10710,43,catering of food and drinks,Always,Most use this,17,0.132
10710,43,coffee bar services,Always,Most use this,17,0.132
10710,43,contract food services,Always,Most use this,16,0.124
10710,43,self-service restaurant services,Always,Most use this,16,0.124
10710,43,fast-food restaurant services,Always,Most use this,16,0.124
10710,43,take-away restaurant services,Sometimes,Some use this,15,0.116
10710,43,food and drink catering,Sometimes,Some use this,15,0.116
10710,43,bar and restaurant services,Sometimes,Some use this,14,0.109
10710,43,bistro services,Sometimes,Some use this,14,0.109
10710,43,catering of food and drink,Sometimes,Some use this,14,0.109
10710,43,mobile catering services,Sometimes,Some use this,13,0.101
10710,43,serving food and drinks,Sometimes,Some use this,13,0.101
10710,35,business management,Always,Most use this,24,0.226
10710,35,advertising,Always,Most use this,22,0.208
10710,35,business administration,Always,Most use this,21,0.198
10710,35,office functions,Always,Most use this,20,0.189
10710,35,retail services in relation to bakery products,Always,Most use this,20,0.189
10710,35,retail services relating to bakery products,Always,Most use this,14,0.132
10710,35,retail services relating to bakery products.,Sometimes,Some use this,10,0.094
10710,35,retail services relating to food,Sometimes,Some use this,8,0.075
10710,35,retail services in relation to foodstuffs,Sometimes,Some use this,8,0.075
10710,35,wholesale services in relation to baked goods.,Sometimes,Some use this,7,0.066
10710,35,retail services relating to food.,Sometimes,Some use this,6,0.057
10710,35,retail services in relation to baked goods,Sometimes,Some use this,6,0.057
10710,35,distribution of samples,Sometimes,Some use this,5,0.047
10710,35,business management of retail outlets,Sometimes,Some use this,5,0.047
10710,35,merchandising,Sometimes,Some use this,5,0.047
10710,35,wholesale services in relation to baked goods,Sometimes,Some use this,5,0.047
10710,35,retail services relating to delicatessen products,Sometimes,Some use this,5,0.047
10710,35,retail services in relation to desserts,Sometimes,Some use this,5,0.047
10710,35,retail services in relation to confectionery,Sometimes,A few have this,4,0.038
10710,35,administration of the business affairs of retail stores,Sometimes,A few have this,4,0.038
10710,35,retail services connected with the sale of food and beverages.,Sometimes,A few have this,4,0.038
10710,35,mail order retail services related to foodstuffs,Sometimes,A few have this,4,0.038
10710,35,retail services in relation to coffee,Sometimes,A few have this,4,0.038
10710,35,retail services in relation to non-alcoholic beverages,Sometimes,A few have this,4,0.038
10710,35,administration of the business affairs of franchises,Sometimes,A few have this,4,0.038
10710,32,non-alcoholic beverages,Always,All use this,16,0.533
10710,32,mineral and aerated waters,Always,All use this,14,0.467
10710,32,beers,Always,All use this,11,0.367
10710,32,fruit beverages and fruit juices,Always,Most use this,7,0.233
10710,32,fruit drinks,Always,Most use this,6,0.2
10710,32,fruit flavored soft drinks,Always,Most use this,6,0.2
10710,32,syrups for making non-alcoholic beverages,Always,Most use this,5,0.167
10710,32,fruit beverages and fruit juices.,Always,Most use this,5,0.167
10710,32,fruit flavoured carbonated drinks,Always,Most use this,5,0.167
10710,32,smoothies,Always,Most use this,5,0.167
10710,32,non-alcoholic sparkling fruit juice drinks,Always,Most use this,5,0.167
10710,32,fruit-based beverages,Always,Most use this,5,0.167
10710,32,smoothies [non-alcoholic fruit beverages],Always,Most use this,5,0.167
10710,32,non-alcoholic drinks,Always,Most use this,5,0.167
10710,32,coffee-flavored soft drinks,Always,Most use this,4,0.133
10710,32,fruit-flavored beverages,Always,Most use this,4,0.133
10710,32,fruit-based soft drinks flavored with tea,Always,Most use this,4,0.133
10710,32,fruit juice beverages (non-alcoholic -),Always,Most use this,4,0.133
10710,32,non-alcoholic malt beverages,Always,Most use this,4,0.133
10710,32,non-alcoholic beverages flavored with coffee,Always,Most use this,4,0.133
10710,32,powders used in the preparation of fruit-based drinks,Always,Most use this,4,0.133
10710,32,fruit-flavored soft drinks,Always,Most use this,4,0.133
10710,32,fruit drinks and fruit juices,Always,Most use this,4,0.133
10710,32,fruit smoothies,Always,Most use this,4,0.133
10710,32,non-alcoholic malt drinks,Always,Most use this,4,0.133
11030,33,cider,Always,All use this,130,0.714
11030,33,perry,Always,All use this,111,0.61
11030,33,ciders,Always,All use this,95,0.522
11030,33,dry cider,Always,All use this,92,0.505
11030,33,sweet cider,Always,All use this,90,0.495
11030,33,alcoholic beverages [except beers],Always,All use this,86,0.473
11030,33,alcoholic beverages (except beer),Always,All use this,82,0.451
11030,33,alcoholic beverages of fruit,Always,All use this,82,0.451
11030,33,"alcoholic beverages, except beer",Always,All use this,82,0.451
11030,33,alcoholic beverages containing fruit,Always,All use this,81,0.445
11030,33,"beverages (alcoholic -), except beer",Always,All use this,81,0.445
11030,33,alcoholic fruit beverages,Always,All use this,80,0.44
11030,33,low alcohol cider,Always,All use this,70,0.385
11030,33,low alcoholic drinks.,Always,Most use this,53,0.291
11030,33,wines,Always,Most use this,40,0.22
11030,33,spirits,Always,Most use this,26,0.143
11030,33,alcoholic beverages,Always,Most use this,22,0.121
11030,33,liqueurs,Always,Most use this,22,0.121
11030,33,cocktails,Always,Most use this,22,0.121
11030,33,low alcoholic drinks,Sometimes,Some use this,21,0.115
11030,33,wine,Sometimes,Some use this,17,0.093
11030,33,alcoholic carbonated drinks or beverages,Sometimes,Some use this,17,0.093
11030,33,alcoholic wines,Sometimes,Some use this,15,0.082
11030,33,"alcoholic beverages containing fruit, fruit juice or fruit essence",Sometimes,Some use this,14,0.077
11030,33,wine-based beverages,Sometimes,Some use this,13,0.071
11030,32,de-alcoholised drinks,Always,All use this,79,0.705
11030,32,non-alcoholic beverages,Always,All use this,74,0.661
11030,32,beer,Always,All use this,72,0.643
11030,32,lager,Always,All use this,72,0.643
11030,32,"cider, non-alcoholic",Always,All use this,68,0.607
11030,32,fruit-flavoured beverages,Always,All use this,68,0.607
11030,32,non-alcoholic fruit drinks,Always,All use this,66,0.589
11030,32,alcohol free cider,Always,All use this,64,0.571
11030,32,carbonated non-alcoholic drinks,Always,All use this,64,0.571
11030,32,fruit beverages (non-alcoholic),Always,All use this,64,0.571
11030,32,alcohol free beverages,Always,All use this,64,0.571
11030,32,fruit beverages,Always,All use this,62,0.554
11030,32,flavoured carbonated beverages,Always,All use this,61,0.545
11030,32,apple juice beverages,Always,All use this,60,0.536
11030,32,juices,Always,All use this,59,0.527
11030,32,soft drinks,Always,All use this,59,0.527
11030,32,low alcohol beer,Always,All use this,59,0.527
11030,32,non-alcoholic beverages containing fruit juices,Always,All use this,58,0.518
11030,32,carbonated soft drinks,Always,All use this,58,0.518
11030,32,fruit flavoured carbonated drinks,Always,All use this,58,0.518
11030,32,non-alcoholic drinks,Always,All use this,58,0.518
11030,32,flavoured beers,Always,All use this,58,0.518
11030,32,non-alcoholic carbonated beverages,Always,All use this,58,0.518
11030,32,craft beers,Always,All use this,57,0.509
11030,32,beverages (non-alcoholic -),Always,All use this,57,0.509
11030,35,promotion of goods and services through sponsorship,Always,All use this,6,0.353
11030,35,organisation of trade fairs and exhibitions,Always,Most use this,3,0.176
11030,35,provision of an online marketplace for buyers and sellers of goods,Always,Most use this,3,0.176
11030,35,business administration,Always,Most use this,3,0.176
11030,35,promoting the goods and services of others,Always,Most use this,3,0.176
11030,35,market analysis services,Always,Most use this,3,0.176
11030,35,business management,Always,Most use this,3,0.176
11030,35,promotion of goods and services through sponsorship of sports events.,Always,Most use this,3,0.176
11030,35,loyalty card services,Always,Most use this,3,0.176
11030,35,rental of advertising space,Always,Most use this,3,0.176
11030,35,business management of visitor attractions,Always,Most use this,3,0.176
11030,35,arranging of online trading transactions and commercial contracts,Always,Most use this,3,0.176
11030,35,"advertising, marketing and promotional services",Always,Most use this,3,0.176
11030,35,sales volume tracking,Always,Most use this,3,0.176
11030,35,business management of wholesale and retail outlets,Always,Most use this,3,0.176
11030,35,arranging and conducting marketing and promotional events for others,Always,Most use this,3,0.176
11030,35,arranging and conducting of promotional events,Always,Most use this,3,0.176
11030,35,business development services,Sometimes,Some use this,2,0.118
11030,35,personnel recruitment consultancy,Sometimes,Some use this,1,0.059
11030,35,consultancy regarding advertising communication strategies.,Sometimes,Some use this,1,0.059
11030,35,personnel recruitment advertising,Sometimes,Some use this,1,0.059
11030,35,recruitment services,Sometimes,Some use this,1,0.059
11030,35,publicity personnel management services,Sometimes,Some use this,1,0.059
11030,35,retail services relating to alcoholic beverages.,Sometimes,Some use this,1,0.059
11030,35,retail services in relation to alcoholic beverages (except beer),Sometimes,Some use this,1,0.059
11030,25,socks,Always,All use this,8,0.8
11030,25,hats,Always,All use this,8,0.8
11030,25,caps,Always,All use this,8,0.8
11030,25,trousers,Always,All use this,7,0.7
11030,25,jackets,Always,All use this,7,0.7
11030,25,shirts,Always,All use this,7,0.7
11030,25,gloves,Always,All use this,7,0.7
11030,25,shorts,Always,All use this,7,0.7
11030,25,underwear,Always,All use this,7,0.7
11030,25,dresses,Always,All use this,7,0.7
11030,25,slippers,Always,All use this,7,0.7
11030,25,rugby shirts,Always,All use this,7,0.7
11030,25,outerwear,Always,All use this,7,0.7
11030,25,shoes,Always,All use this,7,0.7
11030,25,scarves,Always,All use this,4,0.4
11030,25,sun hats,Always,All use this,4,0.4
11030,25,apron,Always,All use this,4,0.4
11030,25,footwear,Always,All use this,4,0.4
11030,25,t-shirts,Always,All use this,4,0.4
11030,25,sweaters,Always,All use this,4,0.4
11030,25,headwear,Always,All use this,4,0.4
11030,25,beanie hats,Always,All use this,4,0.4
11030,25,nightwear.,Always,All use this,4,0.4
11030,25,gilets,Always,All use this,4,0.4
11030,25,tops,Always,All use this,4,0.4
11030,21,mugs,Always,All use this,10,1.0
11030,21,bottle openers,Always,All use this,9,0.9
11030,21,tableware,Always,All use this,9,0.9
11030,21,glassware,Always,All use this,9,0.9
11030,21,cookware,Always,All use this,9,0.9
11030,21,bottle coolers,Always,All use this,9,0.9
11030,21,bottles,Always,All use this,7,0.7
11030,21,jugs,Always,All use this,7,0.7
11030,21,beverage glassware,Always,All use this,7,0.7
11030,21,drinking cups,Always,All use this,6,0.6
11030,21,glasses [drinking vessels],Always,All use this,6,0.6
11030,21,beverage coolers [containers],Always,All use this,6,0.6
11030,21,beverageware,Always,All use this,6,0.6
11030,21,bottle pourers,Always,All use this,6,0.6
11030,21,coasters (tableware),Always,All use this,6,0.6
11030,21,drinking flasks,Always,All use this,6,0.6
11030,21,thermal insulated containers for food or beverages,Always,All use this,6,0.6
11030,21,pitchers,Always,All use this,6,0.6
11030,21,aluminum water bottles,Always,All use this,5,0.5
11030,21,tumblers.,Always,All use this,5,0.5
11030,21,beer jugs,Always,All use this,4,0.4
11030,21,corkscrews,Always,All use this,4,0.4
11030,21,cocktail shakers,Always,All use this,4,0.4
11030,21,beer mugs,Always,All use this,4,0.4
11030,21,water bottles,Always,All use this,3,0.3
11020,33,wines,Always,All use this,51,0.455
11020,33,wine,Always,All use this,50,0.446
11020,33,sparkling wine,Always,All use this,39,0.348
11020,33,white wine,Always,All use this,38,0.339
11020,33,still wine,Always,All use this,37,0.33
11020,33,red wine,Always,All use this,35,0.312
11020,33,alcoholic wines,Always,Most use this,33,0.295
11020,33,red wines,Always,Most use this,33,0.295
11020,33,white wines,Always,Most use this,33,0.295
11020,33,grape wine,Always,Most use this,31,0.277
11020,33,sparkling wines,Always,Most use this,27,0.241
11020,33,sparkling grape wine,Always,Most use this,27,0.241
11020,33,fortified wines,Always,Most use this,26,0.232
11020,33,low-alcoholic wine,Always,Most use this,25,0.223
11020,33,table wines,Always,Most use this,25,0.223
11020,33,rose wines,Always,Most use this,24,0.214
11020,33,sparkling white wines,Always,Most use this,24,0.214
11020,33,alcoholic fruit cocktail drinks,Always,Most use this,22,0.196
11020,33,liqueurs,Always,Most use this,21,0.188
11020,33,sparkling red wines,Always,Most use this,21,0.188
11020,33,wine-based drinks,Always,Most use this,21,0.188
11020,33,whisky,Always,Most use this,21,0.188
11020,33,wine-based beverages,Always,Most use this,19,0.17
11020,33,sweet wine,Always,Most use this,19,0.17
11020,33,natural sparkling wines,Always,Most use this,19,0.17
11020,32,non-alcoholic wines,Always,All use this,24,0.533
11020,32,de-alcoholised wines,Always,All use this,20,0.444
11020,32,non-alcoholic wine,Always,All use this,16,0.356
11020,32,soft drinks,Always,All use this,15,0.333
11020,32,alcohol free wine,Always,All use this,14,0.311
11020,32,alcohol free beverages,Always,Most use this,13,0.289
11020,32,de-alcoholised beverages,Always,Most use this,13,0.289
11020,32,non-alcoholic essences for making beverages,Always,Most use this,13,0.289
11020,32,essences for making non-alcoholic beverages,Always,Most use this,13,0.289
11020,32,non-alcoholic fruit extracts,Always,Most use this,13,0.289
11020,32,fruit juices.,Always,Most use this,13,0.289
11020,32,non-alcoholic ciders,Always,Most use this,13,0.289
11020,32,de-alcoholized wines,Always,Most use this,7,0.156
11020,32,non-alcoholic grape juice beverages,Always,Most use this,7,0.156
11020,32,non-alcoholic beverages,Always,Most use this,6,0.133
11020,32,grape juice.,Always,Most use this,6,0.133
11020,32,grape juice beverages,Always,Most use this,6,0.133
11020,32,beer,Sometimes,Some use this,5,0.111
11020,32,stout,Sometimes,Some use this,4,0.089
11020,32,non-alcoholic sparkling fruit juice drinks,Sometimes,Some use this,4,0.089
11020,32,de-alcoholised wines.,Sometimes,Some use this,4,0.089
11020,32,lager,Sometimes,Some use this,4,0.089
11020,32,non-alcoholic beer,Sometimes,Some use this,4,0.089
11020,32,"cider, non-alcoholic",Sometimes,Some use this,3,0.067
11020,32,non-alcoholic carbonated beverages,Sometimes,Some use this,3,0.067
11020,41,"information, advice and consultancy relating to the aforesaid services.",Always,All use this,13,0.5
11020,41,education and entertainment services,Always,All use this,13,0.5
11020,41,arranging and conducting of wine tasting events for educational purposes,Always,All use this,12,0.462
11020,41,arranging and conducting of wine tasting events for entertainment purposes,Always,All use this,12,0.462
11020,41,conducting guided tours,Always,All use this,8,0.308
11020,41,arranging and conducting food and drink tasting for entertainment purposes,Always,Most use this,5,0.192
11020,41,"arranging, providing and organising guided tours",Always,Most use this,5,0.192
11020,41,education services in relation to farming and conservation,Always,Most use this,4,0.154
11020,41,wine tastings [educational services],Sometimes,Some use this,3,0.115
11020,41,wine tasting services,Sometimes,Some use this,3,0.115
11020,41,wine tasting services (education),Sometimes,Some use this,3,0.115
11020,41,entertainment relating to wine tasting,Sometimes,Some use this,3,0.115
11020,41,wine tastings [entertainment services],Sometimes,Some use this,3,0.115
11020,41,wine tasting events for educational purposes.,Sometimes,Some use this,3,0.115
11020,41,provision of cultural events,Sometimes,Some use this,2,0.077
11020,41,team building (education).,Sometimes,Some use this,2,0.077
11020,41,planning and conducting of parties [entertainment],Sometimes,Some use this,2,0.077
11020,41,martial arts competitions and tournaments,Sometimes,Some use this,2,0.077
11020,41,organisation of sporting events,Sometimes,Some use this,2,0.077
11020,41,arranging and conducting running events,Sometimes,Some use this,2,0.077
11020,41,educational seminars and workshops relating to martial arts,Sometimes,Some use this,2,0.077
11020,41,party planning consultation,Sometimes,Some use this,2,0.077
11020,41,hospitality services (entertainment),Sometimes,Some use this,2,0.077
11020,41,arranging and conducting of exhibitions for cultural and entertainment purposes,Sometimes,Some use this,2,0.077
11020,41,wedding celebrations (organisation of entertainment for -),Sometimes,Some use this,2,0.077
11020,35,"information, advice and consultancy relating to the aforesaid services.",Always,All use this,13,0.565
11020,35,"marketing, promotion and advertising services",Sometimes,Some use this,2,0.087
11020,35,"advertising, marketing and promotional services",Sometimes,Some use this,2,0.087
11020,35,preparation of promotional and merchandising material for others,Sometimes,Some use this,2,0.087
11020,35,targeted marketing services,Sometimes,Some use this,2,0.087
11020,35,product marketing services,Sometimes,Some use this,2,0.087
11020,35,distribution of samples of products for advertising and marketing purposes,Sometimes,Some use this,2,0.087
11020,35,distribution of beverages,Sometimes,Some use this,2,0.087
11020,35,"dissemination of advertising matter and information, including online",Sometimes,Some use this,2,0.087
11020,35,business management and administration services,Sometimes,Some use this,2,0.087
11020,35,on-line publication of advertising and publicity material,Sometimes,Some use this,2,0.087
11020,35,marketing assistance services,Sometimes,Some use this,2,0.087
11020,35,distribution of goods for advertising purposes,Sometimes,Some use this,2,0.087
11020,35,brand management,Sometimes,Some use this,2,0.087
11020,35,import and export services,Sometimes,Some use this,2,0.087
11020,35,business management and consultancy for drinks businesses,Sometimes,Some use this,2,0.087
11020,35,presentation of goods on communications media for retail purposes,Sometimes,Some use this,2,0.087
11020,35,online retail store services relating to beverages,Sometimes,Some use this,2,0.087
11020,35,merchandising services.,Sometimes,Some use this,2,0.087
11020,35,online retail and wholesale services in respect of wines.,Sometimes,Some use this,1,0.043
11020,35,wholesale services in relation to chemicals for use in agriculture,Sometimes,Some use this,1,0.043
11020,35,retail services in relation to chemicals for use in agriculture,Sometimes,Some use this,1,0.043
11020,35,retail and wholesale services in respect of wines,Sometimes,Some use this,1,0.043
11020,35,business consulting services in the agriculture field.,Sometimes,Some use this,1,0.043
11020,35,retail services in relation to alcoholic beverages (except beer).,Sometimes,Some use this,1,0.043
11020,43,bar services,Always,All use this,11,0.579
11020,43,snack-bar services,Always,All use this,9,0.474
11020,43,accommodation services,Always,All use this,9,0.474
11020,43,rental of meeting rooms,Always,All use this,9,0.474
11020,43,cafeteria services,Always,All use this,9,0.474
11020,43,café services,Always,All use this,9,0.474
11020,43,"restaurant services, including self-service",Always,All use this,9,0.474
11020,43,"information, advice and consultancy relating to the aforesaid services.",Always,All use this,7,0.368
11020,43,event facilities and temporary office and meeting facilities,Always,Most use this,5,0.263
11020,43,wine bar services.,Always,Most use this,4,0.211
11020,43,catering services,Always,Most use this,4,0.211
11020,43,wine tasting services (provision of beverages),Always,Most use this,4,0.211
11020,43,wine bars,Always,Most use this,3,0.158
11020,43,restaurants,Sometimes,Some use this,2,0.105
11020,43,cafés,Sometimes,Some use this,2,0.105
11020,43,event hosting relating to food and drink.,Sometimes,Some use this,2,0.105
11020,43,hospitality services [accommodation],Sometimes,Some use this,2,0.105
11020,43,restaurant services,Sometimes,Some use this,2,0.105
11020,43,arranging of wedding receptions [food and drink],Sometimes,Some use this,2,0.105
11020,43,advice and consultancy relating to the aforesaid services.,Sometimes,Some use this,2,0.105
11020,43,providing hotel accommodation.,Sometimes,Some use this,2,0.105
11020,43,pubs,Sometimes,Some use this,2,0.105
11020,43,organisation of food and drink tastings,Sometimes,Some use this,2,0.105
11020,43,arranging of wedding receptions [venues],Sometimes,Some use this,2,0.105
11020,43,bars,Sometimes,Some use this,2,0.105
11020,30,"coffee, chocolate and tea based beverages",Always,All use this,10,0.769
11020,30,coffee,Always,All use this,10,0.769
11020,30,teas,Always,All use this,10,0.769
11020,30,spices,Always,All use this,10,0.769
11020,30,vinegar,Always,All use this,10,0.769
11020,30,cocoa,Always,All use this,10,0.769
11020,30,coffee substitutes,Always,All use this,10,0.769
11020,30,artificial coffee,Always,All use this,10,0.769
11020,30,honey,Always,All use this,10,0.769
11020,30,treacle,Always,All use this,10,0.769
11020,30,sweets,Always,All use this,6,0.462
11020,30,biscuits,Always,All use this,6,0.462
11020,30,candy,Always,All use this,6,0.462
11020,30,cookies,Always,All use this,6,0.462
11020,30,pastries.,Always,All use this,6,0.462
11020,30,chocolate,Always,All use this,6,0.462
11020,30,ice cream,Always,All use this,4,0.308
11020,30,ice cream.,Always,All use this,4,0.308
11020,30,beverages (tea-based -),Always,Most use this,2,0.154
11020,30,tea-based beverages,Always,Most use this,2,0.154
11020,30,drinks containing cocoa,Sometimes,Some use this,1,0.077
11020,30,fermented tea,Sometimes,Some use this,1,0.077
11020,30,coffee based drinks,Sometimes,Some use this,1,0.077
11020,30,coffee-based beverages,Sometimes,Some use this,1,0.077
11020,30,beverages made of tea,Sometimes,Some use this,1,0.077
11020,31,bulbs,Always,All use this,10,0.909
11020,31,unprocessed vegetables,Always,All use this,10,0.909
11020,31,fresh flowers,Always,All use this,10,0.909
11020,31,cut flowers,Always,All use this,10,0.909
11020,31,seeds,Always,All use this,10,0.909
11020,31,flowers,Always,All use this,10,0.909
11020,31,grains,Always,All use this,10,0.909
11020,31,fresh vegetables,Always,All use this,10,0.909
11020,31,live flowers,Always,All use this,10,0.909
11020,31,agricultural seeds,Always,All use this,10,0.909
11020,31,raw vegetables,Always,All use this,6,0.545
11020,31,fresh fruit.,Always,All use this,6,0.545
11020,31,raw vegetables.,Always,All use this,4,0.364
11020,31,fresh wine grapes.,Sometimes,Some use this,1,0.091
11020,29,olive oils,Always,All use this,11,1.0
11020,29,milk products,Always,All use this,10,0.909
11020,29,milk,Always,All use this,10,0.909
11020,29,marmalade,Always,All use this,10,0.909
11020,29,"meat, fish, poultry and game",Always,All use this,10,0.909
11020,29,meat preserves,Always,All use this,10,0.909
11020,29,jams,Always,All use this,10,0.909
11020,29,jellies for food,Always,All use this,10,0.909
11020,29,eggs,Always,All use this,10,0.909
11020,29,cheese and cheese products,Always,All use this,10,0.909
11020,29,fruits preserves,Always,All use this,10,0.909
11020,29,cooking oils,Always,All use this,10,0.909
11020,29,fruit conserves,Always,All use this,10,0.909
11020,29,vegetable preserves,Always,All use this,10,0.909
11020,29,butter,Always,All use this,10,0.909
11020,29,crisps.,Always,All use this,6,0.545
11020,29,processed fruit,Always,All use this,6,0.545
11020,29,edible oils,Always,All use this,6,0.545
11020,29,fruit desserts,Always,All use this,6,0.545
11020,29,edible oils.,Always,All use this,4,0.364
11020,29,sunflower oil [for food],Sometimes,Some use this,1,0.091
11020,29,coconut oil for food,Sometimes,Some use this,1,0.091
11020,29,sesame oil,Sometimes,Some use this,1,0.091
11020,29,grapeseed oil,Sometimes,Some use this,1,0.091
11020,29,extra-virgin olive oil,Sometimes,Some use this,1,0.091
10920,31,pet food,Always,All use this,109,0.353
10920,31,dog food,Always,All use this,105,0.34
10920,31,cat food,Always,All use this,98,0.317
10920,31,pet foods,Always,Most use this,88,0.285
10920,31,edible pet treats,Always,Most use this,84,0.272
10920,31,pet food for dogs,Always,Most use this,74,0.239
10920,31,pet foodstuffs,Always,Most use this,71,0.23
10920,31,pet foods in the form of chews,Always,Most use this,64,0.207
10920,31,dog foods,Always,Most use this,62,0.201
10920,31,foodstuffs for pet animals,Always,Most use this,61,0.197
10920,31,foodstuffs for animals,Always,Most use this,58,0.188
10920,31,pet beverages,Always,Most use this,56,0.181
10920,31,food (pet -),Always,Most use this,53,0.172
10920,31,animal food,Always,Most use this,52,0.168
10920,31,food for cats,Always,Most use this,49,0.159
10920,31,food for dogs,Always,Most use this,49,0.159
10920,31,food preparations for dogs,Always,Most use this,46,0.149
10920,31,beverages for pets,Always,Most use this,44,0.142
10920,31,cat biscuits,Always,Most use this,43,0.139
10920,31,food for animals,Always,Most use this,43,0.139
10920,31,edible dog treats,Always,Most use this,38,0.123
10920,31,foodstuff for dogs,Sometimes,Some use this,37,0.12
10920,31,edible treats for animals,Sometimes,Some use this,37,0.12
10920,31,pet animals,Sometimes,Some use this,35,0.113
10920,31,cat litter,Sometimes,Some use this,34,0.11
10920,5,dietary supplements for animals,Always,Most use this,24,0.224
10920,5,disinfectants,Always,Most use this,20,0.187
10920,5,dietary pet supplements in the form of pet treats,Always,Most use this,20,0.187
10920,5,dietary supplements for pets,Always,Most use this,15,0.14
10920,5,food supplements for veterinary use,Always,Most use this,14,0.131
10920,5,vitamin supplements for animals,Always,Most use this,14,0.131
10920,5,vitamin and mineral supplements for pets,Always,Most use this,13,0.121
10920,5,feed supplements for veterinary use,Sometimes,Some use this,12,0.112
10920,5,pet odour neutraliser,Sometimes,Some use this,12,0.112
10920,5,medicated foodstuffs for animals,Sometimes,Some use this,12,0.112
10920,5,complete foods for animals adapted for veterinary purposes,Sometimes,Some use this,11,0.103
10920,5,anti-flea collars for pets,Sometimes,Some use this,11,0.103
10920,5,animal care products for veterinary use,Sometimes,Some use this,11,0.103
10920,5,vitamins for pets,Sometimes,Some use this,11,0.103
10920,5,veterinary preparations and substances,Sometimes,Some use this,10,0.093
10920,5,pharmaceutical preparations for the treatment of worms in pets,Sometimes,Some use this,10,0.093
10920,5,mineral dietary supplements for animals,Sometimes,Some use this,10,0.093
10920,5,materials for stopping teeth and dental wax for animals,Sometimes,Some use this,10,0.093
10920,5,protein supplements for animals,Sometimes,Some use this,10,0.093
10920,5,sanitary preparations for medical purposes for animals,Sometimes,Some use this,9,0.084
10920,5,disposable housebreaking mats for pets,Sometimes,Some use this,9,0.084
10920,5,insect repellents and insecticidal preparations,Sometimes,Some use this,9,0.084
10920,5,"flea, tick and worm treatment preparations for pets",Sometimes,Some use this,9,0.084
10920,5,medicated supplements for foodstuffs for animals,Sometimes,Some use this,9,0.084
10920,5,skin ointment for pets,Sometimes,Some use this,9,0.084
10920,35,"loyalty, incentive and bonus program services",Always,All use this,21,0.356
10920,35,merchandising,Always,All use this,19,0.322
10920,35,promotion of goods and services through sponsorship,Always,All use this,19,0.322
10920,35,providing consumer product advice,Always,All use this,19,0.322
10920,35,computerised point-of-sale data collection services for retailers,Always,All use this,19,0.322
10920,35,product demonstrations and product display services,Always,All use this,19,0.322
10920,35,"advertising, particularly services for the promotion of goods",Always,All use this,19,0.322
10920,35,promotion of goods and services through sponsorship of events,Always,All use this,19,0.322
10920,35,rental of point of sale equipment,Always,All use this,19,0.322
10920,35,information and advisory services related to all of the foregoing.,Always,All use this,18,0.305
10920,35,retail of cat food and cat treats via a subscription,Sometimes,Some use this,7,0.119
10920,35,retail of pet food and pet treats via a subscription,Sometimes,Some use this,4,0.068
10920,35,online advertising,Sometimes,Some use this,4,0.068
10920,35,online marketing,Sometimes,Some use this,3,0.051
10920,35,retail services in relation to litter for animals,Sometimes,Some use this,3,0.051
10920,35,advertising and marketing,Sometimes,Some use this,3,0.051
10920,35,wholesale services in relation to bedding for animals,Sometimes,Some use this,3,0.051
10920,35,online ordering services,Sometimes,Some use this,3,0.051
10920,35,wholesale services in relation to fodder for animals,Sometimes,Some use this,3,0.051
10920,35,retail services in relation to pet products,Sometimes,Some use this,3,0.051
10920,35,data processing,Sometimes,A few have this,2,0.034
10920,35,promotion of sports competitions and events,Sometimes,A few have this,2,0.034
10920,35,"organisation, operation and supervision of loyalty schemes and incentive schemes",Sometimes,A few have this,2,0.034
10920,35,production of television and radio advertisements,Sometimes,A few have this,2,0.034
10920,35,retail services in connection with cat food and cat treats via a subscription,Sometimes,A few have this,2,0.034
10920,28,"toys, games and playthings for pet animals.",Always,All use this,22,0.458
10920,28,toys for cats,Always,Most use this,11,0.229
10920,28,pet toys,Always,Most use this,10,0.208
10920,28,exercise wheels for cats,Always,Most use this,9,0.188
10920,28,toys for cats containing catnip,Always,Most use this,9,0.188
10920,28,pet toys made of rope,Always,Most use this,8,0.167
10920,28,toys for pets,Always,Most use this,8,0.167
10920,28,dog toys,Always,Most use this,8,0.167
10920,28,toys for animals,Always,Most use this,7,0.146
10920,28,sporting articles and equipment,Always,Most use this,7,0.146
10920,28,toys for birds,Always,Most use this,7,0.146
10920,28,cat toys,Always,Most use this,7,0.146
10920,28,articles (toys) made of nylon specifically intended for use by animals,Sometimes,Some use this,5,0.104
10920,28,playthings for pets,Sometimes,Some use this,5,0.104
10920,28,imitation bones being toys or playthings for dogs,Sometimes,Some use this,5,0.104
10920,28,non digestible chewing bones for dogs,Sometimes,Some use this,5,0.104
10920,28,games for animals,Sometimes,Some use this,5,0.104
10920,28,pet food dispensing toys and training apparatus,Sometimes,Some use this,5,0.104
10920,28,games for pets,Sometimes,Some use this,5,0.104
10920,28,articles made of nylon [toys] specifically intended for use by animals,Sometimes,Some use this,5,0.104
10920,28,durable synthetic bones formed from nylon,Sometimes,Some use this,5,0.104
10920,28,playthings for animals,Sometimes,Some use this,5,0.104
10920,28,parts and fittings for all the aforesaid goods.,Sometimes,Some use this,5,0.104
10920,28,toys for pet animals,Sometimes,Some use this,4,0.083
10920,28,"toys, games and playthings",Sometimes,Some use this,4,0.083
10920,18,animal leashes,Always,All use this,13,0.371
10920,18,back packs and bags for animals,Always,All use this,12,0.343
10920,18,collars for animals,Always,All use this,12,0.343
10920,18,coats for cats,Always,All use this,11,0.314
10920,18,bags,Always,All use this,11,0.314
10920,18,coats and clothing for animals,Always,Most use this,10,0.286
10920,18,pet leads,Always,Most use this,10,0.286
10920,18,collars for pets,Always,Most use this,10,0.286
10920,18,cat shoes,Always,Most use this,9,0.257
10920,18,"leads for animals, harnesses for animals",Always,Most use this,9,0.257
10920,18,"clothing for animals, covers and wraps for animals.",Always,Most use this,9,0.257
10920,18,"cat leashes, cat leads and cat collars",Always,Most use this,9,0.257
10920,18,cat apparel,Always,Most use this,9,0.257
10920,18,cat clothing,Always,Most use this,9,0.257
10920,18,cat parkas,Always,Most use this,9,0.257
10920,18,animal harnesses,Always,Most use this,8,0.229
10920,18,animal carriers [bags],Always,Most use this,8,0.229
10920,18,"pet clothing, leads, collars, and leashes.",Always,Most use this,7,0.2
10920,18,pet collars,Always,Most use this,6,0.171
10920,18,pet harnesses,Always,Most use this,6,0.171
10920,18,pet clothing,Always,Most use this,5,0.143
10920,18,dog coats,Sometimes,Some use this,4,0.114
10920,18,animal carriers,Sometimes,Some use this,3,0.086
10920,18,clothing for pets,Sometimes,Some use this,3,0.086
10920,18,backpacks,Sometimes,Some use this,3,0.086
10920,44,services for the care of pet animals,Always,All use this,21,0.6
10920,44,nutritional guidance,Always,All use this,20,0.571
10920,44,dietary guidance,Always,All use this,19,0.543
10920,44,advice relating to the feeding of animals,Always,All use this,19,0.543
10920,44,"information, advisory and consultancy services in relation to the foregoing.",Always,All use this,19,0.543
10920,44,provision of information relating to nutrition and animal nutrition,Always,All use this,19,0.543
10920,44,advice and consultancy regarding the care of pet animals,Always,All use this,19,0.543
10920,44,nutrition and dietetic consultancy and advice for animals and humans,Always,All use this,19,0.543
10920,44,animal nutrition guidance,Always,All use this,19,0.543
10920,44,dietary guidance for animals,Always,All use this,19,0.543
10920,44,providing nutritional information about pet food,Always,Most use this,6,0.171
10920,44,dietary health and information relating to pets,Always,Most use this,6,0.171
10920,44,care of pet animals,Sometimes,Some use this,3,0.086
10920,44,veterinary services.,Sometimes,Some use this,3,0.086
10920,44,"consultancy, advisory and information relating to the aforesaid.",Sometimes,Some use this,2,0.057
10920,44,pet grooming,Sometimes,Some use this,2,0.057
10920,44,animal and human healthcare and wellbeing services,Sometimes,Some use this,2,0.057
10920,44,services for the care of pet birds,Sometimes,A few have this,1,0.029
10920,44,grooming (pet -),Sometimes,A few have this,1,0.029
10920,44,nutritional counselling,Sometimes,A few have this,1,0.029
10920,44,hygienic and beauty care for human beings or animals,Sometimes,A few have this,1,0.029
10920,44,veterinary services,Sometimes,A few have this,1,0.029
10920,44,animal grooming,Sometimes,A few have this,1,0.029
10920,44,grooming of pets,Sometimes,A few have this,1,0.029
10920,44,pet grooming services,Sometimes,A few have this,1,0.029
10920,21,bird feeders,Always,All use this,12,0.444
10920,21,small animal feeders,Always,All use this,12,0.444
10920,21,food containers for pet animals,Always,All use this,11,0.407
10920,21,bird baths,Always,All use this,11,0.407
10920,21,bird cages,Always,All use this,9,0.333
10920,21,litter trays for pets,Always,All use this,9,0.333
10920,21,pet treat jars,Always,Most use this,8,0.296
10920,21,pet feeding and drinking bowls,Always,Most use this,8,0.296
10920,21,perches for bird cages,Always,Most use this,8,0.296
10920,21,automatic pet feeders,Always,Most use this,8,0.296
10920,21,fish bowls,Always,Most use this,7,0.259
10920,21,cages for pets,Always,Most use this,7,0.259
10920,21,water tanks for live fish.,Always,Most use this,7,0.259
10920,21,bird feeders for feeding birds in the wild,Always,Most use this,6,0.222
10920,21,bird feeders in the nature of containers,Always,Most use this,4,0.148
10920,21,bird feeding tables,Always,Most use this,4,0.148
10920,21,containers for bird food,Always,Most use this,4,0.148
10920,21,pet feeding dishes,Always,Most use this,4,0.148
10920,21,litter scoops for use with pet animals,Always,Most use this,4,0.148
10920,21,parts and fittings for all the aforementioned goods.,Sometimes,Some use this,3,0.111
10920,21,bird baths not being structures,Sometimes,Some use this,3,0.111
10920,21,animal activated animal feeders,Sometimes,Some use this,3,0.111
10920,21,insect habitats,Sometimes,Some use this,3,0.111
10920,21,litter trays for pet animals,Sometimes,Some use this,3,0.111
10920,21,pet feeding bowls,Sometimes,Some use this,3,0.111
10920,20,animal bedding,Always,All use this,15,0.6
10920,20,pet furniture,Always,All use this,11,0.44
10920,20,pet cushions,Always,All use this,10,0.4
10920,20,pillows for household pets,Always,All use this,9,0.36
10920,20,pet doors and cat flaps (non metal),Always,All use this,9,0.36
10920,20,non-metal pet tags,Always,All use this,9,0.36
10920,20,pet beds,Always,All use this,9,0.36
10920,20,animal baskets,Always,All use this,9,0.36
10920,20,pet runs,Always,All use this,9,0.36
10920,20,cat trees,Always,All use this,9,0.36
10920,20,non-metal safety gates for pets,Always,All use this,9,0.36
10920,20,scratching posts and pads,Always,All use this,9,0.36
10920,20,"kennels, hutches and carriers for household pets",Always,All use this,9,0.36
10920,20,playhouses for pets,Always,All use this,9,0.36
10920,20,"upholstered mats, cushions, mattresses and bedding, all for household pets",Always,All use this,8,0.32
10920,20,animals beds,Always,All use this,8,0.32
10920,20,bird houses,Always,Most use this,7,0.28
10920,20,dog houses and kennels,Always,Most use this,7,0.28
10920,20,"pet crates, furniture, houses, cushions, grooming tables, kennels, and beds.",Always,Most use this,7,0.28
10920,20,birdboxes,Always,Most use this,7,0.28
10920,20,beds for birds,Always,Most use this,7,0.28
10920,20,hard beds and baskets,Always,Most use this,7,0.28
10920,20,parts and fittings for the aforementioned goods.,Always,Most use this,6,0.24
10920,20,animal housing and beds,Always,Most use this,5,0.2
10920,20,pet crates,Always,Most use this,3,0.12
10890,30,chocolate,Always,Most use this,139,0.155
10890,30,spices,Always,Most use this,133,0.148
10890,30,sauces,Always,Most use this,128,0.142
10890,30,biscuits,Sometimes,Some use this,107,0.119
10890,30,condiments,Sometimes,Some use this,107,0.119
10890,30,cakes,Sometimes,Some use this,106,0.118
10890,30,rice,Sometimes,Some use this,97,0.108
10890,30,flour and preparations made from cereals,Sometimes,Some use this,96,0.107
10890,30,high-protein cereal bars,Sometimes,Some use this,95,0.106
10890,30,confectionery,Sometimes,Some use this,92,0.102
10890,30,seasonings,Sometimes,Some use this,89,0.099
10890,30,coffee,Sometimes,Some use this,80,0.089
10890,30,bread,Sometimes,Some use this,80,0.089
10890,30,pastries,Sometimes,Some use this,79,0.088
10890,30,rice-based snack food,Sometimes,Some use this,75,0.083
10890,30,cereal bars,Sometimes,Some use this,74,0.082
10890,30,cooking sauces,Sometimes,Some use this,71,0.079
10890,30,honey,Sometimes,Some use this,70,0.078
10890,30,spicy sauces,Sometimes,Some use this,69,0.077
10890,30,puddings,Sometimes,Some use this,68,0.076
10890,30,desserts,Sometimes,Some use this,68,0.076
10890,30,sandwiches,Sometimes,Some use this,66,0.073
10890,30,"sugar, honey, treacle",Sometimes,Some use this,65,0.072
10890,30,"bread, pastries and confectionery",Sometimes,Some use this,61,0.068
10890,30,cereal-based snack food,Sometimes,Some use this,59,0.066
10890,5,nutritional supplements,Always,All use this,403,0.518
10890,5,food supplements,Always,All use this,362,0.465
10890,5,dietary supplements,Always,All use this,315,0.405
10890,5,vitamin and mineral supplements,Always,All use this,292,0.375
10890,5,vitamin supplements,Always,All use this,262,0.337
10890,5,herbal supplements,Always,All use this,254,0.326
10890,5,dietary and nutritional supplements,Always,All use this,252,0.324
10890,5,dietary food supplements,Always,All use this,246,0.316
10890,5,vitamin and mineral food supplements,Always,All use this,238,0.306
10890,5,protein dietary supplements,Always,All use this,237,0.305
10890,5,dietary supplements consisting of vitamins,Always,Most use this,232,0.298
10890,5,dietary supplement drinks,Always,Most use this,205,0.263
10890,5,protein supplements,Always,Most use this,202,0.26
10890,5,probiotic supplements,Always,Most use this,192,0.247
10890,5,nutraceuticals for use as a dietary supplement,Always,Most use this,189,0.243
10890,5,mineral nutritional supplements,Always,Most use this,189,0.243
10890,5,dietary supplement drink mixes,Always,Most use this,188,0.242
10890,5,mineral dietary supplements,Always,Most use this,169,0.217
10890,5,dietary supplemental drinks,Always,Most use this,165,0.212
10890,5,food supplements for non-medical purposes,Always,Most use this,165,0.212
10890,5,dietary supplements in powder form,Always,Most use this,164,0.211
10890,5,food supplements consisting of amino acids,Always,Most use this,159,0.204
10890,5,liquid nutritional supplements,Always,Most use this,158,0.203
10890,5,dietary supplements and dietetic preparations,Always,Most use this,157,0.202
10890,5,dietary supplements for humans,Always,Most use this,156,0.201
10890,29,meat extracts,Always,Most use this,143,0.201
10890,29,"meat, fish, poultry and game",Always,Most use this,124,0.175
10890,29,"jellies, jams, compotes",Always,Most use this,105,0.148
10890,29,edible oils and fats,Always,Most use this,97,0.137
10890,29,eggs,Always,Most use this,97,0.137
10890,29,"preserved, frozen, dried and cooked fruits and vegetables",Sometimes,Some use this,79,0.111
10890,29,nut-based snack foods,Sometimes,Some use this,77,0.108
10890,29,vegetable-based snack food,Sometimes,Some use this,75,0.106
10890,29,soups,Sometimes,Some use this,73,0.103
10890,29,"preserved, dried and cooked fruits and vegetables",Sometimes,Some use this,71,0.1
10890,29,fruit-based snack food,Sometimes,Some use this,64,0.09
10890,29,nut and seed-based snack bars,Sometimes,Some use this,64,0.09
10890,29,nut-based food bars,Sometimes,Some use this,61,0.086
10890,29,pickles,Sometimes,Some use this,60,0.085
10890,29,cheese,Sometimes,Some use this,59,0.083
10890,29,vegetable-based snack foods,Sometimes,Some use this,55,0.077
10890,29,snack foods based on nuts,Sometimes,Some use this,53,0.075
10890,29,butter,Sometimes,Some use this,51,0.072
10890,29,prepared meals,Sometimes,Some use this,50,0.07
10890,29,edible nuts,Sometimes,Some use this,48,0.068
10890,29,milk shakes,Sometimes,Some use this,48,0.068
10890,29,meat products,Sometimes,Some use this,47,0.066
10890,29,processed nuts,Sometimes,Some use this,46,0.065
10890,29,snack food (fruit-based -),Sometimes,Some use this,46,0.065
10890,29,crisps,Sometimes,Some use this,46,0.065
10890,35,wholesale services in relation to dietary supplements,Sometimes,Some use this,36,0.103
10890,35,retail services in relation to dietary supplements,Sometimes,Some use this,31,0.089
10890,35,retail services relating to food,Sometimes,Some use this,30,0.086
10890,35,advertising,Sometimes,Some use this,28,0.08
10890,35,retail services in relation to dietary supplements.,Sometimes,Some use this,23,0.066
10890,35,online ordering services,Sometimes,Some use this,20,0.057
10890,35,distribution of samples,Sometimes,Some use this,14,0.04
10890,35,advertising services,Sometimes,Some use this,14,0.04
10890,35,marketing services,Sometimes,A few have this,13,0.037
10890,35,business management of wholesale and retail outlets,Sometimes,A few have this,13,0.037
10890,35,promotional services,Sometimes,A few have this,12,0.034
10890,35,"advertising, marketing and promotional services",Sometimes,A few have this,12,0.034
10890,35,retail services in relation to non-alcoholic beverages,Sometimes,A few have this,12,0.034
10890,35,promotional marketing,Sometimes,A few have this,11,0.032
10890,35,"business management, organization and administration",Sometimes,A few have this,10,0.029
10890,35,retail services in relation to foodstuffs,Sometimes,A few have this,10,0.029
10890,35,marketing,Sometimes,A few have this,10,0.029
10890,35,digital marketing,Sometimes,A few have this,10,0.029
10890,35,office functions,Sometimes,A few have this,9,0.026
10890,35,business administration,Sometimes,A few have this,9,0.026
10890,35,advertising and marketing,Sometimes,A few have this,9,0.026
10890,35,product demonstrations and product display services,Sometimes,A few have this,9,0.026
10890,35,unmanned retail store services relating to food,Sometimes,A few have this,9,0.026
10890,35,retail services in relation to bakery products,Sometimes,A few have this,9,0.026
10890,35,wholesale services in relation to foodstuffs,Sometimes,A few have this,9,0.026
10890,32,non-alcoholic beverages,Always,All use this,137,0.449
10890,32,energy drinks,Always,All use this,109,0.357
10890,32,non-alcoholic drinks,Always,Most use this,82,0.269
10890,32,sports drinks,Always,Most use this,75,0.246
10890,32,fruit beverages and fruit juices,Always,Most use this,63,0.207
10890,32,soft drinks,Always,Most use this,57,0.187
10890,32,isotonic drinks,Always,Most use this,57,0.187
10890,32,non-alcoholic fruit drinks,Always,Most use this,50,0.164
10890,32,carbonated non-alcoholic drinks,Always,Most use this,50,0.164
10890,32,smoothies,Always,Most use this,45,0.148
10890,32,mineral and aerated waters,Always,Most use this,45,0.148
10890,32,non-alcoholic carbonated beverages,Always,Most use this,44,0.144
10890,32,beers,Always,Most use this,42,0.138
10890,32,beverages (non-alcoholic -),Always,Most use this,40,0.131
10890,32,fruit drinks,Always,Most use this,39,0.128
10890,32,non-alcoholic beverages flavoured with coffee,Always,Most use this,39,0.128
10890,32,non-alcoholic beverages with tea flavor,Always,Most use this,38,0.125
10890,32,isotonic beverages,Always,Most use this,38,0.125
10890,32,carbohydrate drinks,Always,Most use this,37,0.121
10890,32,non-alcoholic soda beverages flavoured with tea,Always,Most use this,37,0.121
10890,32,energy drinks containing caffeine,Always,Most use this,37,0.121
10890,32,sports drinks containing electrolytes,Sometimes,Some use this,36,0.118
10890,32,non-alcoholic beverages flavored with tea,Sometimes,Some use this,35,0.115
10890,32,non-alcoholic flavored carbonated beverages,Sometimes,Some use this,35,0.115
10890,32,non-alcoholic beverages flavoured with tea,Sometimes,Some use this,34,0.111
10890,43,food and drink catering,Always,All use this,56,0.348
10890,43,catering of food and drink,Always,All use this,54,0.335
10890,43,restaurant services,Always,All use this,52,0.323
10890,43,preparation of food and beverages,Always,All use this,49,0.304
10890,43,preparation of food and drink,Always,Most use this,48,0.298
10890,43,provision of food and drink in restaurants,Always,Most use this,46,0.286
10890,43,provision of food and drink,Always,Most use this,44,0.273
10890,43,takeaway food and drink services,Always,Most use this,42,0.261
10890,43,take-away food and drink services,Always,Most use this,42,0.261
10890,43,services for providing food and drink,Always,Most use this,41,0.255
10890,43,takeaway food services,Always,Most use this,41,0.255
10890,43,catering of food and drinks,Always,Most use this,41,0.255
10890,43,serving food and drinks,Always,Most use this,39,0.242
10890,43,catering for the provision of food and drink,Always,Most use this,36,0.224
10890,43,providing food and drink for guests in restaurants,Always,Most use this,34,0.211
10890,43,fast food restaurants,Always,Most use this,34,0.211
10890,43,take-out restaurant services,Always,Most use this,34,0.211
10890,43,take-away fast food services,Always,Most use this,33,0.205
10890,43,food and drink catering for banquets,Always,Most use this,33,0.205
10890,43,food and drink catering for institutions,Always,Most use this,33,0.205
10890,43,restaurants,Always,Most use this,33,0.205
10890,43,catering services,Always,Most use this,33,0.205
10890,43,food preparation,Always,Most use this,33,0.205
10890,43,serving food and drink for guests in restaurants,Always,Most use this,33,0.205
10890,43,hospitality services [food and drink],Always,Most use this,32,0.199
10890,31,raw and unprocessed grains and seeds,Always,Most use this,15,0.133
10890,31,natural plants and flowers,Sometimes,Some use this,13,0.115
10890,31,pet food for dogs,Sometimes,Some use this,13,0.115
10890,31,dog food,Sometimes,Some use this,12,0.106
10890,31,pet food,Sometimes,Some use this,12,0.106
10890,31,foodstuffs and beverages for animals,Sometimes,Some use this,11,0.097
10890,31,fresh herbs,Sometimes,Some use this,11,0.097
10890,31,live animals,Sometimes,Some use this,11,0.097
10890,31,food for dogs,Sometimes,Some use this,10,0.088
10890,31,unprocessed teff.,Sometimes,Some use this,10,0.088
10890,31,pet foodstuffs,Sometimes,Some use this,10,0.088
10890,31,fresh fruits and vegetables,Sometimes,Some use this,10,0.088
10890,31,"bulbs, seedlings and seeds for planting",Sometimes,Some use this,9,0.08
10890,31,"fresh fruits and vegetables, fresh herbs",Sometimes,Some use this,9,0.08
10890,31,dog foods,Sometimes,Some use this,9,0.08
10890,31,malt.,Sometimes,Some use this,9,0.08
10890,31,edible pet treats,Sometimes,Some use this,8,0.071
10890,31,animal food,Sometimes,Some use this,8,0.071
10890,31,food preparations for dogs,Sometimes,Some use this,7,0.062
10890,31,dog biscuits,Sometimes,Some use this,7,0.062
10890,31,pet foods,Sometimes,Some use this,7,0.062
10890,31,bird food,Sometimes,Some use this,7,0.062
10890,31,foodstuff for dogs,Sometimes,Some use this,7,0.062
10890,31,wheat proteins for animal food,Sometimes,Some use this,7,0.062
10890,31,fresh peas,Sometimes,Some use this,7,0.062
10890,3,cosmetics,Always,All use this,60,0.541
10890,3,skincare cosmetics,Always,All use this,37,0.333
10890,3,moisturisers [cosmetics],Always,Most use this,30,0.27
10890,3,skin care cosmetics,Always,Most use this,29,0.261
10890,3,beauty creams for body care,Always,Most use this,28,0.252
10890,3,soaps,Always,Most use this,28,0.252
10890,3,beauty care cosmetics,Always,Most use this,26,0.234
10890,3,moisturising skin lotions [cosmetic],Always,Most use this,26,0.234
10890,3,cosmetic creams,Always,Most use this,26,0.234
10890,3,body creams [cosmetics],Always,Most use this,26,0.234
10890,3,skin cleansers [cosmetic],Always,Most use this,26,0.234
10890,3,skin care lotions [cosmetic],Always,Most use this,25,0.225
10890,3,skin masks [cosmetics],Always,Most use this,25,0.225
10890,3,organic cosmetics,Always,Most use this,25,0.225
10890,3,hair cosmetics,Always,Most use this,25,0.225
10890,3,cosmetic moisturisers,Always,Most use this,25,0.225
10890,3,skin fresheners [cosmetics],Always,Most use this,24,0.216
10890,3,facial creams [cosmetics],Always,Most use this,24,0.216
10890,3,cosmetic creams for the skin,Always,Most use this,24,0.216
10890,3,body and facial creams [cosmetics],Always,Most use this,24,0.216
10890,3,night creams [cosmetics],Always,Most use this,24,0.216
10890,3,skin creams [cosmetic],Always,Most use this,24,0.216
10890,3,cosmetics and cosmetic preparations,Always,Most use this,23,0.207
10890,3,skin lotions,Always,Most use this,23,0.207
10890,3,cosmetic creams and lotions,Always,Most use this,23,0.207
11070,32,non-alcoholic beverages,Always,All use this,407,0.564
11070,32,energy drinks,Always,All use this,278,0.386
11070,32,soft drinks,Always,All use this,271,0.376
11070,32,carbonated non-alcoholic drinks,Always,Most use this,185,0.257
11070,32,isotonic beverages,Always,Most use this,182,0.252
11070,32,non-alcoholic drinks,Always,Most use this,181,0.251
11070,32,fruit drinks,Always,Most use this,176,0.244
11070,32,beers,Always,Most use this,165,0.229
11070,32,non-alcoholic carbonated beverages,Always,Most use this,161,0.223
11070,32,sports drinks,Always,Most use this,160,0.222
11070,32,fruit beverages and fruit juices,Always,Most use this,154,0.214
11070,32,smoothies,Always,Most use this,146,0.202
11070,32,non-alcoholic cocktails,Always,Most use this,135,0.187
11070,32,beverages (non-alcoholic -),Always,Most use this,130,0.18
11070,32,non-alcoholic malt beverages,Always,Most use this,127,0.176
11070,32,mineral and aerated waters,Always,Most use this,127,0.176
11070,32,non-alcoholic fruit drinks,Always,Most use this,124,0.172
11070,32,vegetable drinks,Always,Most use this,123,0.171
11070,32,preparations for making beverages,Always,Most use this,121,0.168
11070,32,isotonic drinks,Always,Most use this,119,0.165
11070,32,frozen carbonated beverages,Always,Most use this,113,0.157
11070,32,non-alcoholic fruit juice beverages,Always,Most use this,112,0.155
11070,32,non-alcoholic beverages flavored with tea,Always,Most use this,107,0.148
11070,32,fruit flavoured carbonated drinks,Always,Most use this,106,0.147
11070,32,non-alcoholic flavored carbonated beverages,Always,Most use this,106,0.147
11070,5,dietary supplement drinks,Always,All use this,97,0.455
11070,5,nutritional supplements,Always,All use this,93,0.437
11070,5,vitamin and mineral supplements,Always,All use this,79,0.371
11070,5,food supplements,Always,All use this,79,0.371
11070,5,herbal supplements,Always,All use this,75,0.352
11070,5,dietary supplements and dietetic preparations,Always,All use this,67,0.315
11070,5,dietary supplement drink mixes,Always,All use this,67,0.315
11070,5,dietary food supplements,Always,Most use this,63,0.296
11070,5,dietetic beverages adapted for medical purposes,Always,Most use this,61,0.286
11070,5,dietary supplemental drinks,Always,Most use this,61,0.286
11070,5,fitness and endurance supplements,Always,Most use this,59,0.277
11070,5,dietary supplements consisting of vitamins,Always,Most use this,57,0.268
11070,5,dietetic food and substances adapted for medical use,Always,Most use this,50,0.235
11070,5,health food supplements for persons with special dietary requirements,Always,Most use this,49,0.23
11070,5,powdered nutritional supplement drink mix,Always,Most use this,47,0.221
11070,5,vitamin drinks,Always,Most use this,47,0.221
11070,5,food supplements for non-medical purposes,Always,Most use this,47,0.221
11070,5,dietary supplements for human beings,Always,Most use this,45,0.211
11070,5,nutraceuticals for use as a dietary supplement,Always,Most use this,45,0.211
11070,5,food supplements consisting of amino acids,Always,Most use this,44,0.207
11070,5,herbal medicine,Always,Most use this,44,0.207
11070,5,herbal tea for medicinal use,Always,Most use this,43,0.202
11070,5,plant and herb extracts for medicinal use,Always,Most use this,43,0.202
11070,5,medical preparations and articles,Always,Most use this,42,0.197
11070,5,dietetic foods for clinical nutrition,Always,Most use this,42,0.197
11070,30,chocolate,Always,Most use this,55,0.297
11070,30,coffee substitutes,Always,Most use this,42,0.227
11070,30,flour and preparations made from cereals,Always,Most use this,35,0.189
11070,30,tea beverages with milk,Always,Most use this,35,0.189
11070,30,coffee,Always,Most use this,34,0.184
11070,30,tea bags,Always,Most use this,33,0.178
11070,30,"rice, pasta and noodles",Always,Most use this,31,0.168
11070,30,"ice cream, sorbets and other edible ices",Always,Most use this,29,0.157
11070,30,"bread, pastries and confectionery",Always,Most use this,29,0.157
11070,30,tapioca and sago,Always,Most use this,29,0.157
11070,30,decaffeinated coffee,Always,Most use this,28,0.151
11070,30,"salt, seasonings, spices, preserved herbs",Always,Most use this,27,0.146
11070,30,"vinegar, sauces and other condiments",Always,Most use this,27,0.146
11070,30,"sugar, honey, treacle",Always,Most use this,27,0.146
11070,30,flavoured coffee,Always,Most use this,26,0.141
11070,30,"yeast, baking-powder",Always,Most use this,26,0.141
11070,30,beverages made of tea,Always,Most use this,24,0.13
11070,30,"coffee, tea, cocoa and artificial coffee",Always,Most use this,24,0.13
11070,30,herbal teas,Always,Most use this,24,0.13
11070,30,herbal infusions,Always,Most use this,24,0.13
11070,30,coffee extracts,Always,Most use this,24,0.13
11070,30,flavourings of tea,Always,Most use this,24,0.13
11070,30,tea leaves,Always,Most use this,24,0.13
11070,30,tea essences,Always,Most use this,24,0.13
11070,30,beverages with tea base,Always,Most use this,24,0.13
11070,33,alcoholic cocktails,Always,All use this,48,0.364
11070,33,alcoholic energy drinks,Always,All use this,40,0.303
11070,33,pre-mixed alcoholic beverages,Always,Most use this,39,0.295
11070,33,alcoholic beverages (except beer),Always,Most use this,32,0.242
11070,33,alcoholic fruit cocktail drinks,Always,Most use this,32,0.242
11070,33,"pre-mixed alcoholic beverages, other than beer-based",Always,Most use this,31,0.235
11070,33,alcoholic beverages (except beers),Always,Most use this,31,0.235
11070,33,low alcoholic drinks,Always,Most use this,30,0.227
11070,33,prepared alcoholic cocktails,Always,Most use this,27,0.205
11070,33,alcoholic cocktail mixes,Always,Most use this,27,0.205
11070,33,alcoholic fruit beverages,Always,Most use this,26,0.197
11070,33,alcoholic tea-based beverage,Always,Most use this,26,0.197
11070,33,alcoholic beverages [except beers],Always,Most use this,25,0.189
11070,33,alcoholic beverages except beers,Always,Most use this,25,0.189
11070,33,"alcoholic carbonated beverages, except beer",Always,Most use this,24,0.182
11070,33,alcoholic coffee-based beverage,Always,Most use this,24,0.182
11070,33,preparations for making alcoholic beverages,Always,Most use this,24,0.182
11070,33,"beverages (alcoholic -), except beer",Always,Most use this,23,0.174
11070,33,rum-based beverages,Always,Most use this,22,0.167
11070,33,liqueurs,Always,Most use this,22,0.167
11070,33,"alcoholic beverages, except beer",Always,Most use this,22,0.167
11070,33,"alcoholic beverages, except beers",Always,Most use this,22,0.167
11070,33,aperitifs with a distilled alcoholic liquor base,Always,Most use this,21,0.159
11070,33,wine-based beverages,Always,Most use this,21,0.159
11070,33,alcoholic wines,Always,Most use this,20,0.152
11070,35,advertising,Always,Most use this,29,0.21
11070,35,business administration,Always,Most use this,28,0.203
11070,35,business management,Always,Most use this,22,0.159
11070,35,office functions,Always,Most use this,18,0.13
11070,35,product marketing,Always,Most use this,17,0.123
11070,35,development of promotional campaigns,Sometimes,Some use this,15,0.109
11070,35,preparation of advertising campaigns,Sometimes,Some use this,15,0.109
11070,35,advertising services for the promotion of beverages,Sometimes,Some use this,14,0.101
11070,35,"marketing, advertising, and promotional services",Sometimes,Some use this,14,0.101
11070,35,sales promotion,Sometimes,Some use this,13,0.094
11070,35,promotional services,Sometimes,Some use this,13,0.094
11070,35,promoting the sale of goods and services of others through promotional events,Sometimes,Some use this,12,0.087
11070,35,market campaigns,Sometimes,Some use this,12,0.087
11070,35,production of sound and video recordings for marketing purposes,Sometimes,Some use this,12,0.087
11070,35,marketing through product placement for others in virtual environments,Sometimes,Some use this,12,0.087
11070,35,advertising services,Sometimes,Some use this,12,0.087
11070,35,marketing services,Sometimes,Some use this,10,0.072
11070,35,on-line advertising on a computer network,Sometimes,Some use this,9,0.065
11070,35,commercial administration of the licensing of the goods and services of others,Sometimes,Some use this,9,0.065
11070,35,import-export agencies,Sometimes,Some use this,9,0.065
11070,35,business management assistance,Sometimes,Some use this,9,0.065
11070,35,"advertising, marketing and promotional services",Sometimes,Some use this,8,0.058
11070,35,"on-line retail store services in relation to food, beverage",Sometimes,Some use this,8,0.058
11070,35,promotional services.,Sometimes,Some use this,6,0.043
11070,35,"distribution of advertising, marketing and promotional material",Sometimes,Some use this,6,0.043
11070,25,clothing,Always,All use this,54,0.621
11070,25,t-shirts,Always,All use this,30,0.345
11070,25,sweatshirts,Always,Most use this,26,0.299
11070,25,hats,Always,Most use this,26,0.299
11070,25,ready-to-wear clothing,Always,Most use this,26,0.299
11070,25,shirts,Always,Most use this,23,0.264
11070,25,clothing for leisure wear,Always,Most use this,22,0.253
11070,25,footwear,Always,Most use this,21,0.241
11070,25,jackets [clothing],Always,Most use this,21,0.241
11070,25,clothes,Always,Most use this,21,0.241
11070,25,sports clothing,Always,Most use this,20,0.23
11070,25,jackets,Always,Most use this,19,0.218
11070,25,leisure clothing,Always,Most use this,19,0.218
11070,25,headbands [clothing],Always,Most use this,19,0.218
11070,25,knitwear [clothing],Always,Most use this,19,0.218
11070,25,belts for clothing,Always,Most use this,19,0.218
11070,25,embroidered clothing,Always,Most use this,19,0.218
11070,25,shorts [clothing],Always,Most use this,18,0.207
11070,25,casual clothing,Always,Most use this,18,0.207
11070,25,headbands for clothing,Always,Most use this,18,0.207
11070,25,athletic clothing,Always,Most use this,18,0.207
11070,25,hoodies,Always,Most use this,18,0.207
11070,25,hoods [clothing],Always,Most use this,17,0.195
11070,25,bottoms [clothing],Always,Most use this,17,0.195
11070,25,socks,Always,Most use this,16,0.184
11070,29,flavoured milk drinks,Always,All use this,26,0.356
11070,29,"jellies, jams, compotes",Always,All use this,24,0.329
11070,29,eggs,Always,All use this,22,0.301
11070,29,milk beverages,Always,All use this,22,0.301
11070,29,"preserved, frozen, dried and cooked fruits and vegetables",Always,All use this,22,0.301
11070,29,yoghurt,Always,Most use this,21,0.288
11070,29,meat extracts,Always,Most use this,20,0.274
11070,29,milkshakes,Always,Most use this,20,0.274
11070,29,fruit juices for cooking,Always,Most use this,20,0.274
11070,29,protein milk,Always,Most use this,20,0.274
11070,29,"preserved, frozen, dried and cooked fruits",Always,Most use this,19,0.26
11070,29,pressed fruit paste.,Always,Most use this,19,0.26
11070,29,"meat, fish, poultry and game",Always,Most use this,19,0.26
11070,29,oils and fats for food,Always,Most use this,19,0.26
11070,29,milk beverages containing fruit,Always,Most use this,18,0.247
11070,29,plant based milk substitutes,Always,Most use this,18,0.247
11070,29,"milk, cheese, butter, yoghurt and other milk products",Always,Most use this,18,0.247
11070,29,non-dairy milk substitutes,Always,Most use this,18,0.247
11070,29,"almond, oat, hazelnut, rice, cashew, peanut and coconut milk",Always,Most use this,18,0.247
11070,29,dairy alternative yoghurt drinks,Always,Most use this,18,0.247
11070,29,organic milk,Always,Most use this,17,0.233
11070,29,"milk products, excluding ice cream",Always,Most use this,17,0.233
11070,29,milk,Always,Most use this,17,0.233
11070,29,edible oils and fats,Always,Most use this,10,0.137
11070,29,soya milk,Always,Most use this,9,0.123
11070,43,bar services,Always,Most use this,16,0.267
11070,43,snack bar services,Always,Most use this,14,0.233
11070,43,providing of food and drink,Always,Most use this,14,0.233
11070,43,catering services,Always,Most use this,13,0.217
11070,43,restaurants,Always,Most use this,13,0.217
11070,43,preparation of food and beverages,Always,Most use this,12,0.2
11070,43,provision of food and drink,Always,Most use this,12,0.2
11070,43,coffee shops,Always,Most use this,12,0.2
11070,43,mobile restaurant services,Always,Most use this,12,0.2
11070,43,services for providing food and drink,Always,Most use this,11,0.183
11070,43,café services,Always,Most use this,10,0.167
11070,43,takeaway food and drink services,Always,Most use this,10,0.167
11070,43,serving food and drink for guests in restaurants,Always,Most use this,10,0.167
11070,43,tea rooms,Always,Most use this,9,0.15
11070,43,restaurant services,Always,Most use this,9,0.15
11070,43,food and drink catering,Always,Most use this,9,0.15
11070,43,cafe services,Always,Most use this,9,0.15
11070,43,providing of breakfast,Always,Most use this,8,0.133
11070,43,food and drink catering for cocktail parties,Always,Most use this,8,0.133
11070,43,providing food and drink catering services for exhibition facilities,Always,Most use this,8,0.133
11070,43,catering of food and drink,Always,Most use this,8,0.133
11070,43,mobile cafe services for providing food and drink,Always,Most use this,8,0.133
11070,43,providing of beverages,Always,Most use this,8,0.133
11070,43,catering (food and drink -),Always,Most use this,8,0.133
11070,43,takeaway services,Always,Most use this,8,0.133
14120,25,clothing,Always,Most use this,11,0.297
14120,25,footwear,Always,Most use this,11,0.297
14120,25,trousers,Always,Most use this,9,0.243
14120,25,jackets [clothing],Always,Most use this,9,0.243
14120,25,jerseys [clothing],Always,Most use this,8,0.216
14120,25,embroidered clothing,Always,Most use this,8,0.216
14120,25,gloves [clothing],Always,Most use this,8,0.216
14120,25,garments for protecting clothing,Always,Most use this,8,0.216
14120,25,waterproof clothing,Always,Most use this,8,0.216
14120,25,jackets being sports clothing,Always,Most use this,7,0.189
14120,25,rainproof clothing,Always,Most use this,7,0.189
14120,25,weatherproof clothing,Always,Most use this,7,0.189
14120,25,windproof clothing,Always,Most use this,7,0.189
14120,25,ready-to-wear clothing,Always,Most use this,7,0.189
14120,25,shoes,Always,Most use this,7,0.189
14120,25,gloves as clothing,Always,Most use this,7,0.189
14120,25,clothing for leisure wear,Always,Most use this,7,0.189
14120,25,casual clothing,Always,Most use this,6,0.162
14120,25,belts [clothing],Always,Most use this,6,0.162
14120,25,leather clothing,Always,Most use this,6,0.162
14120,25,hoods [clothing],Always,Most use this,6,0.162
14120,25,shorts [clothing],Always,Most use this,6,0.162
14120,25,wristbands [clothing],Always,Most use this,6,0.162
14120,25,"parts of clothing, footwear and headgear",Always,Most use this,6,0.162
14120,25,capes (clothing),Always,Most use this,6,0.162
14120,9,protective industrial shoes,Always,Most use this,9,0.29
14120,9,boots [protective footwear],Always,Most use this,8,0.258
14120,9,protective work clothing [for protection against accident or injury],Always,Most use this,7,0.226
14120,9,protective and safety equipment,Always,Most use this,6,0.194
14120,9,protective industrial boots,Always,Most use this,6,0.194
14120,9,safety footwear for protection against accident or injury,Always,Most use this,6,0.194
14120,9,clothing for protection against accidents,Always,Most use this,5,0.161
14120,9,high-visibility safety clothing,Always,Most use this,5,0.161
14120,9,protective goggles,Always,Most use this,5,0.161
14120,9,safety helmets,Always,Most use this,5,0.161
14120,9,hi-viz safety clothing,Always,Most use this,5,0.161
14120,9,personal protective equipment.,Always,Most use this,4,0.129
14120,9,thermal protective aids [clothing] for protection against accident or injury,Always,Most use this,4,0.129
14120,9,personal protective equipment,Always,Most use this,4,0.129
14120,9,shoes [protective],Always,Most use this,4,0.129
14120,9,"gloves for protection against accidents, irradiation and fire",Always,Most use this,4,0.129
14120,9,gloves for protection against accident or injury.,Always,Most use this,4,0.129
14120,9,gloves for protection against injury,Always,Most use this,4,0.129
14120,9,helmets [protective],Always,Most use this,4,0.129
14120,9,safety headgear,Sometimes,Some use this,3,0.097
14120,9,shoes (protective -),Sometimes,Some use this,3,0.097
14120,9,tactical protective clothing,Sometimes,Some use this,3,0.097
14120,9,protective glasses,Sometimes,Some use this,3,0.097
14120,9,protective clothing made from ballistic resistant materials,Sometimes,Some use this,3,0.097
14120,9,protective headgear,Sometimes,Some use this,3,0.097
14120,35,retail services in relation to footwear,Always,Most use this,4,0.211
14120,35,retail services in relation to clothing.,Always,Most use this,4,0.211
14120,35,"retail services connected with clothing, footwear, and headgear.",Sometimes,Some use this,2,0.105
14120,35,retail services connected with the sale of clothing.,Sometimes,Some use this,2,0.105
14120,35,business organization and management consulting,Sometimes,Some use this,1,0.053
14120,35,commercial assistance in business management,Sometimes,Some use this,1,0.053
14120,35,business administration consultancy,Sometimes,Some use this,1,0.053
14120,35,retail services relating to jewelry,Sometimes,Some use this,1,0.053
14120,35,business administration and management,Sometimes,Some use this,1,0.053
14120,35,acquisition of business information relating to company activities,Sometimes,Some use this,1,0.053
14120,35,commercial business management,Sometimes,Some use this,1,0.053
14120,35,business management services,Sometimes,Some use this,1,0.053
14120,35,business project management services,Sometimes,Some use this,1,0.053
14120,35,computerised business management [for others],Sometimes,Some use this,1,0.053
14120,35,business management consultancy,Sometimes,Some use this,1,0.053
14120,35,analysis of business management systems,Sometimes,Some use this,1,0.053
14120,35,business management organisation,Sometimes,Some use this,1,0.053
14120,35,"providing advertising space in periodicals, newspapers and magazines",Sometimes,Some use this,1,0.053
14120,35,"retail, consultancy, e-commerce services.",Sometimes,Some use this,1,0.053
14120,35,business administration services,Sometimes,Some use this,1,0.053
14120,35,advisory services relating to business management and business operations,Sometimes,Some use this,1,0.053
14120,35,business process management and consulting,Sometimes,Some use this,1,0.053
14120,35,computerised business information services,Sometimes,Some use this,1,0.053
14120,35,analysis of business statistics,Sometimes,Some use this,1,0.053
14120,35,business management for a trade company and for a service company,Sometimes,Some use this,1,0.053
14120,10,hearing protectors,Always,Most use this,4,0.286
14120,10,ear plugs for medical purposes,Always,Most use this,4,0.286
14120,10,ear protectors,Always,Most use this,4,0.286
14120,10,hearing protectors without the ability to reproduce or transmit sound.,Always,Most use this,4,0.286
14120,10,ear plugs [hearing protection devices],Always,Most use this,4,0.286
14120,10,ear plugs for protection against noise,Always,Most use this,4,0.286
14120,10,ear plugs for protection against noise.,Always,Most use this,4,0.286
14120,10,noise protection means in the form of deformable ear plugs,Always,Most use this,4,0.286
14120,10,protective ear plugs,Always,Most use this,4,0.286
14120,10,ear plugs for noise reduction,Always,Most use this,4,0.286
14120,10,medical gowns,Always,Most use this,3,0.214
14120,10,protective gloves for medical use,Always,Most use this,2,0.143
14120,10,"medical clothing, footwear and headgear",Always,Most use this,2,0.143
14120,10,surgical gloves,Always,Most use this,2,0.143
14120,10,surgical masks.,Always,Most use this,2,0.143
14120,10,protective gloves for veterinary purposes,Sometimes,Some use this,1,0.071
14120,10,ear defenders,Sometimes,Some use this,1,0.071
14120,10,gloves for use during operations,Sometimes,Some use this,1,0.071
14120,10,protective gloves for use by persons working in medicine,Sometimes,Some use this,1,0.071
14120,10,gloves for veterinary use,Sometimes,Some use this,1,0.071
14120,10,dental gloves,Sometimes,Some use this,1,0.071
14120,10,gloves for use in hospitals,Sometimes,Some use this,1,0.071
14120,10,rubber gloves for surgical use,Sometimes,Some use this,1,0.071
14120,10,gloves that block uv rays for skin health purposes,Sometimes,Some use this,1,0.071
14120,10,protective gloves for veterinary use,Sometimes,Some use this,1,0.071
13300,24,fabrics,Always,All use this,12,0.364
13300,24,mesh fabrics,Always,Most use this,7,0.212
13300,24,tulles,Always,Most use this,7,0.212
13300,24,coated fabrics,Always,Most use this,7,0.212
13300,24,lining fabrics of textile material,Always,Most use this,7,0.212
13300,24,"textiles for making articles of clothing, headgear and footwear",Always,Most use this,7,0.212
13300,24,textile cloths,Always,Most use this,7,0.212
13300,24,knitted fabrics,Always,Most use this,7,0.212
13300,24,textile and textile piece goods,Always,Most use this,7,0.212
13300,24,textiles and substitutes for textiles,Always,Most use this,7,0.212
13300,24,synthetic fabrics,Always,Most use this,7,0.212
13300,24,mesh-woven fabrics,Always,Most use this,7,0.212
13300,24,parts and fittings for the aforesaid goods.,Always,Most use this,7,0.212
13300,24,household linen,Always,Most use this,6,0.182
13300,24,lace fabrics,Always,Most use this,6,0.182
13300,24,fabrics for textile use,Always,Most use this,6,0.182
13300,24,upholstery fabrics,Always,Most use this,5,0.152
13300,24,woven fabric,Always,Most use this,5,0.152
13300,24,lining fabrics,Always,Most use this,5,0.152
13300,24,textile fabric,Always,Most use this,5,0.152
13300,24,flame resistant fabrics,Always,Most use this,5,0.152
13300,24,sailcloth,Always,Most use this,5,0.152
13300,24,textiles,Always,Most use this,5,0.152
13300,24,fleece materials,Always,Most use this,5,0.152
13300,24,fabrics being textile piece goods,Always,Most use this,4,0.121
13300,25,clothing,Always,All use this,16,0.762
13300,25,ready-to-wear clothing,Always,All use this,10,0.476
13300,25,jackets [clothing],Always,All use this,9,0.429
13300,25,knitwear [clothing],Always,All use this,9,0.429
13300,25,denims [clothing],Always,All use this,8,0.381
13300,25,gloves as clothing,Always,All use this,7,0.333
13300,25,hoods [clothing],Always,All use this,7,0.333
13300,25,shorts [clothing],Always,All use this,7,0.333
13300,25,casual clothing,Always,Most use this,6,0.286
13300,25,stuff jackets [clothing],Always,Most use this,6,0.286
13300,25,clothing for children,Always,Most use this,6,0.286
13300,25,jerseys [clothing],Always,Most use this,6,0.286
13300,25,bottoms [clothing],Always,Most use this,6,0.286
13300,25,waterproof clothing,Always,Most use this,6,0.286
13300,25,sports clothing,Always,Most use this,6,0.286
13300,25,clothes,Always,Most use this,6,0.286
13300,25,embroidered clothing,Always,Most use this,5,0.238
13300,25,clothing for leisure wear,Always,Most use this,5,0.238
13300,25,tops [clothing],Always,Most use this,5,0.238
13300,25,leisure clothing,Always,Most use this,5,0.238
13300,25,rainproof clothing,Always,Most use this,5,0.238
13300,25,"parts of clothing, footwear and headgear",Always,Most use this,5,0.238
13300,25,playsuits [clothing],Always,Most use this,5,0.238
13300,25,weatherproof clothing,Always,Most use this,5,0.238
13300,25,windproof clothing,Always,Most use this,5,0.238
13300,35,business management of wholesale and retail outlets,Always,Most use this,3,0.188
13300,35,retail services in relation to fashion accessories,Always,Most use this,3,0.188
13300,35,business project management services for construction projects.,Always,Most use this,2,0.125
13300,35,retail services connected with the sale of clothing and clothing accessories.,Always,Most use this,2,0.125
13300,35,online advertising.,Always,Most use this,2,0.125
13300,35,mail order retail services connected with clothing accessories,Always,Most use this,2,0.125
13300,35,retail services in relation to metal hardware,Always,Most use this,2,0.125
13300,35,retail services connected with the sale of clothing and clothing accessories,Always,Most use this,2,0.125
13300,35,retail services in relation to clothing,Sometimes,Some use this,1,0.062
13300,35,personnel recruitment agency services,Sometimes,Some use this,1,0.062
13300,35,retail services connected with the sale of furniture,Sometimes,Some use this,1,0.062
13300,35,advertising the goods of others via a searchable online guide,Sometimes,Some use this,1,0.062
13300,35,auction services,Sometimes,Some use this,1,0.062
13300,35,mail order retail services connected with clothing accessories.,Sometimes,Some use this,1,0.062
13300,35,employment counselling services,Sometimes,Some use this,1,0.062
13300,35,retail services in relation to footwear,Sometimes,Some use this,1,0.062
13300,35,career advisory services (other than education and training advice),Sometimes,Some use this,1,0.062
13300,35,retail services in relation to fabrics,Sometimes,Some use this,1,0.062
13300,35,online retail store services relating to clothing,Sometimes,Some use this,1,0.062
13300,35,online ordering services,Sometimes,Some use this,1,0.062
13300,35,business functions,Sometimes,Some use this,1,0.062
13300,35,personnel management and employment consultancy,Sometimes,Some use this,1,0.062
13300,35,temporary employment agencies,Sometimes,Some use this,1,0.062
13300,35,business management and organisational services,Sometimes,Some use this,1,0.062
13300,35,online retail services relating to jewelry,Sometimes,Some use this,1,0.062
13300,40,treatment and transformation of materials,Always,All use this,5,0.357
13300,40,finishing and coating of textiles.,Always,All use this,5,0.357
13300,40,3d printing,Always,Most use this,3,0.214
13300,40,finishing and coating of textiles,Always,Most use this,3,0.214
13300,40,treating of textiles,Always,Most use this,3,0.214
13300,40,recycling of clothing,Always,Most use this,2,0.143
13300,40,metal working. .,Always,Most use this,2,0.143
13300,40,joinery services [custom manufacturing of woodwork],Always,Most use this,2,0.143
13300,40,fireproofing of textiles.,Always,Most use this,2,0.143
13300,40,wood-working,Always,Most use this,2,0.143
13300,40,"moulding of concrete, metal and plastic materials",Always,Most use this,2,0.143
13300,40,casting,Always,Most use this,2,0.143
13300,40,treatment of materials such as carving,Always,Most use this,2,0.143
13300,40,printing,Sometimes,Some use this,1,0.071
13300,40,three-dimensional printing [3dp] services,Sometimes,Some use this,1,0.071
13300,40,sewing services,Sometimes,Some use this,1,0.071
13300,40,recycling of refuse and waste,Sometimes,Some use this,1,0.071
13300,40,finishing of surfaces by peen forming,Sometimes,Some use this,1,0.071
13300,40,recycling of valuable materials,Sometimes,Some use this,1,0.071
13300,40,shrinking of items of clothing,Sometimes,Some use this,1,0.071
13300,40,blast treatment of a surface (services for the -).,Sometimes,Some use this,1,0.071
13300,40,knitting machine rental,Sometimes,Some use this,1,0.071
13300,40,embroidery services,Sometimes,Some use this,1,0.071
13300,40,t-shirt printing.,Sometimes,Some use this,1,0.071
13300,40,printing (lithographic -),Sometimes,Some use this,1,0.071
14190,25,clothing,Always,All use this,365,0.597
14190,25,jackets [clothing],Always,Most use this,170,0.278
14190,25,casual clothing,Always,Most use this,167,0.273
14190,25,clothes,Always,Most use this,163,0.267
14190,25,ready-to-wear clothing,Always,Most use this,156,0.255
14190,25,shorts [clothing],Always,Most use this,149,0.244
14190,25,sports clothing,Always,Most use this,147,0.241
14190,25,knitwear [clothing],Always,Most use this,143,0.234
14190,25,clothing for leisure wear,Always,Most use this,142,0.232
14190,25,footwear,Always,Most use this,136,0.223
14190,25,athletic clothing,Always,Most use this,134,0.219
14190,25,jerseys [clothing],Always,Most use this,132,0.216
14190,25,embroidered clothing,Always,Most use this,131,0.214
14190,25,jackets being sports clothing,Always,Most use this,131,0.214
14190,25,t-shirts,Always,Most use this,130,0.213
14190,25,bottoms [clothing],Always,Most use this,127,0.208
14190,25,clothing for sports,Always,Most use this,127,0.208
14190,25,tops [clothing],Always,Most use this,126,0.206
14190,25,denims [clothing],Always,Most use this,126,0.206
14190,25,leisure clothing,Always,Most use this,124,0.203
14190,25,hoods [clothing],Always,Most use this,118,0.193
14190,25,gloves [clothing],Always,Most use this,116,0.19
14190,25,"parts of clothing, footwear and headgear",Always,Most use this,115,0.188
14190,25,headbands [clothing],Always,Most use this,113,0.185
14190,25,waterproof clothing,Always,Most use this,110,0.18
14190,35,online retail services relating to clothing,Always,Most use this,48,0.212
14190,35,retail services connected with the sale of clothing and clothing accessories.,Always,Most use this,45,0.199
14190,35,retail services connected with the sale of clothing and clothing accessories,Always,Most use this,39,0.173
14190,35,retail services relating to clothing,Always,Most use this,38,0.168
14190,35,retail services in relation to fashion accessories,Always,Most use this,34,0.15
14190,35,online retail store services relating to clothing,Always,Most use this,32,0.142
14190,35,retail services in relation to clothing,Always,Most use this,31,0.137
14190,35,retail services in relation to clothing accessories,Always,Most use this,29,0.128
14190,35,retail store services in the field of clothing,Always,Most use this,29,0.128
14190,35,online retail store services in relation to clothing,Always,Most use this,28,0.124
14190,35,retail services in relation to bags,Sometimes,Some use this,25,0.111
14190,35,online retail services relating to handbags,Sometimes,Some use this,22,0.097
14190,35,online retail services relating to jewelry,Sometimes,Some use this,22,0.097
14190,35,retail services in relation to footwear,Sometimes,Some use this,21,0.093
14190,35,retail services in relation to jewellery,Sometimes,Some use this,18,0.08
14190,35,mail order retail services for clothing accessories,Sometimes,Some use this,17,0.075
14190,35,fashion show exhibitions for commercial purposes,Sometimes,Some use this,17,0.075
14190,35,organization of fashion parades for sales promotion purposes,Sometimes,Some use this,17,0.075
14190,35,fashion shows for promotional purposes (organization of -),Sometimes,Some use this,17,0.075
14190,35,organisation of fashion shows for commercial purposes,Sometimes,Some use this,17,0.075
14190,35,organization of fashion shows for promotional purposes,Sometimes,Some use this,16,0.071
14190,35,promoting the sale of fashion goods through promotional articles in magazines,Sometimes,Some use this,16,0.071
14190,35,retail services relating to jewelry,Sometimes,Some use this,15,0.066
14190,35,mail order retail services for clothing,Sometimes,Some use this,15,0.066
14190,35,online retail services relating to cosmetics,Sometimes,Some use this,14,0.062
14190,18,bags,Always,All use this,108,0.56
14190,18,tote bags,Always,All use this,82,0.425
14190,18,handbags,Always,All use this,66,0.342
14190,18,shoulder bags,Always,All use this,60,0.311
14190,18,duffel bags,Always,Most use this,55,0.285
14190,18,sports bags,Always,Most use this,53,0.275
14190,18,satchels,Always,Most use this,47,0.244
14190,18,gym bags,Always,Most use this,47,0.244
14190,18,purses,Always,Most use this,46,0.238
14190,18,beach bags,Always,Most use this,45,0.233
14190,18,shoe bags,Always,Most use this,42,0.218
14190,18,wallets,Always,Most use this,42,0.218
14190,18,belt bags,Always,Most use this,41,0.212
14190,18,leather bags,Always,Most use this,40,0.207
14190,18,parts and fittings for all the aforesaid goods.,Always,Most use this,40,0.207
14190,18,clutch bags,Always,Most use this,38,0.197
14190,18,suitcases,Always,Most use this,38,0.197
14190,18,shopping bags,Always,Most use this,38,0.197
14190,18,duffle bags,Always,Most use this,37,0.192
14190,18,backpacks,Always,Most use this,37,0.192
14190,18,messenger bags,Always,Most use this,37,0.192
14190,18,school bags,Always,Most use this,36,0.187
14190,18,crossbody bags,Always,Most use this,36,0.187
14190,18,briefcases,Always,Most use this,30,0.155
14190,18,luggage bags,Always,Most use this,30,0.155
14190,9,sunglasses,Always,Most use this,21,0.276
14190,9,fashion eyeglasses,Always,Most use this,17,0.224
14190,9,computer software,Always,Most use this,17,0.224
14190,9,software,Always,Most use this,17,0.224
14190,9,gaming software,Always,Most use this,16,0.211
14190,9,eyewear,Always,Most use this,16,0.211
14190,9,game software,Always,Most use this,15,0.197
14190,9,non-volatile memories,Always,Most use this,15,0.197
14190,9,assistive software,Always,Most use this,15,0.197
14190,9,fashion sunglasses,Always,Most use this,15,0.197
14190,9,"downloadable software, namely non-fungible tokens",Always,Most use this,15,0.197
14190,9,"rescue flares, non-explosive and non-pyrotechnic",Always,Most use this,14,0.184
14190,9,music software,Always,Most use this,14,0.184
14190,9,spectacles,Always,Most use this,14,0.184
14190,9,programming software,Always,Most use this,14,0.184
14190,9,software compiler,Always,Most use this,13,0.171
14190,9,encryption software,Always,Most use this,13,0.171
14190,9,downloadable digital photos,Always,Most use this,13,0.171
14190,9,educational computer software,Always,Most use this,13,0.171
14190,9,utility software,Always,Most use this,13,0.171
14190,9,workflow software,Always,Most use this,13,0.171
14190,9,testing software,Always,Most use this,13,0.171
14190,9,communications software,Always,Most use this,13,0.171
14190,9,bioinformatics software,Always,Most use this,13,0.171
14190,9,biometric software,Always,Most use this,13,0.171
14190,28,sports training apparatus,Always,Most use this,16,0.242
14190,28,sports equipment,Always,Most use this,16,0.242
14190,28,hand wraps for sports use,Always,Most use this,11,0.167
14190,28,elbow guards for sports use,Always,Most use this,10,0.152
14190,28,knee guards for athletic use,Always,Most use this,10,0.152
14190,28,athletic wraps for supporting wrists during exercise,Always,Most use this,10,0.152
14190,28,sport balls,Always,Most use this,9,0.136
14190,28,sporting articles and equipment,Always,Most use this,9,0.136
14190,28,boxing gloves,Always,Most use this,8,0.121
14190,28,gymnastic and sporting articles,Always,Most use this,8,0.121
14190,28,rackets,Always,Most use this,8,0.121
14190,28,gloves for sports,Sometimes,Some use this,7,0.106
14190,28,exercise balls,Sometimes,Some use this,7,0.106
14190,28,plush toys,Sometimes,Some use this,6,0.091
14190,28,exercise weights,Sometimes,Some use this,6,0.091
14190,28,balls for sports,Sometimes,Some use this,6,0.091
14190,28,fitness exercise machines,Sometimes,Some use this,6,0.091
14190,28,football equipment,Sometimes,Some use this,6,0.091
14190,28,skateboards,Sometimes,Some use this,6,0.091
14190,28,stationary exercise bicycles,Sometimes,Some use this,6,0.091
14190,28,sports balls,Sometimes,Some use this,6,0.091
14190,28,wrist guards for athletic use.,Sometimes,Some use this,6,0.091
14190,28,"elbow pads for athletic
use",Sometimes,Some use this,6,0.091
14190,28,exercise pulleys,Sometimes,Some use this,5,0.076
14190,28,machines for physical exercises,Sometimes,Some use this,5,0.076
14190,14,jewellery,Always,All use this,32,0.561
14190,14,fashion jewellery,Always,All use this,19,0.333
14190,14,costume jewellery,Always,All use this,18,0.316
14190,14,necklaces [jewellery],Always,Most use this,16,0.281
14190,14,bracelets [jewellery],Always,Most use this,16,0.281
14190,14,bracelets,Always,Most use this,15,0.263
14190,14,brooches [jewellery],Always,Most use this,14,0.246
14190,14,jewellery charms,Always,Most use this,14,0.246
14190,14,pendants [jewellery],Always,Most use this,14,0.246
14190,14,"bracelets [jewellery, jewelry (am.)]",Always,Most use this,13,0.228
14190,14,charms [jewellery],Always,Most use this,13,0.228
14190,14,hat jewellery,Always,Most use this,13,0.228
14190,14,rings [jewellery],Always,Most use this,13,0.228
14190,14,necklaces [jewelry],Always,Most use this,12,0.211
14190,14,jewelry,Always,Most use this,12,0.211
14190,14,dress ornaments in the nature of jewellery,Always,Most use this,12,0.211
14190,14,jewellery products,Always,Most use this,12,0.211
14190,14,necklaces,Always,Most use this,12,0.211
14190,14,amulets [jewellery],Always,Most use this,12,0.211
14190,14,pearls [jewelry],Always,Most use this,12,0.211
14190,14,jewellery items,Always,Most use this,11,0.193
14190,14,"necklaces [jewellery, jewelry (am.)]",Always,Most use this,11,0.193
14190,14,earrings,Always,Most use this,11,0.193
14190,14,shoe jewellery,Always,Most use this,11,0.193
14190,14,charms for jewellery,Always,Most use this,11,0.193
14190,41,operation of sports camps,Always,Most use this,8,0.145
14190,41,arranging and conducting gaming competitions through real time online events,Sometimes,Some use this,6,0.109
14190,41,organisation of fashion shows for entertainment purposes,Sometimes,Some use this,6,0.109
14190,41,organization of weight lifting competitions.,Sometimes,Some use this,6,0.109
14190,41,"entertainment in the nature of weight lifting
competitions",Sometimes,Some use this,6,0.109
14190,41,"conducting fitness
classes, developing fitness programs, fitness training",Sometimes,Some use this,6,0.109
14190,41,organization and staging of weightlifting competitions,Sometimes,Some use this,6,0.109
14190,41,fitness club services,Sometimes,Some use this,6,0.109
14190,41,education,Sometimes,Some use this,5,0.091
14190,41,organisation of entertainment and cultural events,Sometimes,Some use this,4,0.073
14190,41,organisation of cultural events,Sometimes,Some use this,4,0.073
14190,41,organising community sporting events,Sometimes,Some use this,4,0.073
14190,41,fashion shows for entertainment purposes (organization of -),Sometimes,Some use this,4,0.073
14190,41,performance of music and singing,Sometimes,Some use this,4,0.073
14190,41,life coaching (training),Sometimes,Some use this,4,0.073
14190,41,entertainment in the nature of fashion shows,Sometimes,Some use this,4,0.073
14190,41,training in sports,Sometimes,Some use this,4,0.073
14190,41,organising of sports events and of sports competitions,Sometimes,Some use this,4,0.073
14190,41,music recording,Sometimes,Some use this,4,0.073
14190,41,"entertainment, sporting and cultural activities",Sometimes,Some use this,3,0.055
14190,41,music concerts,Sometimes,Some use this,3,0.055
14190,41,music production,Sometimes,Some use this,3,0.055
14190,41,sports activities,Sometimes,Some use this,3,0.055
14190,41,sports entertainment services,Sometimes,Some use this,3,0.055
14190,41,production of esports events,Sometimes,Some use this,3,0.055
14190,42,fashion design,Always,All use this,24,0.453
14190,42,design of fashion accessories,Always,All use this,17,0.321
14190,42,design of clothing,Always,All use this,16,0.302
14190,42,"design of clothing, footwear and headgear",Always,Most use this,15,0.283
14190,42,fashion design consulting services,Always,Most use this,14,0.264
14190,42,design of clothing accessories,Always,Most use this,14,0.264
14190,42,software design,Always,Most use this,13,0.245
14190,42,providing information about fashion design services,Always,Most use this,13,0.245
14190,42,software engineering,Always,Most use this,11,0.208
14190,42,software installation,Always,Most use this,11,0.208
14190,42,software development,Always,Most use this,11,0.208
14190,42,software authoring,Always,Most use this,11,0.208
14190,42,designing of clothing,Always,Most use this,10,0.189
14190,42,software research,Always,Most use this,8,0.151
14190,42,software creation,Always,Most use this,8,0.151
14190,42,dress design,Always,Most use this,8,0.151
14190,42,design of jewellery,Always,Most use this,8,0.151
14190,42,product design,Sometimes,Some use this,6,0.113
14190,42,telecommunication network security consultancy,Sometimes,Some use this,5,0.094
14190,42,services for the planning [design] of clubs,Sometimes,Some use this,5,0.094
14190,42,design and development of computer hardware and software,Sometimes,Some use this,5,0.094
14190,42,design of trade marks,Sometimes,Some use this,5,0.094
14190,42,scientific research in the field of social medicine,Sometimes,Some use this,5,0.094
14190,42,planning [design] of clubs,Sometimes,Some use this,5,0.094
14190,42,research in the field of social media,Sometimes,Some use this,5,0.094
15120,18,bags,Always,All use this,70,0.583
15120,18,tote bags,Always,All use this,58,0.483
15120,18,leather bags,Always,All use this,51,0.425
15120,18,crossbody bags,Always,All use this,50,0.417
15120,18,cross-body bags,Always,All use this,50,0.417
15120,18,leather bags and wallets,Always,All use this,50,0.417
15120,18,cosmetic bags,Always,All use this,45,0.375
15120,18,travel bags,Always,All use this,44,0.367
15120,18,duffle bags,Always,All use this,44,0.367
15120,18,purses,Always,All use this,43,0.358
15120,18,toiletry bags,Always,All use this,43,0.358
15120,18,shoulder bags,Always,All use this,42,0.35
15120,18,clutch bags,Always,All use this,42,0.35
15120,18,handbags,Always,All use this,41,0.342
15120,18,canvas bags,Always,All use this,40,0.333
15120,18,luggage bags,Always,All use this,39,0.325
15120,18,belt bags and hip bags,Always,All use this,38,0.317
15120,18,carry-on bags,Always,All use this,38,0.317
15120,18,carry-all bags,Always,All use this,38,0.317
15120,18,make-up bags,Always,All use this,37,0.308
15120,18,leather handbags,Always,Most use this,35,0.292
15120,18,shoe bags,Always,Most use this,35,0.292
15120,18,"luggage, bags, wallets and other carriers",Always,Most use this,34,0.283
15120,18,duffel bags,Always,Most use this,34,0.283
15120,18,hand bags,Always,Most use this,33,0.275
15120,25,clothing,Always,All use this,41,0.554
15120,25,footwear,Always,All use this,31,0.419
15120,25,ready-to-wear clothing,Always,All use this,23,0.311
15120,25,jackets [clothing],Always,Most use this,22,0.297
15120,25,belts for clothing,Always,Most use this,21,0.284
15120,25,clothes,Always,Most use this,21,0.284
15120,25,belts [clothing],Always,Most use this,20,0.27
15120,25,casual clothing,Always,Most use this,20,0.27
15120,25,leather clothing,Always,Most use this,20,0.27
15120,25,knitwear [clothing],Always,Most use this,20,0.27
15120,25,clothing of leather,Always,Most use this,19,0.257
15120,25,denims [clothing],Always,Most use this,18,0.243
15120,25,clothing for leisure wear,Always,Most use this,18,0.243
15120,25,woolen clothing,Always,Most use this,18,0.243
15120,25,jerseys [clothing],Always,Most use this,17,0.23
15120,25,silk clothing,Always,Most use this,17,0.23
15120,25,furs [clothing],Always,Most use this,17,0.23
15120,25,headbands [clothing],Always,Most use this,17,0.23
15120,25,gloves [clothing],Always,Most use this,17,0.23
15120,25,embroidered clothing,Always,Most use this,16,0.216
15120,25,hoods [clothing],Always,Most use this,16,0.216
15120,25,tops [clothing],Always,Most use this,16,0.216
15120,25,ready-made clothing,Always,Most use this,16,0.216
15120,25,cashmere clothing,Always,Most use this,16,0.216
15120,25,sports clothing,Always,Most use this,15,0.203
15120,35,online retail services relating to handbags,Always,Most use this,11,0.25
15120,35,retail services in relation to bags,Always,Most use this,9,0.205
15120,35,retail services in relation to clothing accessories,Always,Most use this,9,0.205
15120,35,retail services in relation to fashion accessories,Always,Most use this,9,0.205
15120,35,online retail store services in relation to clothing,Always,Most use this,8,0.182
15120,35,online retail store services relating to clothing,Always,Most use this,7,0.159
15120,35,online retail services relating to clothing,Always,Most use this,7,0.159
15120,35,retail services relating to clothing,Always,Most use this,6,0.136
15120,35,retail services connected with the sale of clothing and clothing accessories,Always,Most use this,6,0.136
15120,35,retail services in relation to clothing,Always,Most use this,6,0.136
15120,35,retail store services in the field of clothing,Always,Most use this,6,0.136
15120,35,retail services in relation to luggage,Always,Most use this,6,0.136
15120,35,mail order retail services for clothing,Sometimes,Some use this,5,0.114
15120,35,online retail services relating to luggage,Sometimes,Some use this,5,0.114
15120,35,online ordering services,Sometimes,Some use this,5,0.114
15120,35,mail order retail services for clothing accessories,Sometimes,Some use this,5,0.114
15120,35,online marketing,Sometimes,Some use this,4,0.091
15120,35,online retail services relating to jewelry,Sometimes,Some use this,4,0.091
15120,35,retail services connected with stationery,Sometimes,Some use this,4,0.091
15120,35,retail services in relation to footwear,Sometimes,Some use this,4,0.091
15120,35,retail services in relation to jewellery,Sometimes,Some use this,4,0.091
15120,35,retail services in relation to headgear,Sometimes,Some use this,4,0.091
15120,35,on-line advertising,Sometimes,Some use this,4,0.091
15120,35,online advertisements,Sometimes,Some use this,4,0.091
15120,35,retail services relating to jewelry,Sometimes,Some use this,4,0.091
15120,9,cases for mobile phones,Always,All use this,11,0.458
15120,9,cases for sunglasses,Always,All use this,8,0.333
15120,9,sunglasses,Always,All use this,8,0.333
15120,9,cords for sunglasses,Always,Most use this,6,0.25
15120,9,frames for sunglasses,Always,Most use this,6,0.25
15120,9,smart glasses,Always,Most use this,6,0.25
15120,9,spectacles,Always,Most use this,6,0.25
15120,9,glasses,Always,Most use this,6,0.25
15120,9,eyewear,Always,Most use this,6,0.25
15120,9,cases for headphones,Always,Most use this,5,0.208
15120,9,goggles for sports,Always,Most use this,5,0.208
15120,9,chargers,Always,Most use this,5,0.208
15120,9,wireless chargers,Always,Most use this,5,0.208
15120,9,wearable computers,Always,Most use this,4,0.167
15120,9,portable audio players,Always,Most use this,4,0.167
15120,9,dvds,Always,Most use this,4,0.167
15120,9,wearable video displays,Always,Most use this,4,0.167
15120,9,"downloadable mobile applications, namely, cashless wallets",Always,Most use this,4,0.167
15120,9,bags for portable computers,Always,Most use this,4,0.167
15120,9,boxes for sunglasses,Always,Most use this,4,0.167
15120,9,spectacle boxes,Always,Most use this,4,0.167
15120,9,wearable smart phones,Always,Most use this,4,0.167
15120,9,speaker docks,Always,Most use this,4,0.167
15120,9,downloadable electronic publications,Always,Most use this,4,0.167
15120,9,mobile phones,Always,Most use this,4,0.167
15120,14,jewellery boxes,Always,All use this,11,0.478
15120,14,jewellery charms,Always,All use this,8,0.348
15120,14,jewellery,Always,All use this,8,0.348
15120,14,watches,Always,Most use this,6,0.261
15120,14,costume jewellery,Always,Most use this,5,0.217
15120,14,boxes of precious metal,Always,Most use this,5,0.217
15120,14,jewellery.,Always,Most use this,5,0.217
15120,14,tie pins,Always,Most use this,5,0.217
15120,14,imitation jewellery,Always,Most use this,5,0.217
15120,14,necklaces [jewellery],Always,Most use this,5,0.217
15120,14,fashion jewellery,Always,Most use this,5,0.217
15120,14,clocks,Always,Most use this,5,0.217
15120,14,cases for watches and clocks,Always,Most use this,5,0.217
15120,14,cuff links,Always,Most use this,5,0.217
15120,14,jewellery items,Always,Most use this,4,0.174
15120,14,watch bands and bracelets,Always,Most use this,4,0.174
15120,14,statuettes made of semi-precious metals,Always,Most use this,4,0.174
15120,14,key rings of precious metal,Always,Most use this,4,0.174
15120,14,keyrings,Always,Most use this,4,0.174
15120,14,items of jewellery,Always,Most use this,4,0.174
15120,14,precious stones or semi precious stones and articles made thereof,Always,Most use this,4,0.174
15120,14,timepieces,Always,Most use this,4,0.174
15120,14,rings [jewellery],Always,Most use this,4,0.174
15120,14,trinkets of bronze,Always,Most use this,4,0.174
15120,14,bracelets [jewellery],Always,Most use this,4,0.174
15120,21,tableware,Always,All use this,9,0.474
15120,21,crockery,Always,All use this,7,0.368
15120,21,household utensils,Always,All use this,7,0.368
15120,21,plates,Always,All use this,7,0.368
15120,21,kitchen utensils,Always,All use this,7,0.368
15120,21,kitchen containers,Always,All use this,7,0.368
15120,21,household containers,Always,All use this,7,0.368
15120,21,glass dishes,Always,All use this,6,0.316
15120,21,dishes,Always,All use this,6,0.316
15120,21,"cosmetic, hygiene and beauty care utensils.",Always,All use this,6,0.316
15120,21,waste baskets,Always,All use this,6,0.316
15120,21,mugs,Always,All use this,6,0.316
15120,21,vases,Always,All use this,6,0.316
15120,21,toothbrushes,Always,All use this,6,0.316
15120,21,lunch boxes,Always,All use this,6,0.316
15120,21,glassware,Always,Most use this,5,0.263
15120,21,"cookware, except forks, knives and spoons",Always,Most use this,5,0.263
15120,21,chopping boards,Always,Most use this,5,0.263
15120,21,candle holders,Always,Most use this,4,0.211
15120,21,water bottles,Always,Most use this,4,0.211
15120,21,"planters of pottery, earthenware, plastic, porcelain or glass",Always,Most use this,4,0.211
15120,21,shoe horns,Always,Most use this,4,0.211
15120,21,dishware,Always,Most use this,4,0.211
15120,21,"statuettes of porcelain, ceramic, earthenware, terra-cotta or glass",Always,Most use this,4,0.211
15120,21,cooking pans,Always,Most use this,4,0.211
15120,28,"parts, accessories and fittings for the aforementioned.",Always,Most use this,3,0.188
15120,28,bags for skateboards,Always,Most use this,3,0.188
15120,28,snowboard decks,Always,Most use this,2,0.125
15120,28,skateboard wheels,Always,Most use this,2,0.125
15120,28,skateboards,Always,Most use this,2,0.125
15120,28,dog toys,Always,Most use this,2,0.125
15120,28,outdoor toys,Always,Most use this,2,0.125
15120,28,ski boards,Always,Most use this,2,0.125
15120,28,snuffle mats being dog toys,Always,Most use this,2,0.125
15120,28,toys for pet animals,Always,Most use this,2,0.125
15120,28,chest protectors for sport,Always,Most use this,2,0.125
15120,28,imitation bones being toys for dogs,Always,Most use this,2,0.125
15120,28,pet toys,Always,Most use this,2,0.125
15120,28,ski bags.,Always,Most use this,2,0.125
15120,28,body protectors for sports,Always,Most use this,2,0.125
15120,28,snowboards,Always,Most use this,2,0.125
15120,28,toys for dogs,Always,Most use this,2,0.125
15120,28,skis,Always,Most use this,2,0.125
15120,28,rib protectors for sport,Always,Most use this,2,0.125
15120,28,electronic games for the teaching of children,Sometimes,Some use this,1,0.062
15120,28,doll accessories,Sometimes,Some use this,1,0.062
15120,28,children's toys.,Sometimes,Some use this,1,0.062
15120,28,bean bag dolls.,Sometimes,Some use this,1,0.062
15120,28,basketball baskets,Sometimes,Some use this,1,0.062
15120,28,toys,Sometimes,Some use this,1,0.062
15120,24,duvets,Always,All use this,8,0.471
15120,24,duvet covers,Always,All use this,8,0.471
15120,24,towels,Always,All use this,7,0.412
15120,24,"textile goods, and substitutes for textile goods",Always,All use this,7,0.412
15120,24,curtains,Always,All use this,7,0.412
15120,24,bed quilts,Always,All use this,7,0.412
15120,24,bed blankets,Always,All use this,7,0.412
15120,24,cotton blankets,Always,All use this,7,0.412
15120,24,bed clothes and blankets,Always,All use this,6,0.353
15120,24,apparel fabrics.,Always,All use this,6,0.353
15120,24,bedsheets,Always,All use this,6,0.353
15120,24,textiles,Always,All use this,6,0.353
15120,24,afghans [knitted covers],Always,All use this,6,0.353
15120,24,cotton cloths,Always,All use this,6,0.353
15120,24,bedspreads,Always,All use this,6,0.353
15120,24,blanket throws,Always,All use this,6,0.353
15120,24,lap blankets,Always,All use this,6,0.353
15120,24,hooded towels,Always,All use this,6,0.353
15120,24,hooded blankets,Always,All use this,6,0.353
15120,24,travelling blankets,Always,All use this,6,0.353
15120,24,linens,Always,All use this,6,0.353
15120,24,sofa blankets,Always,All use this,6,0.353
15120,24,silk blankets,Always,All use this,6,0.353
15120,24,"covers for pillows, cushions or duvets",Always,All use this,6,0.353
15120,24,table covers,Always,Most use this,5,0.294
15200,25,footwear,Always,All use this,50,0.568
15200,25,clothing,Always,All use this,44,0.5
15200,25,shoes,Always,All use this,37,0.42
15200,25,sports shoes,Always,Most use this,22,0.25
15200,25,clothes,Always,Most use this,19,0.216
15200,25,sneakers [footwear],Always,Most use this,18,0.205
15200,25,sneakers,Always,Most use this,18,0.205
15200,25,athletic footwear,Always,Most use this,18,0.205
15200,25,trainers [footwear],Always,Most use this,16,0.182
15200,25,sports clothing,Always,Most use this,15,0.17
15200,25,footwear for men,Always,Most use this,15,0.17
15200,25,sports footwear,Always,Most use this,15,0.17
15200,25,leather shoes,Always,Most use this,15,0.17
15200,25,insoles for footwear,Always,Most use this,15,0.17
15200,25,footwear for women,Always,Most use this,15,0.17
15200,25,"parts of clothing, footwear and headgear",Always,Most use this,14,0.159
15200,25,clothing for sports,Always,Most use this,14,0.159
15200,25,pumps [footwear],Always,Most use this,14,0.159
15200,25,athletics shoes,Always,Most use this,14,0.159
15200,25,leisure footwear,Always,Most use this,14,0.159
15200,25,casual footwear,Always,Most use this,14,0.159
15200,25,footwear for sports,Always,Most use this,14,0.159
15200,25,ready-made clothing,Always,Most use this,14,0.159
15200,25,shoe soles,Always,Most use this,14,0.159
15200,25,high-heeled shoes,Always,Most use this,14,0.159
15200,35,retail services in relation to footwear,Always,All use this,15,0.326
15200,35,retail services in relation to clothing.,Always,Most use this,9,0.196
15200,35,wholesale services in relation to footwear,Always,Most use this,7,0.152
15200,35,wholesale services in relation to clothing,Sometimes,Some use this,4,0.087
15200,35,retail services in relation to clothing,Sometimes,Some use this,4,0.087
15200,35,provision of an on-line marketplace for buyers and sellers of goods and services,Sometimes,Some use this,4,0.087
15200,35,commercial administration of the licensing of the goods and services of others,Sometimes,Some use this,4,0.087
15200,35,marketing,Sometimes,Some use this,4,0.087
15200,35,online retail store services in relation to clothing,Sometimes,Some use this,4,0.087
15200,35,retail services relating to clothing,Sometimes,Some use this,4,0.087
15200,35,retail services connected with the sale of clothing and clothing accessories,Sometimes,Some use this,3,0.065
15200,35,online retail store services relating to clothing,Sometimes,Some use this,3,0.065
15200,35,retail services in relation to fashion accessories,Sometimes,Some use this,3,0.065
15200,35,purchasing of goods and services for other businesses,Sometimes,Some use this,3,0.065
15200,35,business advisory services,Sometimes,Some use this,3,0.065
15200,35,production of advertising films,Sometimes,Some use this,3,0.065
15200,35,online retail services relating to handbags,Sometimes,Some use this,3,0.065
15200,35,advertising,Sometimes,Some use this,3,0.065
15200,35,online retail services relating to clothing,Sometimes,Some use this,3,0.065
15200,35,provision of an online marketplace for buyers and sellers of goods and services,Sometimes,Some use this,3,0.065
15200,35,advertising services to create brand identity for others,Sometimes,Some use this,3,0.065
15200,35,retail services in relation to clothing accessories,Sometimes,Some use this,3,0.065
15200,35,demonstration of goods,Sometimes,Some use this,3,0.065
15200,35,retail services connected with the sale of clothing and clothing accessories.,Sometimes,Some use this,2,0.043
15200,35,targeted marketing,Sometimes,Some use this,2,0.043
15200,18,bags,Always,All use this,20,0.645
15200,18,handbags,Always,All use this,12,0.387
15200,18,leather bags,Always,All use this,10,0.323
15200,18,tote bags,Always,All use this,10,0.323
15200,18,purses,Always,Most use this,9,0.29
15200,18,luggage,Always,Most use this,9,0.29
15200,18,rucksacks,Always,Most use this,9,0.29
15200,18,wallets,Always,Most use this,8,0.258
15200,18,backpacks,Always,Most use this,7,0.226
15200,18,clutch bags,Always,Most use this,7,0.226
15200,18,umbrellas,Always,Most use this,7,0.226
15200,18,travelling bags,Always,Most use this,7,0.226
15200,18,luggage bags,Always,Most use this,6,0.194
15200,18,travel bags,Always,Most use this,6,0.194
15200,18,leather and imitations of leather,Always,Most use this,6,0.194
15200,18,suitcases,Always,Most use this,6,0.194
15200,18,trunks [luggage],Always,Most use this,6,0.194
15200,18,shoulder bags,Always,Most use this,6,0.194
15200,18,leather suitcases,Always,Most use this,5,0.161
15200,18,cross-body bags,Always,Most use this,5,0.161
15200,18,leather and imitation leather,Always,Most use this,5,0.161
15200,18,shoe bags,Always,Most use this,5,0.161
15200,18,bags for sports,Always,Most use this,5,0.161
15200,18,holdalls,Always,Most use this,5,0.161
15200,18,leather bags and wallets,Always,Most use this,5,0.161
15200,9,clothing for protection against accidents,Always,Most use this,4,0.222
15200,9,gloves for protection against accident or injury.,Always,Most use this,4,0.222
15200,9,personal protective equipment.,Always,Most use this,4,0.222
15200,9,boots [protective footwear],Always,Most use this,4,0.222
15200,9,helmets [protective],Always,Most use this,4,0.222
15200,9,personal protective equipment,Always,Most use this,4,0.222
15200,9,protective work clothing [for protection against accident or injury],Always,Most use this,4,0.222
15200,9,safety footwear for protection against accident or injury,Always,Most use this,4,0.222
15200,9,protective industrial shoes,Always,Most use this,4,0.222
15200,9,shoes [protective],Always,Most use this,4,0.222
15200,9,sunglasses,Always,Most use this,4,0.222
15200,9,spectacles,Always,Most use this,3,0.167
15200,9,protective footwear for the prevention of accident or injury.,Sometimes,Some use this,2,0.111
15200,9,shoes (protective),Sometimes,Some use this,2,0.111
15200,9,frames for spectacles,Sometimes,Some use this,2,0.111
15200,9,goggles,Sometimes,Some use this,2,0.111
15200,9,eyewear,Sometimes,Some use this,2,0.111
15200,9,footwear for protection against accidents,Sometimes,Some use this,2,0.111
15200,9,lenses for spectacles,Sometimes,Some use this,2,0.111
15200,9,protective eyewear,Sometimes,Some use this,2,0.111
15200,9,cases for spectacles and sunglasses,Sometimes,Some use this,2,0.111
15200,9,eyeglasses,Sometimes,Some use this,2,0.111
15200,9,fashion sunglasses,Sometimes,Some use this,2,0.111
15200,9,smart glasses,Sometimes,Some use this,2,0.111
15200,9,cases for sunglasses,Sometimes,Some use this,2,0.111
15200,10,ear plugs [hearing protection devices],Always,Most use this,4,0.267
15200,10,hearing protectors without the ability to reproduce or transmit sound.,Always,Most use this,4,0.267
15200,10,hearing protectors,Always,Most use this,4,0.267
15200,10,ear protectors,Always,Most use this,4,0.267
15200,10,ear plugs for medical purposes,Always,Most use this,4,0.267
15200,10,ear plugs for noise reduction,Always,Most use this,4,0.267
15200,10,ear plugs for protection against noise.,Always,Most use this,4,0.267
15200,10,noise protection means in the form of deformable ear plugs,Always,Most use this,4,0.267
15200,10,ear plugs for protection against noise,Always,Most use this,4,0.267
15200,10,protective ear plugs,Always,Most use this,4,0.267
15200,10,orthopaedic soles,Always,Most use this,2,0.133
15200,10,orthopaedic detachable insoles,Always,Most use this,2,0.133
15200,10,orthopaedic footwear,Always,Most use this,2,0.133
15200,10,insoles for corrective treatment of conditions of the feet,Always,Most use this,2,0.133
15200,10,toe inserts for footwear [orthopaedic],Always,Most use this,2,0.133
15200,10,medical devices.,Always,Most use this,2,0.133
15200,10,medical apparatus and devices,Always,Most use this,2,0.133
15200,10,inserts for footwear [orthopaedic],Always,Most use this,2,0.133
15200,10,insoles for footwear [orthopaedic],Always,Most use this,2,0.133
15200,10,orthotic insoles,Always,Most use this,2,0.133
15200,10,cases for eyeglasses and sunglasses,Sometimes,Some use this,1,0.067
15200,10,orthopaedic footwear.,Sometimes,Some use this,1,0.067
15200,10,orthotic footwear,Sometimes,Some use this,1,0.067
15200,10,prescription eyeglasses,Sometimes,Some use this,1,0.067
15200,10,optical lenses for sunglasses,Sometimes,Some use this,1,0.067
18129,16,printed cards,Always,Most use this,32,0.221
18129,16,greeting cards,Always,Most use this,31,0.214
18129,16,posters,Always,Most use this,31,0.214
18129,16,printed matter,Always,Most use this,30,0.207
18129,16,cards,Always,Most use this,30,0.207
18129,16,art prints,Always,Most use this,29,0.2
18129,16,stickers,Always,Most use this,27,0.186
18129,16,printed paper labels,Always,Most use this,27,0.186
18129,16,christmas cards,Always,Most use this,26,0.179
18129,16,graphic art prints,Always,Most use this,25,0.172
18129,16,occasion cards,Always,Most use this,24,0.166
18129,16,graphic prints,Always,Most use this,24,0.166
18129,16,birthday cards,Always,Most use this,24,0.166
18129,16,prints,Always,Most use this,24,0.166
18129,16,greetings cards,Always,Most use this,24,0.166
18129,16,gift cards,Always,Most use this,24,0.166
18129,16,printed stationery,Always,Most use this,24,0.166
18129,16,stationery,Always,Most use this,23,0.159
18129,16,printed publications,Always,Most use this,23,0.159
18129,16,printed packaging materials of paper,Always,Most use this,23,0.159
18129,16,printed paper signs,Always,Most use this,22,0.152
18129,16,holiday cards,Always,Most use this,21,0.145
18129,16,post cards,Always,Most use this,20,0.138
18129,16,decals,Always,Most use this,20,0.138
18129,16,printed photographs,Always,Most use this,19,0.131
18129,35,advertising,Always,Most use this,28,0.224
18129,35,marketing,Always,Most use this,21,0.168
18129,35,online marketing,Always,Most use this,20,0.16
18129,35,"advertising, marketing and promotional services",Sometimes,Some use this,14,0.112
18129,35,"promotion, advertising and marketing of on-line websites",Sometimes,Some use this,13,0.104
18129,35,online advertising services,Sometimes,Some use this,13,0.104
18129,35,dissemination of advertising and promotional materials,Sometimes,Some use this,13,0.104
18129,35,on-line advertising and marketing services,Sometimes,Some use this,12,0.096
18129,35,online retail store services in relation to clothing,Sometimes,Some use this,12,0.096
18129,35,promotional services,Sometimes,Some use this,12,0.096
18129,35,design of advertising flyers,Sometimes,Some use this,11,0.088
18129,35,advertising services for the promotion of e-commerce,Sometimes,Some use this,11,0.088
18129,35,"consultancy services relating to advertising, publicity and marketing",Sometimes,Some use this,11,0.088
18129,35,"advertising, promotional and marketing services",Sometimes,Some use this,11,0.088
18129,35,marketing consultancy,Sometimes,Some use this,11,0.088
18129,35,online retail store services relating to clothing,Sometimes,Some use this,11,0.088
18129,35,advertising and marketing consultancy,Sometimes,Some use this,11,0.088
18129,35,graphic advertising services,Sometimes,Some use this,11,0.088
18129,35,"marketing, advertising, and promotional services",Sometimes,Some use this,11,0.088
18129,35,"advertising, marketing and promotion services",Sometimes,Some use this,11,0.088
18129,35,advertising and marketing,Sometimes,Some use this,11,0.088
18129,35,advertising services,Sometimes,Some use this,11,0.088
18129,35,design of advertising brochures,Sometimes,Some use this,10,0.08
18129,35,banner advertising,Sometimes,Some use this,10,0.08
18129,35,online retail services relating to clothing,Sometimes,Some use this,10,0.08
18129,40,printing,Always,All use this,49,0.485
18129,40,digital printing,Always,All use this,41,0.406
18129,40,printing services,Always,All use this,33,0.327
18129,40,photographic printing,Always,Most use this,26,0.257
18129,40,digital printing services,Always,Most use this,25,0.248
18129,40,lithographic printing,Always,Most use this,24,0.238
18129,40,t-shirt printing,Always,Most use this,23,0.228
18129,40,printing (lithographic -),Always,Most use this,20,0.198
18129,40,print finishing services,Always,Most use this,20,0.198
18129,40,textile printing,Always,Most use this,20,0.198
18129,40,screen printing,Always,Most use this,20,0.198
18129,40,printing (photographic -),Always,Most use this,19,0.188
18129,40,printing of photos,Always,Most use this,19,0.188
18129,40,printing of books,Always,Most use this,18,0.178
18129,40,3d printing,Always,Most use this,17,0.168
18129,40,portrait printing,Always,Most use this,17,0.168
18129,40,3d printing services,Always,Most use this,17,0.168
18129,40,pattern printing,Always,Most use this,17,0.168
18129,40,printing of photographic images from digital media,Always,Most use this,17,0.168
18129,40,stationery printing services,Always,Most use this,15,0.149
18129,40,silkscreen printing,Always,Most use this,15,0.149
18129,40,printing of documents from digital media,Always,Most use this,15,0.149
18129,40,print finishing [binding] services,Always,Most use this,14,0.139
18129,40,print finishing [folding] services,Always,Most use this,14,0.139
18129,40,letterpress printing,Always,Most use this,14,0.139
18129,9,downloadable electronic publications,Always,Most use this,11,0.151
18129,9,"bar code labels, encoded",Always,Most use this,9,0.123
18129,9,identification labels [encoded],Always,Most use this,9,0.123
18129,9,computer software,Always,Most use this,9,0.123
18129,9,labels with integrated rfid chips,Always,Most use this,9,0.123
18129,9,radio-frequency transmitters,Sometimes,Some use this,8,0.11
18129,9,downloadable multimedia files,Sometimes,Some use this,8,0.11
18129,9,qr code labels,Sometimes,Some use this,8,0.11
18129,9,downloadable digital media,Sometimes,Some use this,8,0.11
18129,9,interactive computer software,Sometimes,Some use this,8,0.11
18129,9,self-adhesive labels [encoded],Sometimes,Some use this,8,0.11
18129,9,downloadable data visualisation software,Sometimes,Some use this,8,0.11
18129,9,downloadable graphics,Sometimes,Some use this,8,0.11
18129,9,mobile applications,Sometimes,Some use this,8,0.11
18129,9,downloadable software,Sometimes,Some use this,8,0.11
18129,9,downloadable images,Sometimes,Some use this,8,0.11
18129,9,downloadable electronic scoreboards,Sometimes,Some use this,8,0.11
18129,9,unique qr and bar code labels,Sometimes,Some use this,7,0.096
18129,9,"scientific, research and detecting apparatus and instruments",Sometimes,Some use this,7,0.096
18129,9,electronic tags.,Sometimes,Some use this,7,0.096
18129,9,flexible printed circuits,Sometimes,Some use this,7,0.096
18129,9,electronic databases,Sometimes,Some use this,6,0.082
18129,9,parts and fittings for all the aforesaid goods.,Sometimes,Some use this,5,0.068
18129,9,computer software for database management,Sometimes,Some use this,4,0.055
18129,9,modems,Sometimes,Some use this,4,0.055
18129,42,sensory analysis,Always,Most use this,10,0.175
18129,42,scientific and technological services,Always,Most use this,10,0.175
18129,42,food testing services,Always,Most use this,10,0.175
18129,42,logo design services,Always,Most use this,9,0.158
18129,42,consultancy services in the field of food technology.,Always,Most use this,8,0.14
18129,42,design of products,Always,Most use this,8,0.14
18129,42,design of websites,Always,Most use this,8,0.14
18129,42,quality control services for food products,Always,Most use this,8,0.14
18129,42,graphic design services,Always,Most use this,8,0.14
18129,42,provision of information relating to food science,Always,Most use this,8,0.14
18129,42,design services,Always,Most use this,8,0.14
18129,42,graphic design,Always,Most use this,7,0.123
18129,42,research and development relating to foodstuffs,Always,Most use this,7,0.123
18129,42,design and graphic arts design for the creation of web sites,Always,Most use this,7,0.123
18129,42,design of artwork,Always,Most use this,7,0.123
18129,42,measurement and analysis of food texture and mouthfeel,Always,Most use this,7,0.123
18129,42,visual design,Always,Most use this,7,0.123
18129,42,product design,Sometimes,Some use this,6,0.105
18129,42,illustration services (design),Sometimes,Some use this,6,0.105
18129,42,design services for packaging,Sometimes,Some use this,6,0.105
18129,42,design of stationery,Sometimes,Some use this,6,0.105
18129,42,graphic illustration design,Sometimes,Some use this,6,0.105
18129,42,brochure design,Sometimes,Some use this,6,0.105
18129,42,graphic illustration design services,Sometimes,Some use this,6,0.105
18129,42,graphic art design,Sometimes,Some use this,6,0.105
18129,25,clothing,Always,All use this,26,0.456
18129,25,embroidered clothing,Always,All use this,26,0.456
18129,25,jackets [clothing],Always,All use this,22,0.386
18129,25,shorts [clothing],Always,All use this,21,0.368
18129,25,clothes,Always,All use this,21,0.368
18129,25,casual clothing,Always,All use this,20,0.351
18129,25,tops [clothing],Always,All use this,20,0.351
18129,25,ready-to-wear clothing,Always,All use this,20,0.351
18129,25,jerseys [clothing],Always,All use this,19,0.333
18129,25,sports clothing,Always,All use this,18,0.316
18129,25,denims [clothing],Always,Most use this,17,0.298
18129,25,clothing for sports,Always,Most use this,16,0.281
18129,25,clothing for leisure wear,Always,Most use this,16,0.281
18129,25,jackets (stuff -) [clothing],Always,Most use this,16,0.281
18129,25,stuff jackets [clothing],Always,Most use this,16,0.281
18129,25,printed t-shirts,Always,Most use this,15,0.263
18129,25,knitwear [clothing],Always,Most use this,15,0.263
18129,25,t-shirts,Always,Most use this,14,0.246
18129,25,bottoms [clothing],Always,Most use this,14,0.246
18129,25,aprons [clothing],Always,Most use this,14,0.246
18129,25,clothing for children,Always,Most use this,13,0.228
18129,25,linen clothing,Always,Most use this,13,0.228
18129,25,headbands [clothing],Always,Most use this,13,0.228
18129,25,ready-made clothing,Always,Most use this,13,0.228
18129,25,weatherproof clothing,Always,Most use this,13,0.228
18129,20,"displays, stands and signage, non-metallic",Always,Most use this,10,0.25
18129,20,printed vinyl signs,Always,Most use this,8,0.2
18129,20,"containers, not of metal, for storage or transport",Always,Most use this,8,0.2
18129,20,magnetic printed vinyl signs,Always,Most use this,7,0.175
18129,20,packaging containers of plastic,Always,Most use this,7,0.175
18129,20,plastic trays [containers] used in food packaging,Always,Most use this,7,0.175
18129,20,non-metallic transparent food trays for commercial use.,Always,Most use this,7,0.175
18129,20,plastic trays for foodstuff packaging,Always,Most use this,7,0.175
18129,20,labels of plastic,Always,Most use this,7,0.175
18129,20,polypropylene food trays and cartons,Always,Most use this,7,0.175
18129,20,polypropylene meat trays,Always,Most use this,7,0.175
18129,20,framed stands,Always,Most use this,6,0.15
18129,20,display frames,Always,Most use this,6,0.15
18129,20,display stands for posters,Always,Most use this,5,0.125
18129,20,display panels for exhibition environments,Always,Most use this,5,0.125
18129,20,supports for exhibition display material,Always,Most use this,5,0.125
18129,20,metal display stands,Always,Most use this,5,0.125
18129,20,exhibition display stands [non-metallic],Always,Most use this,5,0.125
18129,20,advertising signboards of wood,Always,Most use this,5,0.125
18129,20,exhibition boards,Always,Most use this,5,0.125
18129,20,assembled exhibition stands,Always,Most use this,5,0.125
18129,20,folding display screens for use in exhibition displays,Always,Most use this,5,0.125
18129,20,display stands,Always,Most use this,5,0.125
18129,20,furniture for exhibition purposes,Always,Most use this,5,0.125
18129,20,non-metallic transportable exhibition stands [other than structures],Always,Most use this,5,0.125
18129,21,mugs,Always,All use this,13,0.361
18129,21,coffee mugs,Always,Most use this,10,0.278
18129,21,cups and mugs,Always,Most use this,10,0.278
18129,21,ceramic mugs,Always,Most use this,9,0.25
18129,21,compostable cups,Always,Most use this,9,0.25
18129,21,meal trays,Always,Most use this,8,0.222
18129,21,biodegradable trays,Always,Most use this,8,0.222
18129,21,cookware,Always,Most use this,8,0.222
18129,21,compostable trays,Always,Most use this,8,0.222
18129,21,compostable bowls,Always,Most use this,8,0.222
18129,21,bags for microwave cooking.,Always,Most use this,7,0.194
18129,21,"polypropylene cups, plates, cartons and pots",Always,Most use this,7,0.194
18129,21,containers of plastic material and containers of foamed material,Always,Most use this,7,0.194
18129,21,"plastic cups, plates, cartons, and pots",Always,Most use this,7,0.194
18129,21,containers,Always,Most use this,7,0.194
18129,21,drinking cups,Always,Most use this,7,0.194
18129,21,glass mugs,Always,Most use this,7,0.194
18129,21,coffee cups,Always,Most use this,7,0.194
18129,21,coasters (tableware),Always,Most use this,7,0.194
18129,21,drinkware,Always,Most use this,6,0.167
18129,21,mugs made of ceramic materials,Always,Most use this,6,0.167
18129,21,cups,Always,Most use this,6,0.167
18129,21,travel mugs,Always,Most use this,6,0.167
18129,21,beer mugs,Always,Most use this,5,0.139
18129,21,beer glasses,Always,Most use this,5,0.139
20590,1,chemical additives,Sometimes,Some use this,10,0.063
20590,1,chemical polymers,Sometimes,Some use this,9,0.057
20590,1,fire extinguishing compositions,Sometimes,Some use this,8,0.051
20590,1,chemical absorbents,Sometimes,Some use this,7,0.044
20590,1,industrial chemicals,Sometimes,Some use this,7,0.044
20590,1,chemicals for preventing corrosion,Sometimes,A few have this,6,0.038
20590,1,adhesives for use in industry,Sometimes,A few have this,6,0.038
20590,1,chemicals used in industry,Sometimes,A few have this,6,0.038
20590,1,chemical additives to polymers,Sometimes,A few have this,6,0.038
20590,1,chemical synergists,Sometimes,A few have this,6,0.038
20590,1,chemicals for use in manufacture,Sometimes,A few have this,6,0.038
20590,1,adhesive compounds with a base of epoxy resins,Sometimes,A few have this,5,0.032
20590,1,emulsifiers,Sometimes,A few have this,5,0.032
20590,1,additives (chemical -) for use in resins,Sometimes,A few have this,5,0.032
20590,1,epoxy resins,Sometimes,A few have this,5,0.032
20590,1,aqueous polymer dispersions,Sometimes,A few have this,5,0.032
20590,1,surfactants for use in detergent compositions,Sometimes,A few have this,5,0.032
20590,1,de-icing sprays for windscreens,Sometimes,A few have this,5,0.032
20590,1,putties and other paste fillers,Sometimes,A few have this,5,0.032
20590,1,fluorinated polymers,Sometimes,A few have this,5,0.032
20590,1,artificial and synthetic resins,Sometimes,A few have this,5,0.032
20590,1,hydraulic fluids,Sometimes,A few have this,5,0.032
20590,1,flocculants,Sometimes,A few have this,5,0.032
20590,1,industrial organic chemicals,Sometimes,A few have this,5,0.032
20590,1,"compost, manures, fertilizers",Sometimes,A few have this,5,0.032
20590,3,cleaning preparations,Always,Most use this,15,0.19
20590,3,cosmetics,Always,Most use this,12,0.152
20590,3,skincare cosmetics,Always,Most use this,11,0.139
20590,3,skincare preparations,Always,Most use this,10,0.127
20590,3,cosmetic creams and lotions,Always,Most use this,10,0.127
20590,3,cosmetic kits,Always,Most use this,10,0.127
20590,3,cleaning agents for the hands,Sometimes,Some use this,9,0.114
20590,3,stain removers,Sometimes,Some use this,9,0.114
20590,3,functional cosmetics,Sometimes,Some use this,9,0.114
20590,3,non-medicated cosmetics,Sometimes,Some use this,9,0.114
20590,3,moisturisers,Sometimes,Some use this,8,0.101
20590,3,non-medicated dermatological creams,Sometimes,Some use this,8,0.101
20590,3,cosmetic soaps,Sometimes,Some use this,8,0.101
20590,3,non-medicated sunscreen preparations,Sometimes,Some use this,8,0.101
20590,3,skin conditioners,Sometimes,Some use this,8,0.101
20590,3,perfumed creams,Sometimes,Some use this,8,0.101
20590,3,perfumed soaps,Sometimes,Some use this,8,0.101
20590,3,detergents,Sometimes,Some use this,8,0.101
20590,3,skin cleansers,Sometimes,Some use this,8,0.101
20590,3,functional cosmetics being sun-screening preparations,Sometimes,Some use this,8,0.101
20590,3,cosmetic preparations,Sometimes,Some use this,8,0.101
20590,3,multifunctional cosmetics,Sometimes,Some use this,8,0.101
20590,3,functional cosmetics being anti-wrinkle creams,Sometimes,Some use this,8,0.101
20590,3,"moisturising creams, lotions and gels",Sometimes,Some use this,8,0.101
20590,3,beauty care preparations,Sometimes,Some use this,8,0.101
20590,5,disinfectants,Always,Most use this,9,0.148
20590,5,preparations for destroying vermin,Always,Most use this,9,0.148
20590,5,impregnated antiseptic wipes,Always,Most use this,8,0.131
20590,5,insect repellents,Sometimes,Some use this,7,0.115
20590,5,preparations for cleansing the skin and having anti-bacterial properties,Sometimes,Some use this,7,0.115
20590,5,sanitary and antibacterial preparations for use on the skin,Sometimes,Some use this,7,0.115
20590,5,medicated body gels,Sometimes,Some use this,7,0.115
20590,5,antibacterial gels,Sometimes,Some use this,7,0.115
20590,5,"gel scrub, medicated",Sometimes,Some use this,7,0.115
20590,5,insecticides,Sometimes,Some use this,7,0.115
20590,5,gels for dermatological use,Sometimes,Some use this,7,0.115
20590,5,wipes and tissues impregnated with antibacterial preparations,Sometimes,Some use this,7,0.115
20590,5,hand sanitizing preparations,Sometimes,Some use this,7,0.115
20590,5,medical wound dressings,Sometimes,Some use this,6,0.098
20590,5,surgical tape,Sometimes,Some use this,6,0.098
20590,5,adhesive plasters for medical purposes,Sometimes,Some use this,6,0.098
20590,5,adhesive tapes for medical purposes,Sometimes,Some use this,6,0.098
20590,5,surgical bandages,Sometimes,Some use this,6,0.098
20590,5,insect repellent preparations,Sometimes,Some use this,6,0.098
20590,5,surgical dressings,Sometimes,Some use this,6,0.098
20590,5,tissues impregnated with antibacterial preparations.,Sometimes,Some use this,6,0.098
20590,5,medical and surgical dressings,Sometimes,Some use this,6,0.098
20590,5,surgical plasters.,Sometimes,Some use this,6,0.098
20590,5,first aid dressings,Sometimes,Some use this,6,0.098
20590,5,pest control preparations and articles,Sometimes,Some use this,5,0.082
20590,40,treatment of materials,Always,Most use this,7,0.156
20590,40,treatment [transformation] of waste,Sometimes,Some use this,5,0.111
20590,40,waste treatment,Sometimes,Some use this,4,0.089
20590,40,waste processing,Sometimes,Some use this,4,0.089
20590,40,recycling and waste treatment,Sometimes,Some use this,3,0.067
20590,40,clean energy production,Sometimes,Some use this,3,0.067
20590,40,water treatment and purification,Sometimes,Some use this,3,0.067
20590,40,wastewater treatment services,Sometimes,Some use this,3,0.067
20590,40,"treatment of water using biological, chemical, and physical processes",Sometimes,Some use this,3,0.067
20590,40,waste water treatment,Sometimes,Some use this,3,0.067
20590,40,"filtration, aeration and biological treatment of water",Sometimes,Some use this,3,0.067
20590,40,etching of metal surfaces,Sometimes,Some use this,3,0.067
20590,40,production of energy from waste materials,Sometimes,Some use this,3,0.067
20590,40,animal waste treatment services,Sometimes,Some use this,3,0.067
20590,40,treatment of waste water,Sometimes,Some use this,3,0.067
20590,40,treatment [recycling] of waste,Sometimes,Some use this,3,0.067
20590,40,agricultural waste treatment services,Sometimes,Some use this,3,0.067
20590,40,production of electrical energy from renewable resources,Sometimes,Some use this,3,0.067
20590,40,treatment of sludge and industrial effluent,Sometimes,Some use this,3,0.067
20590,40,purification of industrial and domestic water,Sometimes,Some use this,3,0.067
20590,40,animal waste treatment,Sometimes,Some use this,3,0.067
20590,40,recycling and regeneration of water,Sometimes,Some use this,3,0.067
20590,40,energy production,Sometimes,Some use this,3,0.067
20590,40,production of renewable green energy,Sometimes,Some use this,3,0.067
20590,40,odour control treatment in wastewater systems,Sometimes,Some use this,3,0.067
20590,42,scientific research and development,Always,Most use this,6,0.146
20590,42,industrial analysis and research services,Always,Most use this,6,0.146
20590,42,scientific and technological services and research and design relating thereto,Always,Most use this,6,0.146
20590,42,scientific research,Always,Most use this,5,0.122
20590,42,scientific research services,Always,Most use this,5,0.122
20590,42,chemical research,Sometimes,Some use this,4,0.098
20590,42,industrial analysis and industrial research services,Sometimes,Some use this,3,0.073
20590,42,quality control,Sometimes,Some use this,3,0.073
20590,42,laboratory research in the field of chemistry.,Sometimes,Some use this,3,0.073
20590,42,chemistry services,Sometimes,Some use this,3,0.073
20590,42,technical research,Sometimes,Some use this,3,0.073
20590,42,diagnostic testing relating to assays,Sometimes,Some use this,2,0.049
20590,42,"synthesis of chemicals, chemical compounds and small molecules",Sometimes,Some use this,2,0.049
20590,42,chemical analysis and research for others,Sometimes,Some use this,2,0.049
20590,42,biological research,Sometimes,Some use this,2,0.049
20590,42,development of and research into conjugate blocking technology,Sometimes,Some use this,2,0.049
20590,42,industrial design,Sometimes,Some use this,2,0.049
20590,42,research and analysis for the diagnostics industry,Sometimes,Some use this,2,0.049
20590,42,diagnostic testing,Sometimes,Some use this,2,0.049
20590,42,chemical technological research,Sometimes,Some use this,2,0.049
20590,42,information and advice regarding all the aforesaid services.,Sometimes,Some use this,2,0.049
20590,42,scientific laboratory services,Sometimes,Some use this,2,0.049
20590,42,"chemical and/or biochemical analysis, research and/or engineering services",Sometimes,Some use this,2,0.049
20590,42,diagnostic testing relating to conjugate blocking technology,Sometimes,Some use this,2,0.049
20590,42,biotechnology research,Sometimes,Some use this,2,0.049
20590,2,weatherproofing coatings [paints],Always,Most use this,9,0.25
20590,2,waterproof coatings [paints],Always,Most use this,9,0.25
20590,2,coatings,Always,Most use this,8,0.222
20590,2,paints,Always,Most use this,7,0.194
20590,2,protective coatings for waterproofing surfaces of buildings [paints],Always,Most use this,7,0.194
20590,2,resinous coatings,Always,Most use this,6,0.167
20590,2,coating materials for protection of surfaces exposed to galvanic corrosion,Always,Most use this,6,0.167
20590,2,spray coatings [paints],Always,Most use this,6,0.167
20590,2,epoxy resin coatings,Always,Most use this,6,0.167
20590,2,epoxy resins for use in covering floors [coatings],Always,Most use this,5,0.139
20590,2,coatings [paints],Always,Most use this,5,0.139
20590,2,moisture repellant coatings [paints],Always,Most use this,5,0.139
20590,2,protective coating compositions [paints],Always,Most use this,5,0.139
20590,2,coating preparations for protection against rust,Always,Most use this,5,0.139
20590,2,preparations for coating surface to protect against corrosion,Always,Most use this,5,0.139
20590,2,protective surface coatings [paints],Always,Most use this,5,0.139
20590,2,waterproof paints,Always,Most use this,5,0.139
20590,2,resins for coating purposes,Always,Most use this,5,0.139
20590,2,corrosion resistant coatings,Always,Most use this,5,0.139
20590,2,anti-corrosive coatings [paints],Always,Most use this,5,0.139
20590,2,surface coating compositions [paints],Always,Most use this,5,0.139
20590,2,coating compositions having waterproofing properties [paints or oils],Always,Most use this,5,0.139
20590,2,acrylic coatings [paints],Always,Most use this,5,0.139
20590,2,clear coating protectant for vehicles,Always,Most use this,5,0.139
20590,2,preservatives against rust,Sometimes,Some use this,4,0.111
20590,9,"measuring, detecting, monitoring and controlling devices",Sometimes,Some use this,3,0.1
20590,9,diagnostic apparatus for testing food,Sometimes,Some use this,3,0.1
20590,9,computer touchscreens,Sometimes,Some use this,3,0.1
20590,9,batteries,Sometimes,Some use this,3,0.1
20590,9,screen filters for computers and televisions,Sometimes,Some use this,3,0.1
20590,9,anti-glare filters for computer monitors,Sometimes,Some use this,2,0.067
20590,9,computer screen filters,Sometimes,Some use this,2,0.067
20590,9,ignition batteries,Sometimes,Some use this,2,0.067
20590,9,phone plugs,Sometimes,Some use this,2,0.067
20590,9,computer screens,Sometimes,Some use this,2,0.067
20590,9,rechargeable batteries,Sometimes,Some use this,2,0.067
20590,9,mobile phone battery chargers,Sometimes,Some use this,2,0.067
20590,9,mobile apps,Sometimes,Some use this,2,0.067
20590,9,displays for mobile phones,Sometimes,Some use this,2,0.067
20590,9,display screen filters,Sometimes,Some use this,2,0.067
20590,9,mobile phones,Sometimes,Some use this,2,0.067
20590,9,battery packs,Sometimes,Some use this,2,0.067
20590,9,dashboard mats adapted for holding mobile telephones and smartphones,Sometimes,Some use this,2,0.067
20590,9,electrical batteries,Sometimes,Some use this,2,0.067
20590,9,holders adapted for mobile telephones and smartphones,Sometimes,Some use this,2,0.067
20590,9,downloadable applications for mobile devices,Sometimes,Some use this,2,0.067
20590,9,application software for mobile devices,Sometimes,Some use this,2,0.067
20590,9,charging appliances for rechargeable equipment,Sometimes,Some use this,2,0.067
20590,9,batteries for vehicles,Sometimes,Some use this,2,0.067
20590,9,mobile computers,Sometimes,Some use this,2,0.067
20590,37,repair of roofing,Sometimes,Some use this,3,0.115
20590,37,building construction,Sometimes,Some use this,3,0.115
20590,37,roofing repair,Sometimes,Some use this,3,0.115
20590,37,application of surface coatings,Sometimes,Some use this,3,0.115
20590,37,repair of roofs,Sometimes,Some use this,2,0.077
20590,37,building sealing and caulking services,Sometimes,Some use this,2,0.077
20590,37,maintaining and repair of roof guttering,Sometimes,Some use this,2,0.077
20590,37,roofing installation,Sometimes,Some use this,2,0.077
20590,37,building construction and repair,Sometimes,Some use this,2,0.077
20590,37,advisory services relating to the installation of safety equipment,Sometimes,Some use this,2,0.077
20590,37,installation of roofing,Sometimes,Some use this,2,0.077
20590,37,building insulation,Sometimes,Some use this,2,0.077
20590,37,building construction and demolition services,Sometimes,Some use this,2,0.077
20590,37,car wash services,Sometimes,Some use this,2,0.077
20590,37,building,Sometimes,Some use this,2,0.077
20590,37,application of anti-graffiti coatings,Sometimes,Some use this,2,0.077
20590,37,roof repair,Sometimes,Some use this,2,0.077
20590,37,installation of insulating materials,Sometimes,Some use this,2,0.077
20590,37,installation of pipe insulation,Sometimes,Some use this,2,0.077
20590,37,insulation of pipelines,Sometimes,Some use this,2,0.077
20590,37,installation of cavity wall insulation,Sometimes,Some use this,2,0.077
20590,37,building and construction services,Sometimes,Some use this,2,0.077
20590,37,coating of concrete,Sometimes,Some use this,2,0.077
20590,37,"installation, repair and maintenance of machinery",Sometimes,Some use this,2,0.077
20590,37,coating of brickwork,Sometimes,Some use this,2,0.077
22220,16,plastic bags for packaging,Always,All use this,12,0.429
22220,16,plastic sheets for packaging,Always,All use this,12,0.429
22220,16,plastic films for packaging,Always,All use this,11,0.393
22220,16,plastic materials for packaging,Always,All use this,10,0.357
22220,16,paperboard trays for packaging food,Always,Most use this,8,0.286
22220,16,cling film plastics for packaging,Always,Most use this,8,0.286
22220,16,plastic film for packaging,Always,Most use this,8,0.286
22220,16,plastic foil for packaging,Always,Most use this,8,0.286
22220,16,food wrapping plastic film,Always,Most use this,8,0.286
22220,16,adhesive printed labels,Always,Most use this,7,0.25
22220,16,packaging materials,Always,Most use this,7,0.25
22220,16,packaging material made of starches,Always,Most use this,7,0.25
22220,16,labels,Always,Most use this,6,0.214
22220,16,bags of bubble plastics for packaging,Always,Most use this,6,0.214
22220,16,seaweed-derived biomaterial.,Always,Most use this,6,0.214
22220,16,packaging wrappers of plastic,Always,Most use this,6,0.214
22220,16,"bags [envelopes, pouches] of paper or plastics, for packaging",Always,Most use this,6,0.214
22220,16,plastic materials in extruded form,Always,Most use this,6,0.214
22220,16,waterproofing film (plastic-) for packaging,Always,Most use this,6,0.214
22220,16,plastic bags for wrapping and packaging,Always,Most use this,6,0.214
22220,16,bags incorporating bubble plastics for packaging,Always,Most use this,5,0.179
22220,16,plastic material for packaging,Always,Most use this,5,0.179
22220,16,foils of plastic for packaging,Always,Most use this,5,0.179
22220,16,plastic film roll stock for packaging,Always,Most use this,5,0.179
22220,16,polythene films for wrapping or packaging,Always,Most use this,5,0.179
22220,20,packaging containers of plastic,Always,Most use this,4,0.19
22220,20,furniture made of plastics materials,Always,Most use this,4,0.19
22220,20,coat stands,Always,Most use this,3,0.143
22220,20,fireguards,Always,Most use this,3,0.143
22220,20,packaging container primarily made of biocomposite plastic.,Always,Most use this,3,0.143
22220,20,plastic trays used in food packaging,Always,Most use this,3,0.143
22220,20,furniture fittings,Always,Most use this,3,0.143
22220,20,packaging containers primarily made of biocomposite plastic.,Always,Most use this,3,0.143
22220,20,cap closures for bottles,Always,Most use this,3,0.143
22220,20,containers for transport,Always,Most use this,3,0.143
22220,20,tables,Always,Most use this,3,0.143
22220,20,non-metallic brackets for frames,Always,Most use this,3,0.143
22220,20,decorations for foodstuffs,Always,Most use this,3,0.143
22220,20,packaging containers of plastic and materials not of metal for liquids,Always,Most use this,3,0.143
22220,20,barstools,Always,Most use this,3,0.143
22220,20,nameplates,Always,Most use this,3,0.143
22220,20,"bins, not of metal",Always,Most use this,3,0.143
22220,20,containers for food storage,Always,Most use this,3,0.143
22220,20,frames,Always,Most use this,3,0.143
22220,20,containers for the transport of food,Always,Most use this,3,0.143
22220,20,boxes of plastic,Always,Most use this,3,0.143
22220,20,containers for storage,Always,Most use this,3,0.143
22220,20,clothes hangers,Always,Most use this,3,0.143
22220,20,chairs,Always,Most use this,3,0.143
22220,20,"stakes, of plastic, for trees",Always,Most use this,3,0.143
22220,21,plastic cosmetic palettes sold empty,Always,Most use this,3,0.231
22220,21,storage containers.,Always,Most use this,3,0.231
22220,21,cosmetic utensils made of plastic.,Always,Most use this,3,0.231
22220,21,sugar tongs,Always,Most use this,3,0.231
22220,21,containers for cosmetics sold empty,Always,Most use this,3,0.231
22220,21,food containers,Always,Most use this,3,0.231
22220,21,plastic sprayers sold empty,Always,Most use this,3,0.231
22220,21,plastic mist bottles sold empty,Always,Most use this,3,0.231
22220,21,plastic tubes sold empty,Always,Most use this,3,0.231
22220,21,cosmetic plastic pots sold empty,Always,Most use this,3,0.231
22220,21,plastic click dispensers sold empty,Always,Most use this,3,0.231
22220,21,salad servers,Always,Most use this,3,0.231
22220,21,plastic compacts sold empty,Always,Most use this,3,0.231
22220,21,plastic cosmetic droppers sold empty,Always,Most use this,3,0.231
22220,21,plastic ampoules sold empty,Always,Most use this,3,0.231
22220,21,punnets,Always,Most use this,3,0.231
22220,21,plastic bottles sold empty,Always,Most use this,3,0.231
22220,21,plastic food containers,Always,Most use this,3,0.231
22220,21,perfume sprayers sold empty,Always,Most use this,3,0.231
22220,21,plastic stick containers sold empty,Always,Most use this,3,0.231
22220,21,"cosmetic dispensers, including pumps, nozzles, flip-lids sold empty",Always,Most use this,2,0.154
22220,21,household utensils,Always,Most use this,2,0.154
22220,21,electric toothbrushes,Always,Most use this,2,0.154
22220,21,dustbins and litter bins made of plastics materials,Always,Most use this,2,0.154
22220,21,bottles for pharmaceuticals sold empty,Always,Most use this,2,0.154
25620,9,emergency life saving apparatus and equipment,Always,All use this,27,0.675
25620,9,mechanical life-saving apparatus for emergency situations,Always,All use this,27,0.675
25620,9,"life-saving apparatus, equipment and instruments",Always,All use this,27,0.675
25620,9,safety apparatus [for the prevention of accident or injury],Always,All use this,27,0.675
25620,9,parts and fittings for the aforesaid goods.,Always,All use this,27,0.675
25620,9,emergency rescue apparatus,Always,All use this,27,0.675
25620,9,emergency chutes [life saving apparatus],Always,All use this,27,0.675
25620,9,rescue kits comprising of mechanical life saving apparatus,Always,All use this,27,0.675
25620,9,mechanical life-saving apparatus,Always,All use this,27,0.675
25620,9,protective and safety equipment,Always,All use this,26,0.65
25620,9,evacuation chairs,Always,Most use this,10,0.25
25620,9,evacuation chairs in the form of aisle chairs,Always,Most use this,8,0.2
25620,9,electronic game software for handheld electronic devices,Sometimes,Some use this,4,0.1
25620,9,downloadable software for computer games,Sometimes,Some use this,4,0.1
25620,9,video games programs (computer software),Sometimes,Some use this,4,0.1
25620,9,electronic game software for gaming consoles,Sometimes,Some use this,4,0.1
25620,9,electronic game software for mobile phones,Sometimes,Some use this,4,0.1
25620,9,"computer games software, downloadable from a global computer network",Sometimes,Some use this,4,0.1
25620,9,"downloadable interactive entertainment software, namely video games",Sometimes,Some use this,4,0.1
25620,9,downloadable electronic game programs,Sometimes,Some use this,4,0.1
25620,9,downloadable electronic game software for wireless devices.,Sometimes,Some use this,3,0.075
25620,9,tablet computers,Sometimes,Some use this,2,0.05
25620,9,fire extinguishing apparatus,Sometimes,A few have this,1,0.025
25620,9,"computer operating programs, recorded",Sometimes,A few have this,1,0.025
25620,9,computer keyboards,Sometimes,A few have this,1,0.025
25620,12,parts and fittings for the aforesaid goods.,Always,All use this,27,0.818
25620,12,evacuation chairs,Always,All use this,17,0.515
25620,12,evacuation chairs in the form of aisle chairs,Always,All use this,15,0.455
25620,12,vehicles,Always,All use this,11,0.333
25620,12,devices especially adapted for securing patient handling apparatus to a vehicle,Always,All use this,11,0.333
25620,12,trolleys,Always,All use this,11,0.333
25620,12,mobility vehicles,Always,All use this,11,0.333
25620,12,wheelchairs,Always,All use this,11,0.333
25620,12,safety equipment and devices for patient handling in vehicles,Always,All use this,10,0.303
25620,12,safety restraints for use in vehicles,Always,All use this,10,0.303
25620,12,patient restraint devices for use in vehicles,Always,All use this,10,0.303
25620,12,carriages for invalids,Always,All use this,10,0.303
25620,12,structural parts for ambulances,Always,All use this,10,0.303
25620,12,onboard wheelchairs in the form of aisle chairs,Always,Most use this,8,0.242
25620,12,wheelchairs in the form of aisle chairs,Always,Most use this,8,0.242
25620,12,wheel spacers,Sometimes,Some use this,2,0.061
25620,12,wheel hubs (vehicle -),Sometimes,Some use this,2,0.061
25620,12,lug nuts for vehicle wheels,Sometimes,Some use this,2,0.061
25620,12,wheel hubs for automobiles,Sometimes,Some use this,2,0.061
25620,12,wheel hubs,Sometimes,Some use this,2,0.061
25620,12,automobile wheel hubs,Sometimes,Some use this,2,0.061
25620,12,hubs for vehicle wheels,Sometimes,Some use this,2,0.061
25620,12,parts and fittings for land vehicles.,Sometimes,Some use this,2,0.061
25620,12,wheel hubs for vehicles,Sometimes,Some use this,2,0.061
25620,12,hub caps for wheels,Sometimes,Some use this,2,0.061
25620,7,winches,Always,All use this,12,0.429
25620,7,machines for lifting,Always,All use this,11,0.393
25620,7,lifting apparatus,Always,All use this,11,0.393
25620,7,parts and fittings for the aforesaid goods.,Always,All use this,11,0.393
25620,7,hydraulic lifting ramps,Always,All use this,11,0.393
25620,7,loading ramps,Always,All use this,10,0.357
25620,7,elevating apparatus,Always,All use this,10,0.357
25620,7,hoists,Always,All use this,10,0.357
25620,7,"lifting and hoisting equipment, elevators and escalators",Always,All use this,10,0.357
25620,7,lifts for use in stairways,Always,All use this,10,0.357
25620,7,pneumatic lifting bags [for emergency and rescue],Always,All use this,10,0.357
25620,7,lifting installations for the transport of persons and goods,Always,All use this,10,0.357
25620,7,"stairway descent and ascent apparatus, equipment and instruments",Always,All use this,9,0.321
25620,7,stairway descent and ascent chairs,Sometimes,Some use this,3,0.107
25620,7,stair lifts,Sometimes,Some use this,3,0.107
25620,7,nozzles for use with pressure washers and power operated sprayers,Sometimes,Some use this,2,0.071
25620,7,none of the aforesaid goods for use in relation to paint spraying.,Sometimes,Some use this,2,0.071
25620,7,nozzles to apply chemicals with use of a pressure washing system,Sometimes,Some use this,2,0.071
25620,7,spray nozzles for attachment to pressure washing machines,Sometimes,Some use this,2,0.071
25620,7,belts (dynamo -),Sometimes,A few have this,1,0.036
25620,7,pallet loading belts,Sometimes,A few have this,1,0.036
25620,7,cone brakes being parts of machines,Sometimes,A few have this,1,0.036
25620,7,hose reels,Sometimes,A few have this,1,0.036
25620,7,fixed belt conveyors,Sometimes,A few have this,1,0.036
25620,7,valve actuators,Sometimes,A few have this,1,0.036
25620,10,parts and fittings for the aforesaid goods.,Always,All use this,13,0.929
25620,10,ambulance stretchers,Always,All use this,13,0.929
25620,10,medical stretchers,Always,All use this,12,0.857
25620,10,wheeled trolleys adapted for use as walking aids,Always,All use this,12,0.857
25620,10,gurneys,Always,All use this,11,0.786
25620,10,lifting appliances for invalids,Always,All use this,11,0.786
25620,10,patient immobilising apparatus,Always,All use this,11,0.786
25620,10,patient lifting hoists,Always,All use this,11,0.786
25620,10,patient hoists,Always,All use this,11,0.786
25620,10,patient safety restraints,Always,All use this,11,0.786
25620,10,wheeled stretchers for medical use,Always,All use this,11,0.786
25620,10,medical furniture and bedding,Always,All use this,11,0.786
25620,10,stretchers,Always,All use this,11,0.786
25620,10,wheeled hospital gurneys,Always,All use this,11,0.786
25620,10,mobility aids,Always,All use this,11,0.786
25620,10,stretchers being patient transport apparatus,Always,All use this,10,0.714
25620,10,equipment for moving patients,Always,All use this,10,0.714
25620,10,patient litters in the nature of stretchers,Always,All use this,10,0.714
25620,10,patient positioning tools,Always,All use this,10,0.714
25620,10,paediatric patient transporting apparatus,Always,Most use this,3,0.214
25620,10,cushions and pillows for medical purposes,Always,Most use this,2,0.143
25620,10,aeromedical patient transporting apparatus,Always,Most use this,2,0.143
25620,10,incubators for medical purposes,Always,Most use this,2,0.143
25620,10,incubators for babies,Always,Most use this,2,0.143
25620,10,patient and paediatric patient immobilising apparatus,Always,Most use this,2,0.143
25620,6,common metals and their alloys,Always,Most use this,3,0.25
25620,6,metal shims,Always,Most use this,2,0.167
25620,6,screw bolts of metal,Always,Most use this,2,0.167
25620,6,nuts [metal hardware],Always,Most use this,2,0.167
25620,6,non-electric cables and wires of common metal,Always,Most use this,2,0.167
25620,6,nickel alloys,Always,Most use this,2,0.167
25620,6,metal nuts,Always,Most use this,2,0.167
25620,6,shims,Always,Most use this,2,0.167
25620,6,steel alloys,Always,Most use this,2,0.167
25620,6,bolts of metal,Always,Most use this,2,0.167
25620,6,"nuts, bolts and fasteners, of metal",Always,Most use this,2,0.167
25620,6,washers [metal hardware],Always,Most use this,2,0.167
25620,6,metal bolts [fasteners],Always,Most use this,2,0.167
25620,6,rings of metal.,Always,Most use this,2,0.167
25620,6,lock nuts of metal,Always,Most use this,2,0.167
25620,6,tubes of stainless steel,Always,Most use this,2,0.167
25620,6,chromium alloys,Always,Most use this,2,0.167
25620,6,shims of metal,Always,Most use this,2,0.167
25620,6,lock bolts,Always,Most use this,2,0.167
25620,6,stainless steels,Always,Most use this,2,0.167
25620,6,non-ferrous metal alloys,Always,Most use this,2,0.167
25620,6,screw threaded fasteners of metal,Always,Most use this,2,0.167
25620,6,lock bolts of metal,Always,Most use this,2,0.167
25620,6,bolts (lock -),Always,Most use this,2,0.167
25620,6,spacers of metal,Always,Most use this,2,0.167
22290,19,all of plastics material,Always,Most use this,18,0.178
22290,19,non-metallic building materials,Always,Most use this,13,0.129
22290,19,chambers [non-metallic structures],Sometimes,Some use this,12,0.119
22290,19,restriction caps,Sometimes,Some use this,11,0.109
22290,19,risers of twin wall pipe,Sometimes,Some use this,10,0.099
22290,19,pipes,Sometimes,Some use this,10,0.099
22290,19,"flow control equipment, namely apparatus for controlling the flow of water",Sometimes,Some use this,10,0.099
22290,19,filter materials,Sometimes,Some use this,9,0.089
22290,19,twin wall pipes,Sometimes,Some use this,8,0.079
22290,19,sumps,Sometimes,Some use this,8,0.079
22290,19,chambers,Sometimes,Some use this,8,0.079
22290,19,roofing materials,Sometimes,Some use this,8,0.079
22290,19,chambers of twin wall pipe,Sometimes,Some use this,8,0.079
22290,19,"doors, gates, windows and window coverings, not of metal",Sometimes,Some use this,7,0.069
22290,19,chambers bases,Sometimes,Some use this,7,0.069
22290,19,parts and fittings for all the aforesaid goods.,Sometimes,Some use this,6,0.059
22290,19,"parts, fittings and accessories for all the aforesaid goods.",Sometimes,Some use this,6,0.059
22290,19,drain pipes,Sometimes,Some use this,5,0.05
22290,19,non-metallic temporary driveways,Sometimes,Some use this,5,0.05
22290,19,"building and construction materials and elements, not of metal",Sometimes,Some use this,5,0.05
22290,19,"brackets, not of metal, for building",Sometimes,Some use this,5,0.05
22290,19,"cladding, not of metal, for building",Sometimes,Some use this,5,0.05
22290,19,"windows, not of metal",Sometimes,Some use this,5,0.05
22290,19,parts and fittings for all of the aforesaid goods.,Sometimes,Some use this,5,0.05
22290,19,sampling chambers,Sometimes,Some use this,5,0.05
22290,20,plastic boxes,Always,Most use this,14,0.175
22290,20,plastic tubs,Always,Most use this,10,0.125
22290,20,display stands,Sometimes,Some use this,9,0.113
22290,20,plastic crates,Sometimes,Some use this,8,0.1
22290,20,furniture,Sometimes,Some use this,8,0.1
22290,20,boxes made of plastic,Sometimes,Some use this,8,0.1
22290,20,clothes hangers,Sometimes,Some use this,7,0.087
22290,20,boxes (packaging -) in collapsible form [plastic],Sometimes,Some use this,6,0.075
22290,20,containers of plastic (packaging -),Sometimes,Some use this,6,0.075
22290,20,boxes (packaging -) in flat form [plastic],Sometimes,Some use this,6,0.075
22290,20,boxes of wood or plastic,Sometimes,Some use this,6,0.075
22290,20,hooks for clothes rails,Sometimes,Some use this,5,0.062
22290,20,plastic trays for foodstuff packaging,Sometimes,Some use this,5,0.062
22290,20,receptacles of plastic for packaging,Sometimes,Some use this,5,0.062
22290,20,packaging containers of plastic,Sometimes,Some use this,5,0.062
22290,20,display cases,Sometimes,Some use this,5,0.062
22290,20,containers made of plastic for compost,Sometimes,Some use this,5,0.062
22290,20,plastic water tanks,Sometimes,Some use this,5,0.062
22290,20,clothes hooks,Sometimes,Some use this,5,0.062
22290,20,"furniture casters, not of metal",Sometimes,Some use this,5,0.062
22290,20,display furniture,Sometimes,Some use this,5,0.062
22290,20,plastic bins [other than dustbins],Sometimes,Some use this,5,0.062
22290,20,coat hangers,Sometimes,Some use this,4,0.05
22290,20,clothes hangers and clothes hooks,Sometimes,Some use this,4,0.05
22290,20,display frames,Sometimes,Some use this,4,0.05
22290,9,parts and fittings for all the aforesaid goods.,Always,Most use this,11,0.143
22290,9,"security helmets, visors and face protection shields",Always,Most use this,10,0.13
22290,9,protective visors for face covering,Always,Most use this,10,0.13
22290,9,headgear for protection against injury,Always,Most use this,10,0.13
22290,9,protective helmets,Always,Most use this,10,0.13
22290,9,"face masks, specially adapted for protective helmets",Always,Most use this,10,0.13
22290,9,protective headgear,Always,Most use this,10,0.13
22290,9,face protection shields,Always,Most use this,10,0.13
22290,9,protective eye wear,Always,Most use this,10,0.13
22290,9,safety helmets,Always,Most use this,10,0.13
22290,9,helmets,Always,Most use this,10,0.13
22290,9,visors for helmets,Always,Most use this,10,0.13
22290,9,sunglasses,Sometimes,Some use this,4,0.052
22290,9,chest protectors,Sometimes,A few have this,3,0.039
22290,9,anti-glare and anti-dazzle eyewear,Sometimes,A few have this,3,0.039
22290,9,magnetically encoded gift cards,Sometimes,A few have this,3,0.039
22290,9,protective eyewear,Sometimes,A few have this,3,0.039
22290,9,jigs,Sometimes,A few have this,3,0.039
22290,9,"software and computer games relating to go-karting, racing cars and vehicles",Sometimes,A few have this,3,0.039
22290,9,safety goggles,Sometimes,A few have this,3,0.039
22290,9,"go-kart, racing car and vehicle training simulators",Sometimes,A few have this,3,0.039
22290,9,parts and fittings for the aforesaid goods.,Sometimes,A few have this,3,0.039
22290,9,protective goggles,Sometimes,A few have this,3,0.039
22290,9,rib protectors,Sometimes,A few have this,3,0.039
22290,9,computers,Sometimes,A few have this,3,0.039
22290,17,plastics in extruded form for use in manufacture,Sometimes,Some use this,7,0.096
22290,17,plastics and resins in extruded form for use in manufacture,Sometimes,Some use this,7,0.096
22290,17,"push-fit fittings, not of metal, for pipes",Sometimes,Some use this,5,0.068
22290,17,fire resistant and fire preventive articles and materials,Sometimes,Some use this,5,0.068
22290,17,all of the aforesaid being non-metallic and for pipes,Sometimes,Some use this,5,0.068
22290,17,"compressed water fittings, not of metal for pipes",Sometimes,Some use this,5,0.068
22290,17,"adhesive tapes, strips, bands and films",Sometimes,Some use this,5,0.068
22290,17,flexible plastic water conduits for plumbing use,Sometimes,Some use this,5,0.068
22290,17,couplings,Sometimes,Some use this,5,0.068
22290,17,"connectors, not of metal, for sanitary ware",Sometimes,Some use this,5,0.068
22290,17,semi-processed plastics,Sometimes,Some use this,5,0.068
22290,17,electrical insulation articles and materials,Sometimes,Some use this,5,0.068
22290,17,parts and fittings for all of the aforesaid goods.,Sometimes,Some use this,5,0.068
22290,17,sealants for buildings,Sometimes,Some use this,4,0.055
22290,17,adhesive laminating film,Sometimes,Some use this,4,0.055
22290,17,anti-viral coated laminating sheet,Sometimes,Some use this,4,0.055
22290,17,printable laminating film,Sometimes,Some use this,4,0.055
22290,17,plastic film not for wrapping,Sometimes,Some use this,4,0.055
22290,17,adhesive laminating sheet,Sometimes,Some use this,4,0.055
22290,17,"seals, sealants and fillers",Sometimes,Some use this,4,0.055
22290,17,foam insulation for use in building and construction,Sometimes,Some use this,4,0.055
22290,17,insulating materials.,Sometimes,Some use this,4,0.055
22290,17,insulating materials made of polyethylene foam,Sometimes,Some use this,4,0.055
22290,17,thermal insulation articles and materials,Sometimes,Some use this,4,0.055
22290,17,acoustic insulation articles and materials,Sometimes,Some use this,4,0.055
22290,21,household containers,Always,Most use this,10,0.152
22290,21,household utensils,Always,Most use this,8,0.121
22290,21,mop buckets,Always,Most use this,8,0.121
22290,21,brooms,Always,Most use this,8,0.121
22290,21,mops,Always,Most use this,8,0.121
22290,21,molds [kitchen utensils],Always,Most use this,8,0.121
22290,21,squeegees [cleaning instruments],Sometimes,Some use this,7,0.106
22290,21,dusting cloths [rags],Sometimes,Some use this,7,0.106
22290,21,glassware for household purposes,Sometimes,Some use this,7,0.106
22290,21,moulds [kitchen utensils],Sometimes,Some use this,7,0.106
22290,21,kitchen utensils of silicon,Sometimes,Some use this,7,0.106
22290,21,foil food containers,Sometimes,Some use this,7,0.106
22290,21,kitchen graters,Sometimes,Some use this,7,0.106
22290,21,gloves for household purposes,Sometimes,Some use this,7,0.106
22290,21,brushes for household use,Sometimes,Some use this,7,0.106
22290,21,household or kitchen containers,Sometimes,Some use this,7,0.106
22290,21,bottles,Sometimes,Some use this,7,0.106
22290,21,"household utensils for cleaning, brushes and brush-making materials",Sometimes,Some use this,7,0.106
22290,21,dusters,Sometimes,Some use this,7,0.106
22290,21,graters [household utensils],Sometimes,Some use this,7,0.106
22290,21,household plastic gloves,Sometimes,Some use this,7,0.106
22290,21,dishes for microwave ovens,Sometimes,Some use this,7,0.106
22290,21,disposable lids for household containers,Sometimes,Some use this,7,0.106
22290,21,kitchen utensils,Sometimes,Some use this,7,0.106
22290,21,household or kitchen utensils,Sometimes,Some use this,7,0.106
22290,40,3d printing,Always,Most use this,10,0.169
22290,40,recycling of waste and trash,Always,Most use this,9,0.153
22290,40,recycling of plastic,Always,Most use this,8,0.136
22290,40,recycling services,Always,Most use this,8,0.136
22290,40,custom 3d printing for others,Sometimes,Some use this,6,0.102
22290,40,3d printing services,Sometimes,Some use this,6,0.102
22290,40,recycling of waste materials,Sometimes,Some use this,5,0.085
22290,40,waste recycling services,Sometimes,Some use this,5,0.085
22290,40,providing information relating to the recycling of waste,Sometimes,Some use this,5,0.085
22290,40,recycling of waste products,Sometimes,Some use this,5,0.085
22290,40,recycling of plastics,Sometimes,Some use this,5,0.085
22290,40,three-dimensional printing [3dp],Sometimes,Some use this,5,0.085
22290,40,processing of plastics,Sometimes,Some use this,5,0.085
22290,40,recycling,Sometimes,Some use this,5,0.085
22290,40,recycling of waste,Sometimes,Some use this,5,0.085
22290,40,treatment of waste,Sometimes,Some use this,4,0.068
22290,40,treatment and processing of plastics,Sometimes,Some use this,4,0.068
22290,40,treatment and recycling of packaging,Sometimes,Some use this,4,0.068
22290,40,chemical recycling of waste products,Sometimes,Some use this,4,0.068
22290,40,printing services,Sometimes,Some use this,4,0.068
22290,40,recycling of waste and rubbish,Sometimes,Some use this,4,0.068
22290,40,recycling of refuse and waste,Sometimes,Some use this,4,0.068
22290,40,providing information relating to the processing of plastics,Sometimes,Some use this,4,0.068
22290,40,recycling and waste treatment,Sometimes,Some use this,4,0.068
22290,40,three-dimensional printing [3dp] services.,Sometimes,Some use this,3,0.051
22290,6,metallic drain traps,Always,Most use this,8,0.148
22290,6,metal building materials,Always,Most use this,8,0.148
22290,6,drain channels of metal,Always,Most use this,7,0.13
22290,6,drain gullies of metal,Always,Most use this,7,0.13
22290,6,drain covers of metal,Always,Most use this,7,0.13
22290,6,parts and fittings for all of the aforesaid goods.,Sometimes,Some use this,6,0.111
22290,6,metal hardware,Sometimes,Some use this,6,0.111
22290,6,doors and windows of metal,Sometimes,Some use this,6,0.111
22290,6,drain pipes of metal,Sometimes,Some use this,5,0.093
22290,6,metal boards,Sometimes,Some use this,5,0.093
22290,6,drains made of metal,Sometimes,Some use this,5,0.093
22290,6,chains of metal,Sometimes,Some use this,5,0.093
22290,6,drain plugs of metal,Sometimes,Some use this,5,0.093
22290,6,metal drain pipes,Sometimes,Some use this,5,0.093
22290,6,metal drain traps,Sometimes,Some use this,5,0.093
22290,6,drain traps [valves] of metal,Sometimes,Some use this,5,0.093
22290,6,door panels of metal,Sometimes,Some use this,5,0.093
22290,6,metal brackets,Sometimes,Some use this,5,0.093
22290,6,ironmongery,Sometimes,Some use this,5,0.093
22290,6,clips of metal for cables and pipes,Sometimes,Some use this,5,0.093
22290,6,drain traps of metal,Sometimes,Some use this,5,0.093
22290,6,drain pipes made of metal,Sometimes,Some use this,5,0.093
22290,6,floor drains of metal,Sometimes,Some use this,5,0.093
22290,6,metal clamps and clips,Sometimes,Some use this,4,0.074
22290,6,metal pins,Sometimes,Some use this,4,0.074
22290,11,full retention separators,Always,Most use this,10,0.189
22290,11,bypass separators,Always,Most use this,10,0.189
22290,11,parts and fittings for all of the aforesaid goods.,Always,Most use this,10,0.189
22290,11,separators,Always,Most use this,10,0.189
22290,11,liquid separators,Always,Most use this,9,0.17
22290,11,valves [plumbing fittings],Always,Most use this,9,0.17
22290,11,"flow control equipment, namely apparatus for controlling the flow of water",Always,Most use this,9,0.17
22290,11,water control valves,Always,Most use this,9,0.17
22290,11,water distribution installations,Always,Most use this,9,0.17
22290,11,water supply installations,Always,Most use this,9,0.17
22290,11,silt traps,Always,Most use this,8,0.151
22290,11,chambers,Always,Most use this,8,0.151
22290,11,underground water storage installations,Always,Most use this,8,0.151
22290,11,sewage treatment plants,Always,Most use this,7,0.132
22290,11,flow control chambers,Always,Most use this,7,0.132
22290,11,filter apparatus,Always,Most use this,7,0.132
22290,11,flow brakes,Always,Most use this,7,0.132
22290,11,debris separators,Always,Most use this,7,0.132
22290,11,apparatus for the treatment of surface water,Always,Most use this,7,0.132
22290,11,flow control devices,Always,Most use this,7,0.132
22290,11,toilet seats,Always,Most use this,7,0.132
22290,11,safety valves for water apparatus,Always,Most use this,7,0.132
22290,11,"apparatus for the treatment of waste water, sewage and effluent",Always,Most use this,7,0.132
22290,11,sanitary drain armatures for baths,Sometimes,Some use this,6,0.113
22290,11,water regulating valves,Sometimes,Some use this,6,0.113
26200,9,computer hardware,Always,Most use this,27,0.179
26200,9,quantum computers,Always,Most use this,24,0.159
26200,9,quantum dots [crystalline semi-conductor materials],Always,Most use this,19,0.126
26200,9,computer networking hardware,Sometimes,Some use this,18,0.119
26200,9,data communications hardware,Sometimes,Some use this,17,0.113
26200,9,computer peripherals,Sometimes,Some use this,17,0.113
26200,9,data encryption apparatus,Sometimes,Some use this,16,0.106
26200,9,optical sensors,Sometimes,Some use this,15,0.099
26200,9,software,Sometimes,Some use this,15,0.099
26200,9,communications servers [computer hardware],Sometimes,Some use this,14,0.093
26200,9,computer keyboards,Sometimes,Some use this,14,0.093
26200,9,physics (apparatus and instruments for -),Sometimes,Some use this,13,0.086
26200,9,optical emitters,Sometimes,Some use this,13,0.086
26200,9,electromagnetic relays,Sometimes,Some use this,13,0.086
26200,9,"signals, luminous or mechanical",Sometimes,Some use this,13,0.086
26200,9,computers and computer hardware,Sometimes,Some use this,13,0.086
26200,9,apparatus and instruments for physics,Sometimes,Some use this,13,0.086
26200,9,optical electronic components,Sometimes,Some use this,13,0.086
26200,9,optical breadboards,Sometimes,Some use this,13,0.086
26200,9,optical waveguides,Sometimes,Some use this,13,0.086
26200,9,optical frequency metrology devices,Sometimes,Some use this,13,0.086
26200,9,silicon chips [electronic components],Sometimes,Some use this,13,0.086
26200,9,polarization-maintaining optical fibers,Sometimes,Some use this,13,0.086
26200,9,computer software for accessing computer networks,Sometimes,Some use this,13,0.086
26200,9,optical networks,Sometimes,Some use this,13,0.086
26200,42,quantum computing,Always,Most use this,22,0.289
26200,42,consulting services in the field of quantum computing,Always,Most use this,21,0.276
26200,42,quantum computing services,Always,Most use this,20,0.263
26200,42,"encryption, decryption and authentication of information, messages and data",Always,Most use this,16,0.211
26200,42,physics [research],Always,Most use this,15,0.197
26200,42,optical laboratories,Always,Most use this,13,0.171
26200,42,research in the field of physics,Always,Most use this,13,0.171
26200,42,research (physics -),Always,Most use this,13,0.171
26200,42,consultation in the field of physics,Always,Most use this,13,0.171
26200,42,decoding of data,Always,Most use this,13,0.171
26200,42,design and development of electronic data security systems,Always,Most use this,10,0.132
26200,42,software engineering,Always,Most use this,10,0.132
26200,42,data encryption and decoding services,Always,Most use this,10,0.132
26200,42,computer programming services for electronic data security,Always,Most use this,10,0.132
26200,42,design of computer hardware and software,Always,Most use this,10,0.132
26200,42,data security consultancy,Always,Most use this,10,0.132
26200,42,research in the field of telecommunications technology,Always,Most use this,10,0.132
26200,42,data security services,Always,Most use this,10,0.132
26200,42,data encryption services,Always,Most use this,10,0.132
26200,42,design and development of computer software,Sometimes,Some use this,9,0.118
26200,42,provision of computer security risk management programs,Sometimes,Some use this,9,0.118
26200,42,telecommunication network security consultancy,Sometimes,Some use this,9,0.118
26200,42,technological research,Sometimes,Some use this,9,0.118
26200,42,authentication services (control) of data transmitted via telecommunications,Sometimes,Some use this,9,0.118
26200,42,computer security services for protection against illegal network access,Sometimes,Some use this,9,0.118
26200,28,gaming keyboards,Always,Most use this,4,0.222
26200,28,joysticks for video games,Sometimes,Some use this,2,0.111
26200,28,controllers for computer games,Sometimes,Some use this,2,0.111
26200,28,steering wheel shaped game controllers for driving games,Sometimes,Some use this,2,0.111
26200,28,holders for gaming equipment,Sometimes,Some use this,2,0.111
26200,28,clamps for gaming equipment,Sometimes,Some use this,2,0.111
26200,28,gaming mice,Sometimes,Some use this,2,0.111
26200,28,video game joysticks,Sometimes,Some use this,2,0.111
26200,28,mechanical accessories for gaming equipment.,Sometimes,Some use this,2,0.111
26200,28,mounting devices for gaming equipment,Sometimes,Some use this,2,0.111
26200,28,tarot card decks,Sometimes,Some use this,2,0.111
26200,28,controllers for game consoles.,Sometimes,Some use this,2,0.111
26200,28,gaming mice.,Sometimes,Some use this,2,0.111
26200,28,game controllers for computers,Sometimes,Some use this,2,0.111
26200,28,animal and plant themed plush toys and toys,Sometimes,Some use this,1,0.056
26200,28,decorative skins for gaming controllers,Sometimes,Some use this,1,0.056
26200,28,remote-controlled toy vehicles for gaming,Sometimes,Some use this,1,0.056
26200,28,christmas crackers,Sometimes,Some use this,1,0.056
26200,28,rhythm game equipment,Sometimes,Some use this,1,0.056
26200,28,xylophones being musical toys.,Sometimes,Some use this,1,0.056
26200,28,hand held consoles for playing video games,Sometimes,Some use this,1,0.056
26200,28,christmas stockings,Sometimes,Some use this,1,0.056
26200,28,game controllers,Sometimes,Some use this,1,0.056
26200,28,snap game cards and tiles,Sometimes,Some use this,1,0.056
26200,28,gaming gloves,Sometimes,Some use this,1,0.056
26200,35,data processing services,Always,All use this,7,0.304
26200,35,computer data processing,Always,Most use this,6,0.261
26200,35,data management,Always,Most use this,6,0.261
26200,35,data processing.,Always,Most use this,6,0.261
26200,35,data processing services in the field of artificial intelligence (ai),Always,Most use this,4,0.174
26200,35,"information, advice and consultancy services relating to all of the aforesaid.",Always,Most use this,4,0.174
26200,35,business networking services,Always,Most use this,3,0.13
26200,35,business introduction services,Always,Most use this,3,0.13
26200,35,business planning,Always,Most use this,3,0.13
26200,35,business project management,Always,Most use this,3,0.13
26200,35,electronic data processing services.,Always,Most use this,3,0.13
26200,35,business administration,Always,Most use this,3,0.13
26200,35,database management,Always,Most use this,3,0.13
26200,35,online business networking services,Always,Most use this,3,0.13
26200,35,statistical analysis and reporting,Sometimes,Some use this,2,0.087
26200,35,design of public opinion surveys,Sometimes,Some use this,2,0.087
26200,35,professional business consultancy services,Sometimes,Some use this,2,0.087
26200,35,providing and rental of advertising space on the internet and websites,Sometimes,Some use this,2,0.087
26200,35,retail services in relation to computer hardware,Sometimes,Some use this,2,0.087
26200,35,interviewing services for market research and personnel recruitment,Sometimes,Some use this,2,0.087
26200,35,radio advertising,Sometimes,Some use this,2,0.087
26200,35,"business research, assistance and advice",Sometimes,Some use this,2,0.087
26200,35,procurement of contracts for the purchase and sale of goods and services,Sometimes,Some use this,2,0.087
26200,35,arranging subscriptions to information and media packages,Sometimes,Some use this,2,0.087
26200,35,business management and consultancy services,Sometimes,Some use this,2,0.087
26200,37,building of commercial properties,Always,Most use this,2,0.133
26200,37,"information, advice and consultancy in relation to all the aforesaid services.",Always,Most use this,2,0.133
26200,37,cleaning of building facades,Always,Most use this,2,0.133
26200,37,building construction,Always,Most use this,2,0.133
26200,37,building construction supervision,Always,Most use this,2,0.133
26200,37,pest control relating to buildings,Always,Most use this,2,0.133
26200,37,supervision of building construction,Always,Most use this,2,0.133
26200,37,renovation of property,Sometimes,Some use this,1,0.067
26200,37,maintenance and repair of heating installations,Sometimes,Some use this,1,0.067
26200,37,building construction services,Sometimes,Some use this,1,0.067
26200,37,building,Sometimes,Some use this,1,0.067
26200,37,aircraft repair or maintenance,Sometimes,Some use this,1,0.067
26200,37,"installation, maintenance and repair of telecommunications equipment",Sometimes,Some use this,1,0.067
26200,37,"furniture restoration, repair and maintenance",Sometimes,Some use this,1,0.067
26200,37,building services relating to building for industry purposes,Sometimes,Some use this,1,0.067
26200,37,building of industrial properties,Sometimes,Some use this,1,0.067
26200,37,maintenance and repair of solar heating installations,Sometimes,Some use this,1,0.067
26200,37,"installation, repair and maintenance of air reheaters",Sometimes,Some use this,1,0.067
26200,37,advisory services relating to the renovation of property,Sometimes,Some use this,1,0.067
26200,37,building of foundations,Sometimes,Some use this,1,0.067
26200,37,maintenance and repair of camping equipment,Sometimes,Some use this,1,0.067
26200,37,"installation of building scaffolds, working and building platforms",Sometimes,Some use this,1,0.067
26200,37,sealing (building -),Sometimes,Some use this,1,0.067
26200,37,maintenance and repair of heating apparatus,Sometimes,Some use this,1,0.067
26200,37,"installation, repair and maintenance of apparatus and equipment for gaming",Sometimes,Some use this,1,0.067
26200,41,coaching in the field of sports,Always,All use this,4,0.4
26200,41,coaching in the field of golf,Always,All use this,4,0.4
26200,41,rental of mobile golf training simulators.,Always,All use this,4,0.4
26200,41,"coaching in the field of golf, tennis, baseball and cricket",Always,All use this,4,0.4
26200,41,sports training services,Always,All use this,4,0.4
26200,41,"instruction in the nature of golf, tennis, baseball and cricket clinics",Always,All use this,4,0.4
26200,41,rental of electronic sports training simulators,Always,All use this,4,0.4
26200,41,sports training,Always,All use this,4,0.4
26200,41,"instruction in the nature of golf, tennis, baseball and cricket lessons",Always,All use this,4,0.4
26200,41,coaching and instruction services in the field of the biomechanics of golf,Always,All use this,4,0.4
26200,41,education,Always,All use this,3,0.3
26200,41,"online publication of electronic books, newspapers and periodicals",Always,Most use this,2,0.2
26200,41,distance learning courses,Always,Most use this,2,0.2
26200,41,interviewing of contemporary figures for educational or entertainment purposes,Always,Most use this,2,0.2
26200,41,providing online non-downloadable videos in the field of quantum computing,Always,Most use this,2,0.2
26200,41,vocational skills training,Always,Most use this,2,0.2
26200,41,photographic library services,Always,Most use this,2,0.2
26200,41,arranging and conducting of in-person educational forums,Always,Most use this,2,0.2
26200,41,"internet, online, television and radio services",Always,Most use this,2,0.2
26200,41,photographic reporting,Always,Most use this,2,0.2
26200,41,providing virtual reality health and wellness gaming services,Always,Most use this,2,0.2
26200,41,providing rehabilitation and therapy sessions using virtual reality,Always,Most use this,2,0.2
26200,41,publication of texts in the form of electronic media,Always,Most use this,2,0.2
26200,41,providing entertainment and educational content and information via websites,Always,Most use this,2,0.2
26200,41,journalism services,Always,Most use this,2,0.2
28990,9,computer software,Always,Most use this,26,0.171
28990,9,parts and fittings for all the aforesaid goods.,Sometimes,Some use this,15,0.099
28990,9,sensors,Sometimes,Some use this,14,0.092
28990,9,industrial automation software,Sometimes,Some use this,14,0.092
28990,9,scientific apparatus and instruments,Sometimes,Some use this,11,0.072
28990,9,light sensors,Sometimes,Some use this,11,0.072
28990,9,system support software,Sometimes,Some use this,10,0.066
28990,9,optical sensors,Sometimes,Some use this,10,0.066
28990,9,artificial intelligence software,Sometimes,Some use this,10,0.066
28990,9,maintenance software,Sometimes,Some use this,10,0.066
28990,9,robotic process automation [rpa] software,Sometimes,Some use this,10,0.066
28990,9,digital solutions provider [dsp] software,Sometimes,Some use this,9,0.059
28990,9,cameras,Sometimes,Some use this,9,0.059
28990,9,software,Sometimes,Some use this,9,0.059
28990,9,humanoid robots with artificial intelligence for use in scientific research,Sometimes,Some use this,9,0.059
28990,9,robotic electrical control apparatus,Sometimes,Some use this,9,0.059
28990,9,artificial intelligence and machine learning software,Sometimes,Some use this,9,0.059
28990,9,"user-programmable humanoid robots, not configured",Sometimes,Some use this,8,0.053
28990,9,predictive maintenance software,Sometimes,Some use this,8,0.053
28990,9,optical fibre sensors,Sometimes,Some use this,8,0.053
28990,9,operating system software,Sometimes,Some use this,8,0.053
28990,9,laser sensors,Sometimes,Some use this,8,0.053
28990,9,application software,Sometimes,Some use this,8,0.053
28990,9,sensor switches,Sometimes,Some use this,8,0.053
28990,9,computer software for controlling and managing access server applications,Sometimes,Some use this,8,0.053
28990,7,parts and fittings for all the aforesaid goods.,Always,Most use this,26,0.179
28990,7,industrial robots,Always,Most use this,19,0.131
28990,7,labelling machines,Sometimes,Some use this,14,0.097
28990,7,robotic labelling machines,Sometimes,Some use this,13,0.09
28990,7,robots with articulated arms for manipulating workpieces,Sometimes,Some use this,13,0.09
28990,7,"motors and engines, except for land vehicles",Sometimes,Some use this,12,0.083
28990,7,automatic tool changers for industrial robots,Sometimes,Some use this,11,0.076
28990,7,winches,Sometimes,Some use this,10,0.069
28990,7,shipboard cable handling apparatus,Sometimes,Some use this,9,0.062
28990,7,deployment and/or recovery machines and apparatus for all of the aforesaid goods,Sometimes,Some use this,9,0.062
28990,7,underwater and/or seabed trenching machines and apparatus,Sometimes,Some use this,9,0.062
28990,7,cable and/or pipeline winches,Sometimes,Some use this,9,0.062
28990,7,cable handling apparatus,Sometimes,Some use this,9,0.062
28990,7,machine tools,Sometimes,Some use this,9,0.062
28990,7,cable and/or pipeline ploughs,Sometimes,Some use this,9,0.062
28990,7,underwater and/or seabed cable laying and/or burying machines and apparatus,Sometimes,Some use this,9,0.062
28990,7,generators,Sometimes,Some use this,8,0.055
28990,7,pressure washers,Sometimes,Some use this,8,0.055
28990,7,robots for machine tools,Sometimes,Some use this,8,0.055
28990,7,industrial robots for use in manufacture,Sometimes,Some use this,8,0.055
28990,7,undersea and / or seabed ploughs,Sometimes,Some use this,7,0.048
28990,7,assembly machines,Sometimes,Some use this,7,0.048
28990,7,industrial robots for underwater and / or seabed use,Sometimes,Some use this,7,0.048
28990,7,robots for use in industry,Sometimes,Some use this,7,0.048
28990,7,undersea and/or seabed mineral extraction apparatus,Sometimes,Some use this,7,0.048
28990,42,engineering research,Sometimes,Some use this,11,0.12
28990,42,engineering services relating to robotics,Sometimes,Some use this,9,0.098
28990,42,"x-ray imaging, other than for medical purposes",Sometimes,Some use this,8,0.087
28990,42,software as a service [saas],Sometimes,Some use this,8,0.087
28990,42,design and development of computer software,Sometimes,Some use this,8,0.087
28990,42,design services,Sometimes,Some use this,7,0.076
28990,42,design of robotic devices,Sometimes,Some use this,7,0.076
28990,42,design of computer hardware for robotic devices,Sometimes,Some use this,7,0.076
28990,42,"design, programming and maintenance of computer software for robotic devices",Sometimes,Some use this,7,0.076
28990,42,mechanical research,Sometimes,Some use this,7,0.076
28990,42,computer software design,Sometimes,Some use this,7,0.076
28990,42,providing computer software for robotic devices,Sometimes,Some use this,6,0.065
28990,42,scientific research,Sometimes,Some use this,6,0.065
28990,42,data analysis services,Sometimes,Some use this,6,0.065
28990,42,engineering design,Sometimes,Some use this,6,0.065
28990,42,design of industrial machinery,Sometimes,Some use this,6,0.065
28990,42,scientific and technological services and research and design relating thereto,Sometimes,Some use this,6,0.065
28990,42,scientific and technological services,Sometimes,Some use this,6,0.065
28990,42,industrial design services,Sometimes,Some use this,6,0.065
28990,42,software engineering services,Sometimes,Some use this,6,0.065
28990,42,design and development of computer hardware,Sometimes,Some use this,6,0.065
28990,42,design and development of computer systems,Sometimes,Some use this,6,0.065
28990,42,advisory and research in the field of artificial intelligence,Sometimes,Some use this,6,0.065
28990,42,technical engineering services,Sometimes,Some use this,6,0.065
28990,42,technical research in the field of aeronautics,Sometimes,Some use this,6,0.065
28990,37,maintenance of industrial machinery,Always,Most use this,11,0.138
28990,37,installation of industrial machinery,Sometimes,Some use this,7,0.087
28990,37,"machinery installation, maintenance and repair",Sometimes,Some use this,6,0.075
28990,37,machinery maintenance services,Sometimes,Some use this,6,0.075
28990,37,installation of drying apparatus,Sometimes,Some use this,5,0.062
28990,37,civil engineering relating to water and waste water treatment.,Sometimes,Some use this,5,0.062
28990,37,installation of electrical apparatus,Sometimes,Some use this,5,0.062
28990,37,"installation, maintenance and repair of electronic regulating apparatus",Sometimes,Some use this,5,0.062
28990,37,installation of industrial machinery.,Sometimes,Some use this,5,0.062
28990,37,installation of water pipes,Sometimes,Some use this,5,0.062
28990,37,cleaning of water tanks,Sometimes,Some use this,5,0.062
28990,37,installation of water treatment systems,Sometimes,Some use this,5,0.062
28990,37,building and construction services for water and waste water treatment,Sometimes,Some use this,5,0.062
28990,37,"installation, maintenance and repair of electrical monitoring apparatus",Sometimes,Some use this,5,0.062
28990,37,construction of steel structures for water treatment systems,Sometimes,Some use this,5,0.062
28990,37,installation of water supply apparatus,Sometimes,Some use this,5,0.062
28990,37,servicing of manufacturing machines and apparatus,Sometimes,Some use this,5,0.062
28990,37,installation of water tanks,Sometimes,Some use this,5,0.062
28990,37,cleaning of water supply plumbing,Sometimes,Some use this,5,0.062
28990,37,"installation, maintenance and repair of electronic control apparatus",Sometimes,Some use this,5,0.062
28990,37,maintenance and repair of water and waste water treatment systems,Sometimes,Some use this,5,0.062
28990,37,assembling [installation] of machine plant,Sometimes,Some use this,4,0.05
28990,37,installation of water softeners,Sometimes,Some use this,4,0.05
28990,37,repair or maintenance of chemical processing machines and apparatus,Sometimes,Some use this,4,0.05
28990,37,installation of drinking water filter systems,Sometimes,Some use this,4,0.05
28990,11,water treatment filters,Always,Most use this,13,0.232
28990,11,water filters,Always,Most use this,7,0.125
28990,11,biological reactors for clarifying industrial effluents,Always,Most use this,7,0.125
28990,11,water purification filters,Always,Most use this,7,0.125
28990,11,industrial waste water purification plants,Sometimes,Some use this,6,0.107
28990,11,membranes for the filtration of water,Sometimes,Some use this,6,0.107
28990,11,reverse osmosis elements for reducing the salt content of water,Sometimes,Some use this,6,0.107
28990,11,reverse osmosis elements for reducing the brackishness of water,Sometimes,Some use this,6,0.107
28990,11,water treatment units for aerating and circulating water,Sometimes,Some use this,6,0.107
28990,11,waste water purification installations,Sometimes,Some use this,6,0.107
28990,11,reverse osmosis membrane filters for water treatment,Sometimes,Some use this,6,0.107
28990,11,installations for water treatment under osmotic process,Sometimes,Some use this,6,0.107
28990,11,membranes for reverse osmosis units,Sometimes,Some use this,6,0.107
28990,11,water treatment apparatus for water purification,Sometimes,Some use this,6,0.107
28990,11,waste water treatment tanks,Sometimes,Some use this,6,0.107
28990,11,membrane purifying apparatus for the purification of water,Sometimes,Some use this,5,0.089
28990,11,water desalination plants,Sometimes,Some use this,5,0.089
28990,11,cartridge filtration units for water treatment,Sometimes,Some use this,5,0.089
28990,11,parts and fittings for all the aforesaid goods.,Sometimes,Some use this,5,0.089
28990,11,membrane filtration units for water treatment,Sometimes,Some use this,5,0.089
28990,11,water control valves,Sometimes,Some use this,5,0.089
28990,11,moving bed biofilm reactors,Sometimes,Some use this,5,0.089
28990,11,water heaters [apparatus],Sometimes,Some use this,5,0.089
28990,11,bioreactors for use in the treatment of waste water,Sometimes,Some use this,5,0.089
28990,11,water softening and purification installations and apparatus,Sometimes,Some use this,5,0.089
28990,40,water treatment,Always,Most use this,15,0.278
28990,40,custom and bespoke manufacturing of robotics,Always,Most use this,8,0.148
28990,40,joinery [custom manufacture],Always,Most use this,8,0.148
28990,40,waste water treatment,Always,Most use this,8,0.148
28990,40,treatment of metals,Always,Most use this,8,0.148
28990,40,rental and leasing of industrial robots for use in manufacturing,Always,Most use this,8,0.148
28990,40,rental and leasing of assembly machine equipment,Always,Most use this,8,0.148
28990,40,treatment of chemical waste,Always,Most use this,8,0.148
28990,40,water purification,Always,Most use this,7,0.13
28990,40,custom and bespoke manufacture of electronic components for aircrafts,Always,Most use this,7,0.13
28990,40,water treatment and purification,Sometimes,Some use this,6,0.111
28990,40,waste water reprocessing,Sometimes,Some use this,6,0.111
28990,40,treatment of waste water from generating operations,Sometimes,Some use this,6,0.111
28990,40,disposal of waste water from industrial processes,Sometimes,Some use this,6,0.111
28990,40,sewage treatment services,Sometimes,Some use this,6,0.111
28990,40,recycling and waste treatment,Sometimes,Some use this,6,0.111
28990,40,providing information relating to water treatment,Sometimes,Some use this,6,0.111
28990,40,treatment of effluent,Sometimes,Some use this,6,0.111
28990,40,rental of water and waste water treatment and purification equipment,Sometimes,Some use this,5,0.093
28990,40,rental of water filters,Sometimes,Some use this,5,0.093
28990,40,water conditioning.,Sometimes,Some use this,5,0.093
28990,40,purification of water,Sometimes,Some use this,5,0.093
28990,40,purification of waste water from industrial processes,Sometimes,Some use this,5,0.093
28990,40,"rental, leasing, hire and charter of water treatment apparatus and installations",Sometimes,Some use this,5,0.093
28990,40,reclamation of material from waste,Sometimes,Some use this,5,0.093
28990,1,chemical products for the treatment of water,Always,All use this,15,0.429
28990,1,chemical compositions for water treatment,Always,Most use this,9,0.257
28990,1,chemical products for the treatment of drinking water,Always,Most use this,6,0.171
28990,1,chemicals for use in the treatment of waste water,Always,Most use this,6,0.171
28990,1,chemical products for the treatment of sewage.,Always,Most use this,5,0.143
28990,1,chemical products for the treatment of sewage,Always,Most use this,5,0.143
28990,1,water softener preparations.,Always,Most use this,5,0.143
28990,1,chemical preparations for the treatment of water,Always,Most use this,5,0.143
28990,1,"salt and salt pellets for water purification, treatment and softening",Always,Most use this,5,0.143
28990,1,microalgae for waste water treatment,Sometimes,Some use this,4,0.114
28990,1,ion exchange resins for use in water treatment,Sometimes,Some use this,4,0.114
28990,1,water-purifying chemicals,Sometimes,Some use this,4,0.114
28990,1,bacteria for water treatment,Sometimes,Some use this,4,0.114
28990,1,chemicals for use in the purification of water,Sometimes,Some use this,4,0.114
28990,1,bacteria for waste water treatment,Sometimes,Some use this,4,0.114
28990,1,chemicals for use in the treatment of water,Sometimes,Some use this,4,0.114
28990,1,microorganisms for use in water treatment,Sometimes,Some use this,4,0.114
28990,1,biological water treatment preparations,Sometimes,Some use this,4,0.114
28990,1,ceramic materials in particulate form for use as filtering media,Sometimes,Some use this,3,0.086
28990,1,chemicals for use in aquaculture,Sometimes,Some use this,3,0.086
28990,1,agents (chemical -) for use in water purification,Sometimes,Some use this,3,0.086
28990,1,chemical products for neutralising water,Sometimes,Some use this,3,0.086
28990,1,water treatment substances,Sometimes,Some use this,3,0.086
28990,1,chemical additives for water,Sometimes,Some use this,3,0.086
28990,1,filtering media [chemical] for water.,Sometimes,Some use this,3,0.086
28990,12,remotely operated underwater and/or seabed vehicles,Always,All use this,9,0.31
28990,12,underwater and/or seabed vehicles,Always,All use this,9,0.31
28990,12,parts and fittings for all of the aforesaid goods.,Always,All use this,9,0.31
28990,12,cable winding apparatus,Always,Most use this,7,0.241
28990,12,shipboard cable and/or pipeline handling apparatus,Always,Most use this,7,0.241
28990,12,underwater and/or seabed tractors,Always,Most use this,7,0.241
28990,12,seabed and/or underwater maintenance vehicles,Always,Most use this,7,0.241
28990,12,seabed surveying vehicles,Always,Most use this,7,0.241
28990,12,cable and/or pipeline handling apparatus,Always,Most use this,7,0.241
28990,12,underwater and/or seabed ploughs,Always,Most use this,7,0.241
28990,12,electric motors for land vehicles,Always,Most use this,5,0.172
28990,12,steel wheels (tractors),Always,Most use this,4,0.138
28990,12,electric vehicles,Always,Most use this,4,0.138
28990,12,vehicle wheels,Always,Most use this,4,0.138
28990,12,wheel trims,Always,Most use this,4,0.138
28990,12,wheel rims,Always,Most use this,4,0.138
28990,12,wheels,Always,Most use this,4,0.138
28990,12,wheels for agricultural vehicles,Always,Most use this,4,0.138
28990,12,electrically-powered motor scooter.,Sometimes,Some use this,3,0.103
28990,12,electric land vehicles,Sometimes,Some use this,3,0.103
28990,12,wheel suspensions,Sometimes,Some use this,3,0.103
28990,12,wheel hubs,Sometimes,Some use this,3,0.103
28990,12,parts and fittings for the aforesaid goods.,Sometimes,Some use this,3,0.103
28990,12,wheel spacers,Sometimes,Some use this,3,0.103
28990,12,"motors, electric, for land vehicles",Sometimes,Some use this,3,0.103
25730,8,scraping tools [hand tools],Always,Most use this,9,0.209
25730,8,shovels [hand tools],Always,Most use this,9,0.209
25730,8,"hand tools, hand-operated",Always,Most use this,9,0.209
25730,8,pliers,Always,Most use this,9,0.209
25730,8,cutting tools [hand tools],Always,Most use this,8,0.186
25730,8,hammers,Always,Most use this,7,0.163
25730,8,scrapers [hand tools],Always,Most use this,7,0.163
25730,8,"garden tools, hand-operated",Always,Most use this,7,0.163
25730,8,tool belts,Always,Most use this,7,0.163
25730,8,hex tools,Always,Most use this,6,0.14
25730,8,abrading instruments [hand instruments],Always,Most use this,6,0.14
25730,8,chisels [hand tools],Always,Most use this,6,0.14
25730,8,edge tools [hand tools],Always,Most use this,6,0.14
25730,8,spatulas [hand tools],Sometimes,Some use this,5,0.116
25730,8,lifting tools,Sometimes,Some use this,5,0.116
25730,8,wrenches,Sometimes,Some use this,5,0.116
25730,8,hand-operated cutting tools,Sometimes,Some use this,5,0.116
25730,8,clamps [hand tools],Sometimes,Some use this,5,0.116
25730,8,trowels,Sometimes,Some use this,5,0.116
25730,8,wire strippers [hand tools],Sometimes,Some use this,5,0.116
25730,8,wrenches [hand tools],Sometimes,Some use this,5,0.116
25730,8,chisels,Sometimes,Some use this,5,0.116
25730,8,grindstones [hand tools],Sometimes,Some use this,5,0.116
25730,8,"agricultural implements, hand-operated",Sometimes,Some use this,5,0.116
25730,8,stone hammers,Sometimes,Some use this,4,0.093
25730,7,jigs for holding a component during machining,Always,Most use this,6,0.154
25730,7,drilling tools for use with machines.,Always,Most use this,6,0.154
25730,7,drilling machines,Sometimes,Some use this,4,0.103
25730,7,power tools,Sometimes,Some use this,4,0.103
25730,7,hinge jigs.,Sometimes,Some use this,4,0.103
25730,7,lock mortice jigs,Sometimes,Some use this,4,0.103
25730,7,cutting guides for use with electric machines,Sometimes,Some use this,4,0.103
25730,7,morticers and mortice jigs,Sometimes,Some use this,4,0.103
25730,7,deburring machines and devices,Sometimes,Some use this,3,0.077
25730,7,brazing equipment,Sometimes,Some use this,3,0.077
25730,7,electric and electromechanical drain cleaning apparatus and instruments,Sometimes,Some use this,3,0.077
25730,7,cutting machines,Sometimes,Some use this,3,0.077
25730,7,adaptors for vacuum cleaner nozzles,Sometimes,Some use this,3,0.077
25730,7,drain cleaning machines,Sometimes,Some use this,3,0.077
25730,7,grindstones [parts of machines],Sometimes,Some use this,3,0.077
25730,7,electric machine snakes,Sometimes,Some use this,3,0.077
25730,7,drain and unblocking machines,Sometimes,Some use this,3,0.077
25730,7,electric hammers,Sometimes,Some use this,3,0.077
25730,7,drainage machines,Sometimes,Some use this,3,0.077
25730,7,soldering equipment,Sometimes,Some use this,3,0.077
25730,7,cleaning machines and devices,Sometimes,Some use this,3,0.077
25730,7,hole saws,Sometimes,Some use this,3,0.077
25730,7,tools [parts of machines],Sometimes,Some use this,3,0.077
25730,7,bending machines and devices,Sometimes,Some use this,3,0.077
25730,7,soldering irons,Sometimes,Some use this,3,0.077
25730,9,marking gauges for joinery purposes.,Always,Most use this,5,0.238
25730,9,battery chargers,Always,Most use this,4,0.19
25730,9,ignition batteries,Always,Most use this,4,0.19
25730,9,chargers for electric batteries,Always,Most use this,4,0.19
25730,9,batteries,Always,Most use this,4,0.19
25730,9,battery boxes,Always,Most use this,4,0.19
25730,9,anode batteries,Always,Most use this,4,0.19
25730,9,high tension batteries,Always,Most use this,4,0.19
25730,9,gloves for protection against accidents,Always,Most use this,4,0.19
25730,9,electric batteries,Always,Most use this,4,0.19
25730,9,marking gauges,Always,Most use this,4,0.19
25730,9,fire blankets,Always,Most use this,3,0.143
25730,9,"clothing for protection against accidents, irradiation and fire",Always,Most use this,3,0.143
25730,9,safety nets,Always,Most use this,3,0.143
25730,9,dust masks incorporating air purification.,Always,Most use this,3,0.143
25730,9,life-saving apparatus and equipment,Always,Most use this,3,0.143
25730,9,protective helmets,Always,Most use this,3,0.143
25730,9,knee-pads for workers,Always,Most use this,3,0.143
25730,9,electrical batteries,Always,Most use this,3,0.143
25730,9,"protective masks, not for medical purposes",Always,Most use this,3,0.143
25730,9,volt sticks [electrical protection devices],Always,Most use this,3,0.143
25730,9,battery cables,Always,Most use this,3,0.143
25730,9,"shoes for protection against accidents, irradiation and fire",Always,Most use this,3,0.143
25730,9,goggles for sports,Always,Most use this,3,0.143
25730,9,battery testing apparatus,Always,Most use this,3,0.143
25730,35,online retail services relating to containers for flowers,Always,Most use this,3,0.176
25730,35,retail services relating to containers for flowers,Always,Most use this,3,0.176
25730,35,retail services relating to paintbrushes,Sometimes,Some use this,2,0.118
25730,35,online retail services relating to paintbrushes,Sometimes,Some use this,2,0.118
25730,35,advertising and promotional services for tools.,Sometimes,Some use this,2,0.118
25730,35,retail services relating to stakes for plants or trees,Sometimes,Some use this,2,0.118
25730,35,online retail services relating to stakes for plants or trees,Sometimes,Some use this,2,0.118
25730,35,wholesale services in relation to carpentry and joinery tools,Sometimes,Some use this,2,0.118
25730,35,online retail services relating to trimming knives,Sometimes,Some use this,1,0.059
25730,35,online retail services relating to remote control vehicles (other than toys),Sometimes,Some use this,1,0.059
25730,35,online retail services relating to writing instruments,Sometimes,Some use this,1,0.059
25730,35,retail services relating to pots,Sometimes,Some use this,1,0.059
25730,35,retail services relating to plant stands,Sometimes,Some use this,1,0.059
25730,35,online retail services relating to graphic prints,Sometimes,Some use this,1,0.059
25730,35,online retail services relating to writing materials,Sometimes,Some use this,1,0.059
25730,35,retail services relating to planters of glass,Sometimes,Some use this,1,0.059
25730,35,online retail services relating to pouches,Sometimes,Some use this,1,0.059
25730,35,retail services relating to tools for floristry,Sometimes,Some use this,1,0.059
25730,35,online retail services relating to photographs,Sometimes,Some use this,1,0.059
25730,35,retail services relating to agricultural implements [hand-operated],Sometimes,Some use this,1,0.059
25730,35,online retail services relating to garden syringes,Sometimes,Some use this,1,0.059
25730,35,retail services relating to planting rulers,Sometimes,Some use this,1,0.059
25730,35,online retail services relating to containers for compost,Sometimes,Some use this,1,0.059
25730,35,retail services relating to repotting containers for plants,Sometimes,Some use this,1,0.059
25730,35,online retail services relating to planters of china,Sometimes,Some use this,1,0.059
25730,20,non-metal tables,Always,All use this,5,0.357
25730,20,saw benches being furniture,Always,All use this,5,0.357
25730,20,table tops,Always,All use this,5,0.357
25730,20,tables of metal,Always,All use this,5,0.357
25730,20,wood chopping block tables,Always,All use this,5,0.357
25730,20,sawhorses.,Always,All use this,5,0.357
25730,20,non-metal trestles for supporting tables,Always,All use this,5,0.357
25730,20,work benches,Always,All use this,5,0.357
25730,20,industrial work tables,Always,All use this,5,0.357
25730,20,metal bench seats,Always,All use this,5,0.357
25730,20,benches,Always,All use this,5,0.357
25730,20,benches [furniture],Always,All use this,5,0.357
25730,20,folding tables,Always,All use this,5,0.357
25730,20,work tables,Always,All use this,5,0.357
25730,20,saw benches [furniture],Always,All use this,5,0.357
25730,20,work surfaces,Always,All use this,5,0.357
25730,20,trestles for use as table supports,Always,All use this,5,0.357
25730,20,trestles [saw benches] and trestle tables (not of metal),Always,All use this,5,0.357
25730,20,sideboard tables,Always,All use this,5,0.357
25730,20,trestles [furniture],Always,All use this,5,0.357
25730,20,trestle tables,Always,All use this,5,0.357
25730,20,"saw benches [vice], not of metal, other than parts of machines",Always,All use this,5,0.357
25730,20,work surfaces in the nature of furniture,Always,All use this,5,0.357
25730,20,tables,Always,All use this,5,0.357
25730,20,"saw benches [work], other than parts of machines",Always,All use this,5,0.357
26120,9,wireless communication devices,Always,Most use this,6,0.261
26120,9,electronic communications apparatus,Always,Most use this,6,0.261
26120,9,wireless headsets for use with mobile telephones,Always,Most use this,5,0.217
26120,9,devices for hands-free use of mobile phones,Always,Most use this,5,0.217
26120,9,application software for wireless devices,Always,Most use this,5,0.217
26120,9,wireless speaker microphones,Always,Most use this,5,0.217
26120,9,computer hardware modules for use in internet of things electronic devices,Always,Most use this,5,0.217
26120,9,wireless headphones,Always,Most use this,5,0.217
26120,9,wireless switches,Always,Most use this,5,0.217
26120,9,wireless headsets for tablet computers,Always,Most use this,5,0.217
26120,9,hands-free headsets for cell phones,Always,Most use this,5,0.217
26120,9,gyro sensors using gps functions,Always,Most use this,5,0.217
26120,9,usb adapters,Always,Most use this,5,0.217
26120,9,internet of things [iot] sensors,Always,Most use this,5,0.217
26120,9,wireless communication devices for the transmission of multimedia content,Always,Most use this,5,0.217
26120,9,wireless computer mice,Always,Most use this,5,0.217
26120,9,wireless routers,Always,Most use this,5,0.217
26120,9,firmware for computer peripherals,Always,Most use this,5,0.217
26120,9,electronic circuits,Always,Most use this,5,0.217
26120,9,electrical circuit components,Always,Most use this,5,0.217
26120,9,wireless audio speakers,Always,Most use this,5,0.217
26120,9,wireless computer peripherals,Always,Most use this,5,0.217
26120,9,wireless headsets for cellphones,Always,Most use this,5,0.217
26120,9,wireless receivers,Always,Most use this,5,0.217
26120,9,firmware and device drivers,Always,Most use this,5,0.217
26120,35,television advertising,Always,All use this,3,0.3
26120,35,electronic billboard advertising,Always,All use this,3,0.3
26120,35,newspaper advertising,Always,All use this,3,0.3
26120,35,advertising copywriting,Always,All use this,3,0.3
26120,35,magazine advertising,Always,All use this,3,0.3
26120,35,radio advertising,Always,All use this,3,0.3
26120,35,merchandising,Always,All use this,3,0.3
26120,35,promotional marketing.,Always,All use this,3,0.3
26120,35,advertising and marketing,Always,All use this,3,0.3
26120,35,banner advertising,Always,All use this,3,0.3
26120,35,advertising,Always,All use this,3,0.3
26120,35,exhibitions for commercial or advertising purposes,Always,All use this,3,0.3
26120,35,publicity and advertising,Always,All use this,3,0.3
26120,35,promotion [advertising] of business,Always,All use this,3,0.3
26120,35,recruitment advertising,Always,All use this,3,0.3
26120,35,hire of advertising billboards,Always,All use this,3,0.3
26120,35,online advertising,Always,All use this,3,0.3
26120,35,product merchandising,Always,All use this,3,0.3
26120,35,on-line advertising,Always,Most use this,2,0.2
26120,35,merchandizing.,Always,Most use this,2,0.2
26120,35,online advertising services,Sometimes,Some use this,1,0.1
26120,35,retail services relating to automobile accessories.,Sometimes,Some use this,1,0.1
26120,35,promoting the sale of fashion goods through promotional articles in magazines,Sometimes,Some use this,1,0.1
26120,35,online retail store services relating to clothing,Sometimes,Some use this,1,0.1
26120,35,online retail store services in relation to clothing,Sometimes,Some use this,1,0.1
25990,6,transportable buildings of metal,Sometimes,Some use this,22,0.101
25990,6,parts and fittings for all the aforesaid goods.,Sometimes,Some use this,22,0.101
25990,6,common metals and their alloys,Sometimes,Some use this,19,0.087
25990,6,pipes and tubes of metal,Sometimes,Some use this,18,0.083
25990,6,non-electric cables and wires of common metal,Sometimes,Some use this,17,0.078
25990,6,metal building materials,Sometimes,Some use this,17,0.078
25990,6,safes,Sometimes,Some use this,16,0.073
25990,6,materials of metal for railway tracks,Sometimes,Some use this,15,0.069
25990,6,cladding panels of metal for wall construction,Sometimes,Some use this,15,0.069
25990,6,metal roofing panels,Sometimes,Some use this,14,0.064
25990,6,"ironmongery, small items of metal hardware",Sometimes,Some use this,12,0.055
25990,6,metal materials for building and construction,Sometimes,Some use this,10,0.046
25990,6,connecting flanges,Sometimes,Some use this,10,0.046
25990,6,wall claddings of metal for building,Sometimes,Some use this,9,0.041
25990,6,steel,Sometimes,Some use this,9,0.041
25990,6,door fittings of metal,Sometimes,Some use this,9,0.041
25990,6,small items of metal hardware,Sometimes,Some use this,9,0.041
25990,6,structures and transportable buildings of metal,Sometimes,Some use this,9,0.041
25990,6,roof materials of metal,Sometimes,Some use this,9,0.041
25990,6,ores,Sometimes,A few have this,8,0.037
25990,6,cabinet fittings of common metal,Sometimes,A few have this,8,0.037
25990,6,steel frames for building,Sometimes,A few have this,8,0.037
25990,6,metal hardware,Sometimes,A few have this,8,0.037
25990,6,metallic windows and doors,Sometimes,A few have this,8,0.037
25990,6,metal wall claddings,Sometimes,A few have this,7,0.032
25990,37,building construction,Sometimes,Some use this,9,0.111
25990,37,installation of formwork for concrete,Sometimes,Some use this,5,0.062
25990,37,construction services,Sometimes,Some use this,5,0.062
25990,37,construction of floors,Sometimes,Some use this,5,0.062
25990,37,spray painting of metals,Sometimes,Some use this,5,0.062
25990,37,civil construction services,Sometimes,Some use this,4,0.049
25990,37,civil engineering construction,Sometimes,Some use this,4,0.049
25990,37,building project management services,Sometimes,Some use this,4,0.049
25990,37,"building, construction and demolition",Sometimes,Some use this,4,0.049
25990,37,construction of curtain walls,Sometimes,Some use this,4,0.049
25990,37,civil infrastructure construction,Sometimes,Some use this,4,0.049
25990,37,installation of concreting formwork,Sometimes,Some use this,4,0.049
25990,37,installation of doors,Sometimes,Some use this,4,0.049
25990,37,construction consultancy,Sometimes,A few have this,3,0.037
25990,37,interior refurbishment of buildings,Sometimes,A few have this,3,0.037
25990,37,refurbishment of architectural surfaces using architectural wraps,Sometimes,A few have this,3,0.037
25990,37,construction,Sometimes,A few have this,3,0.037
25990,37,installation of window films,Sometimes,A few have this,3,0.037
25990,37,welding of steel structures for constructional purposes,Sometimes,A few have this,3,0.037
25990,37,welding for repair purposes,Sometimes,A few have this,3,0.037
25990,37,glazing of windows,Sometimes,A few have this,3,0.037
25990,37,construction of civil engineering structures by laying concrete,Sometimes,A few have this,3,0.037
25990,37,installation of ceiling coverings,Sometimes,A few have this,3,0.037
25990,37,coating [painting] services,Sometimes,A few have this,3,0.037
25990,37,"machinery installation, maintenance and repair",Sometimes,A few have this,3,0.037
25990,7,parts and fittings for all the aforesaid goods.,Always,Most use this,13,0.155
25990,7,automated shuttle systems for pallet transportation and storage in warehouses,Always,Most use this,12,0.143
25990,7,valves,Always,Most use this,12,0.143
25990,7,robotic pallet shuttles for optimising warehouse logistics,Always,Most use this,12,0.143
25990,7,couplings for machines,Sometimes,Some use this,7,0.083
25990,7,machine tools,Sometimes,Some use this,7,0.083
25990,7,lifts for use in stairways,Sometimes,Some use this,6,0.071
25990,7,stairlifts,Sometimes,Some use this,6,0.071
25990,7,articulated couplings,Sometimes,Some use this,5,0.06
25990,7,relief valves,Sometimes,Some use this,5,0.06
25990,7,check valves,Sometimes,Some use this,5,0.06
25990,7,couplings,Sometimes,Some use this,5,0.06
25990,7,butterfly valves,Sometimes,Some use this,5,0.06
25990,7,anti-friction pads for machines,Sometimes,Some use this,5,0.06
25990,7,vacuum control valves (parts of motors),Sometimes,Some use this,5,0.06
25990,7,motors and engines (except for land vehicles),Sometimes,Some use this,5,0.06
25990,7,quick couplings for machinery,Sometimes,Some use this,4,0.048
25990,7,valves being parts of machines,Sometimes,Some use this,4,0.048
25990,7,threaded couplings for machinery,Sometimes,Some use this,4,0.048
25990,7,valves for regulating fluid flow,Sometimes,Some use this,4,0.048
25990,7,quick disconnect couplings for machinery,Sometimes,Some use this,4,0.048
25990,7,pneumatic couplings,Sometimes,Some use this,4,0.048
25990,7,linkages for machinery,Sometimes,Some use this,4,0.048
25990,7,airline couplings,Sometimes,Some use this,4,0.048
25990,7,parts and accessories for all of the aforesaid goods.,Sometimes,Some use this,4,0.048
25990,9,parts and fittings for all the aforesaid goods.,Sometimes,Some use this,7,0.101
25990,9,casings and casing parts for electrical equipment,Sometimes,Some use this,6,0.087
25990,9,switchboards,Sometimes,Some use this,4,0.058
25990,9,cable connectors,Sometimes,Some use this,4,0.058
25990,9,electronic key fobs being remote control apparatus,Sometimes,Some use this,4,0.058
25990,9,"apparatus, instruments and cables for electricity",Sometimes,Some use this,4,0.058
25990,9,racks adapted to house audio apparatus,Sometimes,Some use this,3,0.043
25990,9,cable splices for electric cables,Sometimes,Some use this,3,0.043
25990,9,electrical cable connectors,Sometimes,Some use this,3,0.043
25990,9,fire suppression systems and component parts thereof,Sometimes,Some use this,3,0.043
25990,9,position fixing apparatus for electrical apparatus,Sometimes,Some use this,3,0.043
25990,9,electronic control apparatus,Sometimes,Some use this,3,0.043
25990,9,traffic control apparatus [electric],Sometimes,Some use this,3,0.043
25990,9,traffic control apparatus [mechanical],Sometimes,Some use this,3,0.043
25990,9,conduits for electric cables,Sometimes,Some use this,3,0.043
25990,9,hardware for use in battery charging equipment,Sometimes,Some use this,3,0.043
25990,9,"earthing apparatus, earthing clamps and earthing cables",Sometimes,Some use this,3,0.043
25990,9,cable junctions for electric cables,Sometimes,Some use this,3,0.043
25990,9,electrical telecommunications apparatus,Sometimes,Some use this,3,0.043
25990,9,"connecting devices for fibre-optic cables, namely, cable connectors",Sometimes,Some use this,3,0.043
25990,9,"electric cables, wires, conductors and connection fittings therefor",Sometimes,Some use this,3,0.043
25990,9,connections for electric cables,Sometimes,Some use this,3,0.043
25990,9,protective and safety equipment,Sometimes,Some use this,3,0.043
25990,9,"valve measuring, monitoring and control apparatus",Sometimes,Some use this,3,0.043
25990,9,protective sheaths for fibre optical cables,Sometimes,Some use this,3,0.043
25990,20,furniture,Always,Most use this,12,0.188
25990,20,parts and fittings for all the aforesaid goods.,Always,Most use this,9,0.141
25990,20,tables,Sometimes,Some use this,7,0.109
25990,20,plant stands,Sometimes,Some use this,5,0.078
25990,20,point of purchase displays,Sometimes,Some use this,5,0.078
25990,20,furniture for displaying goods,Sometimes,Some use this,5,0.078
25990,20,mirrors,Sometimes,Some use this,5,0.078
25990,20,metal cabinets,Sometimes,Some use this,5,0.078
25990,20,shelves of metal [furniture],Sometimes,Some use this,4,0.062
25990,20,restaurant furniture,Sometimes,Some use this,4,0.062
25990,20,drawer handles [not of metal],Sometimes,Some use this,4,0.062
25990,20,"fitted cupboards, furniture fittings, not of metal",Sometimes,Some use this,4,0.062
25990,20,display racks,Sometimes,Some use this,4,0.062
25990,20,display stands,Sometimes,Some use this,4,0.062
25990,20,product display equipment,Sometimes,Some use this,4,0.062
25990,20,"furniture casters, not of metal",Sometimes,Some use this,4,0.062
25990,20,drawer knobs [not of metal],Sometimes,Some use this,4,0.062
25990,20,display shelves,Sometimes,Some use this,4,0.062
25990,20,"furniture, namely, sales and display counters",Sometimes,Some use this,4,0.062
25990,20,door fittings made of plastics,Sometimes,Some use this,4,0.062
25990,20,beds,Sometimes,Some use this,4,0.062
25990,20,chairs,Sometimes,Some use this,4,0.062
25990,20,signboards of plastic,Sometimes,Some use this,4,0.062
25990,20,display boards,Sometimes,Some use this,4,0.062
25990,20,office furniture,Sometimes,Some use this,4,0.062
25990,11,commercial catering fryers,Always,Most use this,8,0.131
25990,11,parts and fittings for all the aforesaid goods.,Always,Most use this,8,0.131
25990,11,heated display cabinets,Always,Most use this,8,0.131
25990,11,grills,Sometimes,Some use this,7,0.115
25990,11,barbecues,Sometimes,Some use this,7,0.115
25990,11,ice makers,Sometimes,Some use this,6,0.098
25990,11,freezers,Sometimes,Some use this,6,0.098
25990,11,rotisseries,Sometimes,Some use this,5,0.082
25990,11,water filtering installations,Sometimes,Some use this,5,0.082
25990,11,pizza ovens,Sometimes,Some use this,5,0.082
25990,11,kitchen ranges,Sometimes,Some use this,5,0.082
25990,11,installations for air extraction,Sometimes,Some use this,5,0.082
25990,11,ovens,Sometimes,Some use this,5,0.082
25990,11,water filtration apparatus,Sometimes,Some use this,5,0.082
25990,11,cold rooms,Sometimes,Some use this,4,0.066
25990,11,frying ranges,Sometimes,Some use this,4,0.066
25990,11,electrostatic precipitators for cleaning air,Sometimes,Some use this,4,0.066
25990,11,heating equipment for product display,Sometimes,Some use this,4,0.066
25990,11,refrigerating display cabinets,Sometimes,Some use this,4,0.066
25990,11,commercial refrigerators,Sometimes,Some use this,4,0.066
25990,11,microwave ovens,Sometimes,Some use this,4,0.066
25990,11,refrigeration equipment for product display,Sometimes,Some use this,4,0.066
25990,11,frying machines,Sometimes,Some use this,4,0.066
25990,11,fridge-freezers,Sometimes,Some use this,4,0.066
25990,11,roasters,Sometimes,Some use this,4,0.066
25990,42,design services,Always,Most use this,7,0.123
25990,42,engineering services,Sometimes,Some use this,5,0.088
25990,42,development of technical specifications for custom components.,Sometimes,Some use this,4,0.07
25990,42,computer-aided engineering design services,Sometimes,Some use this,4,0.07
25990,42,structural engineering services,Sometimes,Some use this,4,0.07
25990,42,civil engineering,Sometimes,Some use this,4,0.07
25990,42,mechanical engineering and product design services,Sometimes,Some use this,4,0.07
25990,42,engineering surveying,Sometimes,Some use this,4,0.07
25990,42,"testing, authentication and quality control",Sometimes,Some use this,3,0.053
25990,42,engineering testing,Sometimes,Some use this,3,0.053
25990,42,civil engineering drawing services,Sometimes,Some use this,3,0.053
25990,42,engineering services in the field of communications technology.,Sometimes,Some use this,3,0.053
25990,42,engineering design,Sometimes,Some use this,3,0.053
25990,42,interior design services,Sometimes,Some use this,3,0.053
25990,42,construction design,Sometimes,Some use this,3,0.053
25990,42,engineering consultancy,Sometimes,Some use this,3,0.053
25990,42,engineering,Sometimes,Some use this,3,0.053
25990,42,examination of welded fabrications to determine properties,Sometimes,A few have this,2,0.035
25990,42,industrial analysis and research services,Sometimes,A few have this,2,0.035
25990,42,"design of hot tubs, swim spas, swimming pools and hydrotherapy pools.",Sometimes,A few have this,2,0.035
25990,42,software as a service [saas],Sometimes,A few have this,2,0.035
25990,42,feasibility studies relating to material analysis,Sometimes,A few have this,2,0.035
25990,42,examination of welded fabrications to determine structure,Sometimes,A few have this,2,0.035
25990,42,technological engineering analysis,Sometimes,A few have this,2,0.035
25990,42,blasting vibration measuring,Sometimes,A few have this,2,0.035
25990,19,non-metallic building materials,Always,Most use this,11,0.2
25990,19,non-metallic rigid pipes for building,Always,Most use this,9,0.164
25990,19,non-metallic transportable buildings,Always,Most use this,9,0.164
25990,19,"asphalt, pitch and bitumen",Always,Most use this,9,0.164
25990,19,non-metallic monuments,Always,Most use this,8,0.145
25990,19,"non-metallic framed conservatories, doors and windows.",Always,Most use this,8,0.145
25990,19,"signs, and information and advertising displays, non-metallic.",Sometimes,Some use this,6,0.109
25990,19,window glass,Sometimes,Some use this,5,0.091
25990,19,mats for construction purposes,Sometimes,Some use this,5,0.091
25990,19,mats for use in civil engineering,Sometimes,Some use this,5,0.091
25990,19,"materials, not of metal, for building and construction",Sometimes,Some use this,4,0.073
25990,19,meshes for soil protection,Sometimes,Some use this,3,0.055
25990,19,non-woven fabrics for land protection,Sometimes,Some use this,3,0.055
25990,19,non-metallic road building materials,Sometimes,Some use this,3,0.055
25990,19,woven fabrics for land drainage,Sometimes,Some use this,3,0.055
25990,19,membranes for ground reinforcement,Sometimes,Some use this,3,0.055
25990,19,composite materials for construction purposes,Sometimes,Some use this,3,0.055
25990,19,composite materials for ground reinforcement,Sometimes,Some use this,3,0.055
25990,19,paving,Sometimes,Some use this,3,0.055
25990,19,composite materials for erosion control,Sometimes,Some use this,3,0.055
25990,19,erosion control sheeting or fabric for construction use,Sometimes,Some use this,3,0.055
25990,19,impermeable membranes for ground drainage containment,Sometimes,Some use this,3,0.055
25990,19,non-woven fabrics for land drainage,Sometimes,Some use this,3,0.055
25990,19,building glass,Sometimes,Some use this,3,0.055
25990,19,mats for ground reinforcement,Sometimes,Some use this,3,0.055
27900,9,computer software,Sometimes,Some use this,24,0.087
27900,9,parts and fittings for all the aforesaid goods.,Sometimes,Some use this,17,0.062
27900,9,amplifiers,Sometimes,Some use this,16,0.058
27900,9,batteries,Sometimes,Some use this,16,0.058
27900,9,loudspeakers,Sometimes,Some use this,16,0.058
27900,9,solar battery chargers,Sometimes,Some use this,15,0.055
27900,9,software applications,Sometimes,Some use this,15,0.055
27900,9,sensors,Sometimes,Some use this,14,0.051
27900,9,photovoltaic apparatus and installations for generating solar electricity,Sometimes,Some use this,14,0.051
27900,9,electrical switches,Sometimes,Some use this,13,0.047
27900,9,electric power supply units,Sometimes,Some use this,13,0.047
27900,9,battery chargers,Sometimes,Some use this,13,0.047
27900,9,lithium batteries,Sometimes,Some use this,12,0.044
27900,9,electric power converters,Sometimes,Some use this,12,0.044
27900,9,portable solar panels for generating electricity,Sometimes,Some use this,12,0.044
27900,9,audio amplifiers,Sometimes,Some use this,12,0.044
27900,9,electrical connectors,Sometimes,Some use this,12,0.044
27900,9,electrical storage batteries,Sometimes,Some use this,12,0.044
27900,9,headphones,Sometimes,Some use this,12,0.044
27900,9,microphones,Sometimes,Some use this,11,0.04
27900,9,power units [batteries],Sometimes,Some use this,11,0.04
27900,9,sound amplifiers,Sometimes,Some use this,11,0.04
27900,9,electrical and electronic components,Sometimes,Some use this,11,0.04
27900,9,electrical power adaptors,Sometimes,Some use this,11,0.04
27900,9,electrical header connectors,Sometimes,Some use this,11,0.04
27900,42,design services,Always,Most use this,12,0.138
27900,42,installation of computer software,Sometimes,Some use this,10,0.115
27900,42,software as a service [saas],Sometimes,Some use this,9,0.103
27900,42,development of computer software application solutions,Sometimes,Some use this,9,0.103
27900,42,computer software integration,Sometimes,Some use this,9,0.103
27900,42,computer programming,Sometimes,Some use this,8,0.092
27900,42,computer software design,Sometimes,Some use this,8,0.092
27900,42,programming of electronic control systems,Sometimes,Some use this,8,0.092
27900,42,engineering services,Sometimes,Some use this,8,0.092
27900,42,computer software development,Sometimes,Some use this,7,0.08
27900,42,maintenance of computer software,Sometimes,Some use this,7,0.08
27900,42,design and development of photonic integrated circuits,Sometimes,Some use this,6,0.069
27900,42,analysis of training simulation data,Sometimes,Some use this,6,0.069
27900,42,provision of data analytics services for training and assessment systems,Sometimes,Some use this,6,0.069
27900,42,design of communication systems,Sometimes,Some use this,6,0.069
27900,42,design services relating to quantum computing,Sometimes,Some use this,6,0.069
27900,42,development of computer software,Sometimes,Some use this,6,0.069
27900,42,data analysis services relating to training performance,Sometimes,Some use this,6,0.069
27900,42,design and development of quantum processor chips,Sometimes,Some use this,6,0.069
27900,42,quantum computing services,Sometimes,Some use this,6,0.069
27900,42,electronic data storage,Sometimes,Some use this,6,0.069
27900,42,consulting services in the field of quantum computing,Sometimes,Some use this,6,0.069
27900,42,scientific research in the field of quantum computing,Sometimes,Some use this,6,0.069
27900,42,design and development of ion traps,Sometimes,Some use this,6,0.069
27900,42,design and development of trapped ion computers,Sometimes,Some use this,6,0.069
27900,11,hydrogen generators,Always,Most use this,13,0.183
27900,11,parts and fittings for hydrogen generators.,Always,Most use this,13,0.183
27900,11,electric radiators for heating buildings,Sometimes,Some use this,8,0.113
27900,11,electric heaters,Sometimes,Some use this,8,0.113
27900,11,heating elements,Sometimes,Some use this,8,0.113
27900,11,heat pumps,Sometimes,Some use this,7,0.099
27900,11,electric radiators,Sometimes,Some use this,7,0.099
27900,11,lamps,Sometimes,Some use this,7,0.099
27900,11,electric space heaters,Sometimes,Some use this,7,0.099
27900,11,central heating radiators,Sometimes,Some use this,7,0.099
27900,11,heaters,Sometimes,Some use this,6,0.085
27900,11,heating installations,Sometimes,Some use this,6,0.085
27900,11,underfloor heating apparatus and installations,Sometimes,Some use this,6,0.085
27900,11,"radiators, electric",Sometimes,Some use this,6,0.085
27900,11,lighting apparatus and installations,Sometimes,Some use this,6,0.085
27900,11,solar heating installations,Sometimes,Some use this,6,0.085
27900,11,air cooling apparatus,Sometimes,Some use this,5,0.07
27900,11,convection heaters,Sometimes,Some use this,5,0.07
27900,11,thermal storage apparatus [solar energy] for heating,Sometimes,Some use this,5,0.07
27900,11,solar energy collectors for heating,Sometimes,Some use this,5,0.07
27900,11,solar thermal collectors [heating],Sometimes,Some use this,5,0.07
27900,11,solar energy powered heating apparatus,Sometimes,Some use this,5,0.07
27900,11,solar heating panels,Sometimes,Some use this,5,0.07
27900,11,led lighting fixtures,Sometimes,Some use this,5,0.07
27900,11,lighting,Sometimes,Some use this,5,0.07
27900,7,electric power supplies [generators],Always,Most use this,12,0.174
27900,7,electric power generators,Always,Most use this,12,0.174
27900,7,electrical generators using solar cells,Always,Most use this,10,0.145
27900,7,solar power generators,Sometimes,Some use this,8,0.116
27900,7,pem (proton exchange membrane) electrolysers for hydrogen or oxygen production.,Sometimes,Some use this,7,0.101
27900,7,electrical motor pump units,Sometimes,Some use this,7,0.101
27900,7,electrolysers for hydrogen or oxygen production,Sometimes,Some use this,7,0.101
27900,7,pumps,Sometimes,Some use this,6,0.087
27900,7,electric water pumps,Sometimes,Some use this,6,0.087
27900,7,electric alternators,Sometimes,Some use this,5,0.072
27900,7,mobile electrical power generators,Sometimes,Some use this,5,0.072
27900,7,solar power generators.,Sometimes,Some use this,5,0.072
27900,7,electric power generators using geothermal power.,Sometimes,Some use this,4,0.058
27900,7,parts and fittings for all the aforesaid goods.,Sometimes,Some use this,4,0.058
27900,7,wind-powered electricity generators,Sometimes,Some use this,4,0.058
27900,7,hydroelectric installations for generating electricity,Sometimes,Some use this,4,0.058
27900,7,electricity generators,Sometimes,Some use this,4,0.058
27900,7,heat pumps [parts of machines],Sometimes,Some use this,4,0.058
27900,7,water pumps,Sometimes,Some use this,4,0.058
27900,7,industrial robots,Sometimes,Some use this,3,0.043
27900,7,robots for industrial use,Sometimes,Some use this,3,0.043
27900,7,electricity generators.,Sometimes,Some use this,3,0.043
27900,7,indoor self-driving robots for industrial use,Sometimes,Some use this,3,0.043
27900,7,power installations [generators],Sometimes,Some use this,3,0.043
27900,7,mobile electric power generators,Sometimes,Some use this,3,0.043
27900,37,charging of electric vehicles,Sometimes,Some use this,7,0.115
27900,37,vehicle battery charging,Sometimes,Some use this,6,0.098
27900,37,recharging services for electric vehicles,Sometimes,Some use this,6,0.098
27900,37,"construction, installation and maintenance of photovoltaic installations",Sometimes,Some use this,5,0.082
27900,37,construction project cost modelling,Sometimes,Some use this,5,0.082
27900,37,construction of carport vehicle charging stations,Sometimes,Some use this,5,0.082
27900,37,"building and construction project management, inspection and testing",Sometimes,Some use this,5,0.082
27900,37,installation and maintenance of solar powered systems and installations,Sometimes,Some use this,5,0.082
27900,37,construction supervision,Sometimes,Some use this,5,0.082
27900,37,building consultancy,Sometimes,Some use this,5,0.082
27900,37,site preparation,Sometimes,Some use this,5,0.082
27900,37,infrastructure construction,Sometimes,Some use this,5,0.082
27900,37,supervisory services in connection with the foregoing,Sometimes,Some use this,5,0.082
27900,37,vehicle service stations,Sometimes,Some use this,5,0.082
27900,37,"information, advice and consultancy services relating to the aforesaid services.",Sometimes,Some use this,4,0.066
27900,37,installation of electricity generators,Sometimes,Some use this,3,0.049
27900,37,installation of solar powered systems,Sometimes,Some use this,3,0.049
27900,37,repair of security locks,Sometimes,Some use this,3,0.049
27900,37,installation of non-residential solar panel power systems,Sometimes,Some use this,3,0.049
27900,37,refurbishment of training simulators,Sometimes,Some use this,3,0.049
27900,37,upgrading of simulation systems,Sometimes,Some use this,3,0.049
27900,37,maintenance and repair of solar power installations,Sometimes,Some use this,3,0.049
27900,37,fire alarm repair,Sometimes,Some use this,3,0.049
27900,37,installation of residential solar panel power systems,Sometimes,Some use this,3,0.049
27900,37,repair of electrical equipment,Sometimes,Some use this,3,0.049
27900,35,business consultancy.,Sometimes,Some use this,5,0.116
27900,35,business consultancy relating to implementation of training simulation systems.,Sometimes,Some use this,3,0.07
27900,35,retail services in relation to musical instruments.,Sometimes,Some use this,3,0.07
27900,35,online retail services relating to batteries. .,Sometimes,Some use this,3,0.07
27900,35,advertising,Sometimes,Some use this,3,0.07
27900,35,marketing,Sometimes,Some use this,2,0.047
27900,35,"presentation of goods on communication media, for retail purposes",Sometimes,Some use this,2,0.047
27900,35,"information, consultancy and advisory services relating to the aforesaid",Sometimes,Some use this,2,0.047
27900,35,retail services in relation to heating equipment.,Sometimes,A few have this,1,0.023
27900,35,retail and wholesale services relating to electronic charging devices,Sometimes,A few have this,1,0.023
27900,35,electricity meter reading for billing purposes.,Sometimes,A few have this,1,0.023
27900,35,administration of loyalty rewards programmes,Sometimes,A few have this,1,0.023
27900,35,sales promotion.,Sometimes,A few have this,1,0.023
27900,35,administration of loyalty rewards programs,Sometimes,A few have this,1,0.023
27900,35,"organisation, operation and supervision of loyalty and incentive schemes",Sometimes,A few have this,1,0.023
27900,35,online retail services relating to batteries,Sometimes,A few have this,1,0.023
27900,35,organisation and management of customer loyalty programs,Sometimes,A few have this,1,0.023
27900,35,promotional and marketing services for cloud-based charging systems,Sometimes,A few have this,1,0.023
27900,35,"presentation of goods on communications media, for retail purposes",Sometimes,A few have this,1,0.023
27900,35,"organisation, operation and supervision of loyalty schemes and incentive schemes",Sometimes,A few have this,1,0.023
27900,35,"management of customer loyalty, incentive or promotional schemes",Sometimes,A few have this,1,0.023
27900,35,distribution of samples,Sometimes,A few have this,1,0.023
27900,35,data processing for operators of electricity supply and distribution networks,Sometimes,A few have this,1,0.023
27900,35,retail store services in the field of clothing,Sometimes,A few have this,1,0.023
27900,35,"electronic data storage, operation and supervision and data processing.",Sometimes,A few have this,1,0.023
27900,12,reversing warning alarms for use on vehicles,Always,Most use this,5,0.217
27900,12,"tracked vehicles, security alarm systems for vehicles.",Always,Most use this,5,0.217
27900,12,anti-theft devices for vehicles,Always,Most use this,5,0.217
27900,12,warning alarms (anti-theft -) for vehicles,Always,Most use this,5,0.217
27900,12,vehicle anti-theft alarms,Always,Most use this,5,0.217
27900,12,electric reversing alarms for vehicles,Always,Most use this,5,0.217
27900,12,anti-theft alarms for vehicles,Always,Most use this,5,0.217
27900,12,fuel cell electric cars,Always,Most use this,4,0.174
27900,12,electric tractors [vehicles],Always,Most use this,4,0.174
27900,12,electric vehicles,Always,Most use this,4,0.174
27900,12,tractors,Always,Most use this,3,0.13
27900,12,electric drives for land vehicle motors,Always,Most use this,3,0.13
27900,12,parts and fittings for all the aforesaid goods.,Always,Most use this,3,0.13
27900,12,electric motors for wheelchairs,Always,Most use this,3,0.13
27900,12,electric motors for land vehicles,Always,Most use this,3,0.13
27900,12,vehicles,Always,Most use this,3,0.13
27900,12,hybrid vehicles,Always,Most use this,3,0.13
27900,12,electric motors for motor cars,Always,Most use this,3,0.13
27900,12,plug-in electric cars,Always,Most use this,3,0.13
27900,12,electric driving motors for land vehicles,Always,Most use this,3,0.13
27900,12,electric motors for two-wheeled vehicles,Always,Most use this,3,0.13
27900,12,electric cars,Always,Most use this,3,0.13
27900,12,aircraft spares and components,Sometimes,Some use this,2,0.087
27900,12,geared electric motors for land vehicles,Sometimes,Some use this,2,0.087
27900,12,chassis for motor vehicles,Sometimes,Some use this,2,0.087
27900,40,custom manufacturing of wiring solutions and electrical systems and components.,Always,Most use this,5,0.238
27900,40,generation of electricity,Always,Most use this,4,0.19
27900,40,leasing of energy generating equipment,Always,Most use this,4,0.19
27900,40,"information, advice and consultancy services relating to the aforesaid services.",Always,Most use this,4,0.19
27900,40,manufacture of railway communications training systems,Always,Most use this,3,0.143
27900,40,fabrication of simulation equipment to order,Always,Most use this,3,0.143
27900,40,bespoke construction of simulation hardware.,Always,Most use this,3,0.143
27900,40,energy production.,Always,Most use this,3,0.143
27900,40,custom building of electronic training apparatus,Always,Most use this,3,0.143
27900,40,manufacture of replica signalling equipment for training purposes,Always,Most use this,3,0.143
27900,40,assembly of bespoke training simulation systems,Always,Most use this,3,0.143
27900,40,water treatment and purification,Sometimes,Some use this,1,0.048
27900,40,sub-assembly of components,Sometimes,Some use this,1,0.048
27900,40,purification of air,Sometimes,Some use this,1,0.048
27900,40,chemical etching services,Sometimes,Some use this,1,0.048
27900,40,custom manufacture and assembly services,Sometimes,Some use this,1,0.048
27900,40,moulding of synthetic products,Sometimes,Some use this,1,0.048
27900,40,"welding, production of energy .",Sometimes,Some use this,1,0.048
27900,40,air purification apparatus (rental of -),Sometimes,Some use this,1,0.048
27900,40,treatment [purification] of water.,Sometimes,Some use this,1,0.048
27900,40,treatment of materials,Sometimes,Some use this,1,0.048
27900,40,chemical milling services,Sometimes,Some use this,1,0.048
27900,40,machining and milling parts for others,Sometimes,Some use this,1,0.048
27900,40,air and water conditioning and purification,Sometimes,Some use this,1,0.048
27900,40,"information, advisory and consultancy relating to all aforesaid services.​.",Sometimes,Some use this,1,0.048
29100,12,electric vehicles,Always,All use this,45,0.402
29100,12,vehicles,Always,All use this,41,0.366
29100,12,land vehicles,Always,Most use this,26,0.232
29100,12,cars,Always,Most use this,25,0.223
29100,12,caps for vehicle fuel tanks,Always,Most use this,24,0.214
29100,12,motor vehicles,Always,Most use this,22,0.196
29100,12,automobile chassis,Always,Most use this,21,0.188
29100,12,steering wheels,Always,Most use this,19,0.17
29100,12,brakes for vehicles,Always,Most use this,18,0.161
29100,12,sports cars,Always,Most use this,18,0.161
29100,12,gear boxes for land vehicles,Always,Most use this,17,0.152
29100,12,airbags for vehicles,Always,Most use this,16,0.143
29100,12,bicycles,Always,Most use this,16,0.143
29100,12,automobiles,Always,Most use this,15,0.134
29100,12,apparatus for locomotion by land,Always,Most use this,15,0.134
29100,12,passenger motor vehicles,Always,Most use this,14,0.125
29100,12,alarms for vehicles,Always,Most use this,14,0.125
29100,12,hub caps,Always,Most use this,14,0.125
29100,12,vehicle chassis,Always,Most use this,14,0.125
29100,12,sunroofs,Always,Most use this,14,0.125
29100,12,hoods for vehicles,Sometimes,Some use this,13,0.116
29100,12,hoods for vehicle engines,Sometimes,Some use this,13,0.116
29100,12,racing cars,Sometimes,Some use this,13,0.116
29100,12,spoilers,Sometimes,Some use this,13,0.116
29100,12,motor cars,Sometimes,Some use this,13,0.116
29100,9,battery charging devices for motor vehicles,Always,All use this,19,0.442
29100,9,battery chargers,Always,All use this,15,0.349
29100,9,charging stations for electric vehicles,Always,All use this,13,0.302
29100,9,battery charging equipment,Always,All use this,13,0.302
29100,9,downloadable applications in relation to in-car entertainment systems,Always,All use this,13,0.302
29100,9,ammeters,Always,Most use this,12,0.279
29100,9,electronic key fobs being remote control apparatus,Always,Most use this,11,0.256
29100,9,pressure gauges,Always,Most use this,11,0.256
29100,9,remote control apparatus,Always,Most use this,11,0.256
29100,9,batteries,Always,Most use this,10,0.233
29100,9,measuring instruments,Always,Most use this,10,0.233
29100,9,wireless speakers,Always,Most use this,10,0.233
29100,9,speedometers,Always,Most use this,10,0.233
29100,9,downloadable electronic maps,Always,Most use this,10,0.233
29100,9,radios,Always,Most use this,10,0.233
29100,9,speakers,Always,Most use this,10,0.233
29100,9,radios for motor vehicles,Always,Most use this,9,0.209
29100,9,electric locks for vehicles,Always,Most use this,9,0.209
29100,9,compact disc players,Always,Most use this,9,0.209
29100,9,wall-mounted electric power connector to charge electric automobiles,Always,Most use this,9,0.209
29100,9,multimedia navigation systems for vehicles,Always,Most use this,9,0.209
29100,9,headphones,Always,Most use this,9,0.209
29100,9,electric charging cables,Always,Most use this,9,0.209
29100,9,audio equipment,Always,Most use this,9,0.209
29100,9,horns for loudspeakers,Always,Most use this,9,0.209
29100,42,scientific and technological services and research and design relating thereto,Always,Most use this,8,0.195
29100,42,technological and research services relating to vehicles,Always,Most use this,8,0.195
29100,42,design and development of vehicular telematic systems and solutions,Always,Most use this,8,0.195
29100,42,automotive design,Always,Most use this,6,0.146
29100,42,design of cars,Always,Most use this,5,0.122
29100,42,software as a service [saas],Always,Most use this,5,0.122
29100,42,quality control and authentication services,Always,Most use this,5,0.122
29100,42,"industrial analysis, industrial research and industrial design services",Always,Most use this,5,0.122
29100,42,scientific laboratory services,Sometimes,Some use this,4,0.098
29100,42,"hosting of an online website, namely an online community for registered users",Sometimes,Some use this,4,0.098
29100,42,conducting technical project studies,Sometimes,Some use this,4,0.098
29100,42,hosting of communication platforms on the internet,Sometimes,Some use this,4,0.098
29100,42,"information, advice and consultancy in relation to all of the aforesaid.",Sometimes,Some use this,4,0.098
29100,42,industrial design,Sometimes,Some use this,4,0.098
29100,42,interior design services,Sometimes,Some use this,4,0.098
29100,42,development of vehicles,Sometimes,Some use this,4,0.098
29100,42,design and development of vehicle analysis software,Sometimes,Some use this,4,0.098
29100,42,technological research,Sometimes,Some use this,4,0.098
29100,42,hosting on-line facilities for conducting interactive discussions,Sometimes,Some use this,4,0.098
29100,42,providing technical and advice and consultancy relating to vehicles,Sometimes,Some use this,4,0.098
29100,42,software design and development,Sometimes,Some use this,4,0.098
29100,42,smartphone software design,Sometimes,Some use this,4,0.098
29100,42,providing information in the field of batteries,Sometimes,Some use this,4,0.098
29100,42,design of land vehicles,Sometimes,Some use this,4,0.098
29100,42,updating and maintenance of software,Sometimes,Some use this,4,0.098
29100,37,vehicle polishing,Always,Most use this,9,0.281
29100,37,reconditioning of vehicle engines,Always,Most use this,8,0.25
29100,37,vehicle battery charging,Always,Most use this,6,0.188
29100,37,vehicle breakdown services,Always,Most use this,5,0.156
29100,37,building construction of apartment buildings,Always,Most use this,5,0.156
29100,37,residential construction,Always,Most use this,5,0.156
29100,37,vehicle painting,Always,Most use this,5,0.156
29100,37,property maintenance,Always,Most use this,5,0.156
29100,37,battery charging service for motor vehicles,Always,Most use this,5,0.156
29100,37,motor vehicle maintenance and repair,Always,Most use this,5,0.156
29100,37,tuning of engines,Always,Most use this,5,0.156
29100,37,property renovation,Always,Most use this,5,0.156
29100,37,vehicle washing,Always,Most use this,5,0.156
29100,37,refurbishment of vehicles,Always,Most use this,5,0.156
29100,37,garage services for automobile repair,Always,Most use this,5,0.156
29100,37,car valet services,Always,Most use this,5,0.156
29100,37,advisory services in relation to the renovation of property,Always,Most use this,5,0.156
29100,37,vehicle detailing,Always,Most use this,5,0.156
29100,37,garage services for vehicle maintenance and repair,Always,Most use this,5,0.156
29100,37,vehicle servicing,Always,Most use this,5,0.156
29100,37,"information, advice and consultancy in relation to the aforementioned services.",Always,Most use this,5,0.156
29100,37,building construction supervision,Always,Most use this,4,0.125
29100,37,custom painting services,Always,Most use this,4,0.125
29100,37,swimming pool installation and maintenance,Always,Most use this,4,0.125
29100,37,installation of automobile interiors,Always,Most use this,4,0.125
29100,28,"toys, games and playthings",Always,All use this,10,0.333
29100,28,toy vehicles,Always,All use this,10,0.333
29100,28,toy cars,Always,All use this,10,0.333
29100,28,model cars,Always,All use this,9,0.3
29100,28,scale model vehicles,Always,Most use this,6,0.2
29100,28,decorations for christmas trees,Always,Most use this,6,0.2
29100,28,gymnastic and sporting articles not included in other classes,Always,Most use this,5,0.167
29100,28,toy models.,Always,Most use this,5,0.167
29100,28,remote-controlled toy vehicles,Always,Most use this,5,0.167
29100,28,remote controlled toy and model passenger cars and parts and fittings therefor,Always,Most use this,5,0.167
29100,28,playing cards,Always,Most use this,5,0.167
29100,28,toy car racing sets,Always,Most use this,5,0.167
29100,28,toy model cars,Always,Most use this,5,0.167
29100,28,electromotive entertainment vehicle,Always,Most use this,5,0.167
29100,28,gymnastic and sporting articles,Always,Most use this,5,0.167
29100,28,electronic car and driving games,Always,Most use this,5,0.167
29100,28,toy and model passenger cars or racing cars,Always,Most use this,5,0.167
29100,28,golf flags,Always,Most use this,4,0.133
29100,28,golf club grips,Always,Most use this,4,0.133
29100,28,radio controlled toy model cars,Always,Most use this,4,0.133
29100,28,toys and playthings for dogs,Always,Most use this,4,0.133
29100,28,handles for golf clubs,Always,Most use this,4,0.133
29100,28,golf mats,Always,Most use this,4,0.133
29100,28,teddy bears,Always,Most use this,4,0.133
29100,28,golf bag tags of leather.,Always,Most use this,4,0.133
29100,25,t-shirts,Always,All use this,13,0.565
29100,25,gloves,Always,All use this,13,0.565
29100,25,polo shirts,Always,All use this,13,0.565
29100,25,trousers,Always,All use this,13,0.565
29100,25,jackets,Always,All use this,12,0.522
29100,25,shirts,Always,All use this,12,0.522
29100,25,scarves,Always,All use this,11,0.478
29100,25,caps,Always,All use this,10,0.435
29100,25,sweaters,Always,All use this,10,0.435
29100,25,shorts,Always,All use this,10,0.435
29100,25,shoes,Always,All use this,10,0.435
29100,25,clothing,Always,All use this,9,0.391
29100,25,hats,Always,All use this,9,0.391
29100,25,coats,Always,All use this,9,0.391
29100,25,ties,Always,All use this,8,0.348
29100,25,underwear,Always,All use this,8,0.348
29100,25,boots,Always,All use this,8,0.348
29100,25,belts,Always,All use this,8,0.348
29100,25,waterproof clothing,Always,All use this,8,0.348
29100,25,dresses,Always,All use this,7,0.304
29100,25,jumpers,Always,All use this,7,0.304
29100,25,sweatshirts,Always,All use this,7,0.304
29100,25,footwear,Always,All use this,7,0.304
29100,25,vests,Always,Most use this,6,0.261
29100,25,skirts,Always,Most use this,6,0.261
29100,7,cylinder heads for engines,Always,Most use this,4,0.182
29100,7,parts and fittings for the aforesaid goods.,Always,Most use this,4,0.182
29100,7,catalytic converters,Always,Most use this,4,0.182
29100,7,"motors, except for land vehicles",Always,Most use this,3,0.136
29100,7,road making machines,Always,Most use this,3,0.136
29100,7,self-propelled road sweeping machines,Always,Most use this,3,0.136
29100,7,alternators,Always,Most use this,3,0.136
29100,7,radiators for vehicles,Always,Most use this,3,0.136
29100,7,"driving motors, other than for land vehicles",Always,Most use this,3,0.136
29100,7,robots,Always,Most use this,3,0.136
29100,7,"engines, except for land vehicles",Always,Most use this,3,0.136
29100,7,road sweeping machines,Always,Most use this,3,0.136
29100,7,industrial robots for loading and unloading pallets,Sometimes,Some use this,2,0.091
29100,7,transportation robots,Sometimes,Some use this,2,0.091
29100,7,"window openers, electric.",Sometimes,Some use this,2,0.091
29100,7,universal joints [cardan joints],Sometimes,Some use this,2,0.091
29100,7,exhaust silencers,Sometimes,Some use this,2,0.091
29100,7,cranes,Sometimes,Some use this,2,0.091
29100,7,starters for motors and engines,Sometimes,Some use this,2,0.091
29100,7,"filters for cleaning cooling air, for engines",Sometimes,Some use this,2,0.091
29100,7,special vehicles not for transportation purposes,Sometimes,Some use this,2,0.091
29100,7,"industrial robots for use in security, safety and inspection applications",Sometimes,Some use this,2,0.091
29100,7,turbocompressors,Sometimes,Some use this,2,0.091
29100,7,"control cables for machines, engines or motors",Sometimes,Some use this,2,0.091
29100,7,exhaust manifold for engines,Sometimes,Some use this,2,0.091
29100,35,product marketing,Always,Most use this,5,0.25
29100,35,promotional services,Always,Most use this,5,0.25
29100,35,business intermediary services,Always,Most use this,4,0.2
29100,35,providing consumer product information,Always,Most use this,4,0.2
29100,35,product sales information,Always,Most use this,4,0.2
29100,35,business intermediary services for vendors and purchasers of vehicles,Always,Most use this,4,0.2
29100,35,online community management services,Always,Most use this,4,0.2
29100,35,auction and auctioneering services,Always,Most use this,4,0.2
29100,35,business management,Always,Most use this,4,0.2
29100,35,providing consumer information relating to goods and services,Always,Most use this,4,0.2
29100,35,business administration,Always,Most use this,4,0.2
29100,35,providing commercial information to consumers,Always,Most use this,4,0.2
29100,35,distribution of advertising and promotional material,Always,Most use this,4,0.2
29100,35,online marketing and advertising,Always,Most use this,4,0.2
29100,35,providing consumer product advice and recommendations,Always,Most use this,4,0.2
29100,35,auctioning of vehicles,Always,Most use this,4,0.2
29100,35,event marketing,Always,Most use this,4,0.2
29100,35,business project management,Always,Most use this,4,0.2
29100,35,marketing and advertising,Always,Most use this,4,0.2
29100,35,promotion of special events,Always,Most use this,4,0.2
29100,35,condominium management,Always,Most use this,3,0.15
29100,35,"commercial, business and transactional history and background checks",Always,Most use this,3,0.15
29100,35,vehicle dealership services,Always,Most use this,3,0.15
29100,35,"advertising, marketing and promotional services",Sometimes,Some use this,2,0.1
29100,35,market research and reports,Sometimes,Some use this,2,0.1
30920,12,bicycles,Always,All use this,32,0.667
30920,12,electric bicycles,Always,All use this,22,0.458
30920,12,bicycle frames,Always,All use this,18,0.375
30920,12,bicycle saddles,Always,All use this,15,0.312
30920,12,bicycle handlebars,Always,Most use this,14,0.292
30920,12,bicycle pedals,Always,Most use this,14,0.292
30920,12,bicycle wheels,Always,Most use this,13,0.271
30920,12,bicycle cranks,Always,Most use this,12,0.25
30920,12,bicycle chains,Always,Most use this,11,0.229
30920,12,bicycle brakes,Always,Most use this,11,0.229
30920,12,motorised bicycles,Always,Most use this,10,0.208
30920,12,mountain bicycles,Always,Most use this,10,0.208
30920,12,bicycle kickstands,Always,Most use this,10,0.208
30920,12,bicycle mudguards,Always,Most use this,10,0.208
30920,12,bicycle tyres,Always,Most use this,10,0.208
30920,12,bicycle sprockets,Always,Most use this,10,0.208
30920,12,bicycle tires,Always,Most use this,10,0.208
30920,12,bicycle spokes,Always,Most use this,10,0.208
30920,12,pedal bicycles,Always,Most use this,9,0.188
30920,12,bicycle wheel hubs,Always,Most use this,9,0.188
30920,12,road bikes,Always,Most use this,9,0.188
30920,12,bicycle gears,Always,Most use this,9,0.188
30920,12,pumps for bicycle tyres,Always,Most use this,9,0.188
30920,12,inner tubes for bicycle tires,Always,Most use this,8,0.167
30920,12,mudguards for bicycles,Always,Most use this,8,0.167
30920,35,after-sales services,Always,Most use this,5,0.2
30920,35,"advertising and promotional services for bicycles, e-bikes, and motorbikes",Always,Most use this,4,0.16
30920,35,retail services in relation to bicycles,Always,Most use this,3,0.12
30920,35,retail services in relation to bicycle accessories,Always,Most use this,3,0.12
30920,35,event management,Always,Most use this,3,0.12
30920,35,retail services in relation to bicycles.,Always,Most use this,3,0.12
30920,35,retail services in relation to clothing,Sometimes,Some use this,2,0.08
30920,35,"advertising and promotional services for bicycles, e-bikes and motorbikes",Sometimes,Some use this,2,0.08
30920,35,online retail services in relation to bicycles and e-bikes,Sometimes,Some use this,2,0.08
30920,35,business management advisory services relating to commercial enterprises,Sometimes,Some use this,2,0.08
30920,35,marketing and advertising,Sometimes,Some use this,2,0.08
30920,35,online retail store services in relation to clothing,Sometimes,Some use this,2,0.08
30920,35,retail services in relation to footwear,Sometimes,Some use this,2,0.08
30920,35,wholesale ordering services,Sometimes,Some use this,2,0.08
30920,35,wholesale services in relation to headgear,Sometimes,Some use this,2,0.08
30920,35,online retail store services relating to clothing,Sometimes,Some use this,2,0.08
30920,35,mail order retail services connected with clothing accessories,Sometimes,Some use this,2,0.08
30920,35,wholesale services in relation to bags,Sometimes,Some use this,2,0.08
30920,35,mail order retail services for clothing accessories,Sometimes,Some use this,2,0.08
30920,35,marketing and advertising services,Sometimes,Some use this,2,0.08
30920,35,wholesale services in relation to footwear,Sometimes,Some use this,2,0.08
30920,35,business management of retail outlets,Sometimes,Some use this,2,0.08
30920,35,business and commercial information services,Sometimes,Some use this,2,0.08
30920,35,wholesale services relating to clothing,Sometimes,Some use this,2,0.08
30920,35,administration of the business affairs of retail stores,Sometimes,Some use this,2,0.08
30920,25,clothing,Always,All use this,7,0.583
30920,25,t-shirts,Always,All use this,6,0.5
30920,25,shorts,Always,All use this,5,0.417
30920,25,sweatshirts,Always,All use this,5,0.417
30920,25,jackets,Always,All use this,5,0.417
30920,25,sports clothing,Always,All use this,4,0.333
30920,25,hats,Always,All use this,4,0.333
30920,25,beanies,Always,All use this,4,0.333
30920,25,hoodies,Always,All use this,4,0.333
30920,25,caps,Always,All use this,4,0.333
30920,25,clothing for cyclists,Always,Most use this,3,0.25
30920,25,trousers,Always,Most use this,3,0.25
30920,25,"clothing, footwear, headgear and gloves.",Always,Most use this,3,0.25
30920,25,gloves,Always,Most use this,3,0.25
30920,25,footwear,Always,Most use this,3,0.25
30920,25,underwear,Always,Most use this,2,0.167
30920,25,snowboard wear,Always,Most use this,2,0.167
30920,25,gilets,Always,Most use this,2,0.167
30920,25,balaclavas,Always,Most use this,2,0.167
30920,25,board shorts,Always,Most use this,2,0.167
30920,25,vests,Always,Most use this,2,0.167
30920,25,scarves,Always,Most use this,2,0.167
30920,25,headbands,Always,Most use this,2,0.167
30920,25,weatherproof clothing,Always,Most use this,2,0.167
30920,25,skate wear. .,Always,Most use this,2,0.167
31090,20,furniture,Always,All use this,128,0.452
31090,20,upholstered furniture,Always,Most use this,74,0.261
31090,20,beds,Always,Most use this,71,0.251
31090,20,bedroom furniture,Always,Most use this,68,0.24
31090,20,wooden furniture,Always,Most use this,66,0.233
31090,20,furniture and furnishings,Always,Most use this,63,0.223
31090,20,mattresses,Always,Most use this,62,0.219
31090,20,indoor furniture,Always,Most use this,53,0.187
31090,20,seating furniture,Always,Most use this,52,0.184
31090,20,outdoor furniture,Always,Most use this,51,0.18
31090,20,household furniture,Always,Most use this,51,0.18
31090,20,lounge furniture,Always,Most use this,50,0.177
31090,20,garden furniture,Always,Most use this,48,0.17
31090,20,storage furniture,Always,Most use this,47,0.166
31090,20,furniture for storage,Always,Most use this,47,0.166
31090,20,office furniture,Always,Most use this,47,0.166
31090,20,leather furniture,Always,Most use this,46,0.163
31090,20,chairs,Always,Most use this,46,0.163
31090,20,cushions [furniture],Always,Most use this,45,0.159
31090,20,tables [furniture],Always,Most use this,45,0.159
31090,20,furniture cabinets,Always,Most use this,44,0.155
31090,20,cabinets [furniture],Always,Most use this,43,0.152
31090,20,kitchen furniture,Always,Most use this,43,0.152
31090,20,benches [furniture],Always,Most use this,43,0.152
31090,20,pouffes [furniture],Always,Most use this,41,0.145
31090,35,retail services relating to furniture.,Always,Most use this,15,0.25
31090,35,retail services connected with the sale of furniture,Always,Most use this,9,0.15
31090,35,retail services relating to furniture,Always,Most use this,8,0.133
31090,35,advertising,Sometimes,Some use this,7,0.117
31090,35,retail services in relation to furnishings,Sometimes,Some use this,7,0.117
31090,35,online advertising,Sometimes,Some use this,6,0.1
31090,35,online marketing,Sometimes,Some use this,6,0.1
31090,35,retail services in relation to furniture,Sometimes,Some use this,6,0.1
31090,35,wholesale services in relation to furniture,Sometimes,Some use this,6,0.1
31090,35,online ordering services,Sometimes,Some use this,6,0.1
31090,35,retail services relating to home textiles,Sometimes,Some use this,5,0.083
31090,35,business management of retail outlets,Sometimes,Some use this,4,0.067
31090,35,business management of wholesale and retail outlets,Sometimes,Some use this,4,0.067
31090,35,"organisation, operation and supervision of loyalty and incentive schemes",Sometimes,Some use this,4,0.067
31090,35,"advertising, marketing and promotional services",Sometimes,Some use this,3,0.05
31090,35,retail services in relation to musical instruments.,Sometimes,Some use this,3,0.05
31090,35,retail services in relation to lighting,Sometimes,Some use this,3,0.05
31090,35,online retail services relating to cosmetics,Sometimes,Some use this,3,0.05
31090,35,office functions,Sometimes,Some use this,3,0.05
31090,35,advertising and marketing,Sometimes,Some use this,3,0.05
31090,35," presentation of goods on communication media, for retail purposes",Sometimes,A few have this,2,0.033
31090,35,online retail services relating to furniture,Sometimes,A few have this,2,0.033
31090,35,retail services in relation to fabrics.,Sometimes,A few have this,2,0.033
31090,35,retail services in relation to paints,Sometimes,A few have this,2,0.033
31090,35,retail services in relation to tableware.,Sometimes,A few have this,2,0.033
31090,42,design of furniture,Always,All use this,27,0.509
31090,42,furniture design,Always,All use this,25,0.472
31090,42,designing of furniture.,Always,Most use this,13,0.245
31090,42,design services for furniture,Always,Most use this,11,0.208
31090,42,interior design,Always,Most use this,7,0.132
31090,42,designing of furniture,Always,Most use this,7,0.132
31090,42,furniture design.,Sometimes,Some use this,6,0.113
31090,42,kitchen design,Sometimes,Some use this,6,0.113
31090,42,design services,Sometimes,Some use this,6,0.113
31090,42,closet design services,Sometimes,Some use this,5,0.094
31090,42,kitchen design services,Sometimes,Some use this,5,0.094
31090,42,custom design services,Sometimes,Some use this,5,0.094
31090,42,space planning [design] of interiors,Sometimes,Some use this,5,0.094
31090,42,furnishing design services,Sometimes,Some use this,5,0.094
31090,42,planning and design of kitchens,Sometimes,Some use this,4,0.075
31090,42,design services for building interiors,Sometimes,Some use this,4,0.075
31090,42,consultancy relating to selection of furnishing fabrics [interior design],Sometimes,Some use this,4,0.075
31090,42,office furniture design,Sometimes,Some use this,4,0.075
31090,42,design services relating to interior decoration,Sometimes,Some use this,4,0.075
31090,42,design of kitchens,Sometimes,Some use this,4,0.075
31090,42,interior design services,Sometimes,Some use this,4,0.075
31090,42,design of bathrooms,Sometimes,Some use this,4,0.075
31090,42,interior decorating design,Sometimes,Some use this,4,0.075
31090,42,design services relating to interior decorating for homes,Sometimes,Some use this,4,0.075
31090,42,design of interior decoration,Sometimes,Some use this,4,0.075
31090,19,non-metallic wall panels,Always,Most use this,6,0.154
31090,19,wooden floors,Always,Most use this,6,0.154
31090,19,wood paving,Always,Most use this,5,0.128
31090,19,semi-worked wood,Always,Most use this,5,0.128
31090,19,wood panelling,Always,Most use this,5,0.128
31090,19,manufactured timber,Always,Most use this,5,0.128
31090,19,wooden floor boards,Always,Most use this,5,0.128
31090,19,hardwood flooring,Sometimes,Some use this,4,0.103
31090,19,parquet flooring,Sometimes,Some use this,4,0.103
31090,19,flooring tiles (non-metallic -),Sometimes,Some use this,4,0.103
31090,19,flooring (non-metallic -),Sometimes,Some use this,4,0.103
31090,19,wall panels not of metal,Sometimes,Some use this,4,0.103
31090,19,wood beams,Sometimes,Some use this,4,0.103
31090,19,wood moldings,Sometimes,Some use this,4,0.103
31090,19,dividing wall panels (non-metallic -),Sometimes,Some use this,4,0.103
31090,19,flooring (parquet -),Sometimes,Some use this,4,0.103
31090,19,joinery products of timber for use in buildings,Sometimes,Some use this,4,0.103
31090,19,parquet wood flooring,Sometimes,Some use this,4,0.103
31090,19,sawn timber,Sometimes,Some use this,4,0.103
31090,19,wood trim,Sometimes,Some use this,4,0.103
31090,19,wall panels (non-metallic -),Sometimes,Some use this,4,0.103
31090,19,wood tile flooring,Sometimes,Some use this,3,0.077
31090,19,veneer for floors,Sometimes,Some use this,3,0.077
31090,19,floor boards of wood,Sometimes,Some use this,3,0.077
31090,19,wood for making household utensils,Sometimes,Some use this,3,0.077
31090,37,furniture installation,Always,Most use this,11,0.289
31090,37,installation of fitted furniture,Always,Most use this,9,0.237
31090,37,repair of kitchen furniture,Always,Most use this,8,0.211
31090,37,furniture upholstering,Always,Most use this,8,0.211
31090,37,furniture varnishing,Always,Most use this,7,0.184
31090,37,painting of furniture,Always,Most use this,7,0.184
31090,37,renovation of furniture,Always,Most use this,7,0.184
31090,37,furniture renovation,Always,Most use this,6,0.158
31090,37,furniture installation.,Always,Most use this,6,0.158
31090,37,repair of furniture,Always,Most use this,6,0.158
31090,37,repairing of furniture,Always,Most use this,6,0.158
31090,37,furniture repair,Always,Most use this,6,0.158
31090,37,restoration (furniture -),Always,Most use this,5,0.132
31090,37,furniture restoration,Always,Most use this,5,0.132
31090,37,renovation of kitchens,Sometimes,Some use this,4,0.105
31090,37,installation of kitchen cabinets,Sometimes,Some use this,4,0.105
31090,37,cleaning of furniture,Sometimes,Some use this,4,0.105
31090,37,construction of kitchens,Sometimes,Some use this,3,0.079
31090,37,construction of partition walls for interiors,Sometimes,Some use this,3,0.079
31090,37,installation of kitchen appliances,Sometimes,Some use this,3,0.079
31090,37,restoration of furniture.,Sometimes,Some use this,3,0.079
31090,37,installation of blinds,Sometimes,Some use this,3,0.079
31090,37,installation of internal partitioning,Sometimes,Some use this,3,0.079
31090,37,restoration of furniture,Sometimes,Some use this,3,0.079
31090,37,repair of household and kitchen appliances,Sometimes,Some use this,3,0.079
31090,6,metal landscape edgings,Always,Most use this,9,0.257
31090,6,metal edgings,Always,Most use this,8,0.229
31090,6,metal lawn edging,Always,Most use this,6,0.171
31090,6,metal gazebos,Always,Most use this,6,0.171
31090,6,edging strips of metal,Always,Most use this,6,0.171
31090,6,outdoor blinds of metal,Sometimes,Some use this,4,0.114
31090,6,gazebo [metal structures],Sometimes,Some use this,4,0.114
31090,6,"nuts, bolts and fasteners, of metal",Sometimes,Some use this,3,0.086
31090,6,metal shelf brackets,Sometimes,Some use this,3,0.086
31090,6,pergolas of metal,Sometimes,Some use this,3,0.086
31090,6,brackets of metal for furniture,Sometimes,Some use this,3,0.086
31090,6,gazebos primarily of metal,Sometimes,Some use this,3,0.086
31090,6,screws of metal,Sometimes,Some use this,3,0.086
31090,6,metal brackets,Sometimes,Some use this,3,0.086
31090,6,"sun screens [outdoor], of metal",Sometimes,Some use this,3,0.086
31090,6,metal fence panels,Sometimes,Some use this,3,0.086
31090,6,fittings of metal for beds,Sometimes,Some use this,3,0.086
31090,6,fittings of metal for furniture,Sometimes,Some use this,3,0.086
31090,6,arbours [metal structures],Sometimes,Some use this,3,0.086
31090,6,boundary rails of metal,Sometimes,Some use this,3,0.086
31090,6,sheds [buildings] of metal,Sometimes,Some use this,3,0.086
31090,6,metal hardware,Sometimes,Some use this,3,0.086
31090,6,metal panels,Sometimes,Some use this,3,0.086
31090,6,metal framed greenhouses,Sometimes,Some use this,3,0.086
31090,6,fences of metal,Sometimes,Some use this,3,0.086
31090,21,trays [household],Always,Most use this,5,0.179
31090,21,tissue box covers,Always,Most use this,4,0.143
31090,21,cooking utensils,Always,Most use this,4,0.143
31090,21,pint glasses,Always,Most use this,4,0.143
31090,21,household or kitchen utensils,Always,Most use this,4,0.143
31090,21,ceramic tableware,Always,Most use this,4,0.143
31090,21,cups,Always,Most use this,4,0.143
31090,21,coasters (tableware),Always,Most use this,4,0.143
31090,21,mugs,Always,Most use this,4,0.143
31090,21,coffee pots,Always,Most use this,4,0.143
31090,21,glass plates,Sometimes,Some use this,3,0.107
31090,21,glass floor vases,Sometimes,Some use this,3,0.107
31090,21,mugs of porcelain,Sometimes,Some use this,3,0.107
31090,21,"glasses, drinking vessels and barware",Sometimes,Some use this,3,0.107
31090,21,wooden chopping boards for kitchen use,Sometimes,Some use this,3,0.107
31090,21,glass vases,Sometimes,Some use this,3,0.107
31090,21,candlesticks of glass,Sometimes,Some use this,3,0.107
31090,21,kitchen utensils,Sometimes,Some use this,3,0.107
31090,21,articles for cleaning purposes,Sometimes,Some use this,3,0.107
31090,21,earthenware mugs,Sometimes,Some use this,3,0.107
31090,21,planters of glass,Sometimes,Some use this,3,0.107
31090,21,cup holders,Sometimes,Some use this,3,0.107
31090,21,wine glasses,Sometimes,Some use this,3,0.107
31090,21,glass dishes,Sometimes,Some use this,3,0.107
31090,21,bowls for plants,Sometimes,Some use this,3,0.107
31090,24,bed linen,Always,All use this,9,0.31
31090,24,bed clothes and blankets,Always,All use this,9,0.31
31090,24,bed blankets,Always,Most use this,7,0.241
31090,24,bed linen and blankets,Always,Most use this,7,0.241
31090,24,cot bumpers [bed linen],Always,Most use this,6,0.207
31090,24,baby blankets,Always,Most use this,6,0.207
31090,24,quilted blankets [bedding],Always,Most use this,5,0.172
31090,24,bed clothes,Always,Most use this,5,0.172
31090,24,comforters (bedding),Always,Most use this,5,0.172
31090,24,sleeping bags,Always,Most use this,5,0.172
31090,24,cot sheets,Always,Most use this,5,0.172
31090,24,table cloths,Always,Most use this,4,0.138
31090,24,quilt bedding mats,Always,Most use this,4,0.138
31090,24,table linen,Always,Most use this,4,0.138
31090,24,textile goods for use as bedding,Always,Most use this,4,0.138
31090,24,household linen,Always,Most use this,4,0.138
31090,24,mattress covers,Always,Most use this,4,0.138
31090,24,sleeping bag liners,Always,Most use this,4,0.138
31090,24,cushion covers,Always,Most use this,4,0.138
31090,24,crib bumpers [bed linen],Always,Most use this,4,0.138
31090,24,sleeping bag sheet liners,Always,Most use this,4,0.138
31090,24,sleeping bags [sheeting],Always,Most use this,4,0.138
31090,24,infants' bed linen,Always,Most use this,4,0.138
31090,24,blankets,Always,Most use this,4,0.138
31090,24,protective loose covers for mattresses and furniture,Always,Most use this,4,0.138
32120,14,jewellery,Always,All use this,166,0.617
32120,14,bracelets [jewellery],Always,All use this,133,0.494
32120,14,necklaces [jewellery],Always,All use this,132,0.491
32120,14,rings [jewellery],Always,All use this,127,0.472
32120,14,gold jewellery,Always,All use this,118,0.439
32120,14,pendants [jewellery],Always,All use this,113,0.42
32120,14,fashion jewellery,Always,All use this,105,0.39
32120,14,precious jewellery,Always,All use this,96,0.357
32120,14,charms [jewellery],Always,All use this,96,0.357
32120,14,jewellery items,Always,All use this,93,0.346
32120,14,jewelry,Always,All use this,90,0.335
32120,14,brooches [jewellery],Always,All use this,88,0.327
32120,14,diamond jewelry,Always,All use this,87,0.323
32120,14,jewellery made from gold,Always,All use this,86,0.32
32120,14,chains [jewellery],Always,All use this,86,0.32
32120,14,jewellery products,Always,All use this,84,0.312
32120,14,jewellery incorporating diamonds,Always,All use this,84,0.312
32120,14,"necklaces [jewellery, jewelry (am.)]",Always,All use this,83,0.309
32120,14,jewellery in precious metals,Always,All use this,83,0.309
32120,14,jewellery made from silver,Always,All use this,83,0.309
32120,14,sterling silver jewellery,Always,All use this,82,0.305
32120,14,items of jewellery,Always,All use this,82,0.305
32120,14,jewellery of precious metals,Always,All use this,81,0.301
32120,14,jewellery stones,Always,All use this,81,0.301
32120,14,"jewellery, including imitation jewellery and plastic jewellery",Always,Most use this,80,0.297
32120,35,retail services in relation to jewellery,Always,Most use this,28,0.295
32120,35,online retail services relating to jewelry,Always,Most use this,23,0.242
32120,35,retail services relating to jewelry,Always,Most use this,19,0.2
32120,35,retail services in relation to jewellery.,Always,Most use this,13,0.137
32120,35,retail services relating to jewelry.,Sometimes,Some use this,10,0.105
32120,35,retail services in relation to fashion accessories,Sometimes,Some use this,8,0.084
32120,35,advertising,Sometimes,Some use this,7,0.074
32120,35,wholesale services relating to jewelry,Sometimes,Some use this,7,0.074
32120,35,online retail services relating to clothing,Sometimes,Some use this,6,0.063
32120,35,business management,Sometimes,Some use this,5,0.053
32120,35,presentation of goods on communication media for retail purposes,Sometimes,Some use this,5,0.053
32120,35,online retail services relating to jewelry.,Sometimes,Some use this,5,0.053
32120,35,wholesale services in relation to jewellery,Sometimes,Some use this,5,0.053
32120,35,wholesale services in relation to jewellery.,Sometimes,Some use this,4,0.042
32120,35,business consultancy,Sometimes,Some use this,4,0.042
32120,35,retail services in relation to clothing accessories,Sometimes,Some use this,4,0.042
32120,35,business administration,Sometimes,Some use this,4,0.042
32120,35,retail services in relation to clothing,Sometimes,Some use this,4,0.042
32120,35,online ordering services,Sometimes,Some use this,4,0.042
32120,35,wholesale services relating to jewelry.,Sometimes,Some use this,4,0.042
32120,35,office functions,Sometimes,A few have this,3,0.032
32120,35,retail store services in the field of clothing,Sometimes,A few have this,3,0.032
32120,35,online retail services relating to handbags,Sometimes,A few have this,3,0.032
32120,35,business management of wholesale and retail outlets,Sometimes,A few have this,3,0.032
32120,35,advertising services relating to jewelry,Sometimes,A few have this,3,0.032
32120,42,designing of jewellery,Always,All use this,20,0.408
32120,42,design of jewellery,Always,All use this,20,0.408
32120,42,design of jewellery.,Always,Most use this,13,0.265
32120,42,jewelry design,Always,Most use this,12,0.245
32120,42,design of fashion accessories,Always,Most use this,12,0.245
32120,42,jewellery design services,Always,Most use this,12,0.245
32120,42,fashion design,Always,Most use this,8,0.163
32120,42,certification of diamonds,Always,Most use this,7,0.143
32120,42,design of clothing,Always,Most use this,7,0.143
32120,42,authentication of diamonds,Always,Most use this,7,0.143
32120,42,design of clothing accessories,Always,Most use this,7,0.143
32120,42,design of products,Always,Most use this,6,0.122
32120,42,packaging designs,Always,Most use this,6,0.122
32120,42,grading of precious stones,Sometimes,Some use this,5,0.102
32120,42,packaging design,Sometimes,Some use this,5,0.102
32120,42,authenticating diamonds,Sometimes,Some use this,5,0.102
32120,42,design of sculptures,Sometimes,Some use this,5,0.102
32120,42,authenticating gemstones,Sometimes,Some use this,5,0.102
32120,42,design of artwork,Sometimes,Some use this,4,0.082
32120,42,custom design services.,Sometimes,Some use this,4,0.082
32120,42,shop design,Sometimes,Some use this,4,0.082
32120,42,design of stationery,Sometimes,Some use this,4,0.082
32120,42,designing of jewellery.,Sometimes,Some use this,4,0.082
32120,42,authenticating semi-precious gemstones,Sometimes,Some use this,4,0.082
32120,42,industrial design,Sometimes,Some use this,3,0.061
32120,25,clothing,Always,All use this,36,0.818
32120,25,gloves [clothing],Always,All use this,19,0.432
32120,25,belts [clothing],Always,All use this,19,0.432
32120,25,embroidered clothing,Always,All use this,18,0.409
32120,25,jackets [clothing],Always,All use this,17,0.386
32120,25,knitwear [clothing],Always,All use this,16,0.364
32120,25,footwear,Always,All use this,15,0.341
32120,25,ready-made clothing,Always,All use this,15,0.341
32120,25,clothes,Always,All use this,15,0.341
32120,25,jerseys [clothing],Always,All use this,14,0.318
32120,25,headbands [clothing],Always,All use this,14,0.318
32120,25,hats,Always,All use this,14,0.318
32120,25,tops [clothing],Always,Most use this,13,0.295
32120,25,hoods [clothing],Always,Most use this,13,0.295
32120,25,stuff jackets [clothing],Always,Most use this,12,0.273
32120,25,clothing of leather,Always,Most use this,12,0.273
32120,25,casual clothing,Always,Most use this,12,0.273
32120,25,waterproof clothing,Always,Most use this,12,0.273
32120,25,ready-to-wear clothing,Always,Most use this,12,0.273
32120,25,layettes [clothing],Always,Most use this,12,0.273
32120,25,underwear,Always,Most use this,11,0.25
32120,25,woolen clothing,Always,Most use this,11,0.25
32120,25,furs [clothing],Always,Most use this,11,0.25
32120,25,fabric belts [clothing],Always,Most use this,11,0.25
32120,25,"parts of clothing, footwear and headgear",Always,Most use this,11,0.25
32120,18,bags,Always,All use this,12,0.462
32120,18,handbags,Always,All use this,12,0.462
32120,18,rucksacks,Always,All use this,11,0.423
32120,18,leather and imitations of leather,Always,All use this,9,0.346
32120,18,umbrellas,Always,All use this,8,0.308
32120,18,pocket wallets,Always,All use this,8,0.308
32120,18,briefcases,Always,All use this,8,0.308
32120,18,purses,Always,All use this,8,0.308
32120,18,beach bags,Always,All use this,8,0.308
32120,18,leather handbags,Always,Most use this,7,0.269
32120,18,walking sticks,Always,Most use this,7,0.269
32120,18,trunks and travelling bags,Always,Most use this,7,0.269
32120,18,tote bags,Always,Most use this,7,0.269
32120,18,umbrellas and parasols,Always,Most use this,7,0.269
32120,18,backpacks,Always,Most use this,7,0.269
32120,18,wallets,Always,Most use this,7,0.269
32120,18,"vanity cases, not fitted",Always,Most use this,6,0.231
32120,18,shoulder bags,Always,Most use this,6,0.231
32120,18,shopping bags,Always,Most use this,6,0.231
32120,18,valises,Always,Most use this,6,0.231
32120,18,animal skins and hides,Always,Most use this,6,0.231
32120,18,clutch bags,Always,Most use this,6,0.231
32120,18,luggage and carrying bags,Always,Most use this,5,0.192
32120,18,canvas bags,Always,Most use this,5,0.192
32120,18,pouch baby carriers,Always,Most use this,5,0.192
32120,37,polishing of jewellery,Always,All use this,21,0.808
32120,37,repair of jewellery,Always,All use this,17,0.654
32120,37,remounting of jewellery,Always,All use this,17,0.654
32120,37,jewellery repair,Always,All use this,14,0.538
32120,37,jewellery remounting,Always,All use this,10,0.385
32120,37,jewellery remounting.,Always,All use this,9,0.346
32120,37,jewellery cleaning,Always,Most use this,5,0.192
32120,37,clock and watch mending,Always,Most use this,4,0.154
32120,37,clock and watch repair,Always,Most use this,4,0.154
32120,37,watch repair (clock and -),Always,Most use this,4,0.154
32120,37,clock and watch repair services,Always,Most use this,4,0.154
32120,37,jewellery repair services,Always,Most use this,4,0.154
32120,37,watch repair,Always,Most use this,4,0.154
32120,37,watch mending (clock and -),Always,Most use this,4,0.154
32120,37,clock and watch repair or maintenance,Always,Most use this,4,0.154
32120,37,repair of watches,Always,Most use this,4,0.154
32120,37,watch repair or maintenance,Always,Most use this,4,0.154
32120,37,mining for precious stones,Always,Most use this,4,0.154
32120,37,"mining for diamonds, precious stones or precious metals",Sometimes,Some use this,3,0.115
32120,37,jewellery repair.,Sometimes,Some use this,3,0.115
32120,37,jewelry repair,Sometimes,Some use this,3,0.115
32120,37,maintenance and repair of watches,Sometimes,Some use this,3,0.115
32120,37,jewelry repair services,Sometimes,Some use this,3,0.115
32120,37,repair of jewelry,Sometimes,Some use this,3,0.115
32120,37,diamond mining.,Sometimes,Some use this,3,0.115
32120,3,cosmetics,Always,All use this,13,0.565
32120,3,fragrances,Always,All use this,10,0.435
32120,3,essential oils,Always,All use this,7,0.304
32120,3,body lotions,Always,All use this,7,0.304
32120,3,perfumes,Always,All use this,7,0.304
32120,3,perfumery and fragrances,Always,All use this,7,0.304
32120,3,oils for perfumes and scents,Always,All use this,7,0.304
32120,3,perfumery,Always,All use this,7,0.304
32120,3,eau de parfum,Always,All use this,7,0.304
32120,3,perfume,Always,Most use this,6,0.261
32120,3,skin care preparations,Always,Most use this,5,0.217
32120,3,cologne,Always,Most use this,5,0.217
32120,3,scented water,Always,Most use this,5,0.217
32120,3,bath soap,Always,Most use this,5,0.217
32120,3,perfumery products,Always,Most use this,4,0.174
32120,3,non-medicated lip balms,Always,Most use this,4,0.174
32120,3,solid perfumes,Always,Most use this,4,0.174
32120,3,extracts of perfumes,Always,Most use this,4,0.174
32120,3,eau de cologne,Always,Most use this,4,0.174
32120,3,deodorants for personal use [perfumery],Always,Most use this,4,0.174
32120,3,skin cleansers,Always,Most use this,4,0.174
32120,3,perfume oils,Always,Most use this,4,0.174
32120,3,cleansing milk for toilet purposes,Always,Most use this,4,0.174
32120,3,colognes,Always,Most use this,4,0.174
32120,3,fragrances for automobiles,Always,Most use this,4,0.174
32120,21,polishing cloths,Always,Most use this,3,0.2
32120,21,cups,Always,Most use this,3,0.2
32120,21,hip flasks,Always,Most use this,3,0.2
32120,21,opal glass,Always,Most use this,3,0.2
32120,21,flasks,Always,Most use this,3,0.2
32120,21,cloths for cleaning,Always,Most use this,3,0.2
32120,21,cups and mugs,Always,Most use this,3,0.2
32120,21,mugs,Always,Most use this,2,0.133
32120,21,ceramic ornaments,Always,Most use this,2,0.133
32120,21,insulated bottles [flasks],Always,Most use this,2,0.133
32120,21,"candle warmers, electric and non-electric",Always,Most use this,2,0.133
32120,21,horse brushes,Always,Most use this,2,0.133
32120,21,drinking cups,Always,Most use this,2,0.133
32120,21,combs for animals,Always,Most use this,2,0.133
32120,21,crystal [glassware],Always,Most use this,2,0.133
32120,21,opaline glass,Always,Most use this,2,0.133
32120,21,bottles,Always,Most use this,2,0.133
32120,21,cleaning cloths,Always,Most use this,2,0.133
32120,21,cleaning articles,Always,Most use this,2,0.133
32120,21,sieves [household utensils],Always,Most use this,2,0.133
32120,21,earthenware saucepans,Always,Most use this,2,0.133
32120,21,candle jars [holders],Always,Most use this,2,0.133
32120,21,beer mugs,Always,Most use this,2,0.133
32120,21,glass bowls,Always,Most use this,2,0.133
32120,21,decanters,Always,Most use this,2,0.133
32130,14,jewellery,Always,All use this,19,0.594
32130,14,fashion jewellery,Always,All use this,18,0.562
32130,14,jewellery in semi-precious metals,Always,All use this,17,0.531
32130,14,rings [jewellery],Always,All use this,17,0.531
32130,14,bracelets [jewellery],Always,All use this,17,0.531
32130,14,jewellery made from silver,Always,All use this,16,0.5
32130,14,jewellery chain of precious metal for necklaces,Always,All use this,15,0.469
32130,14,brooches [jewellery],Always,All use this,15,0.469
32130,14,jewellery boxes,Always,All use this,15,0.469
32130,14,jewellery products,Always,All use this,15,0.469
32130,14,jewellery made from gold,Always,All use this,14,0.438
32130,14,jewellery items,Always,All use this,14,0.438
32130,14,pendants [jewellery],Always,All use this,13,0.406
32130,14,jewellery in the form of beads,Always,All use this,13,0.406
32130,14,jewellery for personal adornment,Always,All use this,13,0.406
32130,14,gold jewellery,Always,All use this,13,0.406
32130,14,necklaces [jewellery],Always,All use this,13,0.406
32130,14,jewellery stones,Always,All use this,13,0.406
32130,14,jewellery incorporating diamonds,Always,All use this,13,0.406
32130,14,jewellery chains,Always,All use this,13,0.406
32130,14,jewellery chain of precious metal for bracelets,Always,All use this,13,0.406
32130,14,jewellery of precious metals,Always,All use this,12,0.375
32130,14,jewellery for personal wear,Always,All use this,12,0.375
32130,14,jewellery in non-precious metals,Always,All use this,12,0.375
32130,14,jewellery in precious metals,Always,All use this,12,0.375
32130,35,retail services in relation to jewellery.,Always,Most use this,3,0.25
32130,35,retail services in relation to jewellery,Always,Most use this,3,0.25
32130,35,retail services connected with the sale of clothing and clothing accessories,Always,Most use this,2,0.167
32130,35,retail services in relation to clothing accessories,Always,Most use this,2,0.167
32130,35,retail services in relation to fashion accessories,Always,Most use this,2,0.167
32130,35,mail order retail services for clothing accessories,Always,Most use this,2,0.167
32130,35,advertising flyer distribution for others,Sometimes,Some use this,1,0.083
32130,35,"business analysis and information services, and market research",Sometimes,Some use this,1,0.083
32130,35,retail services in relation to clothing,Sometimes,Some use this,1,0.083
32130,35,retail services in relation to disposable paper products,Sometimes,Some use this,1,0.083
32130,35,market research services regarding internet usage habits,Sometimes,Some use this,1,0.083
32130,35,market information services relating to market statistics,Sometimes,Some use this,1,0.083
32130,35,mail order retail services connected with clothing accessories,Sometimes,Some use this,1,0.083
32130,35,retail services relating to bakery products,Sometimes,Some use this,1,0.083
32130,35,mail order retail services connected with clothing accessories.,Sometimes,Some use this,1,0.083
32130,35,retail services relating to delicatessen products,Sometimes,Some use this,1,0.083
32130,35,research (market -),Sometimes,Some use this,1,0.083
32130,35,retail services in relation to lubricants,Sometimes,Some use this,1,0.083
32130,35,retail services in relation to stationery supplies,Sometimes,Some use this,1,0.083
32130,35,online retail store services in relation to clothing,Sometimes,Some use this,1,0.083
32130,35,market research services,Sometimes,Some use this,1,0.083
32130,35,arranging the distribution of advertising samples,Sometimes,Some use this,1,0.083
32130,35,retail services relating to kitchen knives,Sometimes,Some use this,1,0.083
32130,35,"rental of advertising space, time and materials",Sometimes,Some use this,1,0.083
32130,35,market surveys,Sometimes,Some use this,1,0.083
32300,28,sports equipment,Always,Most use this,52,0.192
32300,28,sporting articles and equipment,Sometimes,Some use this,30,0.111
32300,28,boxing gloves,Sometimes,Some use this,29,0.107
32300,28,sports training apparatus,Sometimes,Some use this,27,0.1
32300,28,golf bags,Sometimes,Some use this,22,0.081
32300,28,fishing tackle,Sometimes,Some use this,21,0.077
32300,28,golf tees,Sometimes,Some use this,19,0.07
32300,28,parts and fittings for all the aforesaid goods.,Sometimes,Some use this,19,0.07
32300,28,fishing equipment,Sometimes,Some use this,18,0.066
32300,28,golf clubs,Sometimes,Some use this,18,0.066
32300,28,golf balls,Sometimes,Some use this,17,0.063
32300,28,rackets,Sometimes,Some use this,17,0.063
32300,28,golf gloves,Sometimes,Some use this,16,0.059
32300,28,exercise weights,Sometimes,Some use this,16,0.059
32300,28,golf bag trolleys,Sometimes,Some use this,16,0.059
32300,28,bags specially adapted for sports equipment,Sometimes,Some use this,16,0.059
32300,28,fishing lures,Sometimes,Some use this,15,0.055
32300,28,balls for sports,Sometimes,Some use this,15,0.055
32300,28,gloves for sports,Sometimes,Some use this,15,0.055
32300,28,fishing rod cases,Sometimes,Some use this,15,0.055
32300,28,fishing leaders,Sometimes,Some use this,14,0.052
32300,28,landing nets for fishing,Sometimes,Some use this,14,0.052
32300,28,fishing reels,Sometimes,Some use this,14,0.052
32300,28,sports equipment.,Sometimes,Some use this,14,0.052
32300,28,fishing floats,Sometimes,Some use this,14,0.052
32300,25,clothing,Always,All use this,119,0.48
32300,25,sports clothing,Always,All use this,83,0.335
32300,25,athletic clothing,Always,Most use this,72,0.29
32300,25,t-shirts,Always,Most use this,69,0.278
32300,25,clothing for sports,Always,Most use this,64,0.258
32300,25,sweatshirts,Always,Most use this,64,0.258
32300,25,clothes for sports,Always,Most use this,63,0.254
32300,25,casual clothing,Always,Most use this,62,0.25
32300,25,sportswear,Always,Most use this,58,0.234
32300,25,footwear,Always,Most use this,57,0.23
32300,25,jackets being sports clothing,Always,Most use this,51,0.206
32300,25,sweatpants,Always,Most use this,51,0.206
32300,25,swim trunks,Always,Most use this,50,0.202
32300,25,gloves,Always,Most use this,50,0.202
32300,25,shorts,Always,Most use this,47,0.19
32300,25,boxing shorts,Always,Most use this,46,0.185
32300,25,shirts,Always,Most use this,45,0.181
32300,25,sports pants,Always,Most use this,45,0.181
32300,25,sports garments,Always,Most use this,45,0.181
32300,25,printed t-shirts,Always,Most use this,44,0.177
32300,25,sports footwear,Always,Most use this,43,0.173
32300,25,shorts [clothing],Always,Most use this,38,0.153
32300,25,menswear,Always,Most use this,37,0.149
32300,25,hoodies,Always,Most use this,37,0.149
32300,25,casual shirts,Always,Most use this,37,0.149
32300,18,bags,Always,All use this,51,0.56
32300,18,sports bags,Always,All use this,44,0.484
32300,18,gym bags,Always,All use this,42,0.462
32300,18,tote bags,Always,All use this,38,0.418
32300,18,duffel bags,Always,All use this,36,0.396
32300,18,shoulder bags,Always,All use this,36,0.396
32300,18,belt bags,Always,All use this,29,0.319
32300,18,parts and fittings for all the aforesaid goods.,Always,All use this,28,0.308
32300,18,hip bags,Always,Most use this,27,0.297
32300,18,beach bags,Always,Most use this,27,0.297
32300,18,athletic bags,Always,Most use this,26,0.286
32300,18,messenger bags,Always,Most use this,26,0.286
32300,18,shoe bags,Always,Most use this,25,0.275
32300,18,luggage and carrying bags,Always,Most use this,25,0.275
32300,18,school bags,Always,Most use this,25,0.275
32300,18,suitcases,Always,Most use this,25,0.275
32300,18,handbags,Always,Most use this,24,0.264
32300,18,briefcases,Always,Most use this,24,0.264
32300,18,shopping bags,Always,Most use this,24,0.264
32300,18,waist packs,Always,Most use this,24,0.264
32300,18,satchels,Always,Most use this,23,0.253
32300,18,bags for campers,Always,Most use this,23,0.253
32300,18,key cases,Always,Most use this,22,0.242
32300,18,bumbags,Always,Most use this,22,0.242
32300,18,rucksacks and backpacks,Always,Most use this,22,0.242
32300,35,retail services relating to sporting goods,Always,Most use this,12,0.146
32300,35,wholesale services relating to sporting goods,Always,Most use this,11,0.134
32300,35,retail services in relation to sporting equipment,Always,Most use this,10,0.122
32300,35,retail services connected with the sale of clothing and clothing accessories,Always,Most use this,10,0.122
32300,35,promotion of goods and services through sponsorship of sports events,Sometimes,Some use this,8,0.098
32300,35,online retail services relating to clothing,Sometimes,Some use this,7,0.085
32300,35,advertising,Sometimes,Some use this,7,0.085
32300,35,wholesale services in relation to sporting equipment,Sometimes,Some use this,7,0.085
32300,35,promotion of sports competitions and events,Sometimes,Some use this,6,0.073
32300,35,business management,Sometimes,Some use this,6,0.073
32300,35,retail services in relation to sporting articles,Sometimes,Some use this,5,0.061
32300,35,online retail store services in relation to clothing,Sometimes,Some use this,5,0.061
32300,35,retail services in relation to sporting equipment.,Sometimes,Some use this,5,0.061
32300,35,online retail store services relating to clothing,Sometimes,Some use this,5,0.061
32300,35,retail services in relation to footwear,Sometimes,Some use this,5,0.061
32300,35,retail services relating to clothing,Sometimes,Some use this,4,0.049
32300,35,retail services in relation to clothing accessories,Sometimes,Some use this,4,0.049
32300,35,"presentation of goods on communication media, for retail purposes",Sometimes,Some use this,4,0.049
32300,35,wholesale services relating to clothing,Sometimes,Some use this,4,0.049
32300,35,marketing,Sometimes,Some use this,4,0.049
32300,35,retail services connected with the sale of clothing and clothing accessories.,Sometimes,Some use this,4,0.049
32300,35,shop window dressing,Sometimes,Some use this,4,0.049
32300,35,wholesale services in relation to sporting articles,Sometimes,Some use this,4,0.049
32300,35,business administration,Sometimes,Some use this,4,0.049
32300,35,business management and organization consultancy,Sometimes,Some use this,4,0.049
32300,9,life jackets,Sometimes,Some use this,10,0.119
32300,9,sunglasses,Sometimes,Some use this,9,0.107
32300,9,goggles,Sometimes,Some use this,8,0.095
32300,9,battery chargers,Sometimes,Some use this,8,0.095
32300,9,sports helmets,Sometimes,Some use this,8,0.095
32300,9,weighing apparatus and instruments,Sometimes,Some use this,7,0.083
32300,9,wearable activity trackers,Sometimes,Some use this,7,0.083
32300,9,software applications for use with mobile devices,Sometimes,Some use this,7,0.083
32300,9,"electronic devices used to track physical activity, fitness goals and statistics",Sometimes,Some use this,6,0.071
32300,9,mobile apps,Sometimes,Some use this,6,0.071
32300,9,software applications,Sometimes,Some use this,6,0.071
32300,9,security alarms,Sometimes,Some use this,6,0.071
32300,9,sensors for gathering human biometric data,Sometimes,Some use this,6,0.071
32300,9,headphones,Sometimes,Some use this,6,0.071
32300,9,sensors for use in gathering in-formation relating to sporting activities,Sometimes,Some use this,6,0.071
32300,9,computer software,Sometimes,Some use this,6,0.071
32300,9,security warning apparatus,Sometimes,Some use this,5,0.06
32300,9,digital scales,Sometimes,Some use this,5,0.06
32300,9,security signalling devices,Sometimes,Some use this,5,0.06
32300,9,power packs,Sometimes,Some use this,5,0.06
32300,9,protective helmets for sports,Sometimes,Some use this,5,0.06
32300,9,downloadable mobile applications,Sometimes,Some use this,5,0.06
32300,9,goggles for use in sports,Sometimes,Some use this,5,0.06
32300,9,security control apparatus,Sometimes,Some use this,5,0.06
32300,9,fish weighing scales for use in angling,Sometimes,Some use this,5,0.06
32300,41,organising of sports competitions and sports events,Always,Most use this,13,0.228
32300,41,sports entertainment services,Always,Most use this,12,0.211
32300,41,providing track and field facilities for use in sporting activities,Always,Most use this,12,0.211
32300,41,sports and fitness,Always,Most use this,11,0.193
32300,41,sports training,Always,Most use this,11,0.193
32300,41,training in sports,Always,Most use this,11,0.193
32300,41,exercise classes,Always,Most use this,10,0.175
32300,41,education,Always,Most use this,9,0.158
32300,41,conducting physical fitness conditioning classes,Always,Most use this,9,0.158
32300,41,rental of sports equipment,Always,Most use this,8,0.14
32300,41,sports and fitness services,Always,Most use this,8,0.14
32300,41,organising of sports and sports events,Always,Most use this,8,0.14
32300,41,sports activities,Always,Most use this,7,0.123
32300,41,organising of sports events and of sports competitions,Always,Most use this,7,0.123
32300,41,gym activity classes,Always,Most use this,7,0.123
32300,41,provision of sports facilities,Always,Most use this,7,0.123
32300,41,exercise and fitness classes,Always,Most use this,7,0.123
32300,41,organisation of sports tournaments,Always,Most use this,7,0.123
32300,41,training of sports players,Sometimes,Some use this,6,0.105
32300,41,physical fitness training services,Sometimes,Some use this,6,0.105
32300,41,sports club services,Sometimes,Some use this,6,0.105
32300,41,providing facilities for sports tournaments,Sometimes,Some use this,6,0.105
32300,41,provision of training camps and coaching clinics.,Sometimes,Some use this,6,0.105
32300,41,conducting fitness classes,Sometimes,Some use this,6,0.105
32300,41,organisation of sporting competitions and sports events,Sometimes,Some use this,6,0.105
32300,12,electric golf trolleys,Always,Most use this,9,0.184
32300,12,bicycles,Always,Most use this,9,0.184
32300,12,motorized golf trolleys,Always,Most use this,9,0.184
32300,12,motorized or electric and computerised golf carts for carrying golf equipment,Always,Most use this,8,0.163
32300,12,motorized or electric and computerised golf carts,Always,Most use this,8,0.163
32300,12,replacement parts and fittings for the aforesaid goods.,Always,Most use this,8,0.163
32300,12,motorized or electric golf trolleys for carrying golf equipment,Always,Most use this,8,0.163
32300,12,boats,Always,Most use this,6,0.122
32300,12,golf trolleys,Sometimes,Some use this,5,0.102
32300,12,inflatable dinghies for fishing,Sometimes,Some use this,5,0.102
32300,12,electric bicycles,Sometimes,Some use this,5,0.102
32300,12,air pumps for inflatable boats and dinghies,Sometimes,Some use this,5,0.102
32300,12,inflatable dinghies,Sometimes,Some use this,5,0.102
32300,12,seats for boats,Sometimes,Some use this,5,0.102
32300,12,inflatable fishing boats,Sometimes,Some use this,5,0.102
32300,12,pumps for bicycle tyres,Sometimes,Some use this,5,0.102
32300,12,covers for wheel barrows,Sometimes,Some use this,5,0.102
32300,12,powered barrows,Sometimes,Some use this,5,0.102
32300,12,seat cushions for the seats of boats.,Sometimes,Some use this,5,0.102
32300,12,bicycle frames,Sometimes,Some use this,5,0.102
32300,12,dinghies for fishing,Sometimes,Some use this,5,0.102
32300,12,dinghies,Sometimes,Some use this,5,0.102
32300,12,wheel barrows for carrying fishing equipment,Sometimes,Some use this,5,0.102
32300,12,fishing boats,Sometimes,Some use this,5,0.102
32300,12,inflatable boats,Sometimes,Some use this,5,0.102
32300,42,design of sports facilities,Always,Most use this,4,0.125
32300,42,design and development of computer hardware and software,Sometimes,Some use this,3,0.094
32300,42,artificial intelligence services for analysing pet behaviour and health,Sometimes,Some use this,3,0.094
32300,42,computer programming,Sometimes,Some use this,2,0.062
32300,42,design of computer databases,Sometimes,Some use this,2,0.062
32300,42,scientific and technological services and research and design relating thereto,Sometimes,Some use this,2,0.062
32300,42,computer software consultancy services,Sometimes,Some use this,2,0.062
32300,42,interior design services for gymnasiums,Sometimes,Some use this,2,0.062
32300,42,"information, advisory and consultancy services relating to all the aforesaid.",Sometimes,Some use this,2,0.062
32300,42,providing computer hardware or software information online,Sometimes,Some use this,2,0.062
32300,42,"maintenance, repair and updating of computer software and applications",Sometimes,Some use this,2,0.062
32300,42,design of products,Sometimes,Some use this,2,0.062
32300,42,medical research,Sometimes,Some use this,2,0.062
32300,42,"industrial design, analysis and research services",Sometimes,Some use this,2,0.062
32300,42,consultation services relating to interior design,Sometimes,Some use this,2,0.062
32300,42,website hosting services,Sometimes,Some use this,2,0.062
32300,42,interior design,Sometimes,Some use this,2,0.062
32300,42,cartography and mapping services,Sometimes,Some use this,2,0.062
32300,42,furnishing design services for the interiors of gymnasiums.,Sometimes,Some use this,2,0.062
32300,42,consultancy in the design and development of computer hardware,Sometimes,Some use this,2,0.062
32300,42,"design of clothing, footwear and headgear",Sometimes,Some use this,2,0.062
32300,42,design of tools,Sometimes,Some use this,2,0.062
32300,42,providing software as a service (saas),Sometimes,Some use this,2,0.062
32300,42,"website creation, design and maintenance services",Sometimes,Some use this,2,0.062
32300,42,designing of clothing,Sometimes,Some use this,2,0.062
36000,11,water purifiers,Always,Most use this,8,0.19
36000,11,apparatus and installations for treating sludge,Always,Most use this,7,0.167
36000,11,apparatus and installations for treating soil,Always,Most use this,7,0.167
36000,11,portable filtration units (other than machines),Always,Most use this,7,0.167
36000,11,parts and fittings for use with the aforesaid goods.,Always,Most use this,6,0.143
36000,11,water treatment filters,Always,Most use this,6,0.143
36000,11,apparatus and installations for the treatment of sewage and effluent,Always,Most use this,6,0.143
36000,11,water treatment apparatus for water purification,Always,Most use this,6,0.143
36000,11,apparatus and installations for water treatment,Always,Most use this,6,0.143
36000,11,apparatus and installations for the treatment of waste,Always,Most use this,6,0.143
36000,11,central heating apparatus and installations,Always,Most use this,6,0.143
36000,11,apparatus and installations for the treatment of waste water,Always,Most use this,6,0.143
36000,11,chlorination plant and equipment,Always,Most use this,6,0.143
36000,11,water treatment units for aerating and circulating water,Sometimes,Some use this,5,0.119
36000,11,water dispensers,Sometimes,Some use this,5,0.119
36000,11,water filtration installations,Sometimes,Some use this,5,0.119
36000,11,water filtering apparatus,Sometimes,Some use this,5,0.119
36000,11,water coolers,Sometimes,Some use this,5,0.119
36000,11,filters being parts of central heating and cooling apparatus and installations,Sometimes,Some use this,5,0.119
36000,11,water purifying installations,Sometimes,Some use this,5,0.119
36000,11,water sterilisers,Sometimes,Some use this,5,0.119
36000,11,filters for drinking water,Sometimes,Some use this,5,0.119
36000,11,water purification tanks,Sometimes,Some use this,5,0.119
36000,11,water filtration apparatus and installations,Sometimes,Some use this,5,0.119
36000,11,reverse osmosis membrane filters for water treatment,Sometimes,Some use this,4,0.095
36000,42,environmental consultancy services,Always,Most use this,8,0.267
36000,42,water purity testing,Always,Most use this,7,0.233
36000,42,water analysis,Always,Most use this,7,0.233
36000,42,land surveying,Always,Most use this,7,0.233
36000,42,software as a service [saas],Always,Most use this,7,0.233
36000,42,providing temporary use of web-based applications,Always,Most use this,6,0.2
36000,42,"providing online, non-downloadable software in relation to water management",Always,Most use this,6,0.2
36000,42,software as a service [saas] in relation to water management,Always,Most use this,6,0.2
36000,42,scientific and technological services and research and design relating thereto,Always,Most use this,6,0.2
36000,42,water testing services,Always,Most use this,6,0.2
36000,42,environmental monitoring services,Always,Most use this,6,0.2
36000,42,environmental surveys,Always,Most use this,6,0.2
36000,42,industrial research and analysis services,Always,Most use this,6,0.2
36000,42,hosting of portals on the internet,Always,Most use this,6,0.2
36000,42,environmental testing,Always,Most use this,6,0.2
36000,42,"providing online, non-downloadable software",Always,Most use this,6,0.2
36000,42,engineering and technical consultancy services,Always,Most use this,6,0.2
36000,42,research in the field of energy,Sometimes,Some use this,3,0.1
36000,42,industrial design services,Sometimes,Some use this,2,0.067
36000,42,scientific research and development,Sometimes,Some use this,2,0.067
36000,42,software development,Sometimes,Some use this,2,0.067
36000,42,"research, development, design and updating of computer software",Sometimes,Some use this,2,0.067
36000,42,"biofilm detection, monitoring and eradication services",Sometimes,Some use this,2,0.067
36000,42,scientific and technological services and research,Sometimes,Some use this,2,0.067
36000,42,design and development of regenerative energy generation systems,Sometimes,Some use this,2,0.067
36000,40,water treatment services,Always,All use this,11,0.407
36000,40,services for the purification of water,Always,Most use this,6,0.222
36000,40,waste treatment services,Always,Most use this,6,0.222
36000,40,sewage treatment services,Always,Most use this,6,0.222
36000,40,water purification,Always,Most use this,5,0.185
36000,40,treatment of water,Always,Most use this,4,0.148
36000,40,water treatment and purification,Always,Most use this,4,0.148
36000,40,waste water treatment,Always,Most use this,4,0.148
36000,40,leasing of water purification equipment,Sometimes,Some use this,3,0.111
36000,40,water treatment,Sometimes,Some use this,3,0.111
36000,40,waste treatment [transformation],Sometimes,Some use this,3,0.111
36000,40,treatment of water.,Sometimes,Some use this,2,0.074
36000,40,industrial water treatment services for reducing the salt content of water,Sometimes,Some use this,2,0.074
36000,40,treatment and disposal of waste of all kinds,Sometimes,Some use this,2,0.074
36000,40,generation of energy,Sometimes,Some use this,2,0.074
36000,40,recycling services,Sometimes,Some use this,2,0.074
36000,40,disposal of waste from water treatment installations,Sometimes,Some use this,2,0.074
36000,40,production of energy,Sometimes,Some use this,2,0.074
36000,40,energy production,Sometimes,Some use this,2,0.074
36000,40,industrial water treatment services for reducing the brackishness of water,Sometimes,Some use this,2,0.074
36000,40,water pollution control,Sometimes,Some use this,2,0.074
36000,40,manufacture of plastic and metal products,Sometimes,Some use this,2,0.074
36000,40,filtration services,Sometimes,Some use this,2,0.074
36000,40, water flushing system installation and operation.,Sometimes,Some use this,2,0.074
36000,40,"waste, waste water, sewerage and water treatment services",Sometimes,Some use this,2,0.074
36000,37,property development services [construction],Always,Most use this,7,0.28
36000,37,"construction, maintenance and repair of water treatment apparatus and equipment",Always,Most use this,6,0.24
36000,37,"construction, maintenance and repair of water supply and sewage facilities",Always,Most use this,6,0.24
36000,37,on-site maintenance services of water and sewerage equipment,Always,Most use this,6,0.24
36000,37,building construction,Sometimes,Some use this,2,0.08
36000,37,biofilm eradication services,Sometimes,Some use this,2,0.08
36000,37,repair or maintenance of water purifying apparatus,Sometimes,Some use this,2,0.08
36000,37,maintenance of water pollution control equipment,Sometimes,Some use this,2,0.08
36000,37,installation of water conditioners for industrial purposes,Sometimes,Some use this,1,0.04
36000,37,hardscaping services,Sometimes,Some use this,1,0.04
36000,37,building construction advisory services,Sometimes,Some use this,1,0.04
36000,37,buildings (insulation of -) during construction,Sometimes,Some use this,1,0.04
36000,37,repair of water pollution control equipment,Sometimes,Some use this,1,0.04
36000,37,supervision of building renovation,Sometimes,Some use this,1,0.04
36000,37,building construction services,Sometimes,Some use this,1,0.04
36000,37,house painting,Sometimes,Some use this,1,0.04
36000,37,erection of formwork for building and construction,Sometimes,Some use this,1,0.04
36000,37,construction management services,Sometimes,Some use this,1,0.04
36000,37,quarrying services,Sometimes,Some use this,1,0.04
36000,37,custom construction of buildings,Sometimes,Some use this,1,0.04
36000,37,maintenance of uv systems and apparatus for water sterilisation,Sometimes,Some use this,1,0.04
36000,37,repair or maintenance of water pollution control equipment,Sometimes,Some use this,1,0.04
36000,37,installation of environmental control systems.,Sometimes,Some use this,1,0.04
36000,37,pipeline cleaning services,Sometimes,Some use this,1,0.04
36000,37,"extermination, disinfection and pest control",Sometimes,Some use this,1,0.04
36000,9,meter reading apparatus and instruments,Always,All use this,7,0.304
36000,9,meters,Always,All use this,7,0.304
36000,9,parts and fittings for use with the aforesaid goods.,Always,Most use this,6,0.261
36000,9,"apparatus, instruments and machines for materials testing",Always,Most use this,6,0.261
36000,9,apparatus and instruments for magnetic filtration,Always,Most use this,4,0.174
36000,9,magnetic filters,Always,Most use this,4,0.174
36000,9,magnetic apparatus and instruments,Always,Most use this,4,0.174
36000,9,apparatus and instruments for monitoring fluid,Always,Most use this,4,0.174
36000,9,testing apparatus and instruments,Always,Most use this,3,0.13
36000,9,bag micron filtration,Always,Most use this,3,0.13
36000,9,water testing apparatus and instruments,Always,Most use this,3,0.13
36000,9,apparatus and instruments for condition monitoring,Always,Most use this,3,0.13
36000,9,monitoring apparatus and instruments,Always,Most use this,3,0.13
36000,9,parts and fittings for all the aforesaid goods.,Always,Most use this,3,0.13
36000,9,apparatus and instruments for measuring and checking (supervision),Always,Most use this,3,0.13
36000,9,energy regulators,Sometimes,Some use this,2,0.087
36000,9,parts and fittings for all of the aforesaid goods.,Sometimes,Some use this,2,0.087
36000,9,potable water monitoring systems,Sometimes,Some use this,2,0.087
36000,9,monitors for monitoring of impurities in water systems,Sometimes,Some use this,2,0.087
36000,9,ozone generators for water purification systems,Sometimes,Some use this,2,0.087
36000,9,water monitoring apparatus and instruments,Sometimes,Some use this,2,0.087
36000,9,apparatus and instruments for bag filtration,Sometimes,Some use this,2,0.087
36000,9,"optical measurement systems, for measurement of impurities in water",Sometimes,Some use this,2,0.087
36000,9,scale monitoring systems,Sometimes,Some use this,2,0.087
36000,9,remote water monitoring and control systems,Sometimes,Some use this,2,0.087
36000,1,"sludge, sewage and treated and conditioned sludge and sewage",Always,All use this,6,0.316
36000,1,"water, sea water",Always,All use this,6,0.316
36000,1,conditioned waste water.,Always,All use this,6,0.316
36000,1,water purifying chemicals,Always,Most use this,4,0.211
36000,1,additives (chemical -) for use in the disinfection of water,Always,Most use this,3,0.158
36000,1,water testing chemicals,Sometimes,Some use this,2,0.105
36000,1,tempering and soldering preparations,Sometimes,Some use this,2,0.105
36000,1,chemicals for the purification of water used in swimming pools,Sometimes,Some use this,2,0.105
36000,1,fire extinguishing compositions,Sometimes,Some use this,2,0.105
36000,1,chemicals for use in the purification of water,Sometimes,Some use this,2,0.105
36000,1,chemicals for the treatment of hot water systems,Sometimes,Some use this,2,0.105
36000,1,chemical substances for preserving foodstuffs,Sometimes,Some use this,2,0.105
36000,1,chemicals for use in the treatment of water,Sometimes,Some use this,2,0.105
36000,1,sewerage water treatment chemicals,Sometimes,Some use this,2,0.105
36000,1,manures,Sometimes,Some use this,2,0.105
36000,1,chemical products for the treatment of drinking water,Sometimes,Some use this,2,0.105
36000,1,tanning substances,Sometimes,Some use this,2,0.105
36000,1,bacterial cultures for wastewater treatment,Sometimes,Some use this,2,0.105
36000,1,chemical compositions for water treatment,Sometimes,Some use this,2,0.105
36000,1,chemical preparations for use in water purification,Sometimes,Some use this,2,0.105
36000,1,water treatment chemicals,Sometimes,Some use this,2,0.105
36000,1,water treatment chemicals for use in swimming pools,Sometimes,Some use this,2,0.105
36000,1,heavy water,Sometimes,Some use this,2,0.105
36000,1,reagents for testing water,Sometimes,Some use this,2,0.105
36000,1,chemicals for use in purifying water,Sometimes,Some use this,2,0.105
36000,35,water meter reading for billing purposes,Always,All use this,7,0.438
36000,35,business management of water and sewage facilities,Always,All use this,6,0.375
36000,35,public relations services,Always,All use this,6,0.375
36000,35,personnel recruitment,Always,All use this,6,0.375
36000,35,procurement services,Always,All use this,6,0.375
36000,35,management and compilation of computer databases,Always,All use this,6,0.375
36000,35,advertising,Always,Most use this,2,0.125
36000,35,compilation and systematisation of information in computer  databases,Sometimes,Some use this,1,0.062
36000,35,demonstration of goods,Sometimes,Some use this,1,0.062
36000,35,electronic billboard advertising,Sometimes,Some use this,1,0.062
36000,35,administration of sales and promotional incentive schemes,Sometimes,Some use this,1,0.062
36000,35,commercial intermediary services relating to water supply contracts.,Sometimes,Some use this,1,0.062
36000,35,utility meter reading for billing purposes,Sometimes,Some use this,1,0.062
36000,35,online advertising,Sometimes,Some use this,1,0.062
36000,35,business management and consultancy,Sometimes,Some use this,1,0.062
36000,35,advertising and marketing consultancy,Sometimes,Some use this,1,0.062
36000,35,administration of customer loyalty and incentive schemes,Sometimes,Some use this,1,0.062
36000,35,business administration,Sometimes,Some use this,1,0.062
36000,35,business project management,Sometimes,Some use this,1,0.062
36000,35,electricity meter reading for billing purposes.,Sometimes,Some use this,1,0.062
36000,35,outdoor advertising,Sometimes,Some use this,1,0.062
36000,35,managing data files and databases,Sometimes,Some use this,1,0.062
36000,35,"invoicing, invoicing services",Sometimes,Some use this,1,0.062
36000,35,business management consulting,Sometimes,Some use this,1,0.062
36000,35,statistical analysis and reporting,Sometimes,Some use this,1,0.062
36000,39,water supply and distribution services,Always,All use this,7,0.467
36000,39,provision of services for the supply and distribution of water,Always,All use this,6,0.4
36000,39,public utility services in the nature of supplying water and water distribution,Always,All use this,6,0.4
36000,39,services for the provision and supply of utilities,Always,All use this,6,0.4
36000,39,water distribution and supply,Always,Most use this,2,0.133
36000,39,discharge of treated waste water by way of sea and storm outfalls.,Always,Most use this,2,0.133
36000,39,distribution of water,Always,Most use this,2,0.133
36000,39,storage of water in reservoirs,Always,Most use this,2,0.133
36000,39,services relating to water distribution and supply,Always,Most use this,2,0.133
36000,39,storage of water in tanks,Always,Most use this,2,0.133
36000,39,distribution of electricity,Sometimes,Some use this,1,0.067
36000,39,container transport services,Sometimes,Some use this,1,0.067
36000,39,transport and storage of waste,Sometimes,Some use this,1,0.067
36000,39,supply of electricity,Sometimes,Some use this,1,0.067
36000,39,waste transport,Sometimes,Some use this,1,0.067
36000,39,rental of vehicles for transport,Sometimes,Some use this,1,0.067
36000,39,distribution [transport] of goods by road,Sometimes,Some use this,1,0.067
36000,39,hire of road transport,Sometimes,Some use this,1,0.067
36000,39,water distribution and supply services,Sometimes,Some use this,1,0.067
36000,39,public utility services in the nature of water distribution,Sometimes,Some use this,1,0.067
36000,39,transport of goods,Sometimes,Some use this,1,0.067
36000,39,transportation logistics.,Sometimes,Some use this,1,0.067
36000,39,rental of transport vehicles,Sometimes,Some use this,1,0.067
36000,39,transport and delivery of goods,Sometimes,Some use this,1,0.067
36000,39,hiring of transport vehicles,Sometimes,Some use this,1,0.067
38320,40,recycling services,Always,All use this,26,0.448
38320,40,recycling,Always,All use this,19,0.328
38320,40,waste recycling services,Always,All use this,18,0.31
38320,40,recycling of waste,Always,Most use this,15,0.259
38320,40,waste management,Always,Most use this,14,0.241
38320,40,treatment of materials,Always,Most use this,13,0.224
38320,40,recycling of waste products,Always,Most use this,13,0.224
38320,40,recycling of metals,Always,Most use this,13,0.224
38320,40,recycling of waste materials,Always,Most use this,11,0.19
38320,40,production of energy,Always,Most use this,10,0.172
38320,40,waste management services [recycling],Always,Most use this,9,0.155
38320,40,recycling and waste treatment,Always,Most use this,8,0.138
38320,40,recycling of scrap,Always,Most use this,8,0.138
38320,40,recycling of valuable materials,Always,Most use this,8,0.138
38320,40,sorting of waste and recyclable material [transformation],Always,Most use this,8,0.138
38320,40,upcycling [waste recycling],Always,Most use this,8,0.138
38320,40,specialist waste collection schemes,Always,Most use this,7,0.121
38320,40,recycling of waste and rubbish,Always,Most use this,7,0.121
38320,40,waste processing,Always,Most use this,7,0.121
38320,40,fuel processing,Always,Most use this,7,0.121
38320,40,treatment [recycling] of waste,Always,Most use this,7,0.121
38320,40,recycling advice,Always,Most use this,7,0.121
38320,40,scrapping of vehicles,Always,Most use this,7,0.121
38320,40,resource recycling consultancy,Always,Most use this,7,0.121
38320,40,"recycling services relating to plastics, fuels and building materials",Always,Most use this,7,0.121
38320,19,non-metallic building and construction materials,Always,All use this,15,0.484
38320,19,binding material for road repair,Always,All use this,13,0.419
38320,19,glass granules for road marking,Always,All use this,13,0.419
38320,19,non-metallic wall and floor coverings,Always,All use this,13,0.419
38320,19,semi-rigid floor coverings and road finishes,Always,All use this,13,0.419
38320,19,bituminous coatings,Always,All use this,13,0.419
38320,19,asphalt paving,Always,All use this,13,0.419
38320,19,binders and hardening products for floors and roads,Always,All use this,13,0.419
38320,19,non-metallic rigid pipes for building,Always,All use this,13,0.419
38320,19,road-marking plates of synthetic material,Always,All use this,13,0.419
38320,19,"paving blocks and slabs, not of metal",Always,All use this,13,0.419
38320,19,"stone, bituminous, brick, concrete, parquet or timber wall and floor coverings.",Always,All use this,10,0.323
38320,19,recycled concrete,Always,Most use this,6,0.194
38320,19,recycled building materials,Always,Most use this,6,0.194
38320,19,recycled asphalt.,Always,Most use this,6,0.194
38320,19,decorative or structural surfaces and coatings for construction purposes.,Sometimes,Some use this,2,0.065
38320,19,"stone, bituminous, brick, concrete, parquet or timber wall and floor coverings",Sometimes,Some use this,2,0.065
38320,19,aggregates for use in the preparation of concrete,Sometimes,Some use this,2,0.065
38320,19,coal tar.,Sometimes,Some use this,2,0.065
38320,19,aggregate materials for use in concrete,Sometimes,Some use this,2,0.065
38320,19,concrete,Sometimes,Some use this,2,0.065
38320,19,aggregates,Sometimes,Some use this,2,0.065
38320,19,concrete building materials,Sometimes,Some use this,2,0.065
38320,19,"materials, not of metal, for building",Sometimes,Some use this,2,0.065
38320,19,"wall tiles, not of metal",Sometimes,A few have this,1,0.032
38320,35,expert opinion for the waste and resource recovery sector,Always,All use this,9,0.321
38320,35,specialist waste materials collection schemes marketing and promotion.,Always,All use this,9,0.321
38320,35,market analysis for the waste and resource recovery sector,Always,All use this,9,0.321
38320,35,business planning for the waste and resource recovery sector,Always,All use this,9,0.321
38320,35,business advisory services relating to waste management and recycling,Always,All use this,9,0.321
38320,35,maintenance audits for waste and recycling plants,Always,All use this,9,0.321
38320,35,market research for the waste and resource recovery sector,Always,All use this,9,0.321
38320,35,due diligence for the waste and resource recovery sector,Always,All use this,9,0.321
38320,35,business intelligence for the waste and resource recovery sector,Always,All use this,9,0.321
38320,35,business management services relating to waste management and recycling,Always,All use this,9,0.321
38320,35,trade association management,Always,All use this,9,0.321
38320,35,economic modelling for the waste and resource recovery sector,Always,All use this,9,0.321
38320,35,"supply chain engagement for the waste, recycling and resource recovery sector",Always,All use this,9,0.321
38320,35,specialist waste materials collection schemes feasibility studies,Always,All use this,9,0.321
38320,35,management of specialist waste materials collection schemes,Always,All use this,9,0.321
38320,35,advertising,Always,Most use this,4,0.143
38320,35,commercial and industrial business management and organisation consultancy,Sometimes,Some use this,3,0.107
38320,35,all the aforesaid services being related to the field of road works.,Sometimes,Some use this,3,0.107
38320,35,business advisory and consultancy services,Sometimes,Some use this,3,0.107
38320,35,personnel management consultancy,Sometimes,Some use this,3,0.107
38320,35,personnel recruitment,Sometimes,Some use this,3,0.107
38320,35,secretarial services,Sometimes,Some use this,3,0.107
38320,35,price comparison services,Sometimes,Some use this,3,0.107
38320,35,commercial or industrial management assistance,Sometimes,Some use this,3,0.107
38320,35,business administration,Sometimes,Some use this,3,0.107
38320,42,scientific and technological services and research and design relating thereto,Always,Most use this,8,0.296
38320,42,materials recovery trials,Always,Most use this,6,0.222
38320,42,sustainable product design,Always,Most use this,6,0.222
38320,42,"process design for the waste, recycling and resource recovery sector",Always,Most use this,6,0.222
38320,42,permits and risk assessments for waste and recycling sites,Always,Most use this,6,0.222
38320,42,"equipment trials for the waste, recycling and resource recovery sector",Always,Most use this,6,0.222
38320,42,consultancy services relating to all the aforementioned.,Always,Most use this,6,0.222
38320,42,development of resource recovery technologies,Always,Most use this,6,0.222
38320,42,recyclability assessment,Always,Most use this,6,0.222
38320,42,specialist waste collection feasibility studies,Always,Most use this,6,0.222
38320,42,"plant performance analysis for the waste, recycling and resource recovery sector",Always,Most use this,6,0.222
38320,42,compositional analysis for the waste sector,Always,Most use this,6,0.222
38320,42,packaging design services,Always,Most use this,6,0.222
38320,42,materials properties assessment,Always,Most use this,6,0.222
38320,42,"laboratory services for the waste, recycling and resource recovery sector",Always,Most use this,6,0.222
38320,42,"industrial analysis, industrial research and industrial design services",Always,Most use this,5,0.185
38320,42,materials testing,Always,Most use this,5,0.185
38320,42,architecture,Always,Most use this,4,0.148
38320,42,technical consultation services,Sometimes,Some use this,3,0.111
38320,42,design and technical studies in relation to construction operations,Sometimes,Some use this,3,0.111
38320,42,design of road surfaces,Sometimes,Some use this,3,0.111
38320,42,information technology consulting,Sometimes,Some use this,3,0.111
38320,42,"process optimisation for the waste, recycling and resource recovery sector",Sometimes,Some use this,3,0.111
38320,42,industrial analysis and research services,Sometimes,Some use this,3,0.111
38320,42,providing and analysis of scientific or industrial research data,Sometimes,Some use this,3,0.111
38320,1,unprocessed plastics.,Always,All use this,8,0.333
38320,1,mixed engineering plastics granules,Always,Most use this,6,0.25
38320,1,"anti-piping agents, anti-piping agents used in steel production",Always,Most use this,3,0.125
38320,1,butanol,Always,Most use this,3,0.125
38320,1,flow agents for metal processing,Always,Most use this,3,0.125
38320,1,chemical products and enzymes used in different phases of sugar processing,Always,Most use this,3,0.125
38320,1,flow agents,Always,Most use this,3,0.125
38320,1,"bio-ethanol, being a raw material",Always,Most use this,3,0.125
38320,1,acetone,Always,Most use this,3,0.125
38320,1,"exothermic agents, exothermic agents for use in smelting processes",Always,Most use this,3,0.125
38320,1,biological products for the manufacture of biofuels,Always,Most use this,3,0.125
38320,1,bio-acetone,Always,Most use this,3,0.125
38320,1,chemical products for use in industry,Always,Most use this,3,0.125
38320,1,"de-oxidising agents, de-oxidising agents for use in steel production",Always,Most use this,3,0.125
38320,1,chemical and biochemical products for producing biofuels.,Always,Most use this,3,0.125
38320,1,"additives for use in the glass, ceramics, cement and aggregate industries",Always,Most use this,3,0.125
38320,1,bio-ethanol for scientific and industrial purposes,Always,Most use this,3,0.125
38320,1,bio-butanol,Always,Most use this,3,0.125
38320,1,industrial minerals,Sometimes,Some use this,2,0.083
38320,1,oxides,Sometimes,Some use this,2,0.083
38320,1,alkaline metals,Sometimes,Some use this,2,0.083
38320,1,acids,Sometimes,Some use this,2,0.083
38320,1,cobalt chemicals,Sometimes,Some use this,2,0.083
38320,1,metalloids,Sometimes,Some use this,2,0.083
38320,1,sulphides,Sometimes,Some use this,2,0.083
38320,37,asphalting,Always,All use this,11,0.5
38320,37,quarrying services,Always,All use this,11,0.5
38320,37,paving services,Always,All use this,11,0.5
38320,37,construction services,Always,All use this,11,0.5
38320,37,demolition of buildings,Always,All use this,11,0.5
38320,37,"installation, maintenance and repair of closed circuit television systems",Always,All use this,11,0.5
38320,37,civil engineering services,Always,All use this,11,0.5
38320,37,drilling of wells,Always,All use this,11,0.5
38320,37,masonry services,Always,All use this,11,0.5
38320,37,construction project management and supervision services,Always,All use this,11,0.5
38320,37,"surfacing of roads, pavements, footpaths and cycleways",Always,All use this,11,0.5
38320,37,floor maintenance services,Always,All use this,11,0.5
38320,37,street cleaning services,Always,All use this,11,0.5
38320,37,materials extraction,Always,All use this,11,0.5
38320,37,"installation, maintenance and repair of computer hardware",Always,All use this,11,0.5
38320,37,"painting, decorating and cleaning services",Always,All use this,10,0.455
38320,37,dismantling services,Always,Most use this,3,0.136
38320,37,maintenance and repair of aircraft,Sometimes,Some use this,2,0.091
38320,37,airplane maintenance,Sometimes,Some use this,2,0.091
38320,37,aircraft repair or maintenance,Sometimes,Some use this,2,0.091
38320,37,maintenance of aircraft,Sometimes,Some use this,2,0.091
38320,37,repair and maintenance of aeroplanes,Sometimes,Some use this,2,0.091
38320,37,aeroplane maintenance,Sometimes,Some use this,2,0.091
38320,37,maintenance and repair of aeroplanes,Sometimes,Some use this,2,0.091
38320,37,aircraft maintenance or repair,Sometimes,Some use this,2,0.091
38320,39,transport,Always,Most use this,6,0.273
38320,39,waste storage,Always,Most use this,5,0.227
38320,39,consultancy and advisory services relating thereto.,Always,Most use this,5,0.227
38320,39,storage of waste,Always,Most use this,5,0.227
38320,39,transportation logistics,Always,Most use this,5,0.227
38320,39,collection of commercial waste,Always,Most use this,4,0.182
38320,39,transportation of waste to disposal sites,Always,Most use this,4,0.182
38320,39,transportation of waste,Always,Most use this,4,0.182
38320,39,waste removal,Always,Most use this,4,0.182
38320,39,waste disposal [transporation],Always,Most use this,4,0.182
38320,39,hazardous waste transport services,Always,Most use this,3,0.136
38320,39,waste transport,Always,Most use this,3,0.136
38320,39,waste collection,Always,Most use this,3,0.136
38320,39,transport and storage,Always,Most use this,3,0.136
38320,39,transportation and storage,Always,Most use this,3,0.136
38320,39,rental of pallets and containers for storage of goods,Always,Most use this,3,0.136
38320,39,transport and storage of goods,Always,Most use this,3,0.136
38320,39,collection of waste skips,Always,Most use this,3,0.136
38320,39,storage of contaminated waste,Always,Most use this,3,0.136
38320,39,storage,Always,Most use this,3,0.136
38320,39,removal of waste,Always,Most use this,3,0.136
38320,39,clearance [removal and transportation] of liquid waste,Always,Most use this,3,0.136
38320,39,collection of scrap and waste,Always,Most use this,3,0.136
38320,39,bulk storage,Always,Most use this,3,0.136
38320,39,transport and storage of waste,Always,Most use this,3,0.136
38320,6,metals,Always,All use this,7,0.412
38320,6,common metals and their alloys,Always,All use this,7,0.412
38320,6,zinc,Always,All use this,6,0.353
38320,6,copper ingots,Always,All use this,6,0.353
38320,6,copper powder,Always,All use this,6,0.353
38320,6,ferrous metals,Always,All use this,6,0.353
38320,6,"copper wire, not insulated",Always,Most use this,5,0.294
38320,6,lead ingots,Always,Most use this,5,0.294
38320,6,"ironmongery, small items of metal hardware",Always,Most use this,5,0.294
38320,6,materials of metal for railway tracks,Always,Most use this,5,0.294
38320,6,non-ferrous metals and their alloys,Always,Most use this,5,0.294
38320,6,stainless steel,Always,Most use this,5,0.294
38320,6,steel,Always,Most use this,5,0.294
38320,6,non-electric cables and wires of common metal,Always,Most use this,5,0.294
38320,6,metal building materials,Always,Most use this,5,0.294
38320,6,aluminium,Always,Most use this,5,0.294
38320,6,stainless steels,Always,Most use this,5,0.294
38320,6,unwrought and partly wrought common metals.,Always,Most use this,5,0.294
38320,6,ores,Always,Most use this,5,0.294
38320,6,aluminium ingots,Always,Most use this,5,0.294
38320,6,pipes and tubes of metal,Always,Most use this,5,0.294
38320,6,ingots of common metal,Always,Most use this,5,0.294
38320,6,metal buildings,Always,Most use this,3,0.176
38320,6,portable buildings and structures principally of metal,Always,Most use this,3,0.176
38320,6,modular portable buildings and structures of metal,Always,Most use this,3,0.176
35140,35,compilation of information into computer databases,Always,All use this,19,0.302
35140,35,price comparison services,Always,Most use this,18,0.286
35140,35,business administration,Always,Most use this,17,0.27
35140,35,provision of on-line price comparison services,Always,Most use this,15,0.238
35140,35,price analysis services,Always,Most use this,15,0.238
35140,35,business information services,Always,Most use this,15,0.238
35140,35,information and advisory services relating to the aforesaid services.,Always,Most use this,15,0.238
35140,35,business management,Always,Most use this,15,0.238
35140,35,"marketing, advertising, promotional and publicity services",Always,Most use this,15,0.238
35140,35,energy price comparison services,Always,Most use this,13,0.206
35140,35,procurement of contracts concerning energy supply,Always,Most use this,12,0.19
35140,35,utility meter reading for billing purposes,Sometimes,Some use this,7,0.111
35140,35,billing services in the field of energy,Sometimes,Some use this,7,0.111
35140,35,"organisation, operation and supervision of incentive and loyalty schemes",Sometimes,Some use this,5,0.079
35140,35,retail and wholesale services connected with the sale of electricity,Sometimes,Some use this,5,0.079
35140,35,"information, consultancy and advisory services relating to all of the aforesaid.",Sometimes,Some use this,4,0.063
35140,35,commercial estimations of energy consumption,Sometimes,Some use this,4,0.063
35140,35,"buying of electricity, gas",Sometimes,Some use this,4,0.063
35140,35,business consultancy services,Sometimes,Some use this,4,0.063
35140,35,"cost price analysis in the field of energy production, distribution and storage",Sometimes,Some use this,4,0.063
35140,35,commercial estimations in the field of gas and electricity,Sometimes,Some use this,4,0.063
35140,35,auctioneering of gas and electricity,Sometimes,Some use this,4,0.063
35140,35,economic forecasting,Sometimes,Some use this,4,0.063
35140,35,database management,Sometimes,Some use this,4,0.063
35140,35,import-export agencies in the field of energy supply,Sometimes,Some use this,4,0.063
35140,42,development of energy and power management systems,Always,Most use this,13,0.289
35140,42,energy auditing,Always,Most use this,11,0.244
35140,42,programming of energy management software,Always,Most use this,9,0.2
35140,42,energy efficiency management and consultancy,Always,Most use this,7,0.156
35140,42,technical evaluation and estimate services concerning energy consumption,Always,Most use this,7,0.156
35140,42,research in the field of energy and renewable energy,Always,Most use this,7,0.156
35140,42,design and development of energy management software,Always,Most use this,7,0.156
35140,42,preparation of reports on energy consumption of buildings,Always,Most use this,7,0.156
35140,42,safety checking of appliances and pipework,Always,Most use this,7,0.156
35140,42,organisation of energy efficiency projects,Always,Most use this,7,0.156
35140,42,energy auditing services,Always,Most use this,7,0.156
35140,42,auditing energy consumption of buildings,Always,Most use this,7,0.156
35140,42,energy conservation management,Always,Most use this,7,0.156
35140,42,research in the field of energy,Always,Most use this,6,0.133
35140,42,consultancy in the field of energy-saving,Always,Most use this,6,0.133
35140,42,providing technical advice relating to energy-saving measures,Always,Most use this,6,0.133
35140,42,technological analysis relating to energy and power needs of others,Always,Most use this,6,0.133
35140,42,engineering,Sometimes,Some use this,5,0.111
35140,42,monitoring of electric battery systems for storing and supplying electricity,Sometimes,Some use this,5,0.111
35140,42,engineering services relating to energy supply systems,Sometimes,Some use this,5,0.111
35140,42,engineering services,Sometimes,Some use this,5,0.111
35140,42,design and development of computer software,Sometimes,Some use this,4,0.089
35140,42,rental of meters for the recording of energy consumption,Sometimes,Some use this,4,0.089
35140,42,auditing of the efficiency of operation of appliances,Sometimes,Some use this,4,0.089
35140,42,energy monitoring services,Sometimes,Some use this,4,0.089
35140,9,solar batteries,Always,Most use this,12,0.279
35140,9,solar energy collectors for electricity generation,Always,Most use this,10,0.233
35140,9,smart meters,Always,Most use this,10,0.233
35140,9,energy regulators,Always,Most use this,9,0.209
35140,9,solar panels for the production of electricity,Always,Most use this,9,0.209
35140,9,charging stations for electric vehicles,Always,Most use this,8,0.186
35140,9,downloadable electronic publications,Always,Most use this,6,0.14
35140,9,photovoltaic solar modules,Always,Most use this,6,0.14
35140,9,rechargeable cells,Always,Most use this,6,0.14
35140,9,solar modules,Always,Most use this,6,0.14
35140,9,solar panels,Always,Most use this,6,0.14
35140,9,solar battery chargers,Always,Most use this,6,0.14
35140,9,battery chargers,Always,Most use this,6,0.14
35140,9,electricity meters,Sometimes,Some use this,5,0.116
35140,9,photovoltaic apparatus for converting solar radiation to electrical energy,Sometimes,Some use this,5,0.116
35140,9,computer software platforms,Sometimes,Some use this,5,0.116
35140,9,batteries,Sometimes,Some use this,5,0.116
35140,9,energy control devices,Sometimes,Some use this,5,0.116
35140,9,"materials for electricity mains [wires, cables]",Sometimes,Some use this,5,0.116
35140,9,metering apparatus,Sometimes,Some use this,5,0.116
35140,9,solar cells for electricity generation,Sometimes,Some use this,5,0.116
35140,9,solar cells,Sometimes,Some use this,5,0.116
35140,9,solar panels for production of electricity,Sometimes,Some use this,5,0.116
35140,9,battery charging devices for motor vehicles,Sometimes,Some use this,5,0.116
35140,9,solar batteries for industrial use,Sometimes,Some use this,5,0.116
35140,36,insurance services,Always,All use this,20,0.465
35140,36,financial services,Always,All use this,20,0.465
35140,36,information and advisory services relating to the aforesaid services.,Always,All use this,13,0.302
35140,36,consultancy concerning financing of energy projects,Always,Most use this,10,0.233
35140,36,energy brokerage services,Always,Most use this,6,0.14
35140,36,investment services,Always,Most use this,6,0.14
35140,36,brokerage services,Sometimes,Some use this,5,0.116
35140,36,bill payment services,Sometimes,Some use this,5,0.116
35140,36,financing services,Sometimes,Some use this,5,0.116
35140,36,financial trading of cryptocurrency,Sometimes,Some use this,5,0.116
35140,36,financial services in the field of new energies and renewable energy,Sometimes,Some use this,4,0.093
35140,36,financial grant services,Sometimes,Some use this,4,0.093
35140,36,financial information and advice relating to the control of energy consumption,Sometimes,Some use this,4,0.093
35140,36,bill consolidation services,Sometimes,Some use this,4,0.093
35140,36,financial information services in the field of energy,Sometimes,Some use this,4,0.093
35140,36,"information, advisory and consultancy services relating to all the aforesaid.",Sometimes,Some use this,3,0.07
35140,36,real estate management,Sometimes,Some use this,3,0.07
35140,36,financial consultancy in the energy and power sectors,Sometimes,Some use this,3,0.07
35140,36,financial affairs,Sometimes,Some use this,3,0.07
35140,36,"
financial services in the field of energy trading",Sometimes,Some use this,3,0.07
35140,36,financial services for the payment of utilities bills,Sometimes,Some use this,3,0.07
35140,36,monetary affairs,Sometimes,Some use this,3,0.07
35140,36,financing of projects,Sometimes,Some use this,3,0.07
35140,36,insurance,Sometimes,Some use this,3,0.07
35140,36,"information, consultancy and advisory services relating to all of the aforesaid.",Sometimes,Some use this,3,0.07
35140,39,storage of energy and fuels,Always,All use this,12,0.343
35140,39,energy distribution,Always,All use this,11,0.314
35140,39,power supply and distribution,Always,All use this,11,0.314
35140,39,supply of electricity,Always,All use this,11,0.314
35140,39,electricity supply services,Always,Most use this,10,0.286
35140,39,distribution of renewable energy,Always,Most use this,9,0.257
35140,39,distribution of energy,Always,Most use this,9,0.257
35140,39,electricity storage,Always,Most use this,7,0.2
35140,39,distribution and supply of renewable energy,Always,Most use this,7,0.2
35140,39,"storage, distribution, transportation and delivery of gas and gaseous fuels",Always,Most use this,6,0.171
35140,39,distribution of electricity,Always,Most use this,6,0.171
35140,39,distribution of gas,Always,Most use this,5,0.143
35140,39,distribution and supply of energy,Sometimes,Some use this,4,0.114
35140,39,distribution and supply of water,Sometimes,Some use this,4,0.114
35140,39,distribution and supply of gas,Sometimes,Some use this,4,0.114
35140,39,"distribution, transportation and delivery of power, electricity and gas",Sometimes,Some use this,4,0.114
35140,39,electricity supply and distribution,Sometimes,Some use this,4,0.114
35140,39,storage of energy.,Sometimes,Some use this,4,0.114
35140,39,gas supplying [distribution],Sometimes,Some use this,4,0.114
35140,39,"storage, distribution and supply of electricity",Sometimes,Some use this,4,0.114
35140,39,supply of gas,Sometimes,Some use this,4,0.114
35140,39,"information, consultancy and advisory services relating to all of the aforesaid.",Sometimes,Some use this,4,0.114
35140,39,storage of gas,Sometimes,Some use this,4,0.114
35140,39,distribution and supply of electricity to charging points for electric vehicles,Sometimes,Some use this,4,0.114
35140,39,distribution and supply of electricity,Sometimes,Some use this,4,0.114
35140,37,charging of electric vehicles,Always,All use this,9,0.3
35140,37,recharging services for electric vehicles,Always,Most use this,7,0.233
35140,37,construction services,Always,Most use this,7,0.233
35140,37,electrical installation services,Always,Most use this,6,0.2
35140,37,vehicle battery charging,Always,Most use this,6,0.2
35140,37,maintenance and repair of charging points and stations,Always,Most use this,5,0.167
35140,37,installation of charging points and stations,Always,Most use this,5,0.167
35140,37,construction of utility solar installations,Always,Most use this,5,0.167
35140,37,"installation, maintenance and repair of photovoltaic panels",Always,Most use this,4,0.133
35140,37,"installation, maintenance and repair of energy supply apparatus and instruments",Always,Most use this,4,0.133
35140,37,"installation, maintenance and repair of energy-saving apparatus and instruments",Always,Most use this,4,0.133
35140,37,"installation, maintenance and repair of energy storage apparatus and instruments",Always,Most use this,4,0.133
35140,37,"installation, maintenance and repair of wind turbines",Always,Most use this,4,0.133
35140,37,electrical wiring services,Always,Most use this,4,0.133
35140,37,installation of non-residential solar panel power systems,Sometimes,Some use this,3,0.1
35140,37,insulation services,Sometimes,Some use this,3,0.1
35140,37,electric appliance installation and repair,Sometimes,Some use this,3,0.1
35140,37,maintenance and repair of solar power installations,Sometimes,Some use this,3,0.1
35140,37,electrical contractor services,Sometimes,Some use this,3,0.1
35140,37,building services,Sometimes,Some use this,3,0.1
35140,37,emergency servicing of apparatus for supplying electricity,Sometimes,Some use this,3,0.1
35140,37,"information, advisory and consultancy services relating to all the aforesaid.",Sometimes,Some use this,3,0.1
35140,37,inspection of machinery and mechanical equipment prior to repair and maintenance,Sometimes,Some use this,3,0.1
35140,37,construction,Sometimes,Some use this,2,0.067
35140,37,battery charging service for motor vehicles,Sometimes,Some use this,2,0.067
35140,4,electrical energy from renewable sources,Always,All use this,17,0.607
35140,4,electrical energy,Always,All use this,15,0.536
35140,4,electricity,Always,All use this,13,0.464
35140,4,electrical energy from solar power,Always,All use this,12,0.429
35140,4,fuels,Always,All use this,10,0.357
35140,4,natural gas,Always,Most use this,8,0.286
35140,4,fuel gas,Always,Most use this,7,0.25
35140,4,gas and gaseous fuels,Always,Most use this,7,0.25
35140,4,electrical energy from non-renewable sources,Always,Most use this,7,0.25
35140,4,electrical energy from wind power,Always,Most use this,7,0.25
35140,4,industrial oils and greases,Always,Most use this,5,0.179
35140,4,fossil fuel,Always,Most use this,4,0.143
35140,4,fuel derived from waste and residue of organic materials,Always,Most use this,4,0.143
35140,4,butane fuel,Always,Most use this,4,0.143
35140,4,wood chips for use as fuel,Always,Most use this,4,0.143
35140,4,oil-gas,Always,Most use this,4,0.143
35140,4,gas and oil fuels,Always,Most use this,4,0.143
35140,4,biomass fuel,Always,Most use this,4,0.143
35140,4,fuels based on renewal raw materials.,Always,Most use this,4,0.143
35140,4,solidified-gases [fuel],Always,Most use this,4,0.143
35140,4,electrical energy from renewable sources.,Always,Most use this,4,0.143
35140,4,hydrogen fuel,Always,Most use this,4,0.143
35140,4,peat fuel,Always,Most use this,4,0.143
35140,4,ethanol (fuel),Always,Most use this,4,0.143
35140,4,mineral fuel,Always,Most use this,4,0.143
35140,40,generation of energy,Always,All use this,12,0.462
35140,40,production of energy,Always,All use this,10,0.385
35140,40,production of renewable green energy,Always,Most use this,7,0.269
35140,40,generation of electricity from solar energy,Always,Most use this,7,0.269
35140,40,processing and refinement of fuel materials,Always,Most use this,7,0.269
35140,40,generation of electricity,Always,Most use this,6,0.231
35140,40,energy production,Always,Most use this,6,0.231
35140,40,production of energy by power plants,Always,Most use this,6,0.231
35140,40,generation of energy from renewable sources,Always,Most use this,6,0.231
35140,40,generation of electricity from wave energy,Always,Most use this,5,0.192
35140,40,energy (production of -),Always,Most use this,5,0.192
35140,40,generation of electricity from wind energy,Always,Most use this,5,0.192
35140,40,generation of power,Always,Most use this,4,0.154
35140,40,production and treatment of natural gas and oil,Always,Most use this,4,0.154
35140,40,production of gas and oil,Always,Most use this,4,0.154
35140,40,"information, advisory and consultancy services relating to all the aforesaid.",Always,Most use this,4,0.154
35140,40,processing and refinement of gas and oil,Always,Most use this,4,0.154
35140,40,production of electrical energy from renewable sources,Always,Most use this,4,0.154
35140,40,conversion of by-products from cooling towers into an energy supply,Always,Most use this,4,0.154
35140,40,electricity generating,Sometimes,Some use this,3,0.115
35140,40,power and energy generation,Sometimes,Some use this,3,0.115
35140,40,production of energy by nuclear power plants,Sometimes,Some use this,3,0.115
35140,40,"consultancy services relating to the generation of electricity, gas and water",Sometimes,Some use this,3,0.115
35140,40,recycling of waste,Sometimes,Some use this,3,0.115
35140,40,production of energy.,Sometimes,Some use this,3,0.115
43220,37,plumbing services,Always,Most use this,65,0.265
43220,37,installation of plumbing,Always,Most use this,61,0.249
43220,37,plumbing,Always,Most use this,59,0.241
43220,37,plumbing and gas and water installation,Always,Most use this,58,0.237
43220,37,"plumbing installation, maintenance and repair",Always,Most use this,57,0.233
43220,37,maintenance of plumbing,Always,Most use this,55,0.224
43220,37,installation of plumbing systems,Always,Most use this,49,0.2
43220,37,heating equipment installation and repair,Always,Most use this,49,0.2
43220,37,heating contractor services,Always,Most use this,48,0.196
43220,37,renovation of plumbing,Always,Most use this,45,0.184
43220,37,installation and repair of heating equipment,Always,Most use this,41,0.167
43220,37,boiler repair services,Always,Most use this,40,0.163
43220,37,electrical installation services,Always,Most use this,40,0.163
43220,37,installation of central heating,Always,Most use this,35,0.143
43220,37,installation of solar heating systems,Always,Most use this,34,0.139
43220,37,maintenance and repair of heating installations,Always,Most use this,33,0.135
43220,37,boiler cleaning services,Always,Most use this,33,0.135
43220,37,maintenance and repair of solar heating installations,Always,Most use this,33,0.135
43220,37,central heating installation,Always,Most use this,33,0.135
43220,37,repair or maintenance of gas water heaters,Always,Most use this,33,0.135
43220,37,maintenance and repair of gas and electricity installations,Always,Most use this,31,0.127
43220,37,installation of heating and cooling apparatus,Always,Most use this,31,0.127
43220,37,electrical contractor services,Always,Most use this,31,0.127
43220,37,electrical wiring services,Always,Most use this,30,0.122
43220,37,plumbing repair advisory services,Always,Most use this,30,0.122
43220,11,"hvac systems (heating, ventilation and air conditioning)",Always,Most use this,43,0.277
43220,11,heat pumps,Always,Most use this,39,0.252
43220,11,radiators [heating],Always,Most use this,38,0.245
43220,11,heating boilers,Always,Most use this,38,0.245
43220,11,boilers for use in heating systems,Always,Most use this,37,0.239
43220,11,water heating installations,Always,Most use this,36,0.232
43220,11,heating installations,Always,Most use this,36,0.232
43220,11,gas boilers for water heating,Always,Most use this,35,0.226
43220,11,central heating boilers,Always,Most use this,34,0.219
43220,11,gas boilers for central heating,Always,Most use this,34,0.219
43220,11,heating installations [water],Always,Most use this,34,0.219
43220,11,boilers for heating installations,Always,Most use this,34,0.219
43220,11,central heating radiators,Always,Most use this,31,0.2
43220,11,pipes for heating boilers,Always,Most use this,31,0.2
43220,11,boilers for central heating installations,Always,Most use this,30,0.194
43220,11,appliances for heating,Always,Most use this,30,0.194
43220,11,air conditioning installations,Always,Most use this,29,0.187
43220,11,underfloor heating installations,Always,Most use this,29,0.187
43220,11,heating installations for gas,Always,Most use this,29,0.187
43220,11,electric central heating boiler systems,Always,Most use this,28,0.181
43220,11,solar heating installations,Always,Most use this,28,0.181
43220,11,installations for heating,Always,Most use this,28,0.181
43220,11,boilers,Always,Most use this,28,0.181
43220,11,cylinders for the heating of water,Always,Most use this,28,0.181
43220,11,hot water heating installations,Always,Most use this,27,0.174
43220,42,energy auditing,Sometimes,Some use this,8,0.094
43220,42,building inspection services [surveying],Sometimes,Some use this,8,0.094
43220,42,engineering services in the field of energy technology,Sometimes,Some use this,7,0.082
43220,42,design and development of energy management software,Sometimes,Some use this,7,0.082
43220,42,technical engineering,Sometimes,Some use this,7,0.082
43220,42,advisory services relating to energy efficiency,Sometimes,Some use this,7,0.082
43220,42,design and development of computer hardware and software,Sometimes,Some use this,6,0.071
43220,42,construction drafting,Sometimes,Some use this,6,0.071
43220,42,development of energy and power management systems,Sometimes,Some use this,6,0.071
43220,42,electrical engineering services,Sometimes,Some use this,6,0.071
43220,42,consultancy in the field of energy-saving,Sometimes,Some use this,6,0.071
43220,42,kitchen design services,Sometimes,Some use this,6,0.071
43220,42,kitchen design,Sometimes,Some use this,6,0.071
43220,42,energy auditing.,Sometimes,Some use this,6,0.071
43220,42,engineering work,Sometimes,Some use this,6,0.071
43220,42,certification services for the energy efficiency of buildings,Sometimes,Some use this,6,0.071
43220,42,engineering services,Sometimes,Some use this,6,0.071
43220,42,design and development of energy distribution networks,Sometimes,Some use this,6,0.071
43220,42,programming of energy management software,Sometimes,Some use this,5,0.059
43220,42,quality audits,Sometimes,Some use this,5,0.059
43220,42,computer software design,Sometimes,Some use this,5,0.059
43220,42,software engineering,Sometimes,Some use this,5,0.059
43220,42,software as a service [saas],Sometimes,Some use this,5,0.059
43220,42,design of heating.,Sometimes,Some use this,5,0.059
43220,42,quality control and authentication services,Sometimes,Some use this,5,0.059
43220,9,solar panels,Always,Most use this,20,0.274
43220,9,photovoltaic solar modules,Always,Most use this,18,0.247
43220,9,photovoltaic apparatus and installations for generating solar electricity,Always,Most use this,13,0.178
43220,9,solar batteries,Always,Most use this,12,0.164
43220,9,solar batteries for domestic use,Always,Most use this,11,0.151
43220,9,solar panels for electricity generation,Always,Most use this,11,0.151
43220,9,solar panels for the production of electricity,Always,Most use this,10,0.137
43220,9,solar modules,Always,Most use this,9,0.123
43220,9,solar panels for production of electricity,Sometimes,Some use this,8,0.11
43220,9,electrical storage batteries,Sometimes,Some use this,8,0.11
43220,9,solar panel arrays,Sometimes,Some use this,8,0.11
43220,9,electric storage batteries,Sometimes,Some use this,7,0.096
43220,9,solar energy collectors for electricity generation,Sometimes,Some use this,7,0.096
43220,9,inverters used in solar power generation,Sometimes,Some use this,7,0.096
43220,9,downloadable software,Sometimes,Some use this,6,0.082
43220,9,photovoltaic modules,Sometimes,Some use this,6,0.082
43220,9,photovoltaic inverters,Sometimes,Some use this,6,0.082
43220,9,photovoltaic apparatus for converting solar radiation to electrical energy,Sometimes,Some use this,6,0.082
43220,9,software,Sometimes,Some use this,6,0.082
43220,9,solar battery chargers,Sometimes,Some use this,5,0.068
43220,9,solar cell panels,Sometimes,Some use this,5,0.068
43220,9,software for management of tradespeople and tradesperson’s businesses,Sometimes,Some use this,5,0.068
43220,9,solar cells for electricity generation,Sometimes,Some use this,5,0.068
43220,9,photovoltaic cells,Sometimes,Some use this,5,0.068
43220,9,computer software in the distribution of energy,Sometimes,Some use this,5,0.068
43220,35,advertising,Always,Most use this,13,0.224
43220,35,business management,Always,Most use this,8,0.138
43220,35,advertising services,Always,Most use this,7,0.121
43220,35,marketing studies,Sometimes,Some use this,6,0.103
43220,35,business administration,Sometimes,Some use this,6,0.103
43220,35,marketing,Sometimes,Some use this,6,0.103
43220,35,opinion polling,Sometimes,Some use this,6,0.103
43220,35,price comparison services,Sometimes,Some use this,5,0.086
43220,35,commercial information and advice for consumers,Sometimes,Some use this,5,0.086
43220,35,cost price analysis,Sometimes,Some use this,5,0.086
43220,35,classified advertising,Sometimes,Some use this,5,0.086
43220,35,ordering services for third parties,Sometimes,Some use this,5,0.086
43220,35,on-line advertising on a computer network,Sometimes,Some use this,5,0.086
43220,35,providing assistance in the management of franchised businesses,Sometimes,Some use this,5,0.086
43220,35,advisory services relating to the operation of franchises,Sometimes,Some use this,5,0.086
43220,35,compilation of statistics,Sometimes,Some use this,5,0.086
43220,35,sales promotion for others,Sometimes,Some use this,5,0.086
43220,35,information and advisory services in relation to all the aforesaid.,Sometimes,Some use this,4,0.069
43220,35,online advertising services,Sometimes,Some use this,4,0.069
43220,35,services with regard to product presentation to the public,Sometimes,Some use this,4,0.069
43220,35,advertising services provided on the internet,Sometimes,Some use this,4,0.069
43220,35,compilation of business directories,Sometimes,Some use this,4,0.069
43220,35,online advertising,Sometimes,Some use this,4,0.069
43220,35,advertising and marketing,Sometimes,Some use this,4,0.069
43220,35,banner advertising,Sometimes,Some use this,4,0.069
43220,20,bathroom furniture,Always,All use this,7,0.35
43220,20,bathroom cabinets,Always,All use this,6,0.3
43220,20,furniture for bathrooms,Always,All use this,6,0.3
43220,20,plastic components for boxes (containers),Always,Most use this,5,0.25
43220,20,bathroom mirrors,Always,Most use this,5,0.25
43220,20,furniture for washrooms,Always,Most use this,5,0.25
43220,20,panels of plastics being parts of storage boxes (containers),Always,Most use this,5,0.25
43220,20,bathroom vanities,Always,Most use this,4,0.2
43220,20,dividers for plastic boxes,Always,Most use this,4,0.2
43220,20,mirrors [furniture],Always,Most use this,4,0.2
43220,20,toilet cabinets,Always,Most use this,4,0.2
43220,20,bathroom stools,Always,Most use this,4,0.2
43220,20,bathroom cupboards,Always,Most use this,4,0.2
43220,20,bathroom vanities [furniture],Always,Most use this,4,0.2
43220,20,portable boxes (containers) of plastic,Always,Most use this,4,0.2
43220,20,bathroom fittings in the nature of furniture,Always,Most use this,4,0.2
43220,20,parts and fittings for all the aforesaid goods,Always,Most use this,4,0.2
43220,20,plastic boxes,Always,Most use this,4,0.2
43220,20,bathroom vanity units incorporating basins,Always,Most use this,4,0.2
43220,20,fitted kitchen furniture,Always,Most use this,3,0.15
43220,20,make-up mirrors for the home,Always,Most use this,3,0.15
43220,20,dividers for tool boxes,Always,Most use this,3,0.15
43220,20,inserts (trays) for tool boxes,Always,Most use this,3,0.15
43220,20,towel closets [furniture],Sometimes,Some use this,2,0.1
43220,20,mirrors (hand-held -) [toilet mirrors],Sometimes,Some use this,2,0.1
43220,40,production of electrical power from renewable sources,Always,All use this,8,0.421
43220,40,generation of energy,Always,All use this,8,0.421
43220,40,energy production,Always,All use this,7,0.368
43220,40,production of renewable green energy,Always,All use this,7,0.368
43220,40,custom manufacture of energy control and storage devices,Always,Most use this,4,0.211
43220,40,generation of electricity from solar energy,Always,Most use this,4,0.211
43220,40,production of electrical energy from renewable sources,Always,Most use this,4,0.211
43220,40,"information, advice and consultancy services relating to all the aforesaid.",Always,Most use this,4,0.211
43220,40,production of energy,Always,Most use this,3,0.158
43220,40,leasing of energy generating equipment,Always,Most use this,3,0.158
43220,40,generation of electricity from wind energy,Always,Most use this,3,0.158
43220,40,rental of heating installations,Sometimes,Some use this,2,0.105
43220,40,generation of electricity from geothermal energy,Sometimes,Some use this,2,0.105
43220,40,air and water conditioning and purification,Sometimes,Some use this,2,0.105
43220,40,rental of heating apparatus,Sometimes,Some use this,2,0.105
43220,40,electricity generating,Sometimes,Some use this,2,0.105
43220,40,production of green energy,Sometimes,Some use this,2,0.105
43220,40,rental of heating boilers,Sometimes,Some use this,2,0.105
43220,40,rental of boilers,Sometimes,Some use this,1,0.053
43220,40,recycling and reclamation of materials for energy production,Sometimes,Some use this,1,0.053
43220,40,recycling of insulating gases from air conditioning plant.,Sometimes,Some use this,1,0.053
43220,40,air freshening,Sometimes,Some use this,1,0.053
43220,40,air treatment,Sometimes,Some use this,1,0.053
43220,40,water purification,Sometimes,Some use this,1,0.053
43220,40,generation of electricity from wave energy,Sometimes,Some use this,1,0.053
43220,41,education,Always,Most use this,5,0.263
43220,41,entertainment,Always,Most use this,5,0.263
43220,41,sporting and cultural activities,Always,Most use this,4,0.211
43220,41,information relating to education and entertainment services,Always,Most use this,4,0.211
43220,41,providing of training,Always,Most use this,4,0.211
43220,41,publication of electronic books and journals on-line,Always,Most use this,4,0.211
43220,41,providing on-line electronic publications,Always,Most use this,4,0.211
43220,41,provision of information relating to training,Always,Most use this,4,0.211
43220,41,provision of electronic publications (not downloadable),Always,Most use this,4,0.211
43220,41,technical training relating to fire risk,Always,Most use this,3,0.158
43220,41,consultancy services relating to engineering training,Always,Most use this,3,0.158
43220,41,training of specialists in the plumbing industry.,Sometimes,Some use this,2,0.105
43220,41,mentoring schemes for technical apprenticeships.,Sometimes,Some use this,2,0.105
43220,41,training consultancy.,Sometimes,Some use this,2,0.105
43220,41,education services relating to communication skills,Sometimes,Some use this,1,0.053
43220,41,training in the use of construction machinery,Sometimes,Some use this,1,0.053
43220,41,services in the production of animated motion pictures and television features,Sometimes,Some use this,1,0.053
43220,41,providing continuing medical education courses,Sometimes,Some use this,1,0.053
43220,41,"coaching, training and education services in relation to corrective exercise",Sometimes,Some use this,1,0.053
43220,41,special effects animation services for film and video,Sometimes,Some use this,1,0.053
43220,41,online coaching,Sometimes,Some use this,1,0.053
43220,41,education services relating to road safety,Sometimes,Some use this,1,0.053
43220,41,sound engineering services for events.,Sometimes,Some use this,1,0.053
43220,41,animated musical entertainment services,Sometimes,Some use this,1,0.053
43220,41,"coaching, training and education services in relation to pain management.",Sometimes,Some use this,1,0.053
43320,37,building construction,Always,Most use this,19,0.244
43320,37,construction,Always,Most use this,18,0.231
43320,37,building construction and repair,Always,Most use this,15,0.192
43320,37,residential construction,Always,Most use this,15,0.192
43320,37,building and construction services,Always,Most use this,14,0.179
43320,37,building construction services,Always,Most use this,11,0.141
43320,37,construction services,Always,Most use this,11,0.141
43320,37,construction of buildings,Always,Most use this,11,0.141
43320,37,custom building construction,Always,Most use this,10,0.128
43320,37,carpentry,Always,Most use this,10,0.128
43320,37,carpentry services,Always,Most use this,10,0.128
43320,37,"building, construction and demolition",Always,Most use this,10,0.128
43320,37,commercial construction,Sometimes,Some use this,9,0.115
43320,37,installation of shelving,Sometimes,Some use this,9,0.115
43320,37,joinery services [repair of woodwork],Sometimes,Some use this,9,0.115
43320,37,joinery [repair],Sometimes,Some use this,9,0.115
43320,37,construction of staircases of wood,Sometimes,Some use this,9,0.115
43320,37,insulation construction,Sometimes,Some use this,9,0.115
43320,37,residential and commercial building construction,Sometimes,Some use this,8,0.103
43320,37,carpentry contractor services,Sometimes,Some use this,8,0.103
43320,37,construction of property,Sometimes,Some use this,8,0.103
43320,37,supervision of building construction,Sometimes,Some use this,8,0.103
43320,37,construction of kitchens,Sometimes,Some use this,8,0.103
43320,37,buildings (construction of -),Sometimes,Some use this,8,0.103
43320,37,supervision (building construction -),Sometimes,Some use this,8,0.103
43320,20,kitchen furniture,Always,Most use this,8,0.205
43320,20,fitted furniture,Always,Most use this,7,0.179
43320,20,cupboards being furniture,Always,Most use this,7,0.179
43320,20,panelling for furniture,Always,Most use this,6,0.154
43320,20,bedroom furniture,Always,Most use this,6,0.154
43320,20,furniture doors,Always,Most use this,6,0.154
43320,20,wooden shelving [furniture],Always,Most use this,6,0.154
43320,20,consignment shelving [furniture],Always,Most use this,5,0.128
43320,20,prefabricated shelves [furniture],Always,Most use this,5,0.128
43320,20,desks,Always,Most use this,5,0.128
43320,20,fitted bedroom furniture,Always,Most use this,5,0.128
43320,20,racks [furniture],Always,Most use this,5,0.128
43320,20,furniture shelves,Always,Most use this,5,0.128
43320,20,cupboards,Always,Most use this,5,0.128
43320,20,furniture,Always,Most use this,5,0.128
43320,20,stationery cabinets [furniture],Always,Most use this,5,0.128
43320,20,drawers for furniture,Always,Most use this,5,0.128
43320,20,racking [furniture],Always,Most use this,5,0.128
43320,20,cupboards fitted with mirrors,Sometimes,Some use this,4,0.103
43320,20,modular shelving [furniture],Sometimes,Some use this,4,0.103
43320,20,dressers [furniture],Sometimes,Some use this,4,0.103
43320,20,chairs,Sometimes,Some use this,4,0.103
43320,20,office furniture,Sometimes,Some use this,4,0.103
43320,20,prefabricated doors of wood for furniture,Sometimes,Some use this,4,0.103
43320,20,cabinets,Sometimes,Some use this,4,0.103
43320,19,joinery products of timber for use in buildings,Always,Most use this,8,0.258
43320,19,timber panels,Always,Most use this,6,0.194
43320,19,glass for windows,Always,Most use this,6,0.194
43320,19,glass windows,Always,Most use this,5,0.161
43320,19,wooden doors,Always,Most use this,5,0.161
43320,19,timber mouldings,Always,Most use this,5,0.161
43320,19,"doors, gates, windows and window coverings, not of metal",Always,Most use this,5,0.161
43320,19,wood panelling,Always,Most use this,5,0.161
43320,19,construction timber,Always,Most use this,5,0.161
43320,19,glass elements for windows,Always,Most use this,5,0.161
43320,19,building materials of wood,Always,Most use this,4,0.129
43320,19,glass panels for windows,Always,Most use this,4,0.129
43320,19,glass panels for doors,Always,Most use this,4,0.129
43320,19,glass doors,Always,Most use this,4,0.129
43320,19,"window glass, for building",Always,Most use this,4,0.129
43320,19,planks of wood for building,Always,Most use this,4,0.129
43320,19,wood for building,Always,Most use this,4,0.129
43320,19,wooden decking boards,Always,Most use this,4,0.129
43320,19,sawn timber,Always,Most use this,4,0.129
43320,19,non-metallic wall panels,Always,Most use this,4,0.129
43320,19,"door panels, not of metal",Always,Most use this,4,0.129
43320,19,window glass for building,Always,Most use this,4,0.129
43320,19,stained glass windows,Always,Most use this,4,0.129
43320,19,planks [wood for building],Always,Most use this,4,0.129
43320,19,window glass,Always,Most use this,4,0.129
43320,42,design of furniture,Always,All use this,9,0.409
43320,42,furniture design,Always,Most use this,6,0.273
43320,42,design services for furniture,Always,Most use this,6,0.273
43320,42,furnishing design services for the interiors of buildings,Always,Most use this,5,0.227
43320,42,design services for the construction industry,Always,Most use this,5,0.227
43320,42,design services for building interiors,Always,Most use this,4,0.182
43320,42,office furniture design,Always,Most use this,4,0.182
43320,42,consultancy relating to selection of furnishing fabrics [interior design],Always,Most use this,3,0.136
43320,42,shop interior design,Always,Most use this,3,0.136
43320,42,design services relating to interior decorating for offices,Always,Most use this,3,0.136
43320,42,design services relating to shop displays,Always,Most use this,3,0.136
43320,42,interior design services for the retail industry,Always,Most use this,3,0.136
43320,42,design of shopfitting systems,Always,Most use this,3,0.136
43320,42,interior design services for shops,Always,Most use this,3,0.136
43320,42,services for the design of business premises.,Always,Most use this,3,0.136
43320,42,design of interior decor for shops,Always,Most use this,3,0.136
43320,42,design of storage systems.,Always,Most use this,3,0.136
43320,42,planning and design of retail premises,Always,Most use this,3,0.136
43320,42,design services relating to shop interiors,Always,Most use this,3,0.136
43320,42,retail design services,Always,Most use this,3,0.136
43320,42,shopfitting design consultancy services,Always,Most use this,3,0.136
43320,42,design services for display systems for exhibition,Always,Most use this,3,0.136
43320,42,architectural services for the design of retail premises,Always,Most use this,3,0.136
43320,42,design of business premises,Always,Most use this,3,0.136
43320,42,design of kitchens,Always,Most use this,3,0.136
43320,40,joinery [custom manufacture],Always,All use this,10,0.476
43320,40,joinery services [custom manufacturing of woodwork],Always,All use this,9,0.429
43320,40,moulding of furniture,Always,Most use this,6,0.286
43320,40,woodworking,Always,Most use this,4,0.19
43320,40,cabinet-making (custom manufacture),Always,Most use this,4,0.19
43320,40,custom manufacture of furniture,Always,Most use this,3,0.143
43320,40,sawing of timber,Always,Most use this,3,0.143
43320,40,contract moulding services.,Always,Most use this,3,0.143
43320,40,joinery services [custom manufacturing of woodwork].,Always,Most use this,3,0.143
43320,40,wood-working,Always,Most use this,3,0.143
43320,40,loft ladder design.,Sometimes,Some use this,2,0.095
43320,40,manufacture of furniture to order and specification of others,Sometimes,Some use this,2,0.095
43320,40,staircase design,Sometimes,Some use this,2,0.095
43320,40,joinery [custom manufacture].,Sometimes,Some use this,2,0.095
43320,40,custom manufacture of drapery,Sometimes,Some use this,1,0.048
43320,40,metal fabrication and finishing services,Sometimes,Some use this,1,0.048
43320,40,manufacture of furniture to order and to specification of others,Sometimes,Some use this,1,0.048
43320,40,recycling services.,Sometimes,Some use this,1,0.048
43320,40,custom manufacture of sculptures,Sometimes,Some use this,1,0.048
43320,40,custom fabrication of steel construction elements,Sometimes,Some use this,1,0.048
43320,40,custom assembly of materials for third parties,Sometimes,Some use this,1,0.048
43320,40,planing of timber.,Sometimes,Some use this,1,0.048
43320,40,under stair storage design,Sometimes,Some use this,1,0.048
43320,40,custom manufacture of prefabricated construction elements,Sometimes,Some use this,1,0.048
43320,40,tailoring [custom manufacture],Sometimes,Some use this,1,0.048
43320,6,glazed doors of metal,Always,Most use this,4,0.235
43320,6,aluminium patio doors,Always,Most use this,4,0.235
43320,6,skylight windows (metal -) for use in buildings,Always,Most use this,4,0.235
43320,6,metal joinery fittings,Always,Most use this,4,0.235
43320,6,ironwork for windows,Always,Most use this,4,0.235
43320,6,aluminium doors,Always,Most use this,4,0.235
43320,6,aluminium windows,Always,Most use this,4,0.235
43320,6,patio doors of metal,Always,Most use this,4,0.235
43320,6,"doors, gates, windows and window coverings of metal",Always,Most use this,4,0.235
43320,6,patio doors (metal framed -),Always,Most use this,4,0.235
43320,6,aluminium residential doors,Always,Most use this,3,0.176
43320,6,external metal shutters for windows,Always,Most use this,3,0.176
43320,6,skylights [windows] of metal for use in buildings,Always,Most use this,3,0.176
43320,6,ironmongery,Always,Most use this,3,0.176
43320,6,doors and windows of metal,Always,Most use this,3,0.176
43320,6,architectural metalwork for use in building,Always,Most use this,3,0.176
43320,6,metal sash windows,Always,Most use this,3,0.176
43320,6,hinges for doors and windows (metal -),Always,Most use this,3,0.176
43320,6,fitted windows (metal -),Always,Most use this,3,0.176
43320,6,windows of metal,Always,Most use this,3,0.176
43320,6,metallic frames for sliding doors,Always,Most use this,3,0.176
43320,6,cladding of metal for windows,Always,Most use this,3,0.176
43320,6,metal patio doors,Always,Most use this,3,0.176
43320,6,casement windows of metal,Always,Most use this,3,0.176
43320,6,roof windows of metal,Always,Most use this,3,0.176
43320,35,business management,Always,All use this,3,0.3
43320,35,advertising,Always,All use this,3,0.3
43320,35,office functions,Always,Most use this,2,0.2
43320,35,data management,Always,Most use this,2,0.2
43320,35,data processing,Always,Most use this,2,0.2
43320,35,marketing,Always,Most use this,2,0.2
43320,35,business administration,Always,Most use this,2,0.2
43320,35,hire of advertising equipment,Sometimes,Some use this,1,0.1
43320,35,recruitment services,Sometimes,Some use this,1,0.1
43320,35,"data collection, data management, data processing, data retrieval",Sometimes,Some use this,1,0.1
43320,35,computerised data verification,Sometimes,Some use this,1,0.1
43320,35,hire of office equipment,Sometimes,Some use this,1,0.1
43320,35,outsourcing services in the nature of arranging service contracts for others,Sometimes,Some use this,1,0.1
43320,35,procurement of goods and services,Sometimes,Some use this,1,0.1
43320,35,database management,Sometimes,Some use this,1,0.1
43320,35,career advisory services (other than education and training advice),Sometimes,Some use this,1,0.1
43320,35,retail services relating to jewelry,Sometimes,Some use this,1,0.1
43320,35,business and commercial information,Sometimes,Some use this,1,0.1
43320,35,retail services in relation to construction equipment,Sometimes,Some use this,1,0.1
43320,35,"information, advisory and consultancy services relating to all the aforesaid.",Sometimes,Some use this,1,0.1
43320,35,procurement of contracts and contactors for others,Sometimes,Some use this,1,0.1
43320,35,data processing for businesses,Sometimes,Some use this,1,0.1
43320,35,business management of retail outlets,Sometimes,Some use this,1,0.1
43320,35,trade show and exhibition services,Sometimes,Some use this,1,0.1
43320,35,employment of contractors and/or consultants,Sometimes,Some use this,1,0.1
32500,10,medical apparatus and instruments,Always,Most use this,52,0.158
32500,10,medical devices,Always,Most use this,51,0.155
32500,10,medical instruments,Sometimes,Some use this,31,0.094
32500,10,surgical apparatus and instruments,Sometimes,Some use this,27,0.082
32500,10,diagnostic apparatus for medical purposes,Sometimes,Some use this,21,0.064
32500,10,medical apparatus and devices,Sometimes,Some use this,21,0.064
32500,10,medical devices.,Sometimes,Some use this,20,0.061
32500,10,suture materials,Sometimes,Some use this,19,0.058
32500,10,parts and fittings for the aforesaid goods.,Sometimes,Some use this,19,0.058
32500,10,medical and veterinary apparatus and instruments,Sometimes,Some use this,17,0.052
32500,10,medical diagnostic instruments,Sometimes,Some use this,16,0.049
32500,10,measuring devices for medical use,Sometimes,Some use this,16,0.049
32500,10,dental prostheses,Sometimes,Some use this,15,0.046
32500,10,medical implants,Sometimes,Some use this,15,0.046
32500,10,medical diagnostic apparatus for medical purposes,Sometimes,Some use this,15,0.046
32500,10,dental apparatus and instruments,Sometimes,Some use this,15,0.046
32500,10,surgical apparatus and instruments for medical use,Sometimes,Some use this,15,0.046
32500,10,medical stretchers,Sometimes,Some use this,14,0.043
32500,10,ambulance stretchers,Sometimes,Some use this,14,0.043
32500,10,patient positioning tools,Sometimes,Some use this,14,0.043
32500,10,orthopedic cushions,Sometimes,A few have this,13,0.04
32500,10,wheeled trolleys adapted for use as walking aids,Sometimes,A few have this,13,0.04
32500,10,patient safety restraints,Sometimes,A few have this,13,0.04
32500,10,dental implants,Sometimes,A few have this,12,0.036
32500,10,surgical instruments,Sometimes,A few have this,12,0.036
32500,9,parts and fittings for the aforesaid goods.,Always,Most use this,28,0.19
32500,9,safety apparatus [for the prevention of accident or injury],Always,Most use this,27,0.184
32500,9,rescue kits comprising of mechanical life saving apparatus,Always,Most use this,27,0.184
32500,9,emergency life saving apparatus and equipment,Always,Most use this,27,0.184
32500,9,mechanical life-saving apparatus for emergency situations,Always,Most use this,27,0.184
32500,9,emergency chutes [life saving apparatus],Always,Most use this,27,0.184
32500,9,emergency rescue apparatus,Always,Most use this,27,0.184
32500,9,"life-saving apparatus, equipment and instruments",Always,Most use this,27,0.184
32500,9,mechanical life-saving apparatus,Always,Most use this,27,0.184
32500,9,protective and safety equipment,Always,Most use this,26,0.177
32500,9,computer software,Sometimes,Some use this,17,0.116
32500,9,evacuation chairs,Sometimes,Some use this,10,0.068
32500,9,computer application software for mobile phones,Sometimes,Some use this,9,0.061
32500,9,mobile application software,Sometimes,Some use this,8,0.054
32500,9,interactive software,Sometimes,Some use this,8,0.054
32500,9,downloadable software as a medical device [samd],Sometimes,Some use this,8,0.054
32500,9,application software,Sometimes,Some use this,8,0.054
32500,9,sunglasses,Sometimes,Some use this,8,0.054
32500,9,evacuation chairs in the form of aisle chairs,Sometimes,Some use this,8,0.054
32500,9,smartphone software,Sometimes,Some use this,8,0.054
32500,9,virtual reality software,Sometimes,Some use this,8,0.054
32500,9,downloadable software for medical instruments and apparatus,Sometimes,Some use this,7,0.048
32500,9,mobile application software for use with medical instruments and apparatus,Sometimes,Some use this,7,0.048
32500,9,medical training simulators.,Sometimes,Some use this,7,0.048
32500,9,spectacles,Sometimes,Some use this,7,0.048
32500,5,nutritional supplements,Always,Most use this,19,0.167
32500,5,vitamin preparations,Sometimes,Some use this,11,0.096
32500,5,pharmaceuticals,Sometimes,Some use this,11,0.096
32500,5,dietary supplements,Sometimes,Some use this,10,0.088
32500,5,food supplements,Sometimes,Some use this,9,0.079
32500,5,nutraceuticals for use as a dietary supplement,Sometimes,Some use this,8,0.07
32500,5,mineral dietary supplements,Sometimes,Some use this,8,0.07
32500,5,nasal spray for the treatment of allergies,Sometimes,Some use this,8,0.07
32500,5,cod liver oil,Sometimes,Some use this,8,0.07
32500,5,nasal sprays for medical purposes,Sometimes,Some use this,8,0.07
32500,5,medicated mouth spray,Sometimes,Some use this,8,0.07
32500,5,dental abrasives,Sometimes,Some use this,8,0.07
32500,5,decongestant nasal sprays,Sometimes,Some use this,8,0.07
32500,5,dietetic substances adapted for medical use,Sometimes,Some use this,8,0.07
32500,5,protein dietary supplements,Sometimes,Some use this,7,0.061
32500,5,health food supplements made principally of minerals,Sometimes,Some use this,7,0.061
32500,5,anti-oxidant food supplements,Sometimes,Some use this,7,0.061
32500,5,food for babies,Sometimes,Some use this,7,0.061
32500,5,vitamin supplement patches,Sometimes,Some use this,7,0.061
32500,5,dietary and nutritional supplements,Sometimes,Some use this,7,0.061
32500,5,medicines for human purposes,Sometimes,Some use this,7,0.061
32500,5,medicated nasal spray preparations,Sometimes,Some use this,7,0.061
32500,5,skin patches for the transdermal delivery of pharmaceuticals,Sometimes,Some use this,7,0.061
32500,5,vitamin supplements,Sometimes,Some use this,7,0.061
32500,5,wound dressings,Sometimes,Some use this,7,0.061
32500,44,medical and healthcare services,Always,Most use this,19,0.184
32500,44,dental services,Always,Most use this,19,0.184
32500,44,medical services,Always,Most use this,18,0.175
32500,44,medical treatment services,Always,Most use this,18,0.175
32500,44,medical diagnostic services,Always,Most use this,17,0.165
32500,44,dental clinic services,Always,Most use this,17,0.165
32500,44,medical care,Always,Most use this,16,0.155
32500,44,healthcare services,Always,Most use this,13,0.126
32500,44,providing medical information in the healthcare sector,Sometimes,Some use this,12,0.117
32500,44,dental consultations,Sometimes,Some use this,12,0.117
32500,44,human healthcare services,Sometimes,Some use this,12,0.117
32500,44,medical imaging services,Sometimes,Some use this,12,0.117
32500,44,dental hygienist services,Sometimes,Some use this,12,0.117
32500,44,medical equipment rental,Sometimes,Some use this,11,0.107
32500,44,mobile dental care services,Sometimes,Some use this,10,0.097
32500,44,medical counselling,Sometimes,Some use this,10,0.097
32500,44,remote monitoring of medical data for medical diagnosis and treatment,Sometimes,Some use this,10,0.097
32500,44,orthodontic services,Sometimes,Some use this,10,0.097
32500,44,health clinic services [medical],Sometimes,Some use this,10,0.097
32500,44,healthcare information services,Sometimes,Some use this,10,0.097
32500,44,teeth whitening services,Sometimes,Some use this,10,0.097
32500,44,medical screening,Sometimes,Some use this,10,0.097
32500,44,rental of medical machines and apparatus,Sometimes,Some use this,10,0.097
32500,44,medical and healthcare clinics,Sometimes,Some use this,10,0.097
32500,44,medical tele-reporting [medical services],Sometimes,Some use this,10,0.097
32500,42,design and development of software for medical devices,Always,Most use this,14,0.194
32500,42,medical research services,Always,Most use this,11,0.153
32500,42,design and development of medical technology,Always,Most use this,9,0.125
32500,42,medical laboratory services,Sometimes,Some use this,8,0.111
32500,42,design of software for medical instruments and apparatus,Sometimes,Some use this,7,0.097
32500,42,design of medical apparatus,Sometimes,Some use this,7,0.097
32500,42,design of software as a service [saas] for medical instruments and apparatus,Sometimes,Some use this,7,0.097
32500,42,design of software as a service [saas] for medical devices,Sometimes,Some use this,7,0.097
32500,42,medical and pharmacological research services,Sometimes,Some use this,7,0.097
32500,42,software as a service,Sometimes,Some use this,7,0.097
32500,42,providing medical research information,Sometimes,Some use this,7,0.097
32500,42,scientific research services for medical purposes,Sometimes,Some use this,7,0.097
32500,42,design of software as a service [saas] for wearable monitors,Sometimes,Some use this,7,0.097
32500,42,design of software for wearable monitors,Sometimes,Some use this,7,0.097
32500,42,design of medical devices,Sometimes,Some use this,7,0.097
32500,42,research and development in the field of healthcare and medicine,Sometimes,Some use this,7,0.097
32500,42,design of medical apparatus and devices used in the treatment of venous disease,Sometimes,Some use this,7,0.097
32500,42,provision of online software,Sometimes,Some use this,5,0.069
32500,42,advisory services relating to computer software,Sometimes,Some use this,5,0.069
32500,42,information technology services for the healthcare and pharmaceutical industries,Sometimes,Some use this,5,0.069
32500,42,updating of software for data processing,Sometimes,Some use this,5,0.069
32500,42,computer software design and development,Sometimes,Some use this,5,0.069
32500,42,"creating, maintaining and updating computer software",Sometimes,Some use this,5,0.069
32500,42,design and development of computer hardware and software,Sometimes,Some use this,4,0.056
32500,42,software as a service for medical teaching and training,Sometimes,Some use this,3,0.042
32500,35,compilation of statistical data relating to medical research,Sometimes,Some use this,7,0.104
32500,35,statistical analysis and reporting.,Sometimes,Some use this,5,0.075
32500,35,data processing services in the field of healthcare,Sometimes,Some use this,5,0.075
32500,35,online retail services relating to cosmetics,Sometimes,Some use this,4,0.06
32500,35,wholesale services in connection to the sale of medical devices,Sometimes,Some use this,4,0.06
32500,35,retail services in connection to the sale of medical devices,Sometimes,Some use this,4,0.06
32500,35,advertising,Sometimes,Some use this,4,0.06
32500,35,retail services in relation to toiletries,Sometimes,Some use this,4,0.06
32500,35,consultancy services,Sometimes,Some use this,3,0.045
32500,35,online ordering services,Sometimes,Some use this,3,0.045
32500,35,online retail services relating to clothing,Sometimes,Some use this,3,0.045
32500,35,online retail services for downloadable and pre-recorded music and movies,Sometimes,Some use this,3,0.045
32500,35,online advertising on a computer network,Sometimes,Some use this,3,0.045
32500,35,"marketing research in the fields of cosmetics, perfumery and beauty products",Sometimes,Some use this,3,0.045
32500,35,"information, advisory and consultancy services relating to the aforesaid.",Sometimes,Some use this,3,0.045
32500,35,online retail services for downloadable digital music,Sometimes,Some use this,3,0.045
32500,35,online retail store services relating to cosmetic and beauty products,Sometimes,Some use this,3,0.045
32500,35,online retail store services relating to clothing,Sometimes,Some use this,3,0.045
32500,35,retail services in relation to lubricants,Sometimes,A few have this,2,0.03
32500,35,retail services in relation to fragrancing preparations,Sometimes,A few have this,2,0.03
32500,35,arranging promotion of charitable fundraising events,Sometimes,A few have this,2,0.03
32500,35,systemisation of information into computer databases.,Sometimes,A few have this,2,0.03
32500,35,online retail store services in relation to clothing,Sometimes,A few have this,2,0.03
32500,35,financial records management,Sometimes,A few have this,2,0.03
32500,35,computerized management of medical records and files,Sometimes,A few have this,2,0.03
32500,3,bleaching preparations,Always,Most use this,10,0.208
32500,3,preparations for cleaning dentures,Always,Most use this,9,0.188
32500,3,toothpaste,Always,Most use this,9,0.188
32500,3,dental polish,Always,Most use this,8,0.167
32500,3,essential oils,Always,Most use this,8,0.167
32500,3,make-up removing preparations,Always,Most use this,8,0.167
32500,3,skin whitening preparations,Always,Most use this,8,0.167
32500,3,dental bleaching gels,Always,Most use this,8,0.167
32500,3,"skin, eye and nail care preparations",Always,Most use this,7,0.146
32500,3,cosmetics,Always,Most use this,7,0.146
32500,3,cosmetic creams,Always,Most use this,7,0.146
32500,3,body cleaning and beauty care preparations,Always,Most use this,7,0.146
32500,3,cosmetics and cosmetic preparations,Always,Most use this,7,0.146
32500,3,"pastes, powders and whiteners, all for the teeth and dentures",Always,Most use this,6,0.125
32500,3,air fragrance preparations,Always,Most use this,6,0.125
32500,3,skin care and body care preparations and substances,Always,Most use this,6,0.125
32500,3,"emollients, including aloe vera",Always,Most use this,6,0.125
32500,3,"acne cleansers, cosmetic",Always,Most use this,6,0.125
32500,3,cosmetic skin fresheners,Always,Most use this,6,0.125
32500,3,hydrating creams for cosmetic use,Always,Most use this,6,0.125
32500,3,teeth whitening preparations and substances,Always,Most use this,6,0.125
32500,3,toilet preparations,Always,Most use this,6,0.125
32500,3,skin cleansers [cosmetic],Always,Most use this,6,0.125
32500,3,ointments for cosmetic use,Always,Most use this,6,0.125
32500,3,"cosmetics, including cosmetic dental products",Always,Most use this,6,0.125
32500,41,teaching in the field of healthcare and medicine,Always,Most use this,7,0.189
32500,41,provision of training courses in the field of healthcare and medicine,Always,Most use this,7,0.189
32500,41,provision of medical education and tuition services,Always,Most use this,7,0.189
32500,41,"information, advisory and consultancy services relating to the aforesaid.",Sometimes,Some use this,4,0.108
32500,41,medical training and teaching,Sometimes,Some use this,4,0.108
32500,41,education,Sometimes,Some use this,4,0.108
32500,41,training,Sometimes,Some use this,4,0.108
32500,41,accreditation [certifying] of educational achievement,Sometimes,Some use this,3,0.081
32500,41,training relating to emergency medical care and life support,Sometimes,Some use this,3,0.081
32500,41,publishing of educational information,Sometimes,Some use this,3,0.081
32500,41,providing non-downloadable educational information,Sometimes,Some use this,3,0.081
32500,41,providing non-downloadable audio content,Sometimes,Some use this,3,0.081
32500,41,providing non-downloadable video content,Sometimes,Some use this,3,0.081
32500,41,providing online training,Sometimes,Some use this,3,0.081
32500,41,providing online games,Sometimes,Some use this,3,0.081
32500,41,setting of educational and training standards,Sometimes,Some use this,3,0.081
32500,41,awarding of educational certificates,Sometimes,Some use this,3,0.081
32500,41,training provided through a simulation structure,Sometimes,Some use this,3,0.081
32500,41,education provided through a simulation structure,Sometimes,Some use this,3,0.081
32500,41,practical training services,Sometimes,Some use this,3,0.081
32500,41,education provided via mobile applications,Sometimes,Some use this,3,0.081
32500,41,publishing of educational and training guides,Sometimes,Some use this,3,0.081
32500,41,training provided via mobile applications,Sometimes,Some use this,3,0.081
32500,41,online education services,Sometimes,Some use this,3,0.081
32500,41,teaching of dental care.,Sometimes,Some use this,3,0.081
43341,37,painting and decorating services,Always,All use this,21,0.438
43341,37,house painting,Always,All use this,19,0.396
43341,37,painting and decorating of buildings,Always,All use this,19,0.396
43341,37,decorative interior house painting services,Always,All use this,18,0.375
43341,37,services for the painting and decorating of buildings,Always,All use this,17,0.354
43341,37,painting,Always,All use this,16,0.333
43341,37,house painting services,Always,All use this,16,0.333
43341,37,"painting, interior and exterior",Always,All use this,15,0.312
43341,37,painting contractor services,Always,Most use this,14,0.292
43341,37,painting of buildings,Always,Most use this,14,0.292
43341,37,decorative painting services,Always,Most use this,14,0.292
43341,37,painting of furniture,Always,Most use this,13,0.271
43341,37,spray painting,Always,Most use this,13,0.271
43341,37,painting and varnishing,Always,Most use this,13,0.271
43341,37,decorating of buildings,Always,Most use this,12,0.25
43341,37,construction,Always,Most use this,12,0.25
43341,37,building construction,Always,Most use this,11,0.229
43341,37,building and construction services,Always,Most use this,10,0.208
43341,37,painting of window frames,Always,Most use this,10,0.208
43341,37,coating [painting] services,Always,Most use this,10,0.208
43341,37,"building, construction and demolition",Always,Most use this,9,0.188
43341,37,painting restoration services,Always,Most use this,9,0.188
43341,37,building construction and repair,Always,Most use this,9,0.188
43341,37,general building construction services,Always,Most use this,9,0.188
43341,37,building construction services,Always,Most use this,9,0.188
43341,25,clothing,Always,All use this,7,0.583
43341,25,headbands for clothing,Always,All use this,6,0.5
43341,25,headbands [clothing],Always,All use this,6,0.5
43341,25,clothing for children,Always,All use this,5,0.417
43341,25,jackets [clothing],Always,All use this,5,0.417
43341,25,silk clothing,Always,All use this,5,0.417
43341,25,muffs [clothing],Always,All use this,5,0.417
43341,25,linen clothing,Always,All use this,5,0.417
43341,25,knitwear [clothing],Always,All use this,5,0.417
43341,25,ready-made clothing,Always,All use this,5,0.417
43341,25,jerseys [clothing],Always,All use this,5,0.417
43341,25,dance clothing,Always,All use this,5,0.417
43341,25,clothing of leather,Always,All use this,5,0.417
43341,25,knitted clothing,Always,All use this,5,0.417
43341,25,layettes [clothing],Always,All use this,5,0.417
43341,25,kerchiefs [clothing],Always,All use this,5,0.417
43341,25,clothing layettes,Always,All use this,5,0.417
43341,25,gloves as clothing,Always,All use this,5,0.417
43341,25,embroidered clothing,Always,All use this,5,0.417
43341,25,drawers [clothing],Always,All use this,5,0.417
43341,25,waterproof clothing,Always,All use this,5,0.417
43341,25,woolen clothing,Always,All use this,5,0.417
43341,25,drawers as clothing,Always,All use this,5,0.417
43341,25,ready-to-wear clothing,Always,All use this,5,0.417
43341,25,gloves [clothing],Always,All use this,5,0.417
43341,9,usb chargers,Always,All use this,7,0.7
43341,9,adapter plugs,Always,All use this,6,0.6
43341,9,adapter connectors (electric -),Always,All use this,6,0.6
43341,9,cable connectors,Always,All use this,6,0.6
43341,9,flash card adapters,Always,All use this,6,0.6
43341,9,electric plug adapters,Always,All use this,6,0.6
43341,9,power adapters,Always,All use this,6,0.6
43341,9,usb cables for cellphones,Always,All use this,6,0.6
43341,9,electric adapter cables,Always,All use this,6,0.6
43341,9,usb chargers adapted for car cigarette lighter sockets,Always,All use this,6,0.6
43341,9,wireless chargers,Always,All use this,6,0.6
43341,9,usb adapters,Always,All use this,6,0.6
43341,9,electrical adapters,Always,All use this,6,0.6
43341,9,plug adaptors,Always,All use this,6,0.6
43341,9,adapter cables (electric -),Always,All use this,6,0.6
43341,9,cable adapters,Always,All use this,6,0.6
43341,9,plug connectors,Always,All use this,6,0.6
43341,9,usb dongles [wireless network adapters],Always,All use this,5,0.5
43341,9,electrical power adaptors,Always,All use this,5,0.5
43341,9,usb wireless routers,Always,All use this,5,0.5
43341,9,power connectors,Always,All use this,5,0.5
43341,9,usb cables,Always,All use this,5,0.5
43341,9,electric adaptors,Always,All use this,5,0.5
43341,9,usb hubs,Always,All use this,5,0.5
43341,9,modem cables,Always,All use this,5,0.5
43341,42,analysis of paints,Always,All use this,3,0.3
43341,42,interior decorating,Always,All use this,3,0.3
43341,42,graphic arts design,Always,Most use this,2,0.2
43341,42,design of stationery,Always,Most use this,2,0.2
43341,42,interior decorating design.,Always,Most use this,2,0.2
43341,42,commercial art design,Always,Most use this,2,0.2
43341,42,fashion design,Always,Most use this,2,0.2
43341,42,art work design,Always,Most use this,2,0.2
43341,42,industrial and graphic art design,Always,Most use this,2,0.2
43341,42,design (graphic arts -),Always,Most use this,2,0.2
43341,42,industrial art design,Always,Most use this,2,0.2
43341,42,graphic art design,Always,Most use this,2,0.2
43341,42,design of artwork,Always,Most use this,2,0.2
43341,42,design consultancy,Sometimes,Some use this,1,0.1
43341,42,industrial design,Sometimes,Some use this,1,0.1
43341,42,design of packaging,Sometimes,Some use this,1,0.1
43341,42,commercial interior design,Sometimes,Some use this,1,0.1
43341,42,design services for art-work,Sometimes,Some use this,1,0.1
43341,42,architectural services for the design of buildings,Sometimes,Some use this,1,0.1
43341,42,design services for architecture,Sometimes,Some use this,1,0.1
43341,42,preparation of plans and drawings for building renovation and refurbishment,Sometimes,Some use this,1,0.1
43341,42,interior decorating design,Sometimes,Some use this,1,0.1
43341,42,architectural design for town planning,Sometimes,Some use this,1,0.1
43341,42,design of curtains,Sometimes,Some use this,1,0.1
43341,42,product design,Sometimes,Some use this,1,0.1
35110,37,installation of solar powered systems,Always,Most use this,20,0.274
35110,37,installation of electricity generators,Always,Most use this,20,0.274
35110,37,charging of electric vehicles,Always,Most use this,14,0.192
35110,37,installation of non-residential solar panel power systems,Always,Most use this,14,0.192
35110,37,installation of residential solar panel power systems,Always,Most use this,13,0.178
35110,37,maintenance and repair of energy generating installations,Always,Most use this,12,0.164
35110,37,building construction supervision,Always,Most use this,11,0.151
35110,37,building project management,Always,Most use this,11,0.151
35110,37,recharging services for electric vehicles,Always,Most use this,10,0.137
35110,37,repair of energy supply installations,Always,Most use this,10,0.137
35110,37,battery charging service for motor vehicles,Always,Most use this,10,0.137
35110,37,installation of energy-saving apparatus,Always,Most use this,9,0.123
35110,37,maintenance and repair of solar power installations,Always,Most use this,9,0.123
35110,37,vehicle battery charging,Always,Most use this,9,0.123
35110,37,advisory and consultancy services relating to all of the aforesaid services.,Sometimes,Some use this,8,0.11
35110,37,"construction, erection, installation, maintenance and repair of wind farms",Sometimes,Some use this,8,0.11
35110,37,civil engineering construction,Sometimes,Some use this,8,0.11
35110,37,construction of wind power plants,Sometimes,Some use this,8,0.11
35110,37,"construction, repair and maintenance of wind turbines and wind farms",Sometimes,Some use this,8,0.11
35110,37,installation and maintenance of solar thermal installations,Sometimes,Some use this,8,0.11
35110,37,construction of power plants,Sometimes,Some use this,8,0.11
35110,37,electrical installation services,Sometimes,Some use this,8,0.11
35110,37,offshore construction,Sometimes,Some use this,8,0.11
35110,37,maintenance of commercial electrical systems,Sometimes,Some use this,8,0.11
35110,37,installation of solar heating systems,Sometimes,Some use this,8,0.11
35110,40,production of energy,Always,All use this,32,0.432
35110,40,energy production,Always,All use this,23,0.311
35110,40,generation of electricity from wind energy,Always,Most use this,16,0.216
35110,40,generation of electricity from solar energy,Always,Most use this,16,0.216
35110,40,production of renewable green energy,Always,Most use this,16,0.216
35110,40,generation of energy,Always,Most use this,15,0.203
35110,40,electricity generation,Always,Most use this,15,0.203
35110,40,generation of electricity,Always,Most use this,14,0.189
35110,40,power generation,Always,Most use this,14,0.189
35110,40,generation of energy from renewable sources,Always,Most use this,13,0.176
35110,40,leasing of energy generating equipment,Always,Most use this,10,0.135
35110,40,production of energy by power plants,Always,Most use this,9,0.122
35110,40,carbon capture services,Sometimes,Some use this,8,0.108
35110,40,generation of electricity and renewable energy,Sometimes,Some use this,8,0.108
35110,40,"information, consultancy and advisory services relating to the above.",Sometimes,Some use this,8,0.108
35110,40,fuel processing,Sometimes,Some use this,8,0.108
35110,40,production of electricity,Sometimes,Some use this,8,0.108
35110,40,recycling services,Sometimes,Some use this,8,0.108
35110,40,production of electrical power from renewable sources.,Sometimes,Some use this,8,0.108
35110,40,services for the treatment of carbon emissions (carbon capture),Sometimes,Some use this,8,0.108
35110,40,generation of energy via wind farms,Sometimes,Some use this,8,0.108
35110,40,fuel refining,Sometimes,Some use this,8,0.108
35110,40,production of electrical energy from renewable sources,Sometimes,Some use this,7,0.095
35110,40,recycling of waste,Sometimes,Some use this,6,0.081
35110,40,clean energy production,Sometimes,Some use this,6,0.081
35110,9,solar panels for electricity generation,Always,All use this,26,0.4
35110,9,photovoltaic apparatus and installations for generating solar electricity,Always,All use this,22,0.338
35110,9,solar batteries,Always,All use this,20,0.308
35110,9,solar energy collectors for electricity generation,Always,Most use this,18,0.277
35110,9,solar-powered rechargeable batteries,Always,Most use this,17,0.262
35110,9,photovoltaic apparatus for converting solar radiation to electrical energy,Always,Most use this,17,0.262
35110,9,solar cells,Always,Most use this,16,0.246
35110,9,solar cells for electricity generation,Always,Most use this,16,0.246
35110,9,solar panels,Always,Most use this,16,0.246
35110,9,parts and fittings for all the aforesaid goods.,Always,Most use this,16,0.246
35110,9,solar batteries for domestic use,Always,Most use this,15,0.231
35110,9,photovoltaic solar modules,Always,Most use this,15,0.231
35110,9,panels for the distribution of electricity,Always,Most use this,15,0.231
35110,9,solar-powered battery chargers,Always,Most use this,14,0.215
35110,9,computer software platforms,Always,Most use this,13,0.2
35110,9,battery charging equipment,Always,Most use this,13,0.2
35110,9,solar panel arrays,Always,Most use this,12,0.185
35110,9,electric batteries for powering electric vehicles,Always,Most use this,12,0.185
35110,9,solar cell panels,Always,Most use this,12,0.185
35110,9,solar batteries for industrial use,Always,Most use this,12,0.185
35110,9,battery charge devices,Always,Most use this,12,0.185
35110,9,solar panels for the production of electricity,Always,Most use this,12,0.185
35110,9,chargers for batteries,Always,Most use this,12,0.185
35110,9,solar modules,Always,Most use this,11,0.169
35110,9,batteries,Always,Most use this,11,0.169
35110,39,distribution of renewable energy,Always,All use this,25,0.385
35110,39,distribution of energy,Always,Most use this,16,0.246
35110,39,storage of electricity,Always,Most use this,16,0.246
35110,39,energy distribution,Always,Most use this,15,0.231
35110,39,electricity storage,Always,Most use this,14,0.215
35110,39,supply of electricity,Always,Most use this,14,0.215
35110,39,electricity distribution services,Always,Most use this,12,0.185
35110,39,providing information relating to the distribution of electricity,Always,Most use this,11,0.169
35110,39,information and advisory services in relation to the distribution of energy,Always,Most use this,10,0.154
35110,39,packaging and storage of goods,Always,Most use this,10,0.154
35110,39,distribution and transmission of electricity,Always,Most use this,9,0.138
35110,39,electricity supply services,Always,Most use this,9,0.138
35110,39,distribution of electricity,Always,Most use this,8,0.123
35110,39,grid energy storage,Always,Most use this,8,0.123
35110,39,large scale energy storage,Always,Most use this,8,0.123
35110,39,transmission of electricity,Always,Most use this,8,0.123
35110,39,large scale battery storage,Always,Most use this,8,0.123
35110,39,"distribution, storage and supply of electricity and renewable energy",Always,Most use this,8,0.123
35110,39,operation of energy and electricity distribution and transmission networks,Always,Most use this,8,0.123
35110,39,storage of energy and fuels,Always,Most use this,8,0.123
35110,39,public utility services in the nature of electricity distribution,Always,Most use this,8,0.123
35110,39,transport,Sometimes,Some use this,7,0.108
35110,39,leasing of vehicles,Sometimes,Some use this,7,0.108
35110,39,carbon storage services,Sometimes,Some use this,7,0.108
35110,39,travel arrangement,Sometimes,Some use this,6,0.092
35110,4,electrical energy,Always,All use this,26,0.464
35110,4,electricity,Always,Most use this,16,0.286
35110,4,electrical energy from solar power,Always,Most use this,15,0.268
35110,4,electrical energy from renewable sources.,Always,Most use this,15,0.268
35110,4,electrical energy from wind power,Always,Most use this,14,0.25
35110,4,electrical energy from renewable sources,Always,Most use this,12,0.214
35110,4,electricity.,Always,Most use this,9,0.161
35110,4,wind generated electricity,Always,Most use this,8,0.143
35110,4,hydrogen fuel,Always,Most use this,8,0.143
35110,4,fuels,Always,Most use this,7,0.125
35110,4,"electrical energy from renewable sources, including wind and solar power.",Sometimes,Some use this,6,0.107
35110,4,hydrocarbon fuels,Sometimes,Some use this,6,0.107
35110,4,synthetic gas [fuel],Sometimes,Some use this,5,0.089
35110,4,fuels generated from household waste,Sometimes,Some use this,5,0.089
35110,4,landfill gas,Sometimes,Some use this,5,0.089
35110,4,renewable fuels for transportation vehicles,Sometimes,Some use this,5,0.089
35110,4,renewable diesel fuels,Sometimes,Some use this,5,0.089
35110,4,fuel gas,Sometimes,Some use this,5,0.089
35110,4,fuels and alternative fuels,Sometimes,Some use this,5,0.089
35110,4,fuel oil,Sometimes,Some use this,5,0.089
35110,4,"sustainable aviation fuel, including renewable jet fuel",Sometimes,Some use this,5,0.089
35110,4,renewable naphtha including renewable gasoline,Sometimes,Some use this,5,0.089
35110,4,natural gas,Sometimes,Some use this,5,0.089
35110,4,solidified gas,Sometimes,Some use this,5,0.089
35110,4,"renewable liquified petroleum gas, including propane and butane",Sometimes,Some use this,5,0.089
35110,42,development of energy and power management systems,Always,All use this,18,0.346
35110,42,advisory services relating to energy efficiency,Always,Most use this,14,0.269
35110,42,design and development of computer hardware and software,Always,Most use this,13,0.25
35110,42,design and development of energy distribution networks,Always,Most use this,12,0.231
35110,42,design and development of energy management software,Always,Most use this,10,0.192
35110,42,electrical engineering services,Always,Most use this,9,0.173
35110,42,planning of renewable energy projects,Always,Most use this,8,0.154
35110,42,civil and specialist engineering services,Always,Most use this,8,0.154
35110,42,safety testing of wind farms,Always,Most use this,8,0.154
35110,42,engineering services relating to energy supply systems,Always,Most use this,8,0.154
35110,42,energy conservation management,Always,Most use this,8,0.154
35110,42,auditing energy consumption of buildings,Always,Most use this,8,0.154
35110,42,building inspection services (surveying),Always,Most use this,8,0.154
35110,42,surveying services,Always,Most use this,8,0.154
35110,42,research of carbon capture and storage,Always,Most use this,8,0.154
35110,42,electrical safety research,Always,Most use this,8,0.154
35110,42,testing for faults and damage in pipes and pipelines,Always,Most use this,8,0.154
35110,42,land and real estate surveying,Always,Most use this,8,0.154
35110,42,"computerised business information, storage and retrieval",Always,Most use this,8,0.154
35110,42,technology analysis,Always,Most use this,8,0.154
35110,42,design and development of software for the energy industry,Always,Most use this,8,0.154
35110,42,testing of cable installations for electric power distribution,Always,Most use this,8,0.154
35110,42,research relating to wind and wind power including onshore wind farms,Always,Most use this,8,0.154
35110,42,"testing, authentication and quality control",Always,Most use this,8,0.154
35110,42,computerised information storage and dissemination and retrieval services,Always,Most use this,8,0.154
35110,7,hydroelectric installations for generating electricity,Always,All use this,14,0.368
35110,7,electricity generators,Always,All use this,13,0.342
35110,7,engines for the generation of electricity,Always,All use this,13,0.342
35110,7,wind turbines,Always,All use this,12,0.316
35110,7,generators,Always,All use this,12,0.316
35110,7,turbines for power generation,Always,Most use this,10,0.263
35110,7,wind powered electricity generators,Always,Most use this,9,0.237
35110,7,engines (except for land vehicles),Always,Most use this,8,0.211
35110,7,generators for wind turbine,Always,Most use this,8,0.211
35110,7,pumps and compressors,Always,Most use this,8,0.211
35110,7,vertical axis wind turbines,Always,Most use this,8,0.211
35110,7,machine motors,Always,Most use this,8,0.211
35110,7,motors for wind turbines,Always,Most use this,8,0.211
35110,7,parts and fittings for all of the aforesaid goods.,Always,Most use this,8,0.211
35110,7,wind power machines and windmills for electricity generation,Always,Most use this,8,0.211
35110,7,power supply apparatus [generators],Always,Most use this,7,0.184
35110,7,wind-powered electricity generators,Always,Most use this,6,0.158
35110,7,"parts, fittings and accessories for the aforesaid.",Always,Most use this,6,0.158
35110,7,solar power generators,Always,Most use this,6,0.158
35110,7,"wind turbines and other wind operated machines, generators",Always,Most use this,6,0.158
35110,7,electric power generators,Always,Most use this,6,0.158
35110,7,electricity generating sets,Always,Most use this,6,0.158
35110,7,electrical generators using solar cells,Always,Most use this,6,0.158
35110,7,generators for wind turbines,Always,Most use this,5,0.132
35110,7,hydroelectric generators,Always,Most use this,5,0.132
35110,35,retail services relating to batteries,Always,All use this,10,0.37
35110,35,organisation of customer loyalty schemes,Always,All use this,10,0.37
35110,35,administration of customer loyalty programmes,Always,All use this,10,0.37
35110,35,advertising,Always,Most use this,6,0.222
35110,35,advertising through the administration of customer loyalty coupons,Always,Most use this,5,0.185
35110,35,"business management, organization and administration",Always,Most use this,5,0.185
35110,35,loyalty scheme services,Always,Most use this,5,0.185
35110,35,"organisation, operation and supervision of sales incentive schemes",Always,Most use this,5,0.185
35110,35,business meeting planning,Always,Most use this,5,0.185
35110,35,office functions,Always,Most use this,5,0.185
35110,35,loyalty card services,Always,Most use this,5,0.185
35110,35,organization and management of commercial operations for customer loyalty,Always,Most use this,5,0.185
35110,35,business office services,Always,Most use this,5,0.185
35110,35,energy price comparison services,Always,Most use this,5,0.185
35110,35,distribution of samples,Always,Most use this,5,0.185
35110,35,sales promotion through the administration of customer loyalty coupons,Always,Most use this,5,0.185
35110,35,"organisation, operation and supervision of loyalty schemes and incentive schemes",Always,Most use this,5,0.185
35110,35,marketing and promotional services,Always,Most use this,5,0.185
35110,35,"loyalty, incentive and bonus program services",Always,Most use this,5,0.185
35110,35,sales promotion for others,Always,Most use this,5,0.185
35110,35,sales promotion through customer loyalty programmes,Always,Most use this,5,0.185
35110,35,"presentation of goods on communication media, for retail purposes",Always,Most use this,5,0.185
35110,35,business management of retail outlets,Always,Most use this,5,0.185
35110,35,commercial information and advice for consumers,Always,Most use this,5,0.185
35110,35,shop window dressing,Always,Most use this,5,0.185
41100,37,building construction,Always,All use this,128,0.386
41100,37,construction of property,Always,Most use this,93,0.28
41100,37,construction,Always,Most use this,91,0.274
41100,37,building construction services,Always,Most use this,89,0.268
41100,37,building and construction services,Always,Most use this,74,0.223
41100,37,construction of buildings,Always,Most use this,74,0.223
41100,37,residential construction,Always,Most use this,66,0.199
41100,37,"building, construction and demolition",Always,Most use this,66,0.199
41100,37,development of land [construction],Always,Most use this,66,0.199
41100,37,property development services [construction],Always,Most use this,62,0.187
41100,37,building construction and repair,Always,Most use this,61,0.184
41100,37,building construction supervision,Always,Most use this,57,0.172
41100,37,construction services,Always,Most use this,56,0.169
41100,37,renovation of property,Always,Most use this,56,0.169
41100,37,construction of houses,Always,Most use this,52,0.157
41100,37,construction of residential properties,Always,Most use this,51,0.154
41100,37,buildings (construction of -),Always,Most use this,51,0.154
41100,37,building construction supervision services for building projects,Always,Most use this,51,0.154
41100,37,custom building construction,Always,Most use this,49,0.148
41100,37,commercial construction,Always,Most use this,49,0.148
41100,37,building construction consultancy,Always,Most use this,47,0.142
41100,37,residential and commercial building construction,Always,Most use this,46,0.139
41100,37,building construction and demolition services,Always,Most use this,45,0.136
41100,37,supervision of building construction,Always,Most use this,44,0.133
41100,37,property maintenance,Always,Most use this,42,0.127
41100,35,advertising,Sometimes,Some use this,24,0.11
41100,35,office functions,Sometimes,Some use this,23,0.106
41100,35,advertising of commercial or residential real estate,Sometimes,Some use this,21,0.096
41100,35,real estate marketing,Sometimes,Some use this,18,0.083
41100,35,business management,Sometimes,Some use this,17,0.078
41100,35,business administration,Sometimes,Some use this,16,0.073
41100,35,public relations,Sometimes,Some use this,16,0.073
41100,35,real estate auctions,Sometimes,Some use this,15,0.069
41100,35,real estate marketing analysis,Sometimes,Some use this,15,0.069
41100,35,business consultancy,Sometimes,Some use this,13,0.06
41100,35,business project management,Sometimes,Some use this,12,0.055
41100,35,business project management services for construction projects,Sometimes,Some use this,11,0.05
41100,35,business management services,Sometimes,Some use this,11,0.05
41100,35,"business assistance, management and administrative services",Sometimes,Some use this,10,0.046
41100,35,advertising services,Sometimes,Some use this,10,0.046
41100,35,business consultancy services,Sometimes,Some use this,10,0.046
41100,35,hotels (business management of -).,Sometimes,Some use this,9,0.041
41100,35,business consultancy and advisory services,Sometimes,Some use this,9,0.041
41100,35,business advisory and consultancy services,Sometimes,Some use this,9,0.041
41100,35,property marketing services,Sometimes,Some use this,9,0.041
41100,35,business acquisitions,Sometimes,Some use this,9,0.041
41100,35,accounting,Sometimes,Some use this,9,0.041
41100,35,advertising services relating to the sale of personal property,Sometimes,Some use this,9,0.041
41100,35,business project management services,Sometimes,A few have this,8,0.037
41100,35,advertising services relating to real property.,Sometimes,A few have this,8,0.037
41100,36,real estate management,Always,Most use this,61,0.295
41100,36,property management,Always,Most use this,59,0.285
41100,36,real estate and property management services,Always,Most use this,55,0.266
41100,36,property portfolio management,Always,Most use this,54,0.261
41100,36,real estate services,Always,Most use this,53,0.256
41100,36,financing of property development,Always,Most use this,50,0.242
41100,36,rental of real estate and property,Always,Most use this,49,0.237
41100,36,property management services,Always,Most use this,46,0.222
41100,36,real estate property management,Always,Most use this,44,0.213
41100,36,rental of property,Always,Most use this,43,0.208
41100,36,management of property,Always,Most use this,42,0.203
41100,36,property (real estate -) management,Always,Most use this,42,0.203
41100,36,leasing of property,Always,Most use this,41,0.198
41100,36,real property management,Always,Most use this,39,0.188
41100,36,property leasing [real estate property only],Always,Most use this,38,0.184
41100,36,providing real estate information relating to property and land,Always,Most use this,37,0.179
41100,36,property (real estate -) investment,Always,Most use this,35,0.169
41100,36,agency services for the leasing of real estate property,Always,Most use this,34,0.164
41100,36,rental of real estate,Always,Most use this,33,0.159
41100,36,real estate management services relating to residential buildings,Always,Most use this,33,0.159
41100,36,leasing of real estate property,Always,Most use this,32,0.155
41100,36,real estate affairs,Always,Most use this,32,0.155
41100,36,real estate services related to management of property investments,Always,Most use this,30,0.145
41100,36,financial services relating to real estate property and buildings,Always,Most use this,29,0.14
41100,36,leasing of freehold property,Always,Most use this,29,0.14
41100,42,construction design,Always,Most use this,32,0.167
41100,42,architectural project management,Always,Most use this,31,0.161
41100,42,architectural services relating to land development,Always,Most use this,26,0.135
41100,42,architectural services,Always,Most use this,26,0.135
41100,42,development of construction projects,Always,Most use this,24,0.125
41100,42,building design services,Always,Most use this,24,0.125
41100,42,architectural services for the design of commercial buildings,Sometimes,Some use this,23,0.12
41100,42,architectural design services,Sometimes,Some use this,23,0.12
41100,42,architectural planning services,Sometimes,Some use this,23,0.12
41100,42,design of buildings,Sometimes,Some use this,23,0.12
41100,42,architectural services for the design of buildings,Sometimes,Some use this,22,0.115
41100,42,architectural and urban planning services,Sometimes,Some use this,22,0.115
41100,42,design services relating to residential property,Sometimes,Some use this,21,0.109
41100,42,architectural design for interior decoration,Sometimes,Some use this,21,0.109
41100,42,construction drafting,Sometimes,Some use this,21,0.109
41100,42,interior design services,Sometimes,Some use this,21,0.109
41100,42,design of building interiors,Sometimes,Some use this,21,0.109
41100,42,architectural design for exterior decoration,Sometimes,Some use this,20,0.104
41100,42,development of land (architectural services relating to the -),Sometimes,Some use this,20,0.104
41100,42,land development (architectural services relating to -),Sometimes,Some use this,20,0.104
41100,42,architectural design,Sometimes,Some use this,20,0.104
41100,42,architectural services for the design of industrial buildings,Sometimes,Some use this,20,0.104
41100,42,architecture,Sometimes,Some use this,20,0.104
41100,42,interior and exterior design services,Sometimes,Some use this,19,0.099
41100,42,architectural services relating to the development of land,Sometimes,Some use this,19,0.099
41100,43,restaurant services,Always,All use this,37,0.346
41100,43,hotel accommodation services,Always,Most use this,25,0.234
41100,43,hospitality services [accommodation],Always,Most use this,25,0.234
41100,43,hotel services,Always,Most use this,23,0.215
41100,43,providing hotel accommodation,Always,Most use this,23,0.215
41100,43,hotel restaurant services,Always,Most use this,23,0.215
41100,43,hotel room booking services,Always,Most use this,22,0.206
41100,43,reservation of hotel accommodation,Always,Most use this,21,0.196
41100,43,hotel reservations,Always,Most use this,21,0.196
41100,43,hotel accommodation reservation services,Always,Most use this,20,0.187
41100,43,bar and restaurant services,Always,Most use this,20,0.187
41100,43,booking of hotel accommodation,Always,Most use this,20,0.187
41100,43,bar services,Always,Most use this,20,0.187
41100,43,restaurant and bar services,Always,Most use this,20,0.187
41100,43,booking of hotel rooms for travellers,Always,Most use this,19,0.178
41100,43,restaurant reservation services,Always,Most use this,19,0.178
41100,43,hospitality services [food and drink],Always,Most use this,19,0.178
41100,43,hotel reservation services,Always,Most use this,19,0.178
41100,43,providing accommodation in hotels and motels,Always,Most use this,18,0.168
41100,43,"hotels, hostels and boarding houses, holiday and tourist accommodation",Always,Most use this,18,0.168
41100,43,food and drink catering,Always,Most use this,17,0.159
41100,43,arranging hotel accommodation,Always,Most use this,17,0.159
41100,43,providing room reservation and hotel reservation services,Always,Most use this,17,0.159
41100,43,hotel catering services,Always,Most use this,17,0.159
41100,43,reservation of restaurants,Always,Most use this,17,0.159
41100,41,entertainment services,Always,Most use this,23,0.271
41100,41,education,Always,Most use this,23,0.271
41100,41,sporting and cultural activities,Always,Most use this,17,0.2
41100,41,provision of training,Always,Most use this,14,0.165
41100,41,sports club services,Always,Most use this,13,0.153
41100,41,provision of leisure facilities,Always,Most use this,11,0.129
41100,41,health and fitness club services,Sometimes,Some use this,10,0.118
41100,41,hospitality services (entertainment),Sometimes,Some use this,9,0.106
41100,41,leisure services,Sometimes,Some use this,9,0.106
41100,41,entertainment,Sometimes,Some use this,9,0.106
41100,41,conference services,Sometimes,Some use this,9,0.106
41100,41,golf driving range services,Sometimes,Some use this,9,0.106
41100,41,provision of sporting club facilities,Sometimes,Some use this,8,0.094
41100,41,corporate hospitality (entertainment),Sometimes,Some use this,8,0.094
41100,41,provision of facilities for sports,Sometimes,Some use this,7,0.082
41100,41,provision of village hall facilities,Sometimes,Some use this,7,0.082
41100,41,providing gardens and outdoor space for public admission,Sometimes,Some use this,7,0.082
41100,41,"provision of lido, swimming pool and water sports facilities",Sometimes,Some use this,7,0.082
41100,41,providing cinema facilities,Sometimes,Some use this,7,0.082
41100,41,casinos,Sometimes,Some use this,7,0.082
41100,41,provision of club entertainment services,Sometimes,Some use this,7,0.082
41100,41,operation of gyms,Sometimes,Some use this,7,0.082
41100,41,golf courses,Sometimes,Some use this,7,0.082
41100,41,operation of lidos and swimming pools,Sometimes,Some use this,7,0.082
41100,41,provision of fitness and gym facilities,Sometimes,Some use this,7,0.082
41100,9,computer software,Always,Most use this,16,0.219
41100,9,software,Always,Most use this,12,0.164
41100,9,computer software platforms,Always,Most use this,9,0.123
41100,9,electronic publications,Always,Most use this,9,0.123
41100,9,computer hardware,Always,Most use this,9,0.123
41100,9,databases,Sometimes,Some use this,7,0.096
41100,9,computer software applications,Sometimes,Some use this,6,0.082
41100,9,computers,Sometimes,Some use this,6,0.082
41100,9,railway traffic safety apparatus,Sometimes,Some use this,6,0.082
41100,9,downloadable computer software,Sometimes,Some use this,6,0.082
41100,9,flashing safety lights,Sometimes,Some use this,6,0.082
41100,9,downloadable electronic competitions,Sometimes,Some use this,5,0.068
41100,9,computer application software for playing computer games,Sometimes,Some use this,5,0.068
41100,9,optical apparatus and instruments,Sometimes,Some use this,5,0.068
41100,9,virtual reality games software,Sometimes,Some use this,5,0.068
41100,9,computer software for controlling railway apparatus and instruments,Sometimes,Some use this,5,0.068
41100,9,data cables,Sometimes,Some use this,5,0.068
41100,9,computer application software for rail travel,Sometimes,Some use this,5,0.068
41100,9,entertainment software,Sometimes,Some use this,5,0.068
41100,9,application software,Sometimes,Some use this,5,0.068
41100,9,magnetic luminous signage,Sometimes,Some use this,5,0.068
41100,9,portable audio and video players/recorders,Sometimes,Some use this,5,0.068
41100,9,fridge magnets,Sometimes,Some use this,5,0.068
41100,9,mobile telephones,Sometimes,Some use this,5,0.068
41100,9,"compact discs, dvds, interactive dvds",Sometimes,Some use this,5,0.068
41100,19,"building panels, not of metal",Always,Most use this,12,0.185
41100,19,"building materials, not of metal",Always,Most use this,10,0.154
41100,19,glass panels for doors,Always,Most use this,9,0.138
41100,19,glass doors,Always,Most use this,9,0.138
41100,19,concrete building materials,Always,Most use this,9,0.138
41100,19,"building and construction materials and elements, not of metal",Always,Most use this,9,0.138
41100,19,wood for building,Always,Most use this,8,0.123
41100,19,"parts, fittings and fixtures for buildings, not of metal.",Always,Most use this,8,0.123
41100,19,non-metallic building materials,Always,Most use this,8,0.123
41100,19,"scaffolding, not of metal for building",Always,Most use this,8,0.123
41100,19,"framework for building, not of metal",Always,Most use this,8,0.123
41100,19,"surfacings, not of metal",Always,Most use this,8,0.123
41100,19,"cladding for construction and building, not of metal",Always,Most use this,8,0.123
41100,19,"wall linings, not of metal, for building",Always,Most use this,8,0.123
41100,19,"buildings, not of metal",Always,Most use this,8,0.123
41100,19,"pillars, not of metal, for building and construction",Always,Most use this,8,0.123
41100,19,"structural support joists for the construction of floors, not of metal",Always,Most use this,8,0.123
41100,19,glass panels for windows,Sometimes,Some use this,7,0.108
41100,19,"houses, not of metal",Sometimes,Some use this,7,0.108
41100,19,glass windows,Sometimes,Some use this,7,0.108
41100,19,frames (non-metallic -) for glazed windows,Sometimes,Some use this,7,0.108
41100,19,"construction materials, not of metal",Sometimes,Some use this,7,0.108
41100,19,double glazing units (non-metallic -),Sometimes,Some use this,7,0.108
41100,19,transparent doors of glass for buildings,Sometimes,Some use this,7,0.108
41100,19,glass for windows,Sometimes,Some use this,7,0.108
43210,37,electrical installation services,Always,Most use this,89,0.296
43210,37,electrical wiring services,Always,Most use this,84,0.279
43210,37,electrical contractor services,Always,Most use this,66,0.219
43210,37,repair of electrical equipment and electrotechnical installations,Always,Most use this,58,0.193
43210,37,installation of electrical earthing,Always,Most use this,55,0.183
43210,37,renovation of electrical wiring,Always,Most use this,54,0.179
43210,37,repair of electrical equipment,Always,Most use this,53,0.176
43210,37,installation of non-residential solar panel power systems,Always,Most use this,50,0.166
43210,37,installation of residential solar panel power systems,Always,Most use this,50,0.166
43210,37,installation of solar powered systems,Always,Most use this,50,0.166
43210,37,installation of electrical grounding,Always,Most use this,48,0.159
43210,37,maintenance of commercial electrical systems,Always,Most use this,40,0.133
43210,37,maintenance and repair of solar power installations,Always,Most use this,40,0.133
43210,37,installation and maintenance of photovoltaic installations,Always,Most use this,39,0.13
43210,37,"renovation, repair and maintenance of electrical wiring",Always,Most use this,39,0.13
43210,37,installation of lighting systems,Always,Most use this,38,0.126
43210,37,installation of solar heating systems,Always,Most use this,37,0.123
43210,37,installation and maintenance of solar thermal installations,Sometimes,Some use this,32,0.106
43210,37,maintenance and repair of electrical earthing systems,Sometimes,Some use this,32,0.106
43210,37,installation of electric light and power systems,Sometimes,Some use this,31,0.103
43210,37,electric appliance installation and repair,Sometimes,Some use this,31,0.103
43210,37,maintenance and repair of solar heating installations,Sometimes,Some use this,31,0.103
43210,37,services of electricians,Sometimes,Some use this,29,0.096
43210,37,installation of electricity generators,Sometimes,Some use this,25,0.083
43210,37,maintenance and repair of solar thermal installations,Sometimes,Some use this,23,0.076
43210,9,solar panels,Always,Most use this,39,0.242
43210,9,solar panels for electricity generation,Always,Most use this,26,0.161
43210,9,solar batteries,Always,Most use this,26,0.161
43210,9,photovoltaic solar modules,Always,Most use this,25,0.155
43210,9,solar panels for the production of electricity,Always,Most use this,25,0.155
43210,9,photovoltaic apparatus and installations for generating solar electricity,Sometimes,Some use this,19,0.118
43210,9,solar modules,Sometimes,Some use this,18,0.112
43210,9,electrical wiring installations,Sometimes,Some use this,18,0.112
43210,9,solar panels for production of electricity,Sometimes,Some use this,18,0.112
43210,9,solar panel arrays,Sometimes,Some use this,17,0.106
43210,9,solar battery chargers,Sometimes,Some use this,16,0.099
43210,9,charging stations for electric vehicles,Sometimes,Some use this,15,0.093
43210,9,photovoltaic apparatus for converting solar radiation to electrical energy,Sometimes,Some use this,15,0.093
43210,9,photovoltaic inverters,Sometimes,Some use this,14,0.087
43210,9,battery chargers,Sometimes,Some use this,13,0.081
43210,9,solar batteries for industrial use,Sometimes,Some use this,13,0.081
43210,9,solar cells for electricity generation,Sometimes,Some use this,13,0.081
43210,9,inverters used in solar power generation,Sometimes,Some use this,13,0.081
43210,9,electric battery chargers,Sometimes,Some use this,12,0.075
43210,9,battery charging devices for motor vehicles,Sometimes,Some use this,12,0.075
43210,9,solar batteries for domestic use,Sometimes,Some use this,12,0.075
43210,9,alarm systems,Sometimes,Some use this,12,0.075
43210,9,electric storage batteries,Sometimes,Some use this,12,0.075
43210,9,fire alarms,Sometimes,Some use this,11,0.068
43210,9,solar cells,Sometimes,Some use this,11,0.068
43210,42,electrical engineering services,Always,Most use this,20,0.165
43210,42,engineering services,Sometimes,Some use this,14,0.116
43210,42,energy auditing,Sometimes,Some use this,14,0.116
43210,42,engineering design,Sometimes,Some use this,12,0.099
43210,42,analysis and testing services relating to electrical engineering apparatus,Sometimes,Some use this,10,0.083
43210,42,technical testing,Sometimes,Some use this,10,0.083
43210,42,electrical engineering services.,Sometimes,Some use this,8,0.066
43210,42,certification services for the energy efficiency of buildings,Sometimes,Some use this,8,0.066
43210,42,engineering design services,Sometimes,Some use this,8,0.066
43210,42,engineering,Sometimes,Some use this,8,0.066
43210,42,development of energy and power management systems,Sometimes,Some use this,8,0.066
43210,42,engineering consultancy,Sometimes,Some use this,7,0.058
43210,42,mechanical engineering services,Sometimes,Some use this,7,0.058
43210,42,consultancy in the field of energy-saving,Sometimes,Some use this,7,0.058
43210,42,advisory services relating to energy efficiency,Sometimes,Some use this,7,0.058
43210,42,engineering (engineering work),Sometimes,Some use this,7,0.058
43210,42,technological analysis relating to energy and power needs of others,Sometimes,Some use this,7,0.058
43210,42,engineering services relating to energy supply systems,Sometimes,Some use this,7,0.058
43210,42,advisory services relating to the use of energy,Sometimes,Some use this,6,0.05
43210,42,testing of apparatus in the field of electrical engineering,Sometimes,Some use this,6,0.05
43210,42,technological consultancy in the fields of energy production and use,Sometimes,Some use this,6,0.05
43210,42,engineering services in the field of building technology,Sometimes,Some use this,6,0.05
43210,42,designing of electrical systems,Sometimes,Some use this,6,0.05
43210,42,design and development of regenerative energy generation systems,Sometimes,Some use this,6,0.05
43210,42,programming of energy management software,Sometimes,Some use this,6,0.05
43210,11,heat pumps,Always,Most use this,16,0.2
43210,11,electrical lighting fixtures,Always,Most use this,15,0.188
43210,11,solar panels for use in heating,Always,Most use this,14,0.175
43210,11,solar heating installations,Always,Most use this,14,0.175
43210,11,heating installations,Always,Most use this,14,0.175
43210,11,air conditioning installations,Always,Most use this,13,0.163
43210,11,installations for electric lighting,Always,Most use this,13,0.163
43210,11,electric lighting installations,Always,Most use this,13,0.163
43210,11,electric indoor lighting installations,Always,Most use this,11,0.138
43210,11,solar energy powered heating installations,Always,Most use this,11,0.138
43210,11,air conditioning,Always,Most use this,11,0.138
43210,11,lamps for electrical installations,Always,Most use this,11,0.138
43210,11,solar heating panels,Always,Most use this,10,0.125
43210,11,lighting tracks [lighting apparatus],Always,Most use this,10,0.125
43210,11,lighting installations,Always,Most use this,10,0.125
43210,11,solar heat collection panels,Always,Most use this,10,0.125
43210,11,electric heating installations,Always,Most use this,10,0.125
43210,11,solar energy collectors for heating,Always,Most use this,10,0.125
43210,11,electrical discharge lighting fixtures,Sometimes,Some use this,9,0.113
43210,11,electric lighting,Sometimes,Some use this,9,0.113
43210,11,electrical boilers,Sometimes,Some use this,9,0.113
43210,11,gas boilers,Sometimes,Some use this,9,0.113
43210,11,solar lamps,Sometimes,Some use this,9,0.113
43210,11,emergency lighting installations,Sometimes,Some use this,9,0.113
43210,11,installations for lighting,Sometimes,Some use this,9,0.113
43210,35,preparation of audio and/or visual displays for businesses,Sometimes,Some use this,4,0.089
43210,35,business management,Sometimes,Some use this,4,0.089
43210,35,utility meter reading for billing purposes,Sometimes,Some use this,4,0.089
43210,35,retail services relating to audiovisual equipment,Sometimes,Some use this,4,0.089
43210,35,electricity meter reading for billing purposes,Sometimes,Some use this,4,0.089
43210,35,business efficiency expert services,Sometimes,Some use this,3,0.067
43210,35,business information,Sometimes,Some use this,3,0.067
43210,35,retail services in relation to audio-visual equipment,Sometimes,Some use this,3,0.067
43210,35,procurement services,Sometimes,Some use this,3,0.067
43210,35,retail services relating to batteries,Sometimes,Some use this,3,0.067
43210,35,business consultancy services,Sometimes,Some use this,3,0.067
43210,35,advertising,Sometimes,Some use this,3,0.067
43210,35,provision of business information,Sometimes,Some use this,3,0.067
43210,35,procurement of contracts concerning energy supply,Sometimes,Some use this,3,0.067
43210,35,updating and maintenance of data in computer databases,Sometimes,Some use this,3,0.067
43210,35,business management consultancy,Sometimes,Some use this,3,0.067
43210,35,energy price comparison services,Sometimes,Some use this,3,0.067
43210,35,billing services in the field of energy,Sometimes,Some use this,3,0.067
43210,35,information services relating to data,Sometimes,Some use this,2,0.044
43210,35,data verification,Sometimes,Some use this,2,0.044
43210,35,data analysis,Sometimes,Some use this,2,0.044
43210,35,retail services in relation to heating equipment,Sometimes,Some use this,2,0.044
43210,35,data management,Sometimes,Some use this,2,0.044
43210,35,business administration,Sometimes,Some use this,2,0.044
43210,35,business operations consultancy,Sometimes,Some use this,2,0.044
43210,40,generation of energy,Always,Most use this,8,0.235
43210,40,generation of electricity from solar energy,Always,Most use this,8,0.235
43210,40,energy production,Always,Most use this,7,0.206
43210,40,production of renewable green energy,Always,Most use this,5,0.147
43210,40,production of energy,Always,Most use this,5,0.147
43210,40,generation of electricity.,Sometimes,Some use this,4,0.118
43210,40,generation of electricity from solar energy.,Sometimes,Some use this,4,0.118
43210,40,production of electrical energy from renewable sources,Sometimes,Some use this,3,0.088
43210,40,production of electrical power from renewable sources.,Sometimes,Some use this,3,0.088
43210,40,energy production.,Sometimes,Some use this,3,0.088
43210,40,generating of electricity,Sometimes,Some use this,2,0.059
43210,40,"advisory, information and consultancy services relating to all the aforesaid.",Sometimes,Some use this,2,0.059
43210,40,energy and power generation,Sometimes,Some use this,2,0.059
43210,40,generation of electrical energy,Sometimes,Some use this,2,0.059
43210,40,generation of electrical energy from renewable sources,Sometimes,Some use this,2,0.059
43210,40,generation of electricity from renewable sources,Sometimes,Some use this,2,0.059
43210,40,rental of power-generating equipment,Sometimes,Some use this,2,0.059
43210,40,production of energy for industrial use,Sometimes,Some use this,2,0.059
43210,40,consultancy services relating to the generation of electrical power.,Sometimes,Some use this,2,0.059
43210,40,production of electrical power from renewable sources,Sometimes,Some use this,2,0.059
43210,40,power generation,Sometimes,Some use this,2,0.059
43210,40,energy (production of -),Sometimes,Some use this,2,0.059
43210,40,recycling,Sometimes,Some use this,2,0.059
43210,40,production of electrical energy,Sometimes,Some use this,2,0.059
43210,40,production of electricity from solar power,Sometimes,Some use this,2,0.059
43210,7,solar power generators,Always,Most use this,4,0.148
43210,7,electricity generators.,Always,Most use this,4,0.148
43210,7,pumps for heating installations,Sometimes,Some use this,3,0.111
43210,7,water supply machines [pumps],Sometimes,Some use this,3,0.111
43210,7,buffers being power tools,Sometimes,Some use this,2,0.074
43210,7,power transmission belting for machines,Sometimes,Some use this,2,0.074
43210,7,electronic door closing system,Sometimes,Some use this,2,0.074
43210,7,hydraulic power tools,Sometimes,Some use this,2,0.074
43210,7,power generators for vehicles,Sometimes,Some use this,2,0.074
43210,7,mobile electrical power generators,Sometimes,Some use this,2,0.074
43210,7,power saws,Sometimes,Some use this,2,0.074
43210,7,steam operated power generators,Sometimes,Some use this,2,0.074
43210,7,power jacks,Sometimes,Some use this,2,0.074
43210,7,power staplers,Sometimes,Some use this,2,0.074
43210,7,ac generators [alternators],Sometimes,Some use this,2,0.074
43210,7,power winches,Sometimes,Some use this,2,0.074
43210,7,mobile electric power generators,Sometimes,Some use this,2,0.074
43210,7,electric power generators for emergency use,Sometimes,Some use this,2,0.074
43210,7,power tools,Sometimes,Some use this,2,0.074
43210,7,electric power generators using geothermal power,Sometimes,Some use this,2,0.074
43210,7,hydraulic gate operators,Sometimes,Some use this,2,0.074
43210,7,"door closers, hydraulic",Sometimes,Some use this,2,0.074
43210,7,heat pumps [parts of machines],Sometimes,Some use this,2,0.074
43210,7,electric power generators,Sometimes,Some use this,2,0.074
43210,7,hydraulic door closers,Sometimes,Some use this,2,0.074
43210,39,energy distribution,Always,All use this,9,0.375
43210,39,distribution of renewable energy,Always,Most use this,5,0.208
43210,39,distribution of energy,Always,Most use this,5,0.208
43210,39,power supply and distribution,Always,Most use this,4,0.167
43210,39,supply of electricity.,Always,Most use this,3,0.125
43210,39,electricity supply services,Always,Most use this,3,0.125
43210,39,transportation of energy,Always,Most use this,3,0.125
43210,39,electricity distribution,Always,Most use this,3,0.125
43210,39,electricity storage,Always,Most use this,3,0.125
43210,39,electricity distribution services,Always,Most use this,3,0.125
43210,39,storage of electricity,Sometimes,Some use this,2,0.083
43210,39,travel advice services,Sometimes,Some use this,2,0.083
43210,39,storage of renewable energy,Sometimes,Some use this,2,0.083
43210,39,electricity delivery services,Sometimes,Some use this,2,0.083
43210,39,energy supply services.,Sometimes,Some use this,2,0.083
43210,39,distribution of energy for heating and cooling buildings,Sometimes,Some use this,2,0.083
43210,39,vehicle parking,Sometimes,Some use this,2,0.083
43210,39,electricity transmission services,Sometimes,Some use this,2,0.083
43210,39,distribution and transmission of electricity,Sometimes,Some use this,2,0.083
43210,39,travel information,Sometimes,Some use this,2,0.083
43210,39,electricity and power storage,Sometimes,Some use this,2,0.083
43210,39,distribution of renewable energy.,Sometimes,Some use this,2,0.083
43210,39,depot services for the storage of vehicles,Sometimes,Some use this,2,0.083
43210,39,"advisory, consultancy and information services relating to all the aforesaid.",Sometimes,Some use this,2,0.083
43210,39,energy (distribution of -),Sometimes,Some use this,2,0.083
41201,37,building construction,Always,All use this,64,0.41
41201,37,construction,Always,All use this,53,0.34
41201,37,building and construction services,Always,All use this,48,0.308
41201,37,"building, construction and demolition",Always,Most use this,43,0.276
41201,37,construction of buildings,Always,Most use this,43,0.276
41201,37,building construction services,Always,Most use this,42,0.269
41201,37,construction of property,Always,Most use this,41,0.263
41201,37,residential construction,Always,Most use this,41,0.263
41201,37,building construction and repair,Always,Most use this,39,0.25
41201,37,construction services,Always,Most use this,35,0.224
41201,37,buildings (construction of -),Always,Most use this,34,0.218
41201,37,building construction supervision,Always,Most use this,34,0.218
41201,37,building construction consultancy,Always,Most use this,34,0.218
41201,37,building construction and demolition services,Always,Most use this,34,0.218
41201,37,building construction supervision services for building projects,Always,Most use this,34,0.218
41201,37,custom building construction,Always,Most use this,33,0.212
41201,37,construction of houses,Always,Most use this,32,0.205
41201,37,supervision of building construction,Always,Most use this,31,0.199
41201,37,construction of foundations for buildings,Always,Most use this,30,0.192
41201,37,general building construction services,Always,Most use this,30,0.192
41201,37,commercial construction,Always,Most use this,29,0.186
41201,37,residential and commercial building construction,Always,Most use this,29,0.186
41201,37,services for the construction of buildings,Always,Most use this,29,0.186
41201,37,construction of buildings and other structures,Always,Most use this,28,0.179
41201,37,construction supervision,Always,Most use this,27,0.173
41201,42,construction design,Always,Most use this,16,0.219
41201,42,building design services,Always,Most use this,15,0.205
41201,42,house design,Always,Most use this,11,0.151
41201,42,engineering services,Always,Most use this,11,0.151
41201,42,architectural project management,Always,Most use this,10,0.137
41201,42,interior design services,Always,Most use this,10,0.137
41201,42,architectural design services,Always,Most use this,10,0.137
41201,42,development of construction projects,Always,Most use this,10,0.137
41201,42,construction drafting,Always,Most use this,9,0.123
41201,42,architectural and urban planning services,Always,Most use this,9,0.123
41201,42,architectural services,Always,Most use this,9,0.123
41201,42,interior design,Always,Most use this,9,0.123
41201,42,architectural services relating to land development,Always,Most use this,9,0.123
41201,42,architectural services relating to the development of land,Always,Most use this,9,0.123
41201,42,design of buildings,Sometimes,Some use this,8,0.11
41201,42,architectural design,Sometimes,Some use this,8,0.11
41201,42,architecture,Sometimes,Some use this,8,0.11
41201,42,design services for architecture,Sometimes,Some use this,8,0.11
41201,42,engineering design and consultancy,Sometimes,Some use this,8,0.11
41201,42,engineering consultancy services,Sometimes,Some use this,8,0.11
41201,42,architectural consultancy,Sometimes,Some use this,8,0.11
41201,42,design services for building interiors,Sometimes,Some use this,7,0.096
41201,42,planning [design] of buildings,Sometimes,Some use this,7,0.096
41201,42,land surveying,Sometimes,Some use this,7,0.096
41201,42,architectural services for the design of commercial buildings,Sometimes,Some use this,7,0.096
41201,35,business management,Always,Most use this,8,0.157
41201,35,business administration,Always,Most use this,7,0.137
41201,35,office functions,Always,Most use this,7,0.137
41201,35,advertising,Sometimes,Some use this,4,0.078
41201,35,business networking services,Sometimes,Some use this,4,0.078
41201,35,strategic business consultancy,Sometimes,Some use this,3,0.059
41201,35,advisory services for business management,Sometimes,Some use this,3,0.059
41201,35,consultancy services relating to the administration and management of hotels,Sometimes,Some use this,3,0.059
41201,35,business project management services,Sometimes,Some use this,3,0.059
41201,35,procurement services,Sometimes,Some use this,3,0.059
41201,35,"loyalty, incentive and bonus program services",Sometimes,Some use this,3,0.059
41201,35,"organisation, operation and supervision of loyalty schemes and incentive schemes",Sometimes,Some use this,3,0.059
41201,35,"business management, business organization",Sometimes,Some use this,3,0.059
41201,35,data management,Sometimes,Some use this,3,0.059
41201,35,artists (business management of performing -).,Sometimes,Some use this,3,0.059
41201,35,business networking,Sometimes,Some use this,3,0.059
41201,35,business management services relating to the development of businesses,Sometimes,Some use this,3,0.059
41201,35,business project management services for construction projects,Sometimes,Some use this,3,0.059
41201,35,database management services,Sometimes,Some use this,3,0.059
41201,35,"presentation of goods on communications media, for retail purposes",Sometimes,Some use this,3,0.059
41201,35,business consultancy services relating to product development,Sometimes,Some use this,3,0.059
41201,35,business relocation services,Sometimes,A few have this,2,0.039
41201,35,incubation of technology start ups,Sometimes,A few have this,2,0.039
41201,35,sales promotion,Sometimes,A few have this,2,0.039
41201,35,"information, advice and consultancy in relation to the aforesaid services.",Sometimes,A few have this,2,0.039
41201,36,property management,Always,All use this,13,0.31
41201,36,financing of property development,Always,All use this,13,0.31
41201,36,rental of property,Always,Most use this,12,0.286
41201,36,property valuation,Always,Most use this,12,0.286
41201,36,property asset management services,Always,Most use this,10,0.238
41201,36,leasing of freehold property,Always,Most use this,9,0.214
41201,36,commercial property investment services,Always,Most use this,9,0.214
41201,36,rental of real estate,Always,Most use this,9,0.214
41201,36,leasing of real estate property,Always,Most use this,9,0.214
41201,36,property investment services,Always,Most use this,9,0.214
41201,36,real estate services,Always,Most use this,8,0.19
41201,36,building management,Always,Most use this,8,0.19
41201,36,property portfolio management,Always,Most use this,8,0.19
41201,36,rental of real estate and property,Always,Most use this,8,0.19
41201,36,financial services relating to property,Always,Most use this,7,0.167
41201,36,estate management services relating to transactions in real property,Always,Most use this,7,0.167
41201,36,provision of finance for property development,Always,Most use this,7,0.167
41201,36,property (real estate -) investment,Always,Most use this,7,0.167
41201,36,property (real estate -) consultancy services,Always,Most use this,7,0.167
41201,36,management of property,Always,Most use this,7,0.167
41201,36,property leasing [real estate property only],Always,Most use this,7,0.167
41201,36,real estate management,Always,Most use this,7,0.167
41201,36,providing real estate information relating to property and land,Always,Most use this,7,0.167
41201,36,real estate management services relating to residential buildings,Always,Most use this,7,0.167
41201,36,real estate affairs,Always,Most use this,7,0.167
41201,19,"materials, not of metal, for building and construction",Sometimes,Some use this,4,0.105
41201,19,outbuildings.,Sometimes,Some use this,4,0.105
41201,19,buildings,Sometimes,Some use this,4,0.105
41201,19,wooden buildings,Sometimes,Some use this,4,0.105
41201,19,houses,Sometimes,Some use this,4,0.105
41201,19,garages,Sometimes,Some use this,4,0.105
41201,19,parts and fittings therefor,Sometimes,Some use this,3,0.079
41201,19,construction pipes,Sometimes,Some use this,3,0.079
41201,19,"rigid pipes for use in construction, waterways and construction infrastructure",Sometimes,Some use this,3,0.079
41201,19,"materials, not of metal for construction",Sometimes,Some use this,3,0.079
41201,19,all included in class 19.,Sometimes,Some use this,3,0.079
41201,19,pipes not of metal,Sometimes,Some use this,3,0.079
41201,19,fair huts,Sometimes,Some use this,2,0.053
41201,19,parts and fittings for the aforementioned goods.,Sometimes,Some use this,2,0.053
41201,19,"reinforcing materials, not of metal, for building",Sometimes,Some use this,2,0.053
41201,19,"sound proof booths, transportable, not of metal",Sometimes,Some use this,2,0.053
41201,19,"prefabricated buildings, swimming pools (structures)",Sometimes,Some use this,2,0.053
41201,19,non-metallic building materials,Sometimes,Some use this,2,0.053
41201,19,non-metallic materials for making sports surfaces,Sometimes,Some use this,2,0.053
41201,19,works of stonemasonry,Sometimes,Some use this,2,0.053
41201,19,transportable and relocatable non-metal buildings,Sometimes,Some use this,2,0.053
41201,19,"parts and fittings for all the aforesaid goods, building construction materials",Sometimes,Some use this,2,0.053
41201,19,prefabricated log homes,Sometimes,Some use this,2,0.053
41201,19,non-metallic materials for horse exercising surfaces,Sometimes,Some use this,2,0.053
41201,19,portable cabins (non-metallic -),Sometimes,Some use this,2,0.053
41201,43,hotel services,Always,All use this,16,0.457
41201,43,hospitality services [accommodation],Always,All use this,15,0.429
41201,43,temporary accommodation,Always,All use this,14,0.4
41201,43,temporary room hire,Always,All use this,13,0.371
41201,43,restaurant services,Always,All use this,11,0.314
41201,43,provision of temporary work accommodation,Always,All use this,11,0.314
41201,43,cafés,Always,All use this,11,0.314
41201,43,hire of temporary office space,Always,All use this,11,0.314
41201,43,juice bars,Always,Most use this,10,0.286
41201,43,day-nurseries [crèches],Always,Most use this,10,0.286
41201,43,bed and breakfast services,Always,Most use this,10,0.286
41201,43,"rental of chairs, tables, table linen, and glassware",Always,Most use this,10,0.286
41201,43,consultancy services relating to food,Always,Most use this,10,0.286
41201,43,providing temporary accommodation as part of hospitality packages,Always,Most use this,10,0.286
41201,43,consultancy services relating to food preparation,Always,Most use this,10,0.286
41201,43,the provision of facilities for conferences,Always,Most use this,10,0.286
41201,43,rental of meeting rooms,Always,Most use this,10,0.286
41201,43,hotel information,Always,Most use this,10,0.286
41201,43,provision of guesthouse accommodation,Always,Most use this,10,0.286
41201,43,reservation services for booking meals,Always,Most use this,10,0.286
41201,43,event facilities and temporary office and meeting facilities,Always,Most use this,10,0.286
41201,43,"accommodation bureau services [hotels, boarding houses]",Always,Most use this,10,0.286
41201,43,temporary accommodation reservations,Always,Most use this,10,0.286
41201,43,juice bars and cafes located in health clubs,Always,Most use this,10,0.286
41201,43,operating membership accommodation,Always,Most use this,10,0.286
41201,41,vocational skills training,Always,Most use this,7,0.194
41201,41,training in the use of construction machinery,Always,Most use this,6,0.167
41201,41,distance learning services provided online.,Always,Most use this,5,0.139
41201,41,provision of online learning platforms,Always,Most use this,5,0.139
41201,41,education in the field of construction and infrastructure,Always,Most use this,5,0.139
41201,41,multimedia learning,Always,Most use this,5,0.139
41201,41,training in the field of construction and infrastructure,Always,Most use this,5,0.139
41201,41,practical training services,Always,Most use this,5,0.139
41201,41,providing of training,Sometimes,Some use this,4,0.111
41201,41,education in the field of occupational health and safety,Sometimes,Some use this,4,0.111
41201,41,education,Sometimes,Some use this,4,0.111
41201,41,education and training in the field of occupational health and safety,Sometimes,Some use this,4,0.111
41201,41,education and training services in the field of occupational health and safety,Sometimes,Some use this,4,0.111
41201,41,gymnasium services,Sometimes,Some use this,4,0.111
41201,41,fitness club services,Sometimes,Some use this,4,0.111
41201,41,corporate entertainment services,Sometimes,Some use this,3,0.083
41201,41,fitness training services,Sometimes,Some use this,3,0.083
41201,41,hospitality services (entertainment),Sometimes,Some use this,3,0.083
41201,41,sporting and cultural activities,Sometimes,Some use this,3,0.083
41201,41,musical entertainment,Sometimes,Some use this,3,0.083
41201,41,provision of sporting club facilities,Sometimes,Some use this,3,0.083
41201,41,sports club services,Sometimes,Some use this,3,0.083
41201,41,nightclub services,Sometimes,Some use this,3,0.083
41201,41,"casino, gambling, gaming and betting services",Sometimes,Some use this,3,0.083
41201,41,live music,Sometimes,Some use this,3,0.083
41201,9,battery chargers,Sometimes,Some use this,3,0.107
41201,9,fire protection apparatus,Sometimes,Some use this,3,0.107
41201,9,software,Sometimes,Some use this,3,0.107
41201,9,car charger,Sometimes,Some use this,3,0.107
41201,9,"batteries, electric, for vehicles",Sometimes,Some use this,3,0.107
41201,9,sprinkler systems for fire protection,Sometimes,Some use this,3,0.107
41201,9,car batteries,Sometimes,Some use this,3,0.107
41201,9,computer hardware,Sometimes,Some use this,3,0.107
41201,9,electric-car charger,Sometimes,Some use this,3,0.107
41201,9,solar-powered battery chargers,Sometimes,Some use this,3,0.107
41201,9,solar battery chargers,Sometimes,Some use this,3,0.107
41201,9,electric batteries for powering electric vehicles,Sometimes,Some use this,2,0.071
41201,9,solar modules,Sometimes,Some use this,2,0.071
41201,9,solar panels for production of electricity,Sometimes,Some use this,2,0.071
41201,9,downloadable software applications for designing modular data-centre units,Sometimes,Some use this,2,0.071
41201,9,chargers for electric batteries,Sometimes,Some use this,2,0.071
41201,9,supply chain management software,Sometimes,Some use this,2,0.071
41201,9,cooling apparatus adapted for computers,Sometimes,Some use this,2,0.071
41201,9,project management software,Sometimes,Some use this,2,0.071
41201,9,adaptors (electric -),Sometimes,Some use this,2,0.071
41201,9,fire sprinklers,Sometimes,Some use this,2,0.071
41201,9,electrical control apparatus for data-centre infrastructure,Sometimes,Some use this,2,0.071
41201,9,solar cells,Sometimes,Some use this,2,0.071
41201,9,"cables, electric",Sometimes,Some use this,2,0.071
41201,9,fire sensors.,Sometimes,Some use this,2,0.071
45111,12,cars,Always,All use this,27,0.415
45111,12,vehicles,Always,All use this,26,0.4
45111,12,non-skid devices for vehicle tyres,Always,Most use this,14,0.215
45111,12,brakes for vehicles,Always,Most use this,13,0.2
45111,12,motor cars,Always,Most use this,12,0.185
45111,12,electric cars,Always,Most use this,12,0.185
45111,12,vehicle wheels,Always,Most use this,12,0.185
45111,12,bodywork parts for vehicles,Always,Most use this,12,0.185
45111,12,parts and fittings for vehicles,Always,Most use this,12,0.185
45111,12,vans [vehicles],Always,Most use this,12,0.185
45111,12,motor vehicles,Always,Most use this,10,0.154
45111,12,"connecting rods for land vehicles, other than parts of motors and engines",Always,Most use this,10,0.154
45111,12,bug shields as structural parts of vehicles,Always,Most use this,10,0.154
45111,12,consoles being parts of vehicle interiors,Always,Most use this,10,0.154
45111,12,braking systems for vehicles and parts thereof,Always,Most use this,10,0.154
45111,12,struts (non-metallic -) parts of vehicles,Always,Most use this,10,0.154
45111,12,side shields as structural parts of vehicles,Always,Most use this,10,0.154
45111,12,electric vehicles,Always,Most use this,10,0.154
45111,12,covers for vehicle steering wheels,Always,Most use this,10,0.154
45111,12,pumps for inflating vehicle tyres,Always,Most use this,10,0.154
45111,12,automotive vehicles,Always,Most use this,9,0.138
45111,12,shock absorbers being parts of vehicle suspension,Always,Most use this,9,0.138
45111,12,hydraulic servo valves being parts of vehicle braking systems,Always,Most use this,9,0.138
45111,12,plug-in electric cars,Always,Most use this,9,0.138
45111,12,hydraulic servo valves being parts of vehicle hydraulic systems,Always,Most use this,9,0.138
45111,35,retail service connected with the sale of vehicles via a dealership,Always,Most use this,10,0.169
45111,35,retail services in relation to vehicles,Always,Most use this,10,0.169
45111,35,marketing services,Sometimes,Some use this,7,0.119
45111,35,retail service connected with the sale of vehicles via a dealership.,Sometimes,Some use this,7,0.119
45111,35,export agency services,Sometimes,Some use this,6,0.102
45111,35,all of the aforesaid relating to land and water vehicles.,Sometimes,Some use this,6,0.102
45111,35,retail services in relation to navigation devices,Sometimes,Some use this,6,0.102
45111,35,procurement services for others,Sometimes,Some use this,6,0.102
45111,35,import agency services,Sometimes,Some use this,6,0.102
45111,35,retail services relating to car and automobile parts,Sometimes,Some use this,6,0.102
45111,35,arranging and buying goods for others,Sometimes,Some use this,6,0.102
45111,35,retail services relating to car and automobile accessories,Sometimes,Some use this,6,0.102
45111,35,auctioning of vehicles,Sometimes,Some use this,4,0.068
45111,35,advertising services relating to the sale of motor vehicles,Sometimes,Some use this,4,0.068
45111,35,retail services in relation to fuels,Sometimes,Some use this,3,0.051
45111,35,all the aforementioned relating to automobiles.,Sometimes,Some use this,3,0.051
45111,35,retail services relating to automobile accessories,Sometimes,Some use this,3,0.051
45111,35,retail services in connection with the sale of motor land vehicles,Sometimes,Some use this,3,0.051
45111,35,retail services relating to vehicle fluids and greases,Sometimes,Some use this,3,0.051
45111,35,retail services relating to vehicle cleaning and valeting goods,Sometimes,Some use this,3,0.051
45111,35,"retail services relating to automotive oils, greases and lubricants",Sometimes,Some use this,3,0.051
45111,35,retail services in relation to lubricants,Sometimes,Some use this,3,0.051
45111,35,retail services in relation to car accessories,Sometimes,Some use this,3,0.051
45111,35,provision of customer information in relation to vehicles,Sometimes,Some use this,3,0.051
45111,35,retail services relating to chemicals for use in the automotive industry,Sometimes,Some use this,3,0.051
45111,37,reconditioning of vehicle engines,Always,Most use this,9,0.176
45111,37,servicing of vehicles,Always,Most use this,9,0.176
45111,37,vehicle tuning,Always,Most use this,9,0.176
45111,37,vehicle cleaning,Always,Most use this,8,0.157
45111,37,motor vehicle rustproofing,Always,Most use this,7,0.137
45111,37,installation of parts for vehicles,Always,Most use this,7,0.137
45111,37,garage services for vehicle repair,Always,Most use this,7,0.137
45111,37,mobile vehicle tuning services,Always,Most use this,7,0.137
45111,37,installation of vehicle security devices,Always,Most use this,7,0.137
45111,37,garage services for motor vehicle repair,Always,Most use this,7,0.137
45111,37,vehicle tyre fitting and repair,Always,Most use this,7,0.137
45111,37,tuning of bodies for automobiles,Always,Most use this,7,0.137
45111,37,vehicle polishing,Always,Most use this,7,0.137
45111,37,fitting of replacement vehicle parts,Always,Most use this,7,0.137
45111,37,vehicle washing,Always,Most use this,7,0.137
45111,37,maintenance of parts and fittings for commercial motor land vehicles,Sometimes,Some use this,6,0.118
45111,37,vehicle breakdown services,Sometimes,Some use this,6,0.118
45111,37,mechanic services,Sometimes,Some use this,6,0.118
45111,37,arranging for the repair and recovery of vehicles,Sometimes,Some use this,6,0.118
45111,37,overhaul of engines,Sometimes,Some use this,6,0.118
45111,37,garage services for automobile repair,Sometimes,Some use this,6,0.118
45111,37,all of the aforesaid relating to land and water vehicles.,Sometimes,Some use this,6,0.118
45111,37,rebuilding engines,Sometimes,Some use this,6,0.118
45111,37,tuning of engines,Sometimes,Some use this,6,0.118
45111,37,vehicle accident management services,Sometimes,Some use this,6,0.118
45111,39,vehicle rental,Always,Most use this,12,0.273
45111,39,leasing of motor vehicles,Always,Most use this,10,0.227
45111,39,automobile vehicle leasing services,Always,Most use this,10,0.227
45111,39,vehicle rental services,Always,Most use this,9,0.205
45111,39,arrangement of vehicle rental,Always,Most use this,7,0.159
45111,39,rental and hire of vehicles,Always,Most use this,7,0.159
45111,39,vehicle leasing services,Always,Most use this,6,0.136
45111,39,arranging of vehicle rental,Always,Most use this,6,0.136
45111,39,motor car rental,Always,Most use this,6,0.136
45111,39,contract rental of vehicles,Always,Most use this,6,0.136
45111,39,car rental services,Always,Most use this,6,0.136
45111,39,leasing of vehicles,Always,Most use this,6,0.136
45111,39,rental of motor cars,Sometimes,Some use this,5,0.114
45111,39,motor vehicle rental,Sometimes,Some use this,5,0.114
45111,39,vehicle breakdown recovery services,Sometimes,Some use this,5,0.114
45111,39,rental of cars,Sometimes,Some use this,5,0.114
45111,39,rental of motor road vehicles,Sometimes,Some use this,5,0.114
45111,39,rental of motor vehicles,Sometimes,Some use this,5,0.114
45111,39,automobile vehicle renting services,Sometimes,Some use this,4,0.091
45111,39,truck and vehicle rental,Sometimes,Some use this,4,0.091
45111,39,motor land vehicle leasing services,Sometimes,Some use this,4,0.091
45111,39,rental of vehicles,Sometimes,Some use this,4,0.091
45111,39,transport,Sometimes,Some use this,4,0.091
45111,39,loan of vehicles,Sometimes,Some use this,4,0.091
45111,39,car rental,Sometimes,Some use this,4,0.091
45111,36,automobile lease financing,Always,Most use this,10,0.263
45111,36,motor vehicle insurance services,Always,Most use this,8,0.211
45111,36,finance leasing,Always,Most use this,8,0.211
45111,36,lease purchase financing of vehicles,Always,Most use this,6,0.158
45111,36,car broker services,Always,Most use this,6,0.158
45111,36,vehicle warranties,Always,Most use this,5,0.132
45111,36,provision of finance for the purchase of motor vehicles.,Always,Most use this,5,0.132
45111,36,insurance services,Always,Most use this,5,0.132
45111,36,insurance services relating to vehicles,Sometimes,Some use this,4,0.105
45111,36,provision of vehicle warranties,Sometimes,Some use this,4,0.105
45111,36,valuation services,Sometimes,Some use this,4,0.105
45111,36,financial services,Sometimes,Some use this,4,0.105
45111,36,financial services relating to motor vehicles,Sometimes,Some use this,4,0.105
45111,36,valuation of vehicles,Sometimes,Some use this,4,0.105
45111,36,appraisal of used automobiles,Sometimes,Some use this,4,0.105
45111,36,motor and vehicle repair insurance,Sometimes,Some use this,3,0.079
45111,36,"information, advisory and consultancy relating to all of the aforesaid services.",Sometimes,Some use this,3,0.079
45111,36,motor and vehicle breakdown insurance,Sometimes,Some use this,3,0.079
45111,36,financial leasing in respect of vehicles,Sometimes,Some use this,3,0.079
45111,36,financial services for the purchase of vehicles.,Sometimes,Some use this,3,0.079
45111,36,vehicle insurance services,Sometimes,Some use this,3,0.079
45111,36,vehicle insurance,Sometimes,Some use this,3,0.079
45111,36,hire-purchase financing in respect of vehicles,Sometimes,Some use this,3,0.079
45111,36,"arrangement of finance for leasing, hire-purchase and contract-hire",Sometimes,Some use this,3,0.079
45111,36,personal contract purchase financing in respect of vehicles,Sometimes,Some use this,3,0.079
45111,42,vehicle roadworthiness testing,Always,Most use this,5,0.263
45111,42,"testing, inspection and certification of motor land vehicles for roadworthiness.",Always,Most use this,3,0.158
45111,42,mot certification services,Always,Most use this,3,0.158
45111,42,"information, advisory and consultancy services relating to the aforesaid.",Sometimes,Some use this,2,0.105
45111,42,testing of vehicles,Sometimes,Some use this,2,0.105
45111,42,inspection of motor vehicles for roadworthiness,Sometimes,Some use this,2,0.105
45111,42,design of prototypes,Sometimes,Some use this,2,0.105
45111,42,styling [industrial design],Sometimes,Some use this,2,0.105
45111,42,engineering,Sometimes,Some use this,2,0.105
45111,42,technical writing.,Sometimes,Some use this,2,0.105
45111,42,testing of vehicles for roadworthiness,Sometimes,Some use this,2,0.105
45111,42,industrial design,Sometimes,Some use this,2,0.105
45111,42,"installation, maintenance and repair of software",Sometimes,Some use this,2,0.105
45111,42,motor vehicle appraisal services,Sometimes,Some use this,2,0.105
45111,42,maintenance of databases,Sometimes,Some use this,1,0.053
45111,42,programming of software for database management,Sometimes,Some use this,1,0.053
45111,42,maintenance of databases of spare parts for vehicles,Sometimes,Some use this,1,0.053
45111,42,providing temporary use of non-downloadable software for vehicle control,Sometimes,Some use this,1,0.053
45111,42,compilation of web pages on the internet,Sometimes,Some use this,1,0.053
45111,42,consultancy services for consumers about switching to more efficient vehicles,Sometimes,Some use this,1,0.053
45111,42,rental of database management software,Sometimes,Some use this,1,0.053
45111,42,computer software management,Sometimes,Some use this,1,0.053
45111,42,technological consultancy services related to electric vehicle charging,Sometimes,Some use this,1,0.053
45111,42,vehicle roadworthiness testing mot.,Sometimes,Some use this,1,0.053
45111,42,vehicle mot services,Sometimes,Some use this,1,0.053
45111,9,computer software,Always,Most use this,5,0.294
45111,9,batteries for vehicles,Always,Most use this,4,0.235
45111,9,downloadable software,Always,Most use this,4,0.235
45111,9,batteries,Always,Most use this,4,0.235
45111,9,car batteries,Always,Most use this,4,0.235
45111,9,protective and safety equipment,Always,Most use this,3,0.176
45111,9,electrical storage batteries,Always,Most use this,3,0.176
45111,9,chargers for batteries,Always,Most use this,3,0.176
45111,9,electrical batteries,Always,Most use this,3,0.176
45111,9,plates for batteries,Always,Most use this,3,0.176
45111,9,vaporizer batteries,Always,Most use this,3,0.176
45111,9,chargeable batteries,Always,Most use this,3,0.176
45111,9,electric batteries,Always,Most use this,3,0.176
45111,9,aerials for use in vehicles,Always,Most use this,3,0.176
45111,9,ignition leads and high tension leads for use in vehicles,Always,Most use this,3,0.176
45111,9,downloadable electronic publications,Always,Most use this,3,0.176
45111,9,electric batteries for vehicles,Always,Most use this,3,0.176
45111,9,solar-powered rechargeable batteries,Always,Most use this,3,0.176
45111,9,solar batteries,Always,Most use this,3,0.176
45111,9,antifreeze testers,Always,Most use this,3,0.176
45111,9,vehicle batteries,Always,Most use this,3,0.176
45111,9,galvanic batteries,Always,Most use this,3,0.176
45111,9,brake pad wear sensors,Always,Most use this,3,0.176
45111,9,ignition batteries,Always,Most use this,3,0.176
45111,9,safety barriers for protection against accident or injury,Always,Most use this,3,0.176
45111,7,fuel injector parts for land and water vehicle engines,Always,All use this,9,0.562
45111,7,catalytic converters being parts of vehicle exhausts,Always,All use this,9,0.562
45111,7,mechanical engine parts for land vehicles,Always,All use this,9,0.562
45111,7,machines for lifting vehicles,Always,All use this,7,0.438
45111,7,all of the aforesaid relating to land and water vehicles.,Always,All use this,6,0.375
45111,7,ignition devices for motors of land vehicles,Always,All use this,6,0.375
45111,7,carburetors [vehicle parts],Always,Most use this,4,0.25
45111,7,engine cases [vehicle parts],Always,Most use this,4,0.25
45111,7,oil coolers [vehicle engine parts],Always,Most use this,3,0.188
45111,7,pumps for land vehicle engines,Always,Most use this,3,0.188
45111,7,oil pumps for land vehicles,Always,Most use this,3,0.188
45111,7,"machines, machine tools, power-operated tools for land vehicles.",Always,Most use this,3,0.188
45111,7,oil tanks [vehicle engine parts],Always,Most use this,3,0.188
45111,7,sound absorbers [silencers] being parts of vehicle exhaust systems,Always,Most use this,3,0.188
45111,7,cam covers [vehicle parts],Always,Most use this,3,0.188
45111,7,fuel pumps for land vehicles,Always,Most use this,3,0.188
45111,7,fuel pumps for motor vehicles,Always,Most use this,3,0.188
45111,7,splines (sliding -) [parts of water vehicle gearing],Always,Most use this,3,0.188
45111,7,intake manifolds [vehicle parts],Always,Most use this,3,0.188
45111,7,oil tank plugs and caps [vehicle engine parts],Always,Most use this,3,0.188
45111,7,expansion tanks [parts of vehicle cooling radiators],Always,Most use this,3,0.188
45111,7,oil pumps for land vehicle engines,Always,Most use this,3,0.188
45111,7,water pumps for land vehicles,Always,Most use this,3,0.188
45111,7,push rods [vehicle engine parts],Always,Most use this,3,0.188
45111,7,silencers as part of vehicle exhaust systems,Always,Most use this,3,0.188
45200,37,garage services for motor vehicle repair,Always,Most use this,62,0.254
45200,37,motor vehicle maintenance and repair,Always,Most use this,61,0.25
45200,37,motor vehicle repair,Always,Most use this,56,0.23
45200,37,garage services for vehicle repair,Always,Most use this,56,0.23
45200,37,garage services for the maintenance and repair of motor vehicles,Always,Most use this,55,0.225
45200,37,motor vehicle repair and maintenance services,Always,Most use this,51,0.209
45200,37,vehicle repair services,Always,Most use this,50,0.205
45200,37,vehicle repair and maintenance,Always,Most use this,49,0.201
45200,37,car maintenance,Always,Most use this,49,0.201
45200,37,motor vehicle maintenance and repair services,Always,Most use this,48,0.197
45200,37,maintenance or repair of automotive vehicles,Always,Most use this,47,0.193
45200,37,vehicle maintenance and repair,Always,Most use this,47,0.193
45200,37,repair of motor vehicles,Always,Most use this,46,0.189
45200,37,garage services for automobile repair,Always,Most use this,45,0.184
45200,37,"maintenance, servicing and repair of vehicles",Always,Most use this,44,0.18
45200,37,automobile repair,Always,Most use this,43,0.176
45200,37,automobile repair and maintenance,Always,Most use this,43,0.176
45200,37,vehicles maintenance and repair,Always,Most use this,43,0.176
45200,37,repair and maintenance of vehicles,Always,Most use this,43,0.176
45200,37,vehicle maintenance,Always,Most use this,43,0.176
45200,37,vehicle servicing,Always,Most use this,41,0.168
45200,37,repair and maintenance of motor vehicles,Always,Most use this,41,0.168
45200,37,maintenance and repair of motor vehicles,Always,Most use this,40,0.164
45200,37,maintenance and repair of vehicles,Always,Most use this,40,0.164
45200,37,garage services for vehicle maintenance,Always,Most use this,39,0.16
45200,12,vehicles,Always,Most use this,24,0.174
45200,12,automotive vehicles,Always,Most use this,22,0.159
45200,12,motor vehicles,Sometimes,Some use this,15,0.109
45200,12,cars,Sometimes,Some use this,15,0.109
45200,12,motor cars,Sometimes,Some use this,14,0.101
45200,12,vehicle bumpers,Sometimes,Some use this,14,0.101
45200,12,bodywork (vehicle -),Sometimes,Some use this,13,0.094
45200,12,vehicle chassis,Sometimes,Some use this,12,0.087
45200,12,automobiles,Sometimes,Some use this,11,0.08
45200,12,brakes for vehicles,Sometimes,Some use this,11,0.08
45200,12,parts and fittings for vehicles,Sometimes,Some use this,11,0.08
45200,12,passenger motor cars,Sometimes,Some use this,10,0.072
45200,12,vehicle tyres,Sometimes,Some use this,10,0.072
45200,12,motor car windows,Sometimes,Some use this,10,0.072
45200,12,automobile tyres,Sometimes,Some use this,10,0.072
45200,12,vehicle bodies,Sometimes,Some use this,9,0.065
45200,12,bodywork parts for vehicles,Sometimes,Some use this,9,0.065
45200,12,vehicle wheels,Sometimes,Some use this,9,0.065
45200,12,motor car derived vans,Sometimes,Some use this,9,0.065
45200,12,car body modification parts for sale in kit form,Sometimes,Some use this,9,0.065
45200,12,wheels for vehicles,Sometimes,Some use this,9,0.065
45200,12,wheels [land vehicle parts],Sometimes,Some use this,8,0.058
45200,12,vehicle hoods,Sometimes,Some use this,8,0.058
45200,12,vehicle windshields,Sometimes,Some use this,8,0.058
45200,12,bumpers (vehicle -),Sometimes,Some use this,8,0.058
45200,35,business administration,Sometimes,Some use this,11,0.097
45200,35,retail services in relation to car accessories,Sometimes,Some use this,11,0.097
45200,35,collection of data,Sometimes,Some use this,10,0.088
45200,35,business advisory services relating to managing and increasing sales,Sometimes,Some use this,10,0.088
45200,35,business data analysis,Sometimes,Some use this,10,0.088
45200,35,production and presentation of business data,Sometimes,Some use this,10,0.088
45200,35,"consultancy, advisory and information services for all the above services.",Sometimes,Some use this,10,0.088
45200,35,business advisory services relating to customer retention,Sometimes,Some use this,10,0.088
45200,35,business management,Sometimes,Some use this,10,0.088
45200,35,business advisory services relating to company performance,Sometimes,Some use this,10,0.088
45200,35,business advisory services relating to customer communications,Sometimes,Some use this,9,0.08
45200,35,pricing analysis and advisory services,Sometimes,Some use this,9,0.08
45200,35,customer relationship management,Sometimes,Some use this,9,0.08
45200,35,retail services relating to automobile parts,Sometimes,Some use this,9,0.08
45200,35,business advisory services relating to customer conversion,Sometimes,Some use this,9,0.08
45200,35,retail service connected with the sale of vehicles via a dealership,Sometimes,Some use this,8,0.071
45200,35,business planning,Sometimes,Some use this,8,0.071
45200,35,business strategy services,Sometimes,Some use this,8,0.071
45200,35,retail service connected with the sale of vehicles via a dealership.,Sometimes,Some use this,8,0.071
45200,35,business information,Sometimes,Some use this,8,0.071
45200,35,business profit analysis,Sometimes,Some use this,8,0.071
45200,35,public relations consultancy,Sometimes,Some use this,8,0.071
45200,35,business process management,Sometimes,Some use this,8,0.071
45200,35,business consultancy,Sometimes,Some use this,8,0.071
45200,35,business appraisals,Sometimes,Some use this,7,0.062
45200,42,providing non-downloadable software for sales management,Sometimes,Some use this,7,0.082
45200,42,providing non-downloadable software for diary management and time-keeping,Sometimes,Some use this,7,0.082
45200,42,"consultancy, advisory and information services for all the above services.",Sometimes,Some use this,7,0.082
45200,42,design of interior decor,Sometimes,Some use this,6,0.071
45200,42,providing non-downloadable software for customer relationship management,Sometimes,Some use this,6,0.071
45200,42,"remote programming, coding and calibration of vehicle systems",Sometimes,Some use this,6,0.071
45200,42,testing of vehicles,Sometimes,Some use this,6,0.071
45200,42,electronic key coding services for vehicles,Sometimes,Some use this,6,0.071
45200,42,design services,Sometimes,Some use this,6,0.071
45200,42,providing non-downloadable software,Sometimes,Some use this,6,0.071
45200,42,safety testing services relating to vehicles,Sometimes,Some use this,6,0.071
45200,42,"vehicle testing, inspection of vehicles for road worthiness",Sometimes,Some use this,6,0.071
45200,42,providing non-downloadable software for business management,Sometimes,Some use this,6,0.071
45200,42,vehicle roadworthiness testing,Sometimes,Some use this,6,0.071
45200,42,static and dynamic vehicle safety testing,Sometimes,Some use this,6,0.071
45200,42,architectural consultation,Sometimes,Some use this,6,0.071
45200,42,advanced driver assistance systems (adas) calibration and recalibration services,Sometimes,Some use this,6,0.071
45200,42,vehicle fault testing and diagnostic services,Sometimes,Some use this,6,0.071
45200,42,vehicle safety testing and diagnostic services,Sometimes,Some use this,6,0.071
45200,42,mechanical and electrical vehicle coding services,Sometimes,Some use this,6,0.071
45200,42,inspection of vehicles for roadworthiness,Sometimes,Some use this,5,0.059
45200,42,land surveying.,Sometimes,Some use this,5,0.059
45200,42,automotive inspections,Sometimes,Some use this,5,0.059
45200,42,website design and development,Sometimes,Some use this,5,0.059
45200,42,"information, advisory and consultancy services relating to the aforesaid.",Sometimes,Some use this,5,0.059
45200,39,motor vehicle rental,Always,Most use this,8,0.129
45200,39,vehicle storage,Always,Most use this,8,0.129
45200,39,automobile vehicle leasing services,Sometimes,Some use this,7,0.113
45200,39,vehicle transport services,Sometimes,Some use this,7,0.113
45200,39,motor vehicle transport services,Sometimes,Some use this,7,0.113
45200,39,vehicle rental services,Sometimes,Some use this,7,0.113
45200,39,vehicle recovery,Sometimes,Some use this,7,0.113
45200,39,chauffeur driven car hire services,Sometimes,Some use this,6,0.097
45200,39,vehicle hire services,Sometimes,Some use this,6,0.097
45200,39,vehicle parking,Sometimes,Some use this,6,0.097
45200,39,vehicle rental,Sometimes,Some use this,6,0.097
45200,39,vehicle breakdown recovery services,Sometimes,Some use this,6,0.097
45200,39,truck and vehicle rental,Sometimes,Some use this,6,0.097
45200,39,car hire services,Sometimes,Some use this,6,0.097
45200,39,rental and hire of vehicles,Sometimes,Some use this,5,0.081
45200,39,towing and transport of cars as part of vehicle breakdown services,Sometimes,Some use this,5,0.081
45200,39,vehicle rescue services,Sometimes,Some use this,5,0.081
45200,39,transport services,Sometimes,Some use this,5,0.081
45200,39,car transport,Sometimes,Some use this,5,0.081
45200,39,automobile vehicle renting services,Sometimes,Some use this,5,0.081
45200,39,transportation logistics,Sometimes,Some use this,5,0.081
45200,39,recovery services for vehicles,Sometimes,Some use this,5,0.081
45200,39,motor car transport services,Sometimes,Some use this,5,0.081
45200,39,rental of motor road vehicles,Sometimes,Some use this,5,0.081
45200,39,motor vehicle recovery services,Sometimes,Some use this,5,0.081
45200,9,software,Always,Most use this,10,0.233
45200,9,games software,Always,Most use this,6,0.14
45200,9,software applications,Always,Most use this,6,0.14
45200,9,car speakers,Always,Most use this,6,0.14
45200,9,mobile apps,Sometimes,Some use this,5,0.116
45200,9,software for managing marketing and sales performances,Sometimes,Some use this,5,0.116
45200,9,computer software platforms,Sometimes,Some use this,5,0.116
45200,9,driver assistance systems for motor vehicles,Sometimes,Some use this,5,0.116
45200,9,software for sales management,Sometimes,Some use this,5,0.116
45200,9,car stereos,Sometimes,Some use this,5,0.116
45200,9,software for customer relationship management,Sometimes,Some use this,5,0.116
45200,9,gaming software for educational and training purposes,Sometimes,Some use this,5,0.116
45200,9,software for business management,Sometimes,Some use this,5,0.116
45200,9,computerized vehicle engine analyzers,Sometimes,Some use this,4,0.093
45200,9,usb sticks,Sometimes,Some use this,4,0.093
45200,9,car radios,Sometimes,Some use this,4,0.093
45200,9,parts and fittings for all the above goods.,Sometimes,Some use this,4,0.093
45200,9,computer software,Sometimes,Some use this,4,0.093
45200,9,testing software,Sometimes,Some use this,4,0.093
45200,9,vehicle tracking systems,Sometimes,Some use this,4,0.093
45200,9,car televisions,Sometimes,Some use this,4,0.093
45200,9,car telephones,Sometimes,Some use this,4,0.093
45200,9,car charger,Sometimes,Some use this,3,0.07
45200,9,computer hardware for tracking driver behaviour,Sometimes,Some use this,3,0.07
45200,9,software for remote diagnostics,Sometimes,Some use this,3,0.07
45200,36,financial services,Always,Most use this,9,0.243
45200,36,estate agency services for domestic dwellings,Always,Most use this,7,0.189
45200,36,insurance services,Always,Most use this,7,0.189
45200,36,credit services,Always,Most use this,6,0.162
45200,36,loans.,Always,Most use this,5,0.135
45200,36,vehicle warranty services,Always,Most use this,5,0.135
45200,36,lease purchase financing of motor vehicles,Sometimes,Some use this,4,0.108
45200,36,vehicle warranties,Sometimes,Some use this,4,0.108
45200,36,financing of loans and mortgages,Sometimes,Some use this,4,0.108
45200,36,commercial vehicle financing,Sometimes,Some use this,3,0.081
45200,36,insurance services relating to vehicles,Sometimes,Some use this,3,0.081
45200,36,"all the aforesaid relating to the sale, hire and leasing of motor land vehicles.",Sometimes,Some use this,3,0.081
45200,36,motor vehicle insurance services,Sometimes,Some use this,3,0.081
45200,36,finance services,Sometimes,Some use this,3,0.081
45200,36,information and consultancy services relating to insurance services,Sometimes,Some use this,3,0.081
45200,36,"arrangement of finance for leasing, hire-purchase and contract-hire",Sometimes,Some use this,3,0.081
45200,36,providing homes for rental,Sometimes,Some use this,2,0.054
45200,36,real estate valuations,Sometimes,Some use this,2,0.054
45200,36,warranty services for road vehicles.,Sometimes,Some use this,2,0.054
45200,36,"hire purchase, financing",Sometimes,Some use this,2,0.054
45200,36,instalment loans,Sometimes,Some use this,2,0.054
45200,36,financial services relating to motor vehicles,Sometimes,Some use this,2,0.054
45200,36,advisory and consultation services for all the aforesaid services.,Sometimes,Some use this,2,0.054
45200,36,"consultancy, advisory and information services for all the above services.",Sometimes,Some use this,2,0.054
45200,36,arranging of finance and loans,Sometimes,Some use this,2,0.054
45200,40,customisation of motor vehicles.,Always,Most use this,4,0.133
45200,40,tinting of car windows,Always,Most use this,4,0.133
45200,40,custom manufacture and assembly services,Sometimes,Some use this,3,0.1
45200,40,vehicular modification services,Sometimes,Some use this,3,0.1
45200,40,custom manufacture and assembly services for vehicles and conveyances,Sometimes,Some use this,3,0.1
45200,40,vinyl wrapping of vehicles,Sometimes,Some use this,3,0.1
45200,40,hand assembly services for bespoke vehicles,Sometimes,Some use this,3,0.1
45200,40,"information, advisory and consultancy services relating to the aforesaid.",Sometimes,Some use this,3,0.1
45200,40,custom-built and bespoke automobiles,Sometimes,Some use this,2,0.067
45200,40,custom manufacturing of vehicle parts and accessories,Sometimes,Some use this,2,0.067
45200,40,custom tailoring of vehicles,Sometimes,Some use this,2,0.067
45200,40,metal fabrication and finishing services.,Sometimes,Some use this,2,0.067
45200,40,"information, consultancy and advice relating to any of the aforesaid services.",Sometimes,Some use this,2,0.067
45200,40,custom building of automobile engines,Sometimes,Some use this,2,0.067
45200,40,metal fabrication and finishing services,Sometimes,Some use this,2,0.067
45200,40,custom modification of vehicles,Sometimes,Some use this,2,0.067
45200,40,custom vehicle modification.,Sometimes,Some use this,2,0.067
45200,40,custom vehicle manufacture,Sometimes,Some use this,2,0.067
45200,40,custom motor vehicles,Sometimes,Some use this,2,0.067
45200,40,custom manufacturing of vehicles,Sometimes,Some use this,2,0.067
45200,40,custom assembling of automobile bodies and chassis for others,Sometimes,Some use this,2,0.067
45200,40,custom assembling of vehicles,Sometimes,Some use this,2,0.067
45200,40,customisation of automobiles,Sometimes,Some use this,2,0.067
45200,40,annealing of surfaces of machine parts (services for the -),Sometimes,A few have this,1,0.033
45200,40,die-casting of metals.,Sometimes,A few have this,1,0.033
43910,37,roofing services,Always,All use this,29,0.387
43910,37,roofing repair,Always,All use this,26,0.347
43910,37,roofing installation,Always,All use this,23,0.307
43910,37,repair of roofing,Always,Most use this,20,0.267
43910,37,installation of roofing,Always,Most use this,19,0.253
43910,37,roof installation services,Always,Most use this,17,0.227
43910,37,repair of roofs,Always,Most use this,17,0.227
43910,37,insulation of roofing,Always,Most use this,17,0.227
43910,37,roof repair,Always,Most use this,17,0.227
43910,37,maintaining and repair of roof guttering,Always,Most use this,15,0.2
43910,37,construction services,Always,Most use this,14,0.187
43910,37,resurfacing of roofs,Always,Most use this,13,0.173
43910,37,installation of roof timbering,Always,Most use this,11,0.147
43910,37,building and construction services,Always,Most use this,10,0.133
43910,37,building services,Always,Most use this,9,0.12
43910,37,building construction,Sometimes,Some use this,7,0.093
43910,37,installation of non-residential solar panel power systems,Sometimes,Some use this,7,0.093
43910,37,installation of residential solar panel power systems,Sometimes,Some use this,7,0.093
43910,37,roof restoration,Sometimes,Some use this,7,0.093
43910,37,building construction and repair,Sometimes,Some use this,7,0.093
43910,37,installation of solar powered systems,Sometimes,Some use this,7,0.093
43910,37,construction,Sometimes,Some use this,6,0.08
43910,37,consultancy relating to residential and building construction,Sometimes,Some use this,6,0.08
43910,37,"building, construction and demolition",Sometimes,Some use this,6,0.08
43910,37,plumbing and glazing services,Sometimes,Some use this,6,0.08
43910,19,roofing materials,Always,Most use this,10,0.27
43910,19,roofing membranes,Always,Most use this,10,0.27
43910,19,clay roofing tiles,Always,Most use this,9,0.243
43910,19,ceramic roofing tiles,Always,Most use this,8,0.216
43910,19,non-metal roof coverings,Always,Most use this,8,0.216
43910,19,cement mortar roofing tiles,Always,Most use this,8,0.216
43910,19,non-metal roofing,Always,Most use this,7,0.189
43910,19,non-metal roof trusses,Always,Most use this,7,0.189
43910,19,roofing felts,Always,Most use this,7,0.189
43910,19,roofing slates,Always,Most use this,7,0.189
43910,19,bituminous sealing membranes,Always,Most use this,7,0.189
43910,19,roofing underlayment,Always,Most use this,7,0.189
43910,19,pvc roofing membrane,Always,Most use this,6,0.162
43910,19,non-metal roof flashing,Always,Most use this,6,0.162
43910,19,roofing fabrics,Always,Most use this,6,0.162
43910,19,building materials (non-metallic),Always,Most use this,6,0.162
43910,19,"roofing, not of metal, incorporating solar cells",Always,Most use this,6,0.162
43910,19,"roof coverings, not of metal.",Always,Most use this,5,0.135
43910,19,roofing tiles (non-metallic -),Always,Most use this,5,0.135
43910,19,roofing (non-metallic -),Always,Most use this,5,0.135
43910,19,glazed roof panels (non-metallic frame),Always,Most use this,5,0.135
43910,19,roof materials (non-metallic),Always,Most use this,5,0.135
43910,19,roofing materials (non-metallic -),Always,Most use this,5,0.135
43910,19,bituminous preparations,Always,Most use this,5,0.135
43910,19,non-metallic fabrics for the reinforcement of roofs,Always,Most use this,5,0.135
43910,6,pipes and tubes of metal,Always,Most use this,4,0.211
43910,6,cladding panels of metal for roofing,Always,Most use this,4,0.211
43910,6,common metals and their alloys,Always,Most use this,4,0.211
43910,6,roofing materials of metal,Always,Most use this,4,0.211
43910,6,non-electric cables and wires of common metal,Always,Most use this,4,0.211
43910,6,support fixings of metal for building structures,Always,Most use this,3,0.158
43910,6,beams (metal- ) for building purposes,Always,Most use this,3,0.158
43910,6,metallic windows and doors,Always,Most use this,3,0.158
43910,6,"ironmongery, small items of metal hardware",Always,Most use this,3,0.158
43910,6,metal roofing,Always,Most use this,3,0.158
43910,6,beams of common metal for formwork systems,Always,Most use this,3,0.158
43910,6,parts and fittings for all the aforesaid goods.,Always,Most use this,3,0.158
43910,6,prefabricated building elements of metal for sale in kit form,Always,Most use this,3,0.158
43910,6,insulation fixing apparatus of metal,Always,Most use this,3,0.158
43910,6,metal building materials,Always,Most use this,3,0.158
43910,6,metallic framed conservatories,Always,Most use this,3,0.158
43910,6,roofing of metal,Always,Most use this,3,0.158
43910,6,roofing sheets of metal,Always,Most use this,3,0.158
43910,6,"roofing of metal, incorporating solar cells",Always,Most use this,3,0.158
43910,6,pre-formed insulation components [metal building materials],Always,Most use this,3,0.158
43910,6,roof materials of metal,Sometimes,Some use this,2,0.105
43910,6,roofing tiles of metal,Sometimes,Some use this,2,0.105
43910,6,mounting frames of metal for solar panels,Sometimes,Some use this,2,0.105
43910,6,hips of metal for roofing,Sometimes,Some use this,2,0.105
43910,6,roof flashing of metal,Sometimes,Some use this,2,0.105
43910,17,plastics in extruded form for use in manufacture,Always,All use this,8,0.444
43910,17,insulation material for roofing,Always,All use this,7,0.389
43910,17,"rubber, gutta-percha, gum, asbestos, mica",Always,All use this,6,0.333
43910,17,insulating refractory materials,Always,All use this,6,0.333
43910,17,adhesive sealants for use in roofing,Always,Most use this,5,0.278
43910,17,"insulating boards, panels, sheets and membranes",Always,Most use this,5,0.278
43910,17,junctions for pipes,Always,Most use this,5,0.278
43910,17,"packing, stopping and insulating materials",Always,Most use this,5,0.278
43910,17,insulating material for roofing,Always,Most use this,5,0.278
43910,17,substances for insulating against moisture,Always,Most use this,5,0.278
43910,17,adhesives sealants for use in roofing,Always,Most use this,5,0.278
43910,17,insulation sheets,Always,Most use this,4,0.222
43910,17,insulating materials for insulation against heat,Always,Most use this,4,0.222
43910,17,insulation (metal foil for- ),Always,Most use this,3,0.167
43910,17,semi-finished plastics materials for use in further manufacture,Always,Most use this,3,0.167
43910,17,insulation materials in the form of moulded articles,Always,Most use this,3,0.167
43910,17,insulation materials in the form of boards,Always,Most use this,3,0.167
43910,17,insulating apparatus for heat insulation,Always,Most use this,3,0.167
43910,17,stopping and insulating materials,Always,Most use this,3,0.167
43910,17,insulating polymeric materials for thermic insulation,Always,Most use this,3,0.167
43910,17,flexible non-metallic pipes,Always,Most use this,3,0.167
43910,17,insulating paints for roofing.   .,Always,Most use this,3,0.167
43910,17,waterproof sealants,Sometimes,Some use this,2,0.111
43910,17,adhesive sealing strip for roofing joints,Sometimes,Some use this,2,0.111
43910,17,insulating paints for roofs,Sometimes,Some use this,2,0.111
43910,9,solar panels,Always,All use this,9,0.75
43910,9,solar panel arrays,Always,All use this,9,0.75
43910,9,photovoltaic solar modules,Always,All use this,8,0.667
43910,9,solar panels for the production of electricity,Always,All use this,7,0.583
43910,9,solar cells for electricity generation,Always,All use this,7,0.583
43910,9,solar panels for electricity generation,Always,All use this,7,0.583
43910,9,photovoltaic apparatus and installations for generating solar electricity,Always,All use this,6,0.5
43910,9,solar panel cells,Always,All use this,4,0.333
43910,9,solar modules,Always,All use this,4,0.333
43910,9,photovoltaic apparatus for converting solar radiation to electrical energy.,Always,All use this,4,0.333
43910,9,solar energy collectors for electricity generation,Always,All use this,4,0.333
43910,9,solar panels for production of electricity,Always,All use this,4,0.333
43910,9,solar batteries,Always,All use this,4,0.333
43910,9,solar cells,Always,All use this,4,0.333
43910,9,solar battery chargers,Always,Most use this,3,0.25
43910,9,leak test units.,Always,Most use this,2,0.167
43910,9,inverters used in solar power generation,Always,Most use this,2,0.167
43910,9,solar cell plates,Always,Most use this,2,0.167
43910,9,solar cell panels,Always,Most use this,2,0.167
43910,9,water level detection apparatus,Always,Most use this,2,0.167
43910,9,vapour monitoring apparatus for the detection of leaks,Always,Most use this,2,0.167
43910,9,leak detectors,Always,Most use this,2,0.167
43910,9,photovoltaic apparatus for converting solar radiation to electrical energy,Always,Most use this,2,0.167
43910,9,photovoltaic modules,Always,Most use this,2,0.167
43910,9,leak testing apparatus,Always,Most use this,2,0.167
43910,42,architecture,Always,All use this,5,0.455
43910,42,building design services,Always,All use this,5,0.455
43910,42,research relating to buildings,Always,All use this,5,0.455
43910,42,design services for architecture,Always,All use this,5,0.455
43910,42,design of building exteriors,Always,All use this,5,0.455
43910,42,architecture services,Always,All use this,5,0.455
43910,42,construction design,Always,Most use this,2,0.182
43910,42,development of construction projects.,Always,Most use this,2,0.182
43910,42,professional consultancy relating to energy efficiency in buildings,Sometimes,Some use this,1,0.091
43910,42,research in the field of energy.,Sometimes,Some use this,1,0.091
43910,42,quality testing,Sometimes,Some use this,1,0.091
43910,42,surveying,Sometimes,Some use this,1,0.091
43910,42,roofing surveyors and consultants,Sometimes,Some use this,1,0.091
43910,42,"kitchen, bathroom and interior design services",Sometimes,Some use this,1,0.091
43910,42,advisory services relating to energy efficiency,Sometimes,Some use this,1,0.091
43910,42,advisory services relating to all of the above.,Sometimes,Some use this,1,0.091
43910,42,inspection of buildings,Sometimes,Some use this,1,0.091
43910,42,technical testing,Sometimes,Some use this,1,0.091
43910,42,drone roof and building inspections and surveys .,Sometimes,Some use this,1,0.091
43910,42,material testing for fault detection.,Sometimes,Some use this,1,0.091
43910,42,professional consultancy relating to the conservation of energy,Sometimes,Some use this,1,0.091
43910,42,quality checking and testing,Sometimes,Some use this,1,0.091
43910,42,certification services for the energy efficiency of buildings,Sometimes,Some use this,1,0.091
43910,42,energy auditing,Sometimes,Some use this,1,0.091
47110,35,retail services relating to food,Always,Most use this,40,0.149
47110,35,advertising,Sometimes,Some use this,32,0.119
47110,35,business management,Sometimes,Some use this,31,0.116
47110,35,business administration,Sometimes,Some use this,28,0.104
47110,35,retail services in relation to confectionery,Sometimes,Some use this,28,0.104
47110,35,retail services in relation to non-alcoholic beverages,Sometimes,Some use this,26,0.097
47110,35,retail services in relation to bakery products,Sometimes,Some use this,25,0.093
47110,35,office functions,Sometimes,Some use this,23,0.086
47110,35,retail services in relation to foodstuffs,Sometimes,Some use this,23,0.086
47110,35,retail services in relation to dairy products,Sometimes,Some use this,23,0.086
47110,35,retail services relating to bakery products,Sometimes,Some use this,22,0.082
47110,35,price comparison services,Sometimes,Some use this,22,0.082
47110,35,retail services in relation to beer,Sometimes,Some use this,21,0.078
47110,35,retail services in relation to chocolate,Sometimes,Some use this,21,0.078
47110,35,retail services in relation to tobacco,Sometimes,Some use this,20,0.075
47110,35,business management of wholesale and retail outlets,Sometimes,Some use this,19,0.071
47110,35,retail services in relation to coffee,Sometimes,Some use this,19,0.071
47110,35,retail services in relation to teas,Sometimes,Some use this,19,0.071
47110,35,rental of advertising space,Sometimes,Some use this,19,0.071
47110,35,"advertising, marketing and promotional services",Sometimes,Some use this,19,0.071
47110,35,retail services in relation to pet products,Sometimes,Some use this,19,0.071
47110,35,"presentation of goods on communication media, for retail purposes",Sometimes,Some use this,19,0.071
47110,35,business management of retail outlets,Sometimes,Some use this,19,0.071
47110,35,unmanned retail store services relating to food,Sometimes,Some use this,18,0.067
47110,35,retail services in relation to toiletries,Sometimes,Some use this,18,0.067
47110,30,spices,Always,Most use this,69,0.266
47110,30,coffee,Always,Most use this,63,0.243
47110,30,chocolate,Always,Most use this,62,0.239
47110,30,seasonings,Always,Most use this,55,0.212
47110,30,rice,Always,Most use this,52,0.201
47110,30,confectionery,Always,Most use this,49,0.189
47110,30,flour and preparations made from cereals,Always,Most use this,48,0.185
47110,30,noodles,Always,Most use this,47,0.181
47110,30,mayonnaise,Always,Most use this,45,0.174
47110,30,condiments,Always,Most use this,45,0.174
47110,30,cakes,Always,Most use this,43,0.166
47110,30,mustard,Always,Most use this,42,0.162
47110,30,pasta,Always,Most use this,41,0.158
47110,30,sandwiches,Always,Most use this,41,0.158
47110,30,salt,Always,Most use this,41,0.158
47110,30,biscuits,Always,Most use this,41,0.158
47110,30,pastries,Always,Most use this,40,0.154
47110,30,rice cakes,Always,Most use this,39,0.151
47110,30,yeast,Always,Most use this,39,0.151
47110,30,sauces [condiments],Always,Most use this,38,0.147
47110,30,sweets,Always,Most use this,37,0.143
47110,30,sugar,Always,Most use this,37,0.143
47110,30,tea-based beverages,Always,Most use this,36,0.139
47110,30,sauces,Always,Most use this,36,0.139
47110,30,vinegar,Always,Most use this,36,0.139
47110,29,meat extracts,Always,All use this,57,0.302
47110,29,eggs,Always,All use this,57,0.302
47110,29,pickles,Always,Most use this,53,0.28
47110,29,soups,Always,Most use this,48,0.254
47110,29,"meat, fish, poultry and game",Always,Most use this,45,0.238
47110,29,prepared salads,Always,Most use this,41,0.217
47110,29,tofu,Always,Most use this,41,0.217
47110,29,edible oils and fats,Always,Most use this,39,0.206
47110,29,butter,Always,Most use this,37,0.196
47110,29,soya milk,Always,Most use this,36,0.19
47110,29,sausages,Always,Most use this,36,0.19
47110,29,fruit salads,Always,Most use this,36,0.19
47110,29,milk products,Always,Most use this,35,0.185
47110,29,cheese,Always,Most use this,33,0.175
47110,29,fruit-based snack food,Always,Most use this,33,0.175
47110,29,compotes,Always,Most use this,32,0.169
47110,29,"jellies, jams, compotes",Always,Most use this,32,0.169
47110,29,peanut butter,Always,Most use this,31,0.164
47110,29,fruit desserts,Always,Most use this,31,0.164
47110,29,coconut milk,Always,Most use this,31,0.164
47110,29,pork,Always,Most use this,30,0.159
47110,29,frozen fruits,Always,Most use this,30,0.159
47110,29,fruit snacks,Always,Most use this,29,0.153
47110,29,olive oil,Always,Most use this,28,0.148
47110,29,bacon,Always,Most use this,28,0.148
47110,32,non-alcoholic beverages,Always,All use this,73,0.537
47110,32,beers,Always,All use this,56,0.412
47110,32,carbonated non-alcoholic drinks,Always,All use this,46,0.338
47110,32,soft drinks,Always,All use this,41,0.301
47110,32,fruit beverages and fruit juices,Always,Most use this,39,0.287
47110,32,energy drinks,Always,Most use this,39,0.287
47110,32,non-alcoholic drinks,Always,Most use this,36,0.265
47110,32,mineral and aerated waters,Always,Most use this,33,0.243
47110,32,sports drinks,Always,Most use this,31,0.228
47110,32,isotonic beverages,Always,Most use this,30,0.221
47110,32,non-alcoholic fruit drinks,Always,Most use this,30,0.221
47110,32,aerated water,Always,Most use this,30,0.221
47110,32,non-alcoholic fruit juice beverages,Always,Most use this,29,0.213
47110,32,fruit drinks and fruit juices,Always,Most use this,29,0.213
47110,32,non-alcoholic cocktails,Always,Most use this,29,0.213
47110,32,fruit drinks,Always,Most use this,28,0.206
47110,32,syrups and other preparations for making beverages,Always,Most use this,27,0.199
47110,32,beverages (non-alcoholic -),Always,Most use this,26,0.191
47110,32,beer,Always,Most use this,25,0.184
47110,32,lager,Always,Most use this,24,0.176
47110,32,non-alcoholic beverages flavored with coffee,Always,Most use this,23,0.169
47110,32,non-alcoholic beverages flavored with tea,Always,Most use this,23,0.169
47110,32,non-alcoholic soda beverages flavoured with tea,Always,Most use this,23,0.169
47110,32,non-alcoholic beverages flavoured with coffee,Always,Most use this,23,0.169
47110,32,beverages containing vitamins,Always,Most use this,23,0.169
47110,43,catering services,Always,Most use this,36,0.286
47110,43,food and drink catering,Always,Most use this,31,0.246
47110,43,services for providing food and drink,Always,Most use this,29,0.23
47110,43,restaurant services,Always,Most use this,28,0.222
47110,43,providing food and drink,Always,Most use this,26,0.206
47110,43,provision of food and beverages,Always,Most use this,22,0.175
47110,43,take-away restaurant services,Always,Most use this,21,0.167
47110,43,catering of food and drink,Always,Most use this,21,0.167
47110,43,self-service restaurant services,Always,Most use this,20,0.159
47110,43,serving food and drinks,Always,Most use this,20,0.159
47110,43,take-away food and drink services,Always,Most use this,20,0.159
47110,43,takeaway food and drink services,Always,Most use this,20,0.159
47110,43,catering (food and drink -),Always,Most use this,18,0.143
47110,43,preparation of food and beverages,Always,Most use this,18,0.143
47110,43,catering of food and drinks,Always,Most use this,17,0.135
47110,43,hospitality services [food and drink],Always,Most use this,17,0.135
47110,43,catering for the provision of food and drink,Always,Most use this,17,0.135
47110,43,providing food and drink in restaurants and bars,Always,Most use this,16,0.127
47110,43,provision of food and drink,Always,Most use this,16,0.127
47110,43,self-service restaurants,Always,Most use this,16,0.127
47110,43,providing food and drink for guests in restaurants,Always,Most use this,16,0.127
47110,43,serving food and drink for guests in restaurants,Always,Most use this,16,0.127
47110,43,preparation of food and drink,Always,Most use this,16,0.127
47110,43,food and drink catering for banquets,Sometimes,Some use this,15,0.119
47110,43,catering services for the provision of food and drink,Sometimes,Some use this,15,0.119
47110,33,vodka,Always,Most use this,35,0.299
47110,33,liqueurs,Always,Most use this,32,0.274
47110,33,alcoholic beverages (except beers),Always,Most use this,31,0.265
47110,33,wines,Always,Most use this,29,0.248
47110,33,"pre-mixed alcoholic beverages, other than beer-based",Always,Most use this,29,0.248
47110,33,whisky,Always,Most use this,28,0.239
47110,33,cocktails,Always,Most use this,28,0.239
47110,33,alcoholic cocktails,Always,Most use this,27,0.231
47110,33,spirits [beverages],Always,Most use this,26,0.222
47110,33,wine,Always,Most use this,26,0.222
47110,33,alcoholic beverages containing fruit,Always,Most use this,26,0.222
47110,33,brandy,Always,Most use this,25,0.214
47110,33,distilled beverages,Always,Most use this,24,0.205
47110,33,spirits,Always,Most use this,23,0.197
47110,33,alcoholic beverages (except beer),Always,Most use this,23,0.197
47110,33,aperitifs,Always,Most use this,23,0.197
47110,33,sparkling wines,Always,Most use this,22,0.188
47110,33,alcoholic fruit cocktail drinks,Always,Most use this,21,0.179
47110,33,pre-mixed alcoholic beverages,Always,Most use this,21,0.179
47110,33,cider,Always,Most use this,20,0.171
47110,33,tequila,Always,Most use this,19,0.162
47110,33,malt whisky,Always,Most use this,19,0.162
47110,33,low alcoholic drinks,Always,Most use this,19,0.162
47110,33,sake,Always,Most use this,19,0.162
47110,33,alcoholic extracts,Always,Most use this,18,0.154
47110,5,nutritional supplements,Always,All use this,51,0.548
47110,5,food supplements,Always,All use this,32,0.344
47110,5,protein supplements,Always,All use this,29,0.312
47110,5,vitamin supplements,Always,All use this,29,0.312
47110,5,vitamin and mineral supplements,Always,Most use this,26,0.28
47110,5,vitamin and mineral food supplements,Always,Most use this,25,0.269
47110,5,protein dietary supplements,Always,Most use this,22,0.237
47110,5,dietary supplements,Always,Most use this,22,0.237
47110,5,dietary and nutritional supplements,Always,Most use this,19,0.204
47110,5,herbal supplements,Always,Most use this,19,0.204
47110,5,nutritional supplement energy bars,Always,Most use this,19,0.204
47110,5,dietary supplements consisting of vitamins,Always,Most use this,19,0.204
47110,5,powdered nutritional supplement drink mix,Always,Most use this,19,0.204
47110,5,disinfectants,Always,Most use this,17,0.183
47110,5,mineral dietary supplements,Always,Most use this,17,0.183
47110,5,probiotic supplements,Always,Most use this,16,0.172
47110,5,dietary supplements for humans,Always,Most use this,16,0.172
47110,5,vitamin preparations,Always,Most use this,15,0.161
47110,5,dietary food supplements,Always,Most use this,15,0.161
47110,5,whey protein dietary supplements,Always,Most use this,15,0.161
47110,5,dietary supplement drinks,Always,Most use this,14,0.151
47110,5,dietetic beverages adapted for medical purposes,Always,Most use this,14,0.151
47110,5,prebiotic supplements,Always,Most use this,14,0.151
47110,5,liquid nutritional supplements,Always,Most use this,14,0.151
47110,5,powdered nutritional supplement energy drink mix,Always,Most use this,14,0.151
47110,39,packaging and storage of goods,Always,Most use this,24,0.261
47110,39,delivery services,Always,Most use this,17,0.185
47110,39,transport,Always,Most use this,15,0.163
47110,39,food delivery,Always,Most use this,13,0.141
47110,39,transport and delivery of goods,Always,Most use this,12,0.13
47110,39,travel arrangement,Sometimes,Some use this,11,0.12
47110,39,transportation and delivery of goods,Sometimes,Some use this,10,0.109
47110,39,delivery of goods,Sometimes,Some use this,10,0.109
47110,39,transportation services,Sometimes,Some use this,9,0.098
47110,39,delivery of groceries,Sometimes,Some use this,9,0.098
47110,39,"advisory, information and consultancy services relating to all the aforesaid.",Sometimes,Some use this,9,0.098
47110,39,air transport of passengers,Sometimes,Some use this,8,0.087
47110,39,air transportation services for passengers,Sometimes,Some use this,8,0.087
47110,39,air transportation of passengers,Sometimes,Some use this,8,0.087
47110,39,transportation of passengers by air,Sometimes,Some use this,8,0.087
47110,39,transportation by air of passengers,Sometimes,Some use this,8,0.087
47110,39,air transportation,Sometimes,Some use this,7,0.076
47110,39,air transport,Sometimes,Some use this,7,0.076
47110,39,travel and passenger transportation,Sometimes,Some use this,7,0.076
47110,39,air travel services,Sometimes,Some use this,7,0.076
47110,39,passenger transportation services by air,Sometimes,Some use this,7,0.076
47110,39,transport of passengers by air,Sometimes,Some use this,7,0.076
47110,39,air transport services,Sometimes,Some use this,7,0.076
47110,39,air passenger transport services,Sometimes,Some use this,7,0.076
47110,39,air transportation services,Sometimes,Some use this,7,0.076
47520,19,ceramic tiles for external walls,Sometimes,Some use this,5,0.077
47520,19,building materials (non-metallic),Sometimes,Some use this,5,0.077
47520,19,ceramic tiles,Sometimes,Some use this,5,0.077
47520,19,non-metallic building materials,Sometimes,Some use this,5,0.077
47520,19,ceramic tiles for external floors,Sometimes,Some use this,5,0.077
47520,19,mosaic tiles,Sometimes,Some use this,5,0.077
47520,19,ceramic floor tiles,Sometimes,Some use this,5,0.077
47520,19,flooring tiles (non-metallic -),Sometimes,Some use this,4,0.062
47520,19,"tile flooring, not of metal",Sometimes,Some use this,4,0.062
47520,19,"tiles, not of metal, for building",Sometimes,Some use this,4,0.062
47520,19,quarry tiles,Sometimes,Some use this,4,0.062
47520,19,glass tiles,Sometimes,Some use this,4,0.062
47520,19,non-metallic paving tiles,Sometimes,Some use this,4,0.062
47520,19,ceramic wall tiles,Sometimes,Some use this,4,0.062
47520,19,terra-cotta floor tiles,Sometimes,Some use this,4,0.062
47520,19,"floor tiles, not of metal",Sometimes,Some use this,4,0.062
47520,19,ceramic tiles for flooring of building,Sometimes,Some use this,4,0.062
47520,19,tiles of ceramic for floors,Sometimes,Some use this,4,0.062
47520,19,paver tiles,Sometimes,Some use this,4,0.062
47520,19,"wall tiles, not of metal, for building",Sometimes,Some use this,4,0.062
47520,19,ceramic tiles for covering floors,Sometimes,Some use this,4,0.062
47520,19,earthenware tiles,Sometimes,Some use this,4,0.062
47520,19,"tile floorings, not of metal",Sometimes,Some use this,4,0.062
47520,19,floor tiles (non-metallic -) for building,Sometimes,Some use this,4,0.062
47520,19,ceramic tiles for internal floors,Sometimes,Some use this,4,0.062
47520,35,wholesale services in relation to construction equipment,Sometimes,Some use this,5,0.098
47520,35,advertising,Sometimes,Some use this,5,0.098
47520,35,wholesale services in relation to wall coverings,Sometimes,Some use this,5,0.098
47520,35,retail and wholesale services connected with lighting apparatus,Sometimes,Some use this,4,0.078
47520,35,wholesale services in relation to furniture,Sometimes,Some use this,4,0.078
47520,35,wholesale services in relation to furnishings,Sometimes,Some use this,4,0.078
47520,35,wholesale services in relation to metal hardware.,Sometimes,Some use this,4,0.078
47520,35,wholesale services relating to furniture,Sometimes,Some use this,4,0.078
47520,35,retail and wholesale services connected with nails and screws,Sometimes,Some use this,4,0.078
47520,35,retail services in relation to wall coverings,Sometimes,Some use this,4,0.078
47520,35,business management,Sometimes,Some use this,4,0.078
47520,35,wholesale services in relation to floor coverings,Sometimes,Some use this,4,0.078
47520,35,"advice, information and consultancy in relation to the aforesaid services",Sometimes,Some use this,4,0.078
47520,35,retail services in relation to paints,Sometimes,Some use this,4,0.078
47520,35,retail services in relation to floor coverings,Sometimes,Some use this,4,0.078
47520,35,wholesale services in relation to lubricants,Sometimes,Some use this,4,0.078
47520,35,wholesale services in relation to heaters,Sometimes,Some use this,4,0.078
47520,35,presentation of companies on the internet and other media,Sometimes,Some use this,3,0.059
47520,35,retail services in relation to gardening products,Sometimes,Some use this,3,0.059
47520,35,online ordering services,Sometimes,Some use this,3,0.059
47520,35,business management services,Sometimes,A few have this,2,0.039
47520,35,wholesale ordering services.,Sometimes,A few have this,2,0.039
47520,35,retail services in relation to lubricants,Sometimes,A few have this,2,0.039
47520,35,compilation of company information,Sometimes,A few have this,2,0.039
47520,35,business management advisory services,Sometimes,A few have this,2,0.039
47520,6,metal hardware,Always,Most use this,9,0.237
47520,6,screws of metal,Always,Most use this,6,0.158
47520,6,metal bolts [fasteners],Always,Most use this,5,0.132
47520,6,ironmongery,Always,Most use this,5,0.132
47520,6,door handles of metal,Always,Most use this,5,0.132
47520,6,small items of metal hardware,Always,Most use this,5,0.132
47520,6,metal expanding sleeves for affixing screws,Always,Most use this,5,0.132
47520,6,"door fittings, of metal",Always,Most use this,5,0.132
47520,6,lock bolts of metal,Always,Most use this,5,0.132
47520,6,lock bolts,Always,Most use this,5,0.132
47520,6,"nuts, bolts and fasteners, of metal",Always,Most use this,5,0.132
47520,6,metal ironmongery,Sometimes,Some use this,4,0.105
47520,6,"door, window, cabinet and draw catches",Sometimes,Some use this,4,0.105
47520,6,door hardware (metal -),Sometimes,Some use this,4,0.105
47520,6,building and construction materials and elements of metal,Sometimes,Some use this,4,0.105
47520,6,building components of metal,Sometimes,Some use this,4,0.105
47520,6,staircases of metal,Sometimes,Some use this,4,0.105
47520,6,hooks [metal hardware],Sometimes,Some use this,4,0.105
47520,6,bolts of metal,Sometimes,Some use this,4,0.105
47520,6,stair treads [steps] of metal,Sometimes,Some use this,4,0.105
47520,6,sash fasteners of metal for windows,Sometimes,Some use this,4,0.105
47520,6,screw threaded fasteners of metal,Sometimes,Some use this,4,0.105
47520,6,binding screws of metal for cables,Sometimes,Some use this,4,0.105
47520,6,screw bolts of metal,Sometimes,Some use this,4,0.105
47520,6,metal bolts for locking doors,Sometimes,Some use this,4,0.105
47520,2,paints,Always,All use this,17,0.436
47520,2,paint,Always,All use this,15,0.385
47520,2,varnishes,Always,Most use this,11,0.282
47520,2,pigments,Always,Most use this,11,0.282
47520,2,paint sealers,Always,Most use this,11,0.282
47520,2,wood coatings [paints],Always,Most use this,11,0.282
47520,2,coatings [paints],Always,Most use this,10,0.256
47520,2,colorants,Always,Most use this,10,0.256
47520,2,dyes,Always,Most use this,10,0.256
47520,2,exterior paint,Always,Most use this,10,0.256
47520,2,decorating paints,Always,Most use this,9,0.231
47520,2,acrylic paints,Always,Most use this,9,0.231
47520,2,paint primers,Always,Most use this,9,0.231
47520,2,wall coatings [paint],Always,Most use this,9,0.231
47520,2,acrylic decorative coatings [in the nature of paint],Always,Most use this,9,0.231
47520,2,interior paints,Always,Most use this,9,0.231
47520,2,thinners for paints,Always,Most use this,9,0.231
47520,2,exterior paints,Always,Most use this,9,0.231
47520,2,interior paint,Always,Most use this,9,0.231
47520,2,varnish paints,Always,Most use this,9,0.231
47520,2,paint preparations,Always,Most use this,8,0.205
47520,2,house paint,Always,Most use this,8,0.205
47520,2,stains as paint,Always,Most use this,7,0.179
47520,2,solvent free paint,Always,Most use this,7,0.179
47520,2,lacquers,Always,Most use this,7,0.179
47520,20,furniture,Always,Most use this,7,0.212
47520,20,"door, window, cabinet and draw catches",Always,Most use this,4,0.121
47520,20,cabinets,Sometimes,Some use this,3,0.091
47520,20,"screw threaded fasteners, not of metal",Sometimes,Some use this,3,0.091
47520,20,"screw bolts, not of metal",Sometimes,Some use this,3,0.091
47520,20,wood screws (non-metallic -),Sometimes,Some use this,3,0.091
47520,20,"screws, not of metal",Sometimes,Some use this,3,0.091
47520,20,non-metallic signage,Sometimes,Some use this,2,0.061
47520,20,plastic listellos (borders) for tiling,Sometimes,Some use this,2,0.061
47520,20,straps,Sometimes,Some use this,2,0.061
47520,20,non-metal locks and keys,Sometimes,Some use this,2,0.061
47520,20,household furniture,Sometimes,Some use this,2,0.061
47520,20,"fixings, not of metal for furniture",Sometimes,Some use this,2,0.061
47520,20,"furniture handles, not of metal",Sometimes,Some use this,2,0.061
47520,20,plastic corner protectors for tiling,Sometimes,Some use this,2,0.061
47520,20,door holders,Sometimes,Some use this,2,0.061
47520,20,tile levelling strips not of metal,Sometimes,Some use this,2,0.061
47520,20,self-drilling non-metallic bolts,Sometimes,Some use this,2,0.061
47520,20,bedroom furniture,Sometimes,Some use this,2,0.061
47520,20,"door, window, cabinet and draw handles",Sometimes,Some use this,2,0.061
47520,20,dressing tables,Sometimes,Some use this,2,0.061
47520,20,desks,Sometimes,Some use this,2,0.061
47520,20,non-metal tile trims,Sometimes,Some use this,2,0.061
47520,20,"furniture and cabinets made of wood, plastic or other non-metal materials.",Sometimes,Some use this,2,0.061
47520,20,"screw inserts, not of metal",Sometimes,Some use this,2,0.061
47520,17,adhesive sealants,Always,Most use this,8,0.276
47520,17,silicone sealants,Always,Most use this,8,0.276
47520,17,waterproof sealants,Always,Most use this,8,0.276
47520,17,masking tapes,Always,Most use this,8,0.276
47520,17,"seals, sealants and fillers",Always,Most use this,8,0.276
47520,17,duct tape,Always,Most use this,7,0.241
47520,17,adhesive masking tape,Always,Most use this,5,0.172
47520,17,masking tape for industrial use,Always,Most use this,5,0.172
47520,17,adhesive sealants for general use,Always,Most use this,5,0.172
47520,17,masking tape,Always,Most use this,5,0.172
47520,17,polyurethane sealants,Always,Most use this,5,0.172
47520,17,sealants for sealing joints,Always,Most use this,4,0.138
47520,17,weatherstripping sealants in the nature of caulk,Always,Most use this,4,0.138
47520,17,silicone rubber sealants,Always,Most use this,4,0.138
47520,17,sealing putty,Always,Most use this,4,0.138
47520,17,carpet seaming tapes,Always,Most use this,4,0.138
47520,17,duct tapes,Always,Most use this,4,0.138
47520,17,insulating adhesives,Always,Most use this,4,0.138
47520,17,gaffer tape,Sometimes,Some use this,3,0.103
47520,17,rubber sealant for caulking and adhesive purposes,Sometimes,Some use this,3,0.103
47520,17,sealing compounds [mastics]. .,Sometimes,Some use this,3,0.103
47520,17,adhesive sealant compounds,Sometimes,Some use this,3,0.103
47520,17,adhesive tapes,Sometimes,Some use this,3,0.103
47520,17,general purpose silicone rubber sealant,Sometimes,Some use this,3,0.103
47520,17,adhesive sealants for use in roofing,Sometimes,Some use this,3,0.103
47520,21,ice cube molds,Always,Most use this,4,0.154
47520,21,towel rails and rings,Always,Most use this,4,0.154
47520,21,tableware,Always,Most use this,4,0.154
47520,21,oven mitts,Sometimes,Some use this,3,0.115
47520,21,microfiber cloths for cleaning,Sometimes,Some use this,3,0.115
47520,21,glass cups,Sometimes,Some use this,3,0.115
47520,21,household or kitchen containers,Sometimes,Some use this,3,0.115
47520,21,sponges,Sometimes,Some use this,3,0.115
47520,21,scrub sponges,Sometimes,Some use this,3,0.115
47520,21,funnels,Sometimes,Some use this,3,0.115
47520,21,glass bowls,Sometimes,Some use this,3,0.115
47520,21,rags [cloth] for cleaning,Sometimes,Some use this,3,0.115
47520,21,kitchen utensils,Sometimes,Some use this,3,0.115
47520,21,glassware for household purposes,Sometimes,Some use this,3,0.115
47520,21,household or kitchen utensils,Sometimes,Some use this,3,0.115
47520,21,scrubbing brushes,Sometimes,Some use this,3,0.115
47520,21,cosmetic utensils,Sometimes,Some use this,3,0.115
47520,21,containers for household or kitchen use,Sometimes,Some use this,3,0.115
47520,21,glass bottles,Sometimes,Some use this,3,0.115
47520,21,kitchen moulds,Sometimes,Some use this,3,0.115
47520,21,cleaning (rags [cloth] for -),Sometimes,Some use this,3,0.115
47520,21,cleaning cloth,Sometimes,Some use this,3,0.115
47520,21,sponges for household purposes,Sometimes,Some use this,2,0.077
47520,21,glass containers,Sometimes,Some use this,2,0.077
47520,21,kitchen graters,Sometimes,Some use this,2,0.077
47520,8,knives,Always,Most use this,7,0.292
47520,8,scrapers,Always,Most use this,6,0.25
47520,8,paint scrapers [hand tools],Always,Most use this,6,0.25
47520,8,scissors,Always,Most use this,6,0.25
47520,8,scraping tools [hand tools],Always,Most use this,5,0.208
47520,8,putty knives,Always,Most use this,5,0.208
47520,8,scrapers [hand tools],Always,Most use this,4,0.167
47520,8,filler knives,Always,Most use this,4,0.167
47520,8,filling knives,Always,Most use this,4,0.167
47520,8,graving tools [hand tools],Always,Most use this,4,0.167
47520,8,knife sharpeners,Always,Most use this,3,0.125
47520,8,disposable razors,Always,Most use this,3,0.125
47520,8,"cutlery, kitchen knives, and cutting implements for kitchen use",Always,Most use this,3,0.125
47520,8,"cutting, drilling, grinding, sharpening and surface treatment hand tools",Always,Most use this,3,0.125
47520,8,trimmers [hand operated tools],Always,Most use this,3,0.125
47520,8,knife sharpeners [hand operated tools],Always,Most use this,3,0.125
47520,8,putty knives [hand tools],Always,Most use this,3,0.125
47520,8,electric and battery-powered hair clippers,Always,Most use this,3,0.125
47520,8,electric fingernail polishers,Always,Most use this,3,0.125
47520,8,knives [hand tools],Always,Most use this,3,0.125
47520,8,mustache and beard trimmers,Always,Most use this,3,0.125
47520,8,sheaths for knives,Always,Most use this,3,0.125
47520,8,cutters,Always,Most use this,3,0.125
47520,8,depilation appliances,Always,Most use this,3,0.125
47520,8,"hair clippers for personal use, electric and non-electric",Always,Most use this,3,0.125
45310,12,parts and fittings for vehicles,Always,Most use this,37,0.202
45310,12,car body modification parts for sale in kit form,Always,Most use this,23,0.126
45310,12,axles [land vehicle parts],Always,Most use this,23,0.126
45310,12,parts and fittings for land vehicles,Always,Most use this,23,0.126
45310,12,vehicle bumpers,Sometimes,Some use this,21,0.115
45310,12,vehicles,Sometimes,Some use this,21,0.115
45310,12,bodywork parts for vehicles,Sometimes,Some use this,20,0.109
45310,12,gear boxes for hydraulic transmissions of land vehicles,Sometimes,Some use this,18,0.098
45310,12,vehicle disc brakes,Sometimes,Some use this,18,0.098
45310,12,suspension struts [vehicle parts],Sometimes,Some use this,17,0.093
45310,12,vehicle tyres,Sometimes,Some use this,17,0.093
45310,12,vehicle chassis,Sometimes,Some use this,17,0.093
45310,12,brake shoes for motor cars,Sometimes,Some use this,16,0.087
45310,12,wheels [land vehicle parts],Sometimes,Some use this,16,0.087
45310,12,bearings [parts of vehicles],Sometimes,Some use this,16,0.087
45310,12,tyres for vehicle wheels,Sometimes,Some use this,16,0.087
45310,12,brake drums,Sometimes,Some use this,16,0.087
45310,12,automotive vehicles,Sometimes,Some use this,15,0.082
45310,12,fenders [land vehicle parts],Sometimes,Some use this,15,0.082
45310,12,vehicle mirrors,Sometimes,Some use this,15,0.082
45310,12,tyres for trucks,Sometimes,Some use this,15,0.082
45310,12,wheels for vehicles,Sometimes,Some use this,15,0.082
45310,12,gear boxes for land vehicles,Sometimes,Some use this,14,0.077
45310,12,transmissions [land vehicle parts],Sometimes,Some use this,14,0.077
45310,12,structural parts for automobiles,Sometimes,Some use this,14,0.077
45310,35,retail services relating to automobile parts,Always,Most use this,15,0.127
45310,35,wholesale services relating to automobile parts,Sometimes,Some use this,14,0.119
45310,35,advertising,Sometimes,Some use this,11,0.093
45310,35,retail services relating to automobile parts.,Sometimes,Some use this,10,0.085
45310,35,business management,Sometimes,Some use this,10,0.085
45310,35,business administration,Sometimes,Some use this,9,0.076
45310,35,retail services in relation to car accessories,Sometimes,Some use this,9,0.076
45310,35,retail services relating to automobile accessories,Sometimes,Some use this,8,0.068
45310,35,wholesale services relating to automobile accessories,Sometimes,Some use this,6,0.051
45310,35,office functions,Sometimes,Some use this,6,0.051
45310,35,provision of an online marketplace for buyers and sellers of goods and services,Sometimes,Some use this,6,0.051
45310,35,online advertising services,Sometimes,Some use this,5,0.042
45310,35,retail services in relation to vehicles,Sometimes,Some use this,5,0.042
45310,35,online advertising,Sometimes,Some use this,5,0.042
45310,35,"advertising, promotional and marketing services",Sometimes,Some use this,5,0.042
45310,35,sales promotion for others,Sometimes,Some use this,5,0.042
45310,35,marketing services in the field of web site traffic optimization,Sometimes,A few have this,4,0.034
45310,35,retail services in relation to foodstuffs,Sometimes,A few have this,4,0.034
45310,35,advertising services,Sometimes,A few have this,4,0.034
45310,35,online marketing,Sometimes,A few have this,4,0.034
45310,35,advertising services relating to the sale of motor vehicles,Sometimes,A few have this,4,0.034
45310,35,advertising services relating to the motor vehicle industry,Sometimes,A few have this,4,0.034
45310,35,online advertisements,Sometimes,A few have this,4,0.034
45310,35,administrative processing of purchase orders,Sometimes,A few have this,4,0.034
45310,35,marketing,Sometimes,A few have this,4,0.034
45310,9,engine control sensors,Always,Most use this,10,0.133
45310,9,solar batteries,Always,Most use this,10,0.133
45310,9,batteries,Always,Most use this,10,0.133
45310,9,sensors for use in the control of engines,Always,Most use this,10,0.133
45310,9,thermostats for vehicles,Always,Most use this,9,0.12
45310,9,electric batteries for powering electric vehicles,Always,Most use this,9,0.12
45310,9,lithium batteries,Always,Most use this,9,0.12
45310,9,electric batteries for vehicles,Always,Most use this,9,0.12
45310,9,sensors for use in the control of motors,Always,Most use this,9,0.12
45310,9,dashboard cameras,Sometimes,Some use this,8,0.107
45310,9,sensors for engines,Sometimes,Some use this,8,0.107
45310,9,voltage regulators,Sometimes,Some use this,7,0.093
45310,9,vehicle batteries,Sometimes,Some use this,7,0.093
45310,9,battery chargers,Sometimes,Some use this,7,0.093
45310,9,parking sensors for vehicles,Sometimes,Some use this,7,0.093
45310,9,battery packs,Sometimes,Some use this,7,0.093
45310,9,airbag deactivation switches for automobiles,Sometimes,Some use this,6,0.08
45310,9,automobile airbag deactivation switches,Sometimes,Some use this,6,0.08
45310,9,electronic control sensors for motors sensors for use in the control of motors,Sometimes,Some use this,6,0.08
45310,9,vehicles engine parts namely thermostats,Sometimes,Some use this,6,0.08
45310,9,starter electromagnets.,Sometimes,Some use this,6,0.08
45310,9,engine cut-off switch,Sometimes,Some use this,6,0.08
45310,9,pneumatic-electrical control device,Sometimes,Some use this,6,0.08
45310,9,diode ac switches,Sometimes,Some use this,6,0.08
45310,9,electric linear actuators for land vehicles,Sometimes,Some use this,6,0.08
45310,7,"control mechanisms for machines, engines or motors",Always,Most use this,14,0.189
45310,7,cylinder head gaskets,Always,Most use this,13,0.176
45310,7,air filters for engines,Always,Most use this,13,0.176
45310,7,and parts and fittings for such goods,Always,Most use this,12,0.162
45310,7,diesel-engine heating plugs,Always,Most use this,12,0.162
45310,7,winch motors,Always,Most use this,11,0.149
45310,7,oil filters for engines,Always,Most use this,10,0.135
45310,7,filters being parts of engines,Always,Most use this,10,0.135
45310,7,gaskets for internal combustion engines,Always,Most use this,10,0.135
45310,7,alternators,Always,Most use this,10,0.135
45310,7,oil filters,Always,Most use this,10,0.135
45310,7,starter motors,Always,Most use this,9,0.122
45310,7,glow plugs for diesel engines,Always,Most use this,9,0.122
45310,7,fuel pumps,Always,Most use this,9,0.122
45310,7,filters for engines,Sometimes,Some use this,8,0.108
45310,7,camshafts for vehicle engines,Sometimes,Some use this,8,0.108
45310,7,air filters for automobile engines,Sometimes,Some use this,8,0.108
45310,7,diesel engines for air vehicles,Sometimes,Some use this,8,0.108
45310,7,spark plugs,Sometimes,Some use this,8,0.108
45310,7,filter housings being parts of engines,Sometimes,Some use this,8,0.108
45310,7,water pumps for engines,Sometimes,Some use this,7,0.095
45310,7,"filters for cleaning cooling air, for engines",Sometimes,Some use this,7,0.095
45310,7,fans for engines,Sometimes,Some use this,7,0.095
45310,7,engine fuel pumps,Sometimes,Some use this,7,0.095
45310,7,non-metal engine gaskets for vehicles,Sometimes,Some use this,7,0.095
45310,37,vehicle maintenance,Always,Most use this,7,0.14
45310,37,replacement of batteries,Always,Most use this,6,0.12
45310,37,vehicle service stations [refuelling and maintenance],Sometimes,Some use this,5,0.1
45310,37,motor vehicle maintenance and repair,Sometimes,Some use this,5,0.1
45310,37,installation of parts for vehicles,Sometimes,Some use this,5,0.1
45310,37,vehicle battery charging,Sometimes,Some use this,4,0.08
45310,37,vehicle cleaning,Sometimes,Some use this,4,0.08
45310,37,"installation, maintenance and repair of power supply generators",Sometimes,Some use this,4,0.08
45310,37,installation of smelting furnaces,Sometimes,Some use this,4,0.08
45310,37,"installation, maintenance and repair of solar panels",Sometimes,Some use this,4,0.08
45310,37,"installation, maintenance, and repair of batteries",Sometimes,Some use this,4,0.08
45310,37,vehicle detailing,Sometimes,Some use this,4,0.08
45310,37,vehicle servicing,Sometimes,Some use this,4,0.08
45310,37,construction of industrial furnaces.,Sometimes,Some use this,4,0.08
45310,37,"cleaning, valeting and upholstering of motor land vehicles.",Sometimes,Some use this,3,0.06
45310,37,"inspecting, reporting and advising on the condition of motor land vehicles",Sometimes,Some use this,3,0.06
45310,37,vehicle maintenance and repair,Sometimes,Some use this,3,0.06
45310,37,"servicing, maintenance and repair of motor land vehicles and parts therefor",Sometimes,Some use this,3,0.06
45310,37,vehicle repair as part of vehicle breakdown services,Sometimes,Some use this,3,0.06
45310,37,vehicle polishing,Sometimes,Some use this,3,0.06
45310,37,vehicle breakdown repair services,Sometimes,Some use this,3,0.06
45310,37,tyre maintenance and repair,Sometimes,Some use this,3,0.06
45310,37,assembly [installation] of parts for vehicles,Sometimes,Some use this,3,0.06
45310,37,tyre fitting,Sometimes,Some use this,3,0.06
45310,37,repair of motor vehicles,Sometimes,Some use this,3,0.06
45310,11,heaters for vehicles,Always,All use this,15,0.326
45310,11,vehicle lighting and lighting reflectors,Always,All use this,15,0.326
45310,11,vehicle lights,Always,All use this,15,0.326
45310,11,vehicle brake lights,Always,Most use this,12,0.261
45310,11,vehicle taillights,Always,Most use this,10,0.217
45310,11,headlights for vehicles,Always,Most use this,9,0.196
45310,11,vehicle headlamps,Always,Most use this,9,0.196
45310,11,defrosters for vehicles,Always,Most use this,9,0.196
45310,11,vehicle headlights,Always,Most use this,9,0.196
45310,11,air filters for vehicle cabins,Always,Most use this,7,0.152
45310,11,heating apparatus for defrosting vehicle windows,Always,Most use this,7,0.152
45310,11,off-road light bars for vehicles,Always,Most use this,7,0.152
45310,11,vehicle lighting installations,Always,Most use this,7,0.152
45310,11,ventilating fans for use in vehicles,Always,Most use this,6,0.13
45310,11,humidifier units as parts of vehicles,Always,Most use this,6,0.13
45310,11,motorcycle lights,Always,Most use this,6,0.13
45310,11,defrosting apparatus for vehicles,Always,Most use this,6,0.13
45310,11,heating apparatus for vehicles,Always,Most use this,6,0.13
45310,11,ventilating apparatus for vehicles,Always,Most use this,6,0.13
45310,11,"heating, ventilation and air conditioning systems for vehicle",Always,Most use this,6,0.13
45310,11,lamps,Always,Most use this,6,0.13
45310,11,deodorising apparatus for dispensing scents in motor vehicles,Always,Most use this,6,0.13
45310,11,heaters,Always,Most use this,6,0.13
45310,11,vehicle spotlights,Always,Most use this,6,0.13
45310,11,lighting apparatus for vehicles,Always,Most use this,6,0.13
45310,17,oil seals for vehicles,Always,Most use this,8,0.242
45310,17,connecting hose for vehicle radiators,Always,Most use this,7,0.212
45310,17,gaskets,Always,Most use this,7,0.212
45310,17,connecting hoses for vehicle radiators,Always,Most use this,7,0.212
45310,17,connecting hoses for vehicle fuel injectors,Always,Most use this,7,0.212
45310,17,non-metallic connecting hoses for vehicle radiators,Always,Most use this,6,0.182
45310,17,pipes made of rubber for motor vehicles.,Always,Most use this,6,0.182
45310,17,pipes made of plastic for motor vehicles,Always,Most use this,6,0.182
45310,17,non-metallic pre-insulated bonded flexible hoses for use in vehicle engines,Always,Most use this,6,0.182
45310,17,rubber hoses for vehicle heaters,Always,Most use this,6,0.182
45310,17,non-metallic hoses for vehicle radiators,Always,Most use this,6,0.182
45310,17,vehicle radiator connecting hoses,Always,Most use this,6,0.182
45310,17,insulating materials,Always,Most use this,6,0.182
45310,17,non-metal gaskets,Always,Most use this,5,0.152
45310,17,insulation and barrier articles and materials,Always,Most use this,5,0.152
45310,17,masking tapes,Always,Most use this,5,0.152
45310,17,oil seals,Always,Most use this,5,0.152
45310,17,pipe gaskets,Always,Most use this,4,0.121
45310,17,insulating and protective plastic materials,Always,Most use this,4,0.121
45310,17,plastic films and plastic sheeting for surface protection,Always,Most use this,4,0.121
45310,17,adhesive tapes for industrial use,Always,Most use this,4,0.121
45310,17,semi-processed plastic materials for industrial applications.,Always,Most use this,4,0.121
45310,17,"seals, sealants and fillers",Always,Most use this,4,0.121
45310,17,sealant compounds for joints,Always,Most use this,4,0.121
45310,17,protective plastic coverings,Always,Most use this,4,0.121
45310,42,design of vehicles and vehicle parts and components.,Always,Most use this,4,0.143
45310,42,engineering services,Sometimes,Some use this,3,0.107
45310,42,hosting of e-commerce platforms on the internet,Sometimes,Some use this,3,0.107
45310,42,engineering,Sometimes,Some use this,3,0.107
45310,42,"testing, inspection and certification of motor land vehicles for roadworthiness.",Sometimes,Some use this,3,0.107
45310,42,"design, creation and programming of web pages",Sometimes,Some use this,3,0.107
45310,42,creating electronically stored web pages for online services and the internet,Sometimes,Some use this,3,0.107
45310,42,vehicle roadworthiness testing,Sometimes,Some use this,2,0.071
45310,42,information and consultancy in relation to the aforesaid.,Sometimes,Some use this,2,0.071
45310,42,automotive inspections,Sometimes,Some use this,2,0.071
45310,42,engineering services.,Sometimes,Some use this,2,0.071
45310,42,motor vehicle appraisal services,Sometimes,Some use this,2,0.071
45310,42,testing of vehicles,Sometimes,Some use this,2,0.071
45310,42,inspection of vehicles for roadworthiness,Sometimes,Some use this,2,0.071
45310,42,mot certification services,Sometimes,Some use this,2,0.071
45310,42,inspection of motor vehicles for roadworthiness,Sometimes,Some use this,2,0.071
45310,42,tyre inspection services,Sometimes,Some use this,2,0.071
45310,42,testing and inspection of motor vehicles and parts and fittings therefor,Sometimes,Some use this,2,0.071
45310,42,development of energy and power management systems,Sometimes,A few have this,1,0.036
45310,42,software design,Sometimes,A few have this,1,0.036
45310,42,design and development of computer hardware and computer software,Sometimes,A few have this,1,0.036
45310,42,power supply availability analysis,Sometimes,A few have this,1,0.036
45310,42,body styling for vehicles,Sometimes,A few have this,1,0.036
45310,42,"providing online, non-downloadable software",Sometimes,A few have this,1,0.036
45310,42,computer software technical support services,Sometimes,A few have this,1,0.036
46900,35,advertising,Sometimes,Some use this,106,0.108
46900,35,business management of wholesale and retail outlets,Sometimes,Some use this,85,0.087
46900,35,online retail store services relating to cosmetic and beauty products,Sometimes,Some use this,83,0.085
46900,35,online retail services relating to toys,Sometimes,Some use this,82,0.084
46900,35,business management,Sometimes,Some use this,80,0.082
46900,35,online retail services relating to cosmetics,Sometimes,Some use this,80,0.082
46900,35,online ordering services,Sometimes,Some use this,80,0.082
46900,35,online retail store services relating to clothing,Sometimes,Some use this,75,0.077
46900,35,online retail store services in relation to clothing,Sometimes,Some use this,74,0.076
46900,35,online retail services relating to clothing,Sometimes,Some use this,74,0.076
46900,35,business administration,Sometimes,Some use this,70,0.072
46900,35,retail services relating to food,Sometimes,Some use this,64,0.066
46900,35,retail services in relation to clothing,Sometimes,Some use this,62,0.063
46900,35,retail services relating to clothing,Sometimes,Some use this,62,0.063
46900,35,retail services in relation to pet products,Sometimes,Some use this,59,0.06
46900,35,retail services connected with stationery,Sometimes,Some use this,59,0.06
46900,35,retail services in relation to fashion accessories,Sometimes,Some use this,59,0.06
46900,35,retail services in relation to toys,Sometimes,Some use this,58,0.059
46900,35,office functions,Sometimes,Some use this,58,0.059
46900,35,online retail services relating to jewelry,Sometimes,Some use this,58,0.059
46900,35,retail services in relation to clothing accessories,Sometimes,Some use this,57,0.058
46900,35,"advertising, marketing and promotional services",Sometimes,Some use this,56,0.057
46900,35,online retail services relating to handbags,Sometimes,Some use this,55,0.056
46900,35,retail services in relation to confectionery,Sometimes,Some use this,55,0.056
46900,35,retail services in relation to bags,Sometimes,Some use this,54,0.055
46900,21,household or kitchen utensils and containers,Sometimes,Some use this,77,0.11
46900,21,brushes,Sometimes,Some use this,74,0.106
46900,21,mugs,Sometimes,Some use this,73,0.104
46900,21,water bottles,Sometimes,Some use this,72,0.103
46900,21,kitchen utensils,Sometimes,Some use this,63,0.09
46900,21,plates,Sometimes,Some use this,60,0.086
46900,21,cups,Sometimes,Some use this,60,0.086
46900,21,"tableware, cookware and containers",Sometimes,Some use this,59,0.084
46900,21,bottles,Sometimes,Some use this,59,0.084
46900,21,combs and sponges,Sometimes,Some use this,58,0.083
46900,21,bowls,Sometimes,Some use this,58,0.083
46900,21,household or kitchen utensils,Sometimes,Some use this,55,0.079
46900,21,household or kitchen containers,Sometimes,Some use this,53,0.076
46900,21,cooking utensils,Sometimes,Some use this,50,0.072
46900,21,pet feeding bowls,Sometimes,Some use this,49,0.07
46900,21,tableware,Sometimes,Some use this,48,0.069
46900,21,food storage containers,Sometimes,Some use this,46,0.066
46900,21,articles for cleaning purposes,Sometimes,Some use this,45,0.064
46900,21,containers for household or kitchen use,Sometimes,Some use this,45,0.064
46900,21,household containers,Sometimes,Some use this,44,0.063
46900,21,plastic bottles,Sometimes,Some use this,43,0.062
46900,21,hair brushes,Sometimes,Some use this,43,0.062
46900,21,"cookware and tableware, except forks, knives and spoons",Sometimes,Some use this,43,0.062
46900,21,cleaning brushes,Sometimes,Some use this,42,0.06
46900,21,combs,Sometimes,Some use this,41,0.059
46900,5,nutritional supplements,Always,Most use this,173,0.288
46900,5,food supplements,Always,Most use this,171,0.285
46900,5,dietary supplements,Always,Most use this,142,0.237
46900,5,vitamin and mineral food supplements,Always,Most use this,129,0.215
46900,5,vitamin supplements,Always,Most use this,121,0.202
46900,5,dietary food supplements,Always,Most use this,118,0.197
46900,5,dietary and nutritional supplements,Always,Most use this,116,0.193
46900,5,vitamin and mineral supplements,Always,Most use this,95,0.158
46900,5,mineral nutritional supplements,Always,Most use this,89,0.148
46900,5,probiotic supplements,Always,Most use this,89,0.148
46900,5,protein dietary supplements,Always,Most use this,87,0.145
46900,5,herbal supplements,Always,Most use this,87,0.145
46900,5,liquid nutritional supplements,Always,Most use this,82,0.137
46900,5,nutraceuticals for use as a dietary supplement,Always,Most use this,80,0.133
46900,5,dietary supplements for humans,Always,Most use this,78,0.13
46900,5,protein supplements,Always,Most use this,77,0.128
46900,5,dietary supplement drinks,Always,Most use this,76,0.127
46900,5,mineral dietary supplements,Always,Most use this,75,0.125
46900,5,dietary supplements consisting of vitamins,Sometimes,Some use this,71,0.118
46900,5,enzyme dietary supplements,Sometimes,Some use this,71,0.118
46900,5,disinfectants,Sometimes,Some use this,71,0.118
46900,5,liquid vitamin supplements,Sometimes,Some use this,68,0.113
46900,5,liquid dietary supplements,Sometimes,Some use this,67,0.112
46900,5,dietary supplements in powder form,Sometimes,Some use this,63,0.105
46900,5,vitamin preparations in the nature of food supplements,Sometimes,Some use this,61,0.102
46900,3,cosmetics,Always,Most use this,166,0.285
46900,3,perfumes,Always,Most use this,108,0.186
46900,3,essential oils,Always,Most use this,87,0.149
46900,3,shampoos,Always,Most use this,83,0.143
46900,3,skincare cosmetics,Always,Most use this,76,0.131
46900,3,perfumery,Always,Most use this,74,0.127
46900,3,soaps,Always,Most use this,71,0.122
46900,3,hair cosmetics,Sometimes,Some use this,67,0.115
46900,3,hair conditioners,Sometimes,Some use this,66,0.113
46900,3,fragrances,Sometimes,Some use this,63,0.108
46900,3,hair lotions,Sometimes,Some use this,60,0.103
46900,3,beauty care cosmetics,Sometimes,Some use this,59,0.101
46900,3,hair conditioner,Sometimes,Some use this,56,0.096
46900,3,skin care cosmetics,Sometimes,Some use this,54,0.093
46900,3,hair serums,Sometimes,Some use this,54,0.093
46900,3,cleaning preparations,Sometimes,Some use this,53,0.091
46900,3,beauty masks,Sometimes,Some use this,53,0.091
46900,3,shampoo,Sometimes,Some use this,52,0.089
46900,3,perfume,Sometimes,Some use this,51,0.088
46900,3,perfumery and fragrances,Sometimes,Some use this,51,0.088
46900,3,non-medicated cosmetics and toiletry preparations,Sometimes,Some use this,51,0.088
46900,3,hair shampoo,Sometimes,Some use this,51,0.088
46900,3,beauty lotions,Sometimes,Some use this,50,0.086
46900,3,toiletries,Sometimes,Some use this,49,0.084
46900,3,skin care preparations,Sometimes,Some use this,49,0.084
46900,9,computer software,Sometimes,Some use this,63,0.107
46900,9,battery chargers,Sometimes,Some use this,59,0.1
46900,9,batteries,Sometimes,Some use this,57,0.097
46900,9,headphones,Sometimes,Some use this,44,0.075
46900,9,downloadable electronic publications,Sometimes,Some use this,43,0.073
46900,9,circuit breakers,Sometimes,Some use this,41,0.069
46900,9,mobile phone cases,Sometimes,Some use this,39,0.066
46900,9,mobile phone screen protectors,Sometimes,Some use this,39,0.066
46900,9,downloadable software,Sometimes,Some use this,38,0.064
46900,9,electrical connectors,Sometimes,Some use this,38,0.064
46900,9,cables and wires,Sometimes,Some use this,38,0.064
46900,9,mobile phone chargers,Sometimes,Some use this,38,0.064
46900,9,solar batteries,Sometimes,Some use this,37,0.063
46900,9,mobile phone covers,Sometimes,Some use this,37,0.063
46900,9,spectacle cases,Sometimes,Some use this,36,0.061
46900,9,chargers,Sometimes,Some use this,35,0.059
46900,9,cases for eyeglasses and sunglasses,Sometimes,Some use this,34,0.058
46900,9,fuses,Sometimes,Some use this,34,0.058
46900,9,electrical adapters,Sometimes,Some use this,33,0.056
46900,9,phone cases,Sometimes,Some use this,33,0.056
46900,9,solar-powered battery chargers,Sometimes,Some use this,33,0.056
46900,9,cases for mobile phones,Sometimes,Some use this,32,0.054
46900,9,electric plugs,Sometimes,Some use this,31,0.053
46900,9,computer programs for video and computer games,Sometimes,Some use this,30,0.051
46900,9,electric switches,Sometimes,Some use this,30,0.051
46900,28,toys,Always,Most use this,161,0.295
46900,28,stuffed toys,Always,Most use this,108,0.198
46900,28,board games,Always,Most use this,103,0.189
46900,28,plush toys,Always,Most use this,100,0.183
46900,28,pet toys,Always,Most use this,85,0.156
46900,28,"toys, games, and playthings",Always,Most use this,78,0.143
46900,28,cuddly toys,Always,Most use this,67,0.123
46900,28,games,Always,Most use this,67,0.123
46900,28,mobiles [toys],Always,Most use this,66,0.121
46900,28,dog toys,Sometimes,Some use this,65,0.119
46900,28,toy figurines,Sometimes,Some use this,64,0.117
46900,28,toy dolls,Sometimes,Some use this,63,0.115
46900,28,toy animals,Sometimes,Some use this,62,0.114
46900,28,educational toys,Sometimes,Some use this,61,0.112
46900,28,rattles [toys],Sometimes,Some use this,61,0.112
46900,28,playthings,Sometimes,Some use this,60,0.11
46900,28,plastic toys,Sometimes,Some use this,59,0.108
46900,28,toy cars,Sometimes,Some use this,59,0.108
46900,28,fidget toys,Sometimes,Some use this,58,0.106
46900,28,toys for pets,Sometimes,Some use this,57,0.104
46900,28,"toys, games and playthings for pet animals",Sometimes,Some use this,57,0.104
46900,28,inflatable toys,Sometimes,Some use this,56,0.103
46900,28,party games,Sometimes,Some use this,56,0.103
46900,28,wooden toys,Sometimes,Some use this,56,0.103
46900,28,toy playsets,Sometimes,Some use this,55,0.101
46900,16,printed matter,Always,Most use this,93,0.183
46900,16,paper and cardboard,Always,Most use this,88,0.173
46900,16,books,Always,Most use this,81,0.159
46900,16,stationery,Always,Most use this,81,0.159
46900,16,pencils,Always,Most use this,72,0.142
46900,16,notepads,Always,Most use this,72,0.142
46900,16,pens,Always,Most use this,70,0.138
46900,16,adhesives for stationery or household purposes,Always,Most use this,65,0.128
46900,16,photographs,Always,Most use this,63,0.124
46900,16,calendars,Always,Most use this,63,0.124
46900,16,notebooks,Always,Most use this,63,0.124
46900,16,stickers,Always,Most use this,61,0.12
46900,16,greeting cards,Sometimes,Some use this,59,0.116
46900,16,paper bags,Sometimes,Some use this,59,0.116
46900,16,cardboard packaging,Sometimes,Some use this,56,0.11
46900,16,paper,Sometimes,Some use this,54,0.106
46900,16,boxes of paper or cardboard,Sometimes,Some use this,54,0.106
46900,16,paper napkins,Sometimes,Some use this,53,0.104
46900,16,posters,Sometimes,Some use this,51,0.1
46900,16,pencil cases,Sometimes,Some use this,51,0.1
46900,16,paper stationery,Sometimes,Some use this,48,0.094
46900,16,plastic bags for packaging,Sometimes,Some use this,48,0.094
46900,16,paintbrushes,Sometimes,Some use this,47,0.093
46900,16,note cards,Sometimes,Some use this,47,0.093
46900,16,packaging boxes of cardboard,Sometimes,Some use this,46,0.091
46900,20,furniture,Always,Most use this,109,0.225
46900,20,pillows,Always,Most use this,74,0.153
46900,20,cushions,Always,Most use this,68,0.14
46900,20,pet cushions,Sometimes,Some use this,58,0.12
46900,20,mirrors,Sometimes,Some use this,58,0.12
46900,20,garden furniture,Sometimes,Some use this,49,0.101
46900,20,picture frames,Sometimes,Some use this,45,0.093
46900,20,bedroom furniture,Sometimes,Some use this,42,0.087
46900,20,outdoor furniture,Sometimes,Some use this,42,0.087
46900,20,furniture and furnishings,Sometimes,Some use this,41,0.085
46900,20,pet furniture,Sometimes,Some use this,41,0.085
46900,20,bathroom furniture,Sometimes,Some use this,39,0.08
46900,20,chairs,Sometimes,Some use this,38,0.078
46900,20,tables,Sometimes,Some use this,37,0.076
46900,20,mattresses,Sometimes,Some use this,34,0.07
46900,20,patio furniture,Sometimes,Some use this,33,0.068
46900,20,cupboards,Sometimes,Some use this,32,0.066
46900,20,office furniture,Sometimes,Some use this,32,0.066
46900,20,armchairs,Sometimes,Some use this,32,0.066
46900,20,packaging containers of plastic,Sometimes,Some use this,30,0.062
46900,20,kitchen furniture,Sometimes,Some use this,30,0.062
46900,20,tables [furniture],Sometimes,Some use this,30,0.062
46900,20,pet crates,Sometimes,Some use this,29,0.06
46900,20,"furniture, mirrors, picture frames",Sometimes,Some use this,29,0.06
46900,20,"bumper guards for cots, other than bed linen",Sometimes,Some use this,28,0.058
47190,35,advertising,Sometimes,Some use this,85,0.109
47190,35,online retail services relating to cosmetics,Sometimes,Some use this,75,0.096
47190,35,online retail store services relating to clothing,Sometimes,Some use this,71,0.091
47190,35,online retail store services in relation to clothing,Sometimes,Some use this,71,0.091
47190,35,online retail store services relating to cosmetic and beauty products,Sometimes,Some use this,66,0.085
47190,35,online retail services relating to toys,Sometimes,Some use this,66,0.085
47190,35,online retail services relating to clothing,Sometimes,Some use this,64,0.082
47190,35,retail services relating to food,Sometimes,Some use this,63,0.081
47190,35,retail services connected with stationery,Sometimes,Some use this,63,0.081
47190,35,retail services in relation to clothing,Sometimes,Some use this,62,0.08
47190,35,retail services in relation to fashion accessories,Sometimes,Some use this,61,0.078
47190,35,retail services in relation to toys,Sometimes,Some use this,59,0.076
47190,35,retail services relating to clothing,Sometimes,Some use this,58,0.074
47190,35,retail services in relation to pet products,Sometimes,Some use this,56,0.072
47190,35,online retail services relating to handbags,Sometimes,Some use this,55,0.071
47190,35,retail services in relation to confectionery,Sometimes,Some use this,52,0.067
47190,35,retail services in relation to jewellery,Sometimes,Some use this,52,0.067
47190,35,office functions,Sometimes,Some use this,52,0.067
47190,35,retail store services in the field of clothing,Sometimes,Some use this,50,0.064
47190,35,online retail services relating to jewelry,Sometimes,Some use this,50,0.064
47190,35,marketing,Sometimes,Some use this,49,0.063
47190,35,business management of retail outlets,Sometimes,Some use this,49,0.063
47190,35,retail services in relation to clothing accessories,Sometimes,Some use this,49,0.063
47190,35,business administration,Sometimes,Some use this,49,0.063
47190,35,business management,Sometimes,Some use this,48,0.062
47190,25,clothing,Always,All use this,273,0.515
47190,25,clothes,Always,Most use this,130,0.245
47190,25,jackets [clothing],Always,Most use this,128,0.242
47190,25,shorts [clothing],Always,Most use this,122,0.23
47190,25,sports clothing,Always,Most use this,113,0.213
47190,25,ready-to-wear clothing,Always,Most use this,113,0.213
47190,25,casual clothing,Always,Most use this,112,0.211
47190,25,knitwear [clothing],Always,Most use this,111,0.209
47190,25,gloves [clothing],Always,Most use this,110,0.208
47190,25,athletic clothing,Always,Most use this,110,0.208
47190,25,headbands [clothing],Always,Most use this,110,0.208
47190,25,footwear,Always,Most use this,106,0.2
47190,25,clothing for sports,Always,Most use this,104,0.196
47190,25,clothing for leisure wear,Always,Most use this,102,0.192
47190,25,belts [clothing],Always,Most use this,98,0.185
47190,25,tops [clothing],Always,Most use this,98,0.185
47190,25,jerseys [clothing],Always,Most use this,93,0.175
47190,25,embroidered clothing,Always,Most use this,92,0.174
47190,25,hats,Always,Most use this,92,0.174
47190,25,headbands for clothing,Always,Most use this,91,0.172
47190,25,knitted clothing,Always,Most use this,89,0.168
47190,25,leisure clothing,Always,Most use this,89,0.168
47190,25,woolen clothing,Always,Most use this,87,0.164
47190,25,bottoms [clothing],Always,Most use this,87,0.164
47190,25,linen clothing,Always,Most use this,85,0.16
47190,21,kitchen utensils,Always,Most use this,81,0.158
47190,21,household or kitchen utensils,Always,Most use this,77,0.15
47190,21,mugs,Always,Most use this,66,0.129
47190,21,bottles,Always,Most use this,63,0.123
47190,21,brushes,Always,Most use this,62,0.121
47190,21,water bottles,Always,Most use this,62,0.121
47190,21,tableware,Sometimes,Some use this,61,0.119
47190,21,containers for household or kitchen use,Sometimes,Some use this,60,0.117
47190,21,household or kitchen containers,Sometimes,Some use this,58,0.113
47190,21,cooking utensils,Sometimes,Some use this,57,0.111
47190,21,kitchen containers,Sometimes,Some use this,52,0.102
47190,21,glassware,Sometimes,Some use this,52,0.102
47190,21,household utensils,Sometimes,Some use this,52,0.102
47190,21,cups,Sometimes,Some use this,51,0.1
47190,21,cookware,Sometimes,Some use this,50,0.098
47190,21,"tableware, cookware and containers",Sometimes,Some use this,48,0.094
47190,21,"cookware and tableware, except forks, knives and spoons",Sometimes,Some use this,48,0.094
47190,21,crockery,Sometimes,Some use this,47,0.092
47190,21,molds [kitchen utensils],Sometimes,Some use this,47,0.092
47190,21,kitchen utensils of silicon,Sometimes,Some use this,46,0.09
47190,21,hair brushes,Sometimes,Some use this,44,0.086
47190,21,utensils for household purposes,Sometimes,Some use this,44,0.086
47190,21,bowls,Sometimes,Some use this,44,0.086
47190,21,spatulas [kitchen utensils],Sometimes,Some use this,43,0.084
47190,21,ceramic tableware,Sometimes,Some use this,42,0.082
47190,3,cosmetics,Always,Most use this,118,0.278
47190,3,fragrances,Always,Most use this,71,0.167
47190,3,perfumes,Always,Most use this,70,0.165
47190,3,skincare cosmetics,Always,Most use this,70,0.165
47190,3,hair cosmetics,Always,Most use this,66,0.156
47190,3,perfumery,Always,Most use this,63,0.149
47190,3,perfume,Always,Most use this,57,0.134
47190,3,scented oils,Always,Most use this,55,0.13
47190,3,air fragrance reed diffusers,Always,Most use this,54,0.127
47190,3,perfume oils,Always,Most use this,54,0.127
47190,3,perfumery and fragrances,Always,Most use this,54,0.127
47190,3,moisturisers [cosmetics],Always,Most use this,53,0.125
47190,3,non-medicated cosmetics and toiletry preparations,Always,Most use this,53,0.125
47190,3,essential oils,Sometimes,Some use this,50,0.118
47190,3,beauty care cosmetics,Sometimes,Some use this,50,0.118
47190,3,eau de cologne,Sometimes,Some use this,50,0.118
47190,3,soaps,Sometimes,Some use this,47,0.111
47190,3,beauty masks,Sometimes,Some use this,46,0.108
47190,3,hair lotions,Sometimes,Some use this,46,0.108
47190,3,scents,Sometimes,Some use this,46,0.108
47190,3,skin fresheners [cosmetics],Sometimes,Some use this,46,0.108
47190,3,oils for perfumes and scents,Sometimes,Some use this,44,0.104
47190,3,room fragrances,Sometimes,Some use this,43,0.101
47190,3,scented body lotions,Sometimes,Some use this,43,0.101
47190,3,skin care cosmetics,Sometimes,Some use this,42,0.099
47190,5,nutritional supplements,Always,All use this,168,0.436
47190,5,food supplements,Always,All use this,166,0.431
47190,5,dietary supplements,Always,All use this,154,0.4
47190,5,vitamin supplements,Always,All use this,136,0.353
47190,5,dietary food supplements,Always,All use this,134,0.348
47190,5,dietary and nutritional supplements,Always,All use this,130,0.338
47190,5,herbal supplements,Always,All use this,130,0.338
47190,5,vitamin and mineral supplements,Always,All use this,116,0.301
47190,5,vitamin and mineral food supplements,Always,Most use this,112,0.291
47190,5,dietary supplements consisting of vitamins,Always,Most use this,111,0.288
47190,5,dietary supplements and dietetic preparations,Always,Most use this,101,0.262
47190,5,dietary supplements for humans,Always,Most use this,100,0.26
47190,5,mineral nutritional supplements,Always,Most use this,99,0.257
47190,5,health food supplements made principally of vitamins,Always,Most use this,97,0.252
47190,5,probiotic supplements,Always,Most use this,96,0.249
47190,5,mineral dietary supplements,Always,Most use this,93,0.242
47190,5,protein dietary supplements,Always,Most use this,92,0.239
47190,5,anti-oxidant food supplements,Always,Most use this,91,0.236
47190,5,vitamin preparations in the nature of food supplements,Always,Most use this,91,0.236
47190,5,dietary supplement drinks,Always,Most use this,89,0.231
47190,5,food supplements for dietetic use,Always,Most use this,87,0.226
47190,5,health food supplements made principally of minerals,Always,Most use this,87,0.226
47190,5,food supplements for sportsmen,Always,Most use this,86,0.223
47190,5,protein supplements,Always,Most use this,86,0.223
47190,5,liquid nutritional supplements,Always,Most use this,86,0.223
47190,9,mobile phone chargers,Sometimes,Some use this,34,0.104
47190,9,mobile phone cases,Sometimes,Some use this,31,0.095
47190,9,cases for mobile phones,Sometimes,Some use this,30,0.092
47190,9,battery chargers,Sometimes,Some use this,30,0.092
47190,9,mobile phone speakers,Sometimes,Some use this,28,0.086
47190,9,mobile phone screen protectors,Sometimes,Some use this,28,0.086
47190,9,mobile phone battery chargers,Sometimes,Some use this,25,0.077
47190,9,mobile phone ring holders,Sometimes,Some use this,25,0.077
47190,9,mobile phone covers,Sometimes,Some use this,25,0.077
47190,9,chargers for mobile phones,Sometimes,Some use this,25,0.077
47190,9,mobile apps,Sometimes,Some use this,24,0.074
47190,9,fast chargers for mobile devices,Sometimes,Some use this,24,0.074
47190,9,mobile phone connectors for vehicles,Sometimes,Some use this,24,0.074
47190,9,batteries,Sometimes,Some use this,24,0.074
47190,9,usb chargers,Sometimes,Some use this,23,0.071
47190,9,battery chargers for mobile phones,Sometimes,Some use this,23,0.071
47190,9,dashboard mounts for mobile phones,Sometimes,Some use this,22,0.067
47190,9,cell phone battery chargers,Sometimes,Some use this,22,0.067
47190,9,car charger,Sometimes,Some use this,22,0.067
47190,9,mobile phone docking stations,Sometimes,Some use this,22,0.067
47190,9,mobile phone straps,Sometimes,Some use this,22,0.067
47190,9,stands adapted for mobile phones,Sometimes,Some use this,21,0.064
47190,9,downloadable mobile applications,Sometimes,Some use this,21,0.064
47190,9,devices for hands-free use of mobile phones,Sometimes,Some use this,21,0.064
47190,9,earphones for use with mobile telecommunication devices,Sometimes,Some use this,21,0.064
47190,16,stationery,Always,Most use this,90,0.275
47190,16,printed matter,Always,Most use this,71,0.217
47190,16,books,Always,Most use this,68,0.208
47190,16,photographs,Always,Most use this,60,0.183
47190,16,pens,Always,Most use this,45,0.138
47190,16,greeting cards,Always,Most use this,42,0.128
47190,16,gift cards,Always,Most use this,42,0.128
47190,16,greetings cards,Always,Most use this,41,0.125
47190,16,calendars,Always,Most use this,40,0.122
47190,16,notebooks,Always,Most use this,40,0.122
47190,16,paper and cardboard,Sometimes,Some use this,39,0.119
47190,16,cards,Sometimes,Some use this,38,0.116
47190,16,posters,Sometimes,Some use this,38,0.116
47190,16,paper stationery,Sometimes,Some use this,37,0.113
47190,16,pencils,Sometimes,Some use this,37,0.113
47190,16,birthday cards,Sometimes,Some use this,35,0.107
47190,16,stickers,Sometimes,Some use this,35,0.107
47190,16,stickers [stationery],Sometimes,Some use this,34,0.104
47190,16,art prints,Sometimes,Some use this,33,0.101
47190,16,diaries,Sometimes,Some use this,32,0.098
47190,16,adhesives for stationery or household purposes,Sometimes,Some use this,32,0.098
47190,16,printed stationery,Sometimes,Some use this,31,0.095
47190,16,printed publications,Sometimes,Some use this,31,0.095
47190,16,christmas cards,Sometimes,Some use this,31,0.095
47190,16,plastic bags for packaging,Sometimes,Some use this,31,0.095
47190,28,toys,Always,All use this,103,0.324
47190,28,plush toys,Always,Most use this,75,0.236
47190,28,pet toys,Always,Most use this,64,0.201
47190,28,"toys, games, and playthings",Always,Most use this,59,0.186
47190,28,stuffed toys,Always,Most use this,56,0.176
47190,28,toys for pets,Always,Most use this,56,0.176
47190,28,plastic toys,Always,Most use this,53,0.167
47190,28,educational toys,Always,Most use this,51,0.16
47190,28,cuddly toys,Always,Most use this,49,0.154
47190,28,"toys, games and playthings for pet animals",Always,Most use this,49,0.154
47190,28,toy dolls,Always,Most use this,49,0.154
47190,28,wooden toys,Always,Most use this,48,0.151
47190,28,inflatable toys,Always,Most use this,48,0.151
47190,28,fidget toys,Always,Most use this,48,0.151
47190,28,outdoor toys,Always,Most use this,45,0.142
47190,28,games,Always,Most use this,45,0.142
47190,28,toys and playthings for pet animals,Always,Most use this,45,0.142
47190,28,toys and playthings for pets,Always,Most use this,45,0.142
47190,28,toys for babies,Always,Most use this,45,0.142
47190,28,infant toys,Always,Most use this,44,0.138
47190,28,soft toys,Always,Most use this,43,0.135
47190,28,toys for infants,Always,Most use this,43,0.135
47190,28,toys for pet animals,Always,Most use this,41,0.129
47190,28,toy animals,Always,Most use this,41,0.129
47190,28,plush stuffed toys,Always,Most use this,41,0.129
47599,20,furniture,Always,All use this,201,0.54
47599,20,bedroom furniture,Always,All use this,122,0.328
47599,20,furniture and furnishings,Always,Most use this,107,0.288
47599,20,wooden furniture,Always,Most use this,96,0.258
47599,20,kitchen furniture,Always,Most use this,93,0.25
47599,20,mattresses,Always,Most use this,92,0.247
47599,20,upholstered furniture,Always,Most use this,88,0.237
47599,20,beds,Always,Most use this,87,0.234
47599,20,bathroom furniture,Always,Most use this,84,0.226
47599,20,cushions [furniture],Always,Most use this,83,0.223
47599,20,cabinets [furniture],Always,Most use this,83,0.223
47599,20,tables [furniture],Always,Most use this,82,0.22
47599,20,furniture cabinets,Always,Most use this,79,0.212
47599,20,outdoor furniture,Always,Most use this,78,0.21
47599,20,garden furniture,Always,Most use this,78,0.21
47599,20,seating furniture,Always,Most use this,76,0.204
47599,20,benches [furniture],Always,Most use this,76,0.204
47599,20,storage furniture,Always,Most use this,76,0.204
47599,20,pillows,Always,Most use this,75,0.202
47599,20,desks [furniture],Always,Most use this,74,0.199
47599,20,lounge furniture,Always,Most use this,73,0.196
47599,20,drawers for furniture,Always,Most use this,70,0.188
47599,20,chairs,Always,Most use this,70,0.188
47599,20,office furniture,Always,Most use this,70,0.188
47599,20,shelves [furniture],Always,Most use this,69,0.185
47599,35,advertising,Always,Most use this,39,0.175
47599,35,retail services in relation to furniture,Sometimes,Some use this,26,0.117
47599,35,retail services in relation to lighting,Sometimes,Some use this,22,0.099
47599,35,retail services relating to furniture.,Sometimes,Some use this,21,0.094
47599,35,retail services relating to furniture,Sometimes,Some use this,20,0.09
47599,35,retail services in relation to furnishings,Sometimes,Some use this,18,0.081
47599,35,marketing,Sometimes,Some use this,17,0.076
47599,35,business management,Sometimes,Some use this,16,0.072
47599,35,wholesale services in relation to lighting,Sometimes,Some use this,15,0.067
47599,35,retail services relating to home textiles,Sometimes,Some use this,14,0.063
47599,35,business administration,Sometimes,Some use this,12,0.054
47599,35,"information, advisory and consultancy services relating to all of the aforesaid.",Sometimes,Some use this,12,0.054
47599,35,promotional advertising services,Sometimes,Some use this,11,0.049
47599,35,online ordering services,Sometimes,Some use this,11,0.049
47599,35,office functions,Sometimes,Some use this,11,0.049
47599,35,retail services connected with the sale of furniture,Sometimes,Some use this,11,0.049
47599,35,shop retail services connected with carpets,Sometimes,Some use this,10,0.045
47599,35,provision of business information,Sometimes,Some use this,10,0.045
47599,35,retail services in relation to furniture.,Sometimes,Some use this,10,0.045
47599,35,retail services in relation to tableware,Sometimes,Some use this,10,0.045
47599,35,wholesale services in relation to furniture,Sometimes,Some use this,10,0.045
47599,35,radio and television advertising,Sometimes,Some use this,10,0.045
47599,35,advertising services provided via the internet,Sometimes,Some use this,10,0.045
47599,35,radio advertising,Sometimes,Some use this,9,0.04
47599,35,online retail services relating to cosmetics,Sometimes,Some use this,9,0.04
47599,11,lighting,Always,Most use this,40,0.276
47599,11,lighting lamps,Always,Most use this,39,0.269
47599,11,light bulbs,Always,Most use this,36,0.248
47599,11,decorative lighting,Always,Most use this,36,0.248
47599,11,led light bulbs,Always,Most use this,36,0.248
47599,11,toilets,Always,Most use this,33,0.228
47599,11,bulbs for lighting,Always,Most use this,32,0.221
47599,11,lamps,Always,Most use this,31,0.214
47599,11,electrical lamps for outdoor lighting,Always,Most use this,29,0.2
47599,11,light fixtures,Always,Most use this,29,0.2
47599,11,pendant fluorescent lighting fixtures,Always,Most use this,27,0.186
47599,11,showers,Always,Most use this,27,0.186
47599,11,shower cubicles,Always,Most use this,27,0.186
47599,11,shower enclosures,Always,Most use this,26,0.179
47599,11,electric lights,Always,Most use this,26,0.179
47599,11,ceiling lights,Always,Most use this,26,0.179
47599,11,shower baths,Always,Most use this,25,0.172
47599,11,lighting fixtures,Always,Most use this,25,0.172
47599,11,toilet seats,Always,Most use this,25,0.172
47599,11,electric light bulbs,Always,Most use this,25,0.172
47599,11,electrical lamps for indoor lighting,Always,Most use this,25,0.172
47599,11,emergency lighting,Always,Most use this,24,0.166
47599,11,led lighting fixtures,Always,Most use this,24,0.166
47599,11,toilet bowls,Always,Most use this,24,0.166
47599,11,shower taps,Always,Most use this,23,0.159
47599,21,kitchen utensils,Always,Most use this,20,0.175
47599,21,toilet brushes,Always,Most use this,20,0.175
47599,21,vases,Always,Most use this,18,0.158
47599,21,toilet brush holders,Always,Most use this,17,0.149
47599,21,tableware,Always,Most use this,16,0.14
47599,21,toilet paper holders,Always,Most use this,15,0.132
47599,21,toilet paper dispensers,Always,Most use this,14,0.123
47599,21,crockery,Always,Most use this,14,0.123
47599,21,cups,Sometimes,Some use this,13,0.114
47599,21,pottery,Sometimes,Some use this,12,0.105
47599,21,utensils for household purposes,Sometimes,Some use this,12,0.105
47599,21,household or kitchen utensils,Sometimes,Some use this,12,0.105
47599,21,ceramic tableware,Sometimes,Some use this,12,0.105
47599,21,ceramic mugs,Sometimes,Some use this,12,0.105
47599,21,bowls,Sometimes,Some use this,11,0.096
47599,21,mugs,Sometimes,Some use this,11,0.096
47599,21,soap holders,Sometimes,Some use this,11,0.096
47599,21,containers for household or kitchen use,Sometimes,Some use this,10,0.088
47599,21,glassware,Sometimes,Some use this,10,0.088
47599,21,soap dispensers,Sometimes,Some use this,10,0.088
47599,21,articles for cleaning purposes,Sometimes,Some use this,10,0.088
47599,21,ceramic ornaments,Sometimes,Some use this,10,0.088
47599,21,cosmetic and toilet utensils and bathroom articles,Sometimes,Some use this,10,0.088
47599,21,decorative porcelain ware,Sometimes,Some use this,10,0.088
47599,21,towel rails,Sometimes,Some use this,9,0.079
47599,24,bed linen,Always,All use this,39,0.406
47599,24,mattress covers,Always,All use this,30,0.312
47599,24,duvets,Always,All use this,29,0.302
47599,24,bed covers,Always,Most use this,27,0.281
47599,24,bedspreads,Always,Most use this,27,0.281
47599,24,bed blankets,Always,Most use this,26,0.271
47599,24,furniture coverings of textile,Always,Most use this,25,0.26
47599,24,textiles,Always,Most use this,23,0.24
47599,24,quilts,Always,Most use this,23,0.24
47599,24,covers for cushions,Always,Most use this,21,0.219
47599,24,bed linen and blankets,Always,Most use this,19,0.198
47599,24,covers for duvets,Always,Most use this,17,0.177
47599,24,sofa blankets,Always,Most use this,17,0.177
47599,24,coverings for furniture,Always,Most use this,15,0.156
47599,24,bed clothes and blankets,Always,Most use this,15,0.156
47599,24,cushion covers,Always,Most use this,14,0.146
47599,24,bed coverings,Always,Most use this,14,0.146
47599,24,towels of textiles,Always,Most use this,14,0.146
47599,24,textile goods for use as bedding,Always,Most use this,13,0.135
47599,24,bed throws,Always,Most use this,13,0.135
47599,24,bath linen,Always,Most use this,13,0.135
47599,24,parts and fittings for all the aforesaid goods.,Always,Most use this,13,0.135
47599,24,bed quilts,Always,Most use this,13,0.135
47599,24,linen for the bed,Always,Most use this,13,0.135
47599,24,fabrics and textiles for beds and furniture,Always,Most use this,13,0.135
47599,42,design of furniture,Always,All use this,29,0.33
47599,42,furniture design,Always,All use this,27,0.307
47599,42,design of lighting systems,Always,Most use this,19,0.216
47599,42,landscape lighting design,Always,Most use this,18,0.205
47599,42,interior design,Always,Most use this,18,0.205
47599,42,interior design services,Always,Most use this,18,0.205
47599,42,design of kitchens,Always,Most use this,16,0.182
47599,42,design services relating to interior decoration,Always,Most use this,15,0.17
47599,42,landscape lighting design services.,Always,Most use this,14,0.159
47599,42,kitchen design,Always,Most use this,14,0.159
47599,42,interior and exterior design services,Always,Most use this,12,0.136
47599,42,planning and design of kitchens,Always,Most use this,12,0.136
47599,42,advisory services relating to interior design,Always,Most use this,11,0.125
47599,42,space planning [design] of interiors,Always,Most use this,11,0.125
47599,42,consultation services relating to interior design,Always,Most use this,11,0.125
47599,42,planning [design] of kitchens,Always,Most use this,11,0.125
47599,42,designing of furniture.,Sometimes,Some use this,10,0.114
47599,42,design services,Sometimes,Some use this,10,0.114
47599,42,office furniture design,Sometimes,Some use this,8,0.091
47599,42,design consultancy,Sometimes,Some use this,7,0.08
47599,42,design services for furniture,Sometimes,Some use this,7,0.08
47599,42,interior décor design,Sometimes,Some use this,7,0.08
47599,42,designing of furniture,Sometimes,Some use this,7,0.08
47599,42,design services relating to interior decorating for homes,Sometimes,Some use this,7,0.08
47599,42,design of furnishings,Sometimes,Some use this,7,0.08
47599,9,light switches,Always,Most use this,20,0.29
47599,9,electrical switches,Always,Most use this,19,0.275
47599,9,light dimmers,Always,Most use this,19,0.275
47599,9,"light dimmers [regulators], electric",Always,Most use this,17,0.246
47599,9,electric plugs,Always,Most use this,17,0.246
47599,9,electric light dimmers,Always,Most use this,17,0.246
47599,9,"dimmers [regulators] (light -), electric",Always,Most use this,17,0.246
47599,9,dimmer switches for lights,Always,Most use this,16,0.232
47599,9,"switches, electric",Always,Most use this,16,0.232
47599,9,electric light switches,Always,Most use this,16,0.232
47599,9,electrical sockets,Always,Most use this,16,0.232
47599,9,wall lights (fittings for -) [switches],Always,Most use this,15,0.217
47599,9,light emitting diode [led] displays,Always,Most use this,15,0.217
47599,9,domestic switches [electric],Always,Most use this,14,0.203
47599,9,emergency warning lights,Always,Most use this,14,0.203
47599,9,electric cables and wires,Always,Most use this,14,0.203
47599,9,"light regulators [dimmers], electric",Always,Most use this,14,0.203
47599,9,electric sockets,Always,Most use this,13,0.188
47599,9,light emitting diodes (leds).,Always,Most use this,13,0.188
47599,9,electric wire and cable,Always,Most use this,13,0.188
47599,9,electric power supply sockets,Always,Most use this,13,0.188
47599,9,electric switching apparatus,Always,Most use this,13,0.188
47599,9,light-emitting diodes [led],Always,Most use this,12,0.174
47599,9,"plugs, sockets and other contacts [electric connections]",Always,Most use this,12,0.174
47599,9,remote control apparatus for lighting apparatus and instruments,Always,Most use this,10,0.145
47599,37,installation of kitchen appliances,Always,Most use this,14,0.237
47599,37,installation of kitchen cabinets,Always,Most use this,13,0.22
47599,37,installation of kitchens,Always,Most use this,13,0.22
47599,37,renovation of kitchens,Always,Most use this,12,0.203
47599,37,furniture renovation,Always,Most use this,11,0.186
47599,37,construction of kitchens,Always,Most use this,10,0.169
47599,37,furniture upholstering,Always,Most use this,10,0.169
47599,37,furniture repair,Always,Most use this,9,0.153
47599,37,furniture restoration,Always,Most use this,9,0.153
47599,37,cleaning of furniture,Always,Most use this,8,0.136
47599,37,restoration (furniture -),Always,Most use this,8,0.136
47599,37,furniture maintenance,Sometimes,Some use this,7,0.119
47599,37,providing information relating to furniture restoration,Sometimes,Some use this,7,0.119
47599,37,restoration of furniture,Sometimes,Some use this,7,0.119
47599,37,"furniture restoration, repair and maintenance",Sometimes,Some use this,7,0.119
47599,37,laying of carpet,Sometimes,Some use this,6,0.102
47599,37,"furniture installation, maintenance and repair",Sometimes,Some use this,6,0.102
47599,37,construction services,Sometimes,Some use this,5,0.085
47599,37,installation of kitchen equipment,Sometimes,Some use this,5,0.085
47599,37,installation of lighting systems,Sometimes,Some use this,5,0.085
47599,37,fitting of carpets,Sometimes,Some use this,5,0.085
47599,37,repair of kitchen furniture,Sometimes,Some use this,5,0.085
47599,37,services for the fitting of kitchens.,Sometimes,Some use this,5,0.085
47599,37,fitting of laminate flooring,Sometimes,Some use this,4,0.068
47599,37,stain removal from carpets,Sometimes,Some use this,4,0.068
47710,25,clothing,Always,All use this,1611,0.644
47710,25,jackets [clothing],Always,All use this,962,0.385
47710,25,clothes,Always,All use this,934,0.374
47710,25,ready-to-wear clothing,Always,All use this,930,0.372
47710,25,shorts [clothing],Always,All use this,897,0.359
47710,25,casual clothing,Always,All use this,855,0.342
47710,25,knitwear [clothing],Always,All use this,842,0.337
47710,25,clothing for leisure wear,Always,All use this,810,0.324
47710,25,jerseys [clothing],Always,All use this,798,0.319
47710,25,bottoms [clothing],Always,All use this,789,0.316
47710,25,embroidered clothing,Always,All use this,770,0.308
47710,25,sports clothing,Always,All use this,761,0.304
47710,25,tops [clothing],Always,All use this,756,0.302
47710,25,leisure clothing,Always,Most use this,739,0.296
47710,25,denims [clothing],Always,Most use this,737,0.295
47710,25,ready-made clothing,Always,Most use this,719,0.288
47710,25,athletic clothing,Always,Most use this,704,0.282
47710,25,hoods [clothing],Always,Most use this,702,0.281
47710,25,gloves [clothing],Always,Most use this,702,0.281
47710,25,clothing for sports,Always,Most use this,694,0.278
47710,25,woolen clothing,Always,Most use this,681,0.272
47710,25,knitted clothing,Always,Most use this,675,0.27
47710,25,headbands [clothing],Always,Most use this,671,0.268
47710,25,waterproof clothing,Always,Most use this,666,0.266
47710,25,belts [clothing],Always,Most use this,663,0.265
47710,35,retail services connected with the sale of clothing and clothing accessories.,Always,Most use this,280,0.228
47710,35,retail services connected with the sale of clothing and clothing accessories,Always,Most use this,172,0.14
47710,35,online retail services relating to clothing,Always,Most use this,162,0.132
47710,35,online retail store services relating to clothing,Always,Most use this,149,0.121
47710,35,online retail store services in relation to clothing,Sometimes,Some use this,146,0.119
47710,35,retail services in relation to clothing,Sometimes,Some use this,133,0.108
47710,35,retail services relating to clothing,Sometimes,Some use this,132,0.107
47710,35,advertising,Sometimes,Some use this,131,0.107
47710,35,retail services in relation to footwear,Sometimes,Some use this,102,0.083
47710,35,retail store services in the field of clothing,Sometimes,Some use this,99,0.081
47710,35,retail services in relation to clothing accessories,Sometimes,Some use this,98,0.08
47710,35,retail services in relation to fashion accessories,Sometimes,Some use this,98,0.08
47710,35,retail services in relation to bags,Sometimes,Some use this,83,0.068
47710,35,marketing,Sometimes,Some use this,79,0.064
47710,35,online retail services relating to handbags,Sometimes,Some use this,77,0.063
47710,35,online retail services relating to luggage,Sometimes,Some use this,71,0.058
47710,35,online marketing,Sometimes,Some use this,66,0.054
47710,35,mail order retail services for clothing,Sometimes,Some use this,63,0.051
47710,35,office functions,Sometimes,Some use this,62,0.05
47710,35,online retail services relating to jewelry,Sometimes,Some use this,61,0.05
47710,35,online advertising,Sometimes,Some use this,60,0.049
47710,35,mail order retail services for clothing accessories,Sometimes,Some use this,60,0.049
47710,35,business management,Sometimes,Some use this,59,0.048
47710,35,retail services in relation to jewellery,Sometimes,Some use this,56,0.046
47710,35,retail services relating to jewelry,Sometimes,Some use this,55,0.045
47710,18,bags,Always,All use this,529,0.642
47710,18,tote bags,Always,All use this,337,0.409
47710,18,purses,Always,All use this,285,0.346
47710,18,wallets,Always,All use this,283,0.343
47710,18,handbags,Always,All use this,260,0.316
47710,18,backpacks,Always,Most use this,241,0.292
47710,18,shoulder bags,Always,Most use this,235,0.285
47710,18,sports bags,Always,Most use this,217,0.263
47710,18,rucksacks,Always,Most use this,210,0.255
47710,18,duffel bags,Always,Most use this,205,0.249
47710,18,beach bags,Always,Most use this,198,0.24
47710,18,clutch bags,Always,Most use this,193,0.234
47710,18,leather bags,Always,Most use this,193,0.234
47710,18,travelling bags,Always,Most use this,188,0.228
47710,18,duffle bags,Always,Most use this,188,0.228
47710,18,travel bags,Always,Most use this,188,0.228
47710,18,leather and imitations of leather,Always,Most use this,180,0.218
47710,18,suitcases,Always,Most use this,173,0.21
47710,18,umbrellas,Always,Most use this,173,0.21
47710,18,toiletry bags,Always,Most use this,171,0.208
47710,18,gym bags,Always,Most use this,163,0.198
47710,18,luggage,Always,Most use this,153,0.186
47710,18,luggage bags,Always,Most use this,142,0.172
47710,18,shoe bags,Always,Most use this,141,0.171
47710,18,cross-body bags,Always,Most use this,140,0.17
47710,9,sunglasses,Always,All use this,123,0.346
47710,9,eyewear,Always,Most use this,67,0.189
47710,9,spectacles,Always,Most use this,51,0.144
47710,9,computer software,Sometimes,Some use this,42,0.118
47710,9,headphones,Sometimes,Some use this,36,0.101
47710,9,application software,Sometimes,Some use this,31,0.087
47710,9,fashion sunglasses,Sometimes,Some use this,30,0.085
47710,9,downloadable electronic publications,Sometimes,Some use this,29,0.082
47710,9,downloadable publications,Sometimes,Some use this,29,0.082
47710,9,mobile phone cases,Sometimes,Some use this,26,0.073
47710,9,eyeglasses,Sometimes,Some use this,25,0.07
47710,9,frames for sunglasses,Sometimes,Some use this,23,0.065
47710,9,frames for spectacles and sunglasses,Sometimes,Some use this,23,0.065
47710,9,goggles for sports,Sometimes,Some use this,22,0.062
47710,9,spectacle frames,Sometimes,Some use this,22,0.062
47710,9,glasses,Sometimes,Some use this,22,0.062
47710,9,goggles,Sometimes,Some use this,20,0.056
47710,9,podcasts,Sometimes,Some use this,20,0.056
47710,9,downloadable application software,Sometimes,Some use this,20,0.056
47710,9,cases for sunglasses,Sometimes,Some use this,19,0.054
47710,9,mobile phone covers,Sometimes,Some use this,19,0.054
47710,9,fashion eyeglasses,Sometimes,Some use this,18,0.051
47710,9,earphones,Sometimes,Some use this,18,0.051
47710,9,cases for spectacles and sunglasses,Sometimes,Some use this,18,0.051
47710,9,straps for sunglasses,Sometimes,Some use this,18,0.051
47710,14,jewellery,Always,All use this,172,0.606
47710,14,fashion jewellery,Always,All use this,88,0.31
47710,14,costume jewellery,Always,Most use this,80,0.282
47710,14,earrings,Always,Most use this,78,0.275
47710,14,watches,Always,Most use this,74,0.261
47710,14,necklaces,Always,Most use this,71,0.25
47710,14,bracelets [jewellery],Always,Most use this,68,0.239
47710,14,rings [jewellery],Always,Most use this,67,0.236
47710,14,necklaces [jewellery],Always,Most use this,64,0.225
47710,14,pendants [jewellery],Always,Most use this,62,0.218
47710,14,bracelets,Always,Most use this,59,0.208
47710,14,brooches [jewellery],Always,Most use this,56,0.197
47710,14,jewelry,Always,Most use this,53,0.187
47710,14,jewellery boxes,Always,Most use this,52,0.183
47710,14,gold jewellery,Always,Most use this,51,0.18
47710,14,cufflinks,Always,Most use this,51,0.18
47710,14,jewellery charms,Always,Most use this,50,0.176
47710,14,horological and chronometric instruments,Always,Most use this,48,0.169
47710,14,tie pins,Always,Most use this,46,0.162
47710,14,"necklaces [jewellery, jewelry (am.)]",Always,Most use this,46,0.162
47710,14,"jewellery, including imitation jewellery and plastic jewellery",Always,Most use this,46,0.162
47710,14,necklaces [jewelry],Always,Most use this,46,0.162
47710,14,jewellery chains,Always,Most use this,46,0.162
47710,14,chains [jewellery],Always,Most use this,43,0.151
47710,14,jewellery brooches,Always,Most use this,43,0.151
47710,28,toys,Always,Most use this,46,0.167
47710,28,sports equipment,Always,Most use this,41,0.149
47710,28,gymnastic and sporting articles,Always,Most use this,40,0.145
47710,28,gloves for sports,Always,Most use this,37,0.134
47710,28,golf gloves,Always,Most use this,34,0.123
47710,28,video game apparatus,Sometimes,Some use this,29,0.105
47710,28,skateboards,Sometimes,Some use this,29,0.105
47710,28,plush toys,Sometimes,Some use this,29,0.105
47710,28,skipping ropes,Sometimes,Some use this,29,0.105
47710,28,"games, toys and playthings",Sometimes,Some use this,28,0.101
47710,28,nets for sports,Sometimes,Some use this,27,0.098
47710,28,fitness exercise machines,Sometimes,Some use this,27,0.098
47710,28,golf bags,Sometimes,Some use this,27,0.098
47710,28,"toys, games, and playthings",Sometimes,Some use this,26,0.094
47710,28,boxing gloves,Sometimes,Some use this,26,0.094
47710,28,sporting articles,Sometimes,Some use this,26,0.094
47710,28,exercise weights,Sometimes,Some use this,25,0.091
47710,28,balls for sports,Sometimes,Some use this,24,0.087
47710,28,golf balls,Sometimes,Some use this,24,0.087
47710,28,pet toys,Sometimes,Some use this,24,0.087
47710,28,golf tees,Sometimes,Some use this,22,0.08
47710,28,golf clubs,Sometimes,Some use this,22,0.08
47710,28,decorations for christmas trees,Sometimes,Some use this,22,0.08
47710,28,golf ball markers,Sometimes,Some use this,22,0.08
47710,28,sports training apparatus,Sometimes,Some use this,21,0.076
47710,41,health and fitness training,Always,Most use this,34,0.13
47710,41,sports and fitness,Sometimes,Some use this,31,0.118
47710,41,exercise [fitness] training services,Sometimes,Some use this,29,0.111
47710,41,fitness and exercise training services,Sometimes,Some use this,28,0.107
47710,41,health club services,Sometimes,Some use this,27,0.103
47710,41,sports and fitness services,Sometimes,Some use this,27,0.103
47710,41,sports training,Sometimes,Some use this,26,0.099
47710,41,exercise and fitness classes,Sometimes,Some use this,26,0.099
47710,41,entertainment,Sometimes,Some use this,25,0.095
47710,41,health and fitness club services,Sometimes,Some use this,24,0.092
47710,41,fitness and exercise instruction,Sometimes,Some use this,23,0.088
47710,41,physical fitness training services,Sometimes,Some use this,23,0.088
47710,41,entertainment services,Sometimes,Some use this,23,0.088
47710,41,education,Sometimes,Some use this,23,0.088
47710,41,sports club services,Sometimes,Some use this,23,0.088
47710,41,personal trainer services [fitness training],Sometimes,Some use this,22,0.084
47710,41,fitness training services,Sometimes,Some use this,22,0.084
47710,41,exercise classes,Sometimes,Some use this,21,0.08
47710,41,health and wellness training,Sometimes,Some use this,21,0.08
47710,41,fitness club services,Sometimes,Some use this,21,0.08
47710,41,health club services [health and fitness training],Sometimes,Some use this,20,0.076
47710,41,personal coaching [training],Sometimes,Some use this,20,0.076
47710,41,gym activity classes,Sometimes,Some use this,19,0.073
47710,41,health club [fitness] services,Sometimes,Some use this,19,0.073
47710,41,physical training services,Sometimes,Some use this,19,0.073
47710,3,cosmetics,Always,All use this,125,0.481
47710,3,perfumes,Always,All use this,115,0.442
47710,3,perfumery,Always,All use this,83,0.319
47710,3,fragrances,Always,All use this,81,0.312
47710,3,perfumery and fragrances,Always,Most use this,60,0.231
47710,3,perfume,Always,Most use this,60,0.231
47710,3,room perfume sprays,Always,Most use this,59,0.227
47710,3,oils for perfumes and scents,Always,Most use this,58,0.223
47710,3,make-up,Always,Most use this,55,0.212
47710,3,eau de cologne,Always,Most use this,54,0.208
47710,3,perfume oils,Always,Most use this,54,0.208
47710,3,soaps,Always,Most use this,54,0.208
47710,3,cologne,Always,Most use this,51,0.196
47710,3,scented oils,Always,Most use this,51,0.196
47710,3,aftershave,Always,Most use this,49,0.188
47710,3,room fragrances,Always,Most use this,48,0.185
47710,3,essential oils,Always,Most use this,48,0.185
47710,3,scents,Always,Most use this,47,0.181
47710,3,liquid perfumes,Always,Most use this,47,0.181
47710,3,household fragrances,Always,Most use this,47,0.181
47710,3,body deodorants [perfumery],Always,Most use this,46,0.177
47710,3,aromatics for perfumes,Always,Most use this,46,0.177
47710,3,body fragrances,Always,Most use this,44,0.169
47710,3,natural oils for perfumes,Always,Most use this,43,0.165
47710,3,perfumery products,Always,Most use this,42,0.162
